Unnamed: 0.4,Unnamed: 0.3,Unnamed: 0.2,Unnamed: 0.1,Unnamed: 0,Exam Group,Exam Block,slot,exam,size,b2bs,confs,2i3s,score,score_norm
83,83,83,83,83,1-7306,13,10,1-7306,159,56,0,29,70.38488736748695,0.44267224759425755
105,105,105,105,105,1-0529,14,9,1-0529,124,12,0,82,52.67450910806656,0.42479442829085934
162,162,162,162,162,1-10960,12,11,1-10960,82,18,0,33,34.369009763002396,0.41913426540246823
70,70,70,70,70,1-5228,12,11,1-5228,180,39,0,65,71.24198892712593,0.3957888273729218
364,364,364,364,364,1-5515,17,7,1-5515,30,5,0,13,11.448397785425186,0.38161325951417285
180,180,180,180,180,1-9294,15,8,1-9294,74,22,0,11,27.456336587667465,0.3710315755090198
166,166,166,166,166,1-5696,10,12,1-5696,80,29,0,1,29.49603059887886,0.36870038248598574
391,391,391,391,391,1-7301,19,5,1-7301,26,3,0,13,9.448397785425186,0.3633999148240456
114,114,114,114,114,1-6166,12,11,1-6166,117,14,0,57,42.27374413609505,0.36131405244525683
212,212,212,212,212,1-8916,7,21,1-8916,61,19,0,6,21.976183593273163,0.36026530480775676
324,324,324,324,324,1-19093,17,7,1-19093,36,8,0,10,12.960305988788605,0.36000849968857235
30,30,30,30,30,1-8718,4,17,1-8718,333,83,0,74,119.70626431703568,0.35947827122232934
219,219,219,219,219,1-8702,4,17,1-8702,59,10,0,22,20.91267317533493,0.3544520877175412
189,189,189,189,189,1-0582,11,12,1-0582,70,7,0,35,24.361070960760117,0.3480152994394302
100,100,100,100,100,1-0541,17,7,1-0541,132,14,0,64,45.74595832824707,0.3465602903655081
155,155,155,155,155,1-2364,19,5,1-2364,88,6,0,49,30.305499345064163,0.3443806743757291
472,472,472,472,472,1-3733,15,8,1-3733,16,4,0,3,5.488091796636581,0.34300573728978634
184,184,184,184,184,MLG18,3,16,MLG18,72,20,0,9,24.464275389909744,0.33978160263763535
23,23,23,23,23,1-8567,17,7,1-8567,388,59,0,142,129.4363450407982,0.3335988274247376
271,271,271,271,271,1-5568,17,7,1-5568,47,7,0,17,15.432520180940628,0.3283514932115027
119,119,119,119,119,1-1136,12,11,1-1136,113,13,0,48,36.8094687461853,0.3257475110281885
340,340,340,340,340,1-10981,15,8,1-10981,34,8,0,6,10.976183593273163,0.32282892921391654
86,86,86,86,86,MLG65,3,16,MLG65,155,22,0,56,49.77771353721619,0.32114653894978185
205,205,205,205,205,1-0447,11,12,1-0447,65,2,0,38,20.849162757396698,0.32075635011379533
24,24,24,24,24,MLG62,8,20,MLG62,370,39,0,159,117.86886522173882,0.3185645005992941
42,42,42,42,42,1-8681,19,5,1-8681,260,26,0,114,82.5474882721901,0.3174903395084234
353,353,353,353,353,1-7456,10,13,1-7456,32,5,0,10,9.960305988788605,0.3112595621496439
46,46,46,46,46,1-3056,4,17,1-3056,250,40,0,74,76.70626431703568,0.3068250572681427
53,53,53,53,53,1-6727,17,7,1-6727,235,26,0,88,69.65069270133972,0.29638592638867967
76,76,76,76,76,1-7518,12,11,1-7518,169,32,0,36,49.85710155963898,0.29501243526413595
314,314,314,314,314,1-18973,10,22,1-18973,39,8,0,7,11.472214192152023,0.29415933826030827
109,109,109,109,109,1-3364,17,7,1-3364,121,17,0,37,35.35313215851784,0.29217464593816395
27,27,27,27,27,1-7425,5,18,1-7425,352,30,0,144,101.42840623855591,0.2881488813595338
151,151,151,151,151,1-7725,5,18,1-7725,90,3,0,46,25.817407548427582,0.2868600838714176
202,202,202,202,202,1-1367,14,9,1-1367,66,7,0,24,18.90473437309265,0.2864353692892826
52,52,52,52,52,1-7302,1,15,1-7302,240,21,0,95,68.12290689349174,0.2838454453895489
338,338,338,338,338,1-8497,17,7,1-8497,34,4,0,11,9.456336587667465,0.2781275466961019
325,325,325,325,325,1-6543,22,2,1-6543,36,10,0,0,10.0,0.2777777777777778
67,67,67,67,67,1-4394,21,3,1-4394,190,19,0,68,52.73008072376251,0.27752674065138166
207,207,207,207,207,1-7488,5,18,1-7488,65,8,0,20,17.92061197757721,0.2757017227319571
130,130,130,130,130,1-8754,12,11,1-8754,108,11,0,37,29.353132158517838,0.271788260727017
235,235,235,235,235,1-9040,19,5,1-9040,55,6,0,18,14.928550779819489,0.27142819599671797
509,509,509,509,509,1-0337,4,17,1-0337,11,1,0,4,2.984122395515442,0.27128385413776746
3,3,3,3,3,MLG06,18,6,MLG06,634,81,0,182,171.2775689959526,0.27015389431538267
153,153,153,153,153,1-8666,14,9,1-8666,89,4,0,40,23.84122395515442,0.26787892084443166
120,120,120,120,120,1-1152,4,17,1-1152,112,18,0,24,29.90473437309265,0.26700655690261293
117,117,117,117,117,1-3246,2,14,1-3246,116,19,0,24,30.90473437309265,0.26642012390597114
172,172,172,172,172,1-19068,13,10,1-19068,77,15,0,11,20.456336587667465,0.2656667089307463
168,168,168,168,168,1-7523,14,9,1-7523,79,4,0,34,20.865040361881256,0.2641144349605222
138,138,138,138,138,1-7993,17,7,1-7993,100,12,0,29,26.384887367486954,0.26384887367486953
69,69,69,69,69,1-8564,17,7,1-8564,185,16,0,66,48.73801952600479,0.2634487541946205
64,64,64,64,64,1-0983,14,9,1-0983,195,8,0,87,51.15466210246086,0.2623316005254403
156,156,156,156,156,MLG83,22,2,MLG83,88,17,0,12,22.952367186546326,0.2608223543925719
16,16,16,16,16,1-0691,10,13,1-0691,450,14,0,208,117.17436456680298,0.26038747681511776
191,191,191,191,191,1-0429,14,9,1-0429,69,3,0,30,17.880917966365814,0.2591437386429828
178,178,178,178,178,1-9071,17,7,1-9071,75,3,0,33,19.369009763002396,0.2582534635066986
348,348,348,348,348,1-0997,7,21,1-0997,33,8,0,1,8.49603059887886,0.2574554726932988
358,358,358,358,358,1-5655,15,8,1-5655,31,5,0,6,7.976183593273163,0.2572962449442956
374,374,374,374,374,1-7486,8,20,1-7486,29,0,0,15,7.440458983182907,0.2565675511442382
279,279,279,279,279,1-20068,14,9,1-20068,45,3,0,17,11.432520180940628,0.25405600402090284
94,94,94,94,94,1-3693,11,12,1-3693,143,23,0,26,35.89679557085037,0.2510265424534991
111,111,111,111,111,1-1887,19,5,1-1887,119,11,0,38,29.849162757396698,0.2508333004823252
555,555,555,555,555,1-3734,3,16,1-3734,4,1,0,0,1.0,0.25
106,106,106,106,106,1-7872,7,21,1-7872,124,30,0,2,30.99206119775772,0.24993597740127194
316,316,316,316,316,1-3216,1,15,1-3216,38,7,0,5,9.480152994394302,0.24947771037879743
426,426,426,426,426,1-20040,10,22,1-20040,22,4,0,3,5.488091796636581,0.24945871802893552
255,255,255,255,255,1-3302,2,14,1-3302,52,8,0,10,12.960305988788605,0.2492366536305501
165,165,165,165,165,1-8368,5,18,1-8368,80,12,0,16,19.936489582061768,0.2492061197757721
381,381,381,381,381,1-6554,3,16,1-6554,28,4,0,6,6.976183593273163,0.2491494140454701
471,471,471,471,471,1-9396,1,15,1-9396,16,2,0,4,3.984122395515442,0.24900764971971512
466,466,466,466,466,MLG04,1,15,MLG04,16,2,0,4,3.984122395515442,0.24900764971971512
342,342,342,342,342,1-18987,19,5,1-18987,34,4,0,9,8.464275389909744,0.24894927617381601
240,240,240,240,240,1-10808,2,14,1-10808,54,2,0,23,13.408703774213791,0.24830932915210724
550,550,550,550,550,1-3142,17,7,1-3142,4,0,0,2,0.992061197757721,0.24801529943943024
566,566,566,566,566,1-3380,1,15,1-3380,2,0,0,1,0.4960305988788605,0.24801529943943024
84,84,84,84,84,1-1712,17,7,1-1712,157,17,0,44,38.82534635066986,0.2472951996857953
61,61,61,61,61,1-8484,21,3,1-8484,202,18,0,64,49.74595832824707,0.2462671204368667
310,310,310,310,310,MLG43,23,1,MLG43,39,2,0,15,9.440458983182907,0.24206305085084376
14,14,14,14,14,1-3037,3,16,1-3037,467,68,0,89,112.14672330021858,0.2401428764458642
95,95,95,95,95,1-9100,10,13,1-9100,142,14,0,40,33.84122395515442,0.2383184785574255
164,164,164,164,164,1-9454,13,10,1-9454,80,14,0,10,18.960305988788605,0.23700382485985755
433,433,433,433,433,1-10042,14,9,1-10042,21,2,0,6,4.976183593273163,0.23696112348919823
112,112,112,112,112,1-1166,1,15,1-1166,118,18,0,20,27.92061197757721,0.23661535574217973
238,238,238,238,238,MLG20,7,21,MLG20,55,12,0,2,12.992061197757721,0.23621929450468584
66,66,66,66,66,1-3496,14,9,1-3496,192,10,0,71,45.218172520399094,0.23551131521041194
382,382,382,382,382,1-3472,22,13,1-3472,28,4,0,5,6.480152994394302,0.23143403551408223
22,22,22,22,22,1-6568,14,9,1-6568,394,23,0,136,90.46016144752502,0.22959431839473357
407,407,407,407,407,1-0295,1,15,1-0295,24,5,0,1,5.4960305988788605,0.22900127495328584
37,37,37,37,37,1-7946,14,9,1-7946,289,17,0,99,66.10702928900719,0.22874404598272383
256,256,256,256,256,1-0984,15,8,1-0984,50,3,0,17,11.432520180940628,0.22865040361881256
400,400,400,400,400,1-11523,8,20,1-11523,24,0,0,11,5.456336587667465,0.2273473578194777
192,192,192,192,192,1-3254,6,19,1-3254,68,10,0,11,15.456336587667465,0.22729906746569803
236,236,236,236,236,1-8053,2,14,1-8053,55,3,0,19,12.424581378698349,0.22590147961269724
423,423,423,423,423,1-1636,15,8,1-1636,22,1,0,8,4.968244791030884,0.22582930868322199
36,36,36,36,36,MLG67,19,5,MLG67,293,29,0,74,65.70626431703568,0.22425346183288627
437,437,437,437,437,1-11533,8,20,1-11533,20,2,0,5,4.480152994394302,0.22400764971971512
4,4,4,4,4,1-1530,14,9,1-1530,632,33,0,218,141.13467055559158,0.2233143521449234
115,115,115,115,115,1-3174,5,18,1-3174,117,18,0,16,25.936489582061768,0.22167939813728008
452,452,452,452,452,1-0487,5,18,1-0487,18,0,0,8,3.968244791030884,0.2204580439461602
104,104,104,104,104,MLG64,2,14,MLG64,129,17,0,23,28.40870377421379,0.2202225098776263
81,81,81,81,81,1-7038,15,8,1-7038,163,21,0,30,35.880917966365814,0.22012833108199886
264,264,264,264,264,1-8284,17,7,1-8284,48,2,0,17,10.432520180940628,0.21734417043626308
413,413,413,413,413,1-5819,19,5,1-5819,23,1,0,8,4.968244791030884,0.2160106430882993
167,167,167,167,167,MLG32,22,2,MLG32,79,14,0,6,16.976183593273163,0.21488839991485018
376,376,376,376,376,1-3356,2,14,1-3356,28,5,0,2,5.992061197757721,0.2140021856342043
489,489,489,489,489,MLG05,1,15,MLG05,14,1,0,4,2.984122395515442,0.21315159967967443
377,377,377,377,377,1-10305,19,5,1-10305,28,0,0,12,5.952367186546326,0.2125845423766545
488,488,488,488,488,1-2322,1,15,1-2322,14,0,0,6,2.976183593273163,0.2125845423766545
304,304,304,304,304,1-2006,11,12,1-2006,40,7,0,3,8.488091796636581,0.21220229491591452
242,242,242,242,242,1-18469,3,16,1-18469,54,6,0,11,11.456336587667465,0.2121543812531012
62,62,62,62,62,1-1131,2,14,1-1131,200,22,0,41,42.33725455403328,0.21168627277016638
47,47,47,47,47,1-1035,11,12,1-1035,249,34,0,37,52.35313215851784,0.21025354280529251
229,229,229,229,229,1-8986,20,4,1-8986,57,10,0,4,11.984122395515442,0.2102477613248323
174,174,174,174,174,MLG17,8,20,MLG17,76,5,0,22,15.91267317533493,0.20937727862282804
503,503,503,503,503,1-11534,3,16,1-11534,12,2,0,1,2.4960305988788605,0.20800254990657172
128,128,128,128,128,1-18045,10,13,1-18045,109,5,0,35,22.361070960760117,0.20514744000697355
160,160,160,160,160,1-1119,18,6,1-1119,83,13,0,8,16.968244791030884,0.20443668422928776
9,9,9,9,9,MLG63,2,14,MLG63,543,29,0,165,110.84504881501198,0.20413452820444195
149,149,149,149,149,MLG29,22,2,MLG29,93,17,0,4,18.984122395515442,0.20413034833887572
92,92,92,92,92,1-6511,23,1,1-6511,144,8,0,43,29.329315751791,0.20367580383188194
136,136,136,136,136,1-7720,10,12,1-7720,102,11,0,19,20.42458137869835,0.20024099390880734
398,398,398,398,398,1-8914,7,21,1-8914,25,5,0,0,5.0,0.2
514,514,514,514,514,1-10823,15,21,1-10823,10,2,0,0,2.0,0.2
39,39,39,39,39,1-7172,1,15,1-7172,284,28,0,58,56.76977473497391,0.1998935730104715
442,442,442,442,442,1-9232,1,15,1-9232,20,3,0,2,3.992061197757721,0.19960305988788604
368,368,368,368,368,1-18927,1,15,1-18927,30,4,0,4,5.984122395515442,0.19947074651718139
301,301,301,301,301,1-3469,3,16,1-3469,40,5,0,6,7.976183593273163,0.19940458983182907
541,541,541,541,541,1-19192,18,6,1-19192,5,0,0,2,0.992061197757721,0.1984122395515442
206,206,206,206,206,1-8629,18,6,1-8629,65,0,0,26,12.896795570850372,0.1984122395515442
208,208,208,208,208,1-6214,10,13,1-6214,65,0,0,26,12.896795570850372,0.1984122395515442
51,51,51,51,51,1-9365,19,5,1-9365,243,11,0,74,47.706264317035675,0.19632207537874763
107,107,107,107,107,1-0598,21,3,1-0598,122,16,0,16,23.936489582061768,0.19620073427919482
50,50,50,50,50,1-4011,17,7,1-4011,246,17,0,63,48.24992772936821,0.19613791759905777
143,143,143,143,143,1-12345,5,18,1-12345,97,16,0,6,18.976183593273163,0.19563075869353777
15,15,15,15,15,MLG14,8,20,MLG14,462,22,0,136,89.46016144752502,0.193636713089881
457,457,457,457,457,1-5287,23,1,1-5287,18,0,0,7,3.4722141921520233,0.1929007884528902
38,38,38,38,38,1-5899,6,19,1-5899,288,47,0,17,55.43252018094063,0.19247402840604386
170,170,170,170,170,1-9291,12,11,1-9291,78,7,0,16,14.936489582061768,0.19149345618027908
218,218,218,218,218,1-9351,1,15,1-9351,60,6,0,11,11.456336587667465,0.19093894312779108
492,492,492,492,492,1-7297,8,20,1-7297,13,0,0,5,2.4801529943943024,0.1907809995687925
237,237,237,237,237,1-18266,20,4,1-18266,55,8,0,5,10.480152994394302,0.19054823626171458
341,341,341,341,341,1-0363,1,15,1-0363,34,1,0,11,6.456336587667465,0.18989225257845485
322,322,322,322,322,1-18435,4,17,1-18435,37,3,0,8,6.968244791030884,0.188330940298132
146,146,146,146,146,1-19891,21,3,1-19891,95,4,0,28,17.888856768608093,0.18830375545903255
34,34,34,34,34,1-8019,21,3,1-8019,320,22,0,77,60.19435611367226,0.1881073628552258
25,25,25,25,25,1-6569,21,3,1-6569,360,26,0,84,67.66657030582428,0.18796269529395634
108,108,108,108,108,1-1005,14,9,1-1005,122,7,0,32,22.872979164123535,0.1874834357715044
54,54,54,54,54,MLG66,1,15,MLG66,229,27,0,32,42.872979164123535,0.18721824962499362
302,302,302,302,302,1-7809,13,10,1-7809,40,5,0,5,7.480152994394302,0.18700382485985756
528,528,528,528,528,1-3369,10,1,1-3369,8,0,0,3,1.4880917966365814,0.18601147457957268
11,11,11,11,11,1-19755,1,15,1-19755,517,42,0,109,96.06733527779579,0.18581689608857987
97,97,97,97,97,1-4654,5,18,1-4654,138,19,0,13,25.448397785425186,0.18440867960453033
0,0,0,0,0,1-3186,5,18,1-3186,796,62,0,170,146.32520180940628,0.183825630413827
362,362,362,362,362,MLG40,22,2,MLG40,30,5,0,1,5.4960305988788605,0.1832010199626287
96,96,96,96,96,1-7402,10,13,1-7402,141,4,0,44,25.82534635066986,0.18315848475652383
59,59,59,59,59,1-0916,19,5,1-0916,215,1,0,77,39.19435611367226,0.1822993307612663
352,352,352,352,352,1-8853,5,18,1-8853,33,2,0,8,5.968244791030884,0.18085590275851163
74,74,74,74,74,MLG09,6,19,MLG09,174,26,0,11,31.456336587667465,0.18078354360728427
68,68,68,68,68,1-0677,10,13,1-0677,187,9,0,50,33.801529943943024,0.18075684462001618
20,20,20,20,20,1-0708,11,12,1-0708,408,26,0,96,73.6189374923706,0.18043857228522206
49,49,49,49,49,1-19257,1,15,1-19257,246,30,0,29,44.384887367486954,0.18042637141254858
118,118,118,118,118,1-3051,12,11,1-3051,116,6,0,30,20.880917966365814,0.18000791350315357
209,209,209,209,209,1-6249,1,15,1-6249,64,7,0,9,11.464275389909744,0.17912930296733975
480,480,480,480,480,1-10882,14,9,1-10882,14,1,0,3,2.4880917966365814,0.17772084261689866
265,265,265,265,265,1-8711,21,3,1-8711,48,4,0,9,8.464275389909744,0.17633907062311968
139,139,139,139,139,1-8228,13,10,1-8228,99,11,0,13,17.448397785425186,0.17624644227702208
460,460,460,460,460,1-7083,1,15,1-7083,17,2,0,2,2.992061197757721,0.17600359986810124
6,6,6,6,6,1-3026,3,16,1-3026,570,44,0,113,100.05145767331123,0.17552887311107235
303,303,303,303,303,1-7899,14,9,1-7899,40,4,0,6,6.976183593273163,0.17440458983182908
447,447,447,447,447,1-9473,19,5,1-9473,20,0,0,7,3.4722141921520233,0.17361070960760117
411,411,411,411,411,1-8186,2,22,1-8186,23,3,0,2,3.992061197757721,0.17356787816337918
28,28,28,28,28,1-6957,21,3,1-6957,338,11,0,96,58.618937492370605,0.17342880914902545
32,32,32,32,32,1-3152,17,7,1-3152,323,16,0,80,55.68244791030884,0.17239147959847936
85,85,85,85,85,MLG26,22,2,MLG26,155,21,0,11,26.456336587667465,0.1706860425010804
113,113,113,113,113,1-7971,17,7,1-7971,117,7,0,26,19.896795570850372,0.17005808180213994
44,44,44,44,44,1-8371,2,14,1-8371,255,16,0,55,43.281682938337326,0.16973208995426403
248,248,248,248,248,1-8618,18,6,1-8618,53,3,0,12,8.952367186546326,0.16891258842540238
103,103,103,103,103,1-2275,14,9,1-2275,130,11,0,22,21.91267317533493,0.16855902442565332
154,154,154,154,154,1-9157,17,7,1-9157,89,0,0,30,14.880917966365814,0.16720132546478442
505,505,505,505,505,MLG25,2,14,MLG25,12,2,0,0,2.0,0.16666666666666666
405,405,405,405,405,1-6558,15,8,1-6558,24,2,0,4,3.984122395515442,0.1660050998131434
496,496,496,496,496,1-7712,1,15,1-7712,12,1,0,2,1.992061197757721,0.1660050998131434
186,186,186,186,186,1-3405,2,14,1-3405,72,4,0,16,11.936489582061768,0.16578457752863565
216,216,216,216,216,1-18620,21,3,1-18620,60,2,0,16,9.936489582061768,0.16560815970102946
214,214,214,214,214,P1-0004,15,8,P1-0004,60,2,0,16,9.936489582061768,0.16560815970102946
371,371,371,371,371,1-9253,1,15,1-9253,30,0,0,10,4.960305988788605,0.16534353295962015
501,501,501,501,501,1-5271,14,9,1-5271,12,0,0,4,1.984122395515442,0.16534353295962015
560,560,560,560,560,1-20124,18,6,1-20124,3,0,0,1,0.4960305988788605,0.16534353295962015
403,403,403,403,403,1-9436,8,20,1-9436,24,0,0,8,3.968244791030884,0.16534353295962015
269,269,269,269,269,1-1964,11,12,1-1964,48,0,0,16,7.936489582061768,0.16534353295962015
520,520,520,520,520,1-5314,17,7,1-5314,9,0,0,3,1.4880917966365814,0.16534353295962015
31,31,31,31,31,1-1687,12,11,1-1687,325,28,0,51,53.297560542821884,0.1639924939779135
183,183,183,183,183,1-1466,17,7,1-1466,73,1,0,22,11.91267317533493,0.16318730377171137
131,131,131,131,131,1-6501,18,6,1-6501,107,6,0,23,17.40870377421379,0.16269816611414759
213,213,213,213,213,1-10043,17,6,1-10043,61,0,0,20,9.92061197757721,0.16263298323897066
71,71,71,71,71,MLG45,22,2,MLG45,179,28,0,2,28.99206119775772,0.16196682233384202
73,73,73,73,73,MLG74,23,1,MLG74,177,2,0,53,28.289621740579605,0.159828371415704
43,43,43,43,43,1-8753,21,3,1-8753,258,8,0,66,40.73801952600479,0.15789930048839065
241,241,241,241,241,1-8058,20,4,1-8058,54,8,0,1,8.49603059887886,0.15733389997923816
475,475,475,475,475,1-9548,8,20,1-9548,16,1,0,3,2.4880917966365814,0.15550573728978634
281,281,281,281,281,1-7622,10,8,1-7622,45,5,0,4,6.984122395515442,0.15520271990034315
135,135,135,135,135,1-7057,11,12,1-7057,105,7,0,18,15.928550779819489,0.15170048361732846
414,414,414,414,414,1-18370,12,11,1-18370,23,1,0,5,3.4801529943943024,0.15131099975627402
344,344,344,344,344,1-7781,13,10,1-7781,33,3,0,4,4.984122395515442,0.1510340119853164
347,347,347,347,347,7W2-0103,12,11,7W2-0103,33,2,0,6,4.976183593273163,0.15079344222039887
288,288,288,288,288,MLG01,10,13,MLG01,43,2,0,9,6.464275389909744,0.15033198581185453
440,440,440,440,440,1-20081,20,4,1-20081,20,3,0,0,3.0,0.15
511,511,511,511,511,1-7707,8,20,1-7707,10,1,0,1,1.4960305988788605,0.14960305988788605
126,126,126,126,126,1-8121,5,18,1-8121,110,11,0,11,16.456336587667465,0.14960305988788605
210,210,210,210,210,1-1514,1,15,1-1514,64,7,0,5,9.480152994394302,0.14812739053741097
41,41,41,41,41,MLG70,13,10,MLG70,269,18,0,44,39.82534635066986,0.14804961468650507
57,57,57,57,57,MLG61,2,14,MLG61,218,4,0,57,32.27374413609505,0.14804469787199562
320,320,320,320,320,1-5109,15,8,1-5109,37,2,0,7,5.472214192152023,0.1478976808689736
243,243,243,243,243,1-9542,9,22,1-9542,54,5,0,6,7.976183593273163,0.14770710357913264
284,284,284,284,284,1-18635,23,1,1-18635,44,4,0,5,6.480152994394302,0.14727620441805234
12,12,12,12,12,1-3523,15,8,1-3523,497,11,0,125,73.00382485985756,0.14688898362144379
10,10,10,10,10,MLG08,8,20,MLG08,532,23,0,111,78.05939647555351,0.14672818886382238
339,339,339,339,339,1-8126,4,17,1-8126,34,1,0,8,4.968244791030884,0.146124846795026
177,177,177,177,177,1-19121,23,1,1-19121,75,5,0,12,10.952367186546326,0.14603156248728436
5,5,5,5,5,1-8611,12,11,1-8611,621,45,0,92,90.63481509685516,0.1459497827646621
298,298,298,298,298,1-0584,23,1,1-0584,41,3,0,6,5.976183593273163,0.1457605754456869
404,404,404,404,404,1-6559,1,15,1-6559,24,3,0,1,3.4960305988788605,0.14566794161995253
18,18,18,18,18,1-5635,18,6,1-5635,417,48,0,25,60.40076497197151,0.1448459591653993
359,359,359,359,359,1-6168,10,13,1-6168,31,3,0,3,4.488091796636581,0.1447771547302123
161,161,161,161,161,1-7636,18,6,1-7636,83,3,0,18,11.928550779819489,0.14371747927493358
98,98,98,98,98,MLG36,22,2,MLG36,136,16,0,7,19.472214192152023,0.1431780455305296
200,200,200,200,200,MLG58,8,20,MLG58,66,3,0,13,9.448397785425186,0.14315754220341192
537,537,537,537,537,P1-6891,9,22,P1-6891,7,1,0,0,1.0,0.14285714285714285
428,428,428,428,428,1-5221,9,22,1-5221,21,2,0,2,2.992061197757721,0.14247910465512956
479,479,479,479,479,1-8090,15,8,1-8090,14,1,0,2,1.992061197757721,0.14229008555412292
335,335,335,335,335,1-1763,5,18,1-1763,35,2,0,6,4.976183593273163,0.14217667409351895
1,1,1,1,1,MLG02,15,8,MLG02,755,87,0,41,107.33725455403328,0.14216854907818977
2,2,2,2,2,MLG03,20,4,MLG03,713,68,0,67,101.23405012488365,0.14198324000684945
289,289,289,289,289,1-7390,1,15,1-7390,43,2,0,8,5.968244791030884,0.13879639048909032
458,458,458,458,458,1-8747,17,7,1-8747,18,1,0,3,2.4880917966365814,0.13822732203536564
63,63,63,63,63,1-5531,11,12,1-5531,199,22,0,11,27.456336587667465,0.13797154064154504
372,372,372,372,372,1-3300,23,1,1-3300,29,4,0,0,4.0,0.13793103448275862
226,226,226,226,226,1-7403,21,3,1-7403,58,6,0,4,7.984122395515442,0.13765728268130073
373,373,373,373,373,1-18794,11,12,1-18794,29,2,0,4,3.984122395515442,0.1373835308798428
420,420,420,420,420,MLG28,22,2,MLG28,22,3,0,0,3.0,0.13636363636363635
132,132,132,132,132,1-4397,10,13,1-4397,106,4,0,21,14.41664257645607,0.13600606204203838
351,351,351,351,351,1-4776,20,4,1-4776,33,2,0,5,4.480152994394302,0.1357622119513425
425,425,425,425,425,1-7476,15,8,1-7476,22,0,0,6,2.976183593273163,0.13528107242150741
254,254,254,254,254,1-8808,23,1,1-8808,52,2,0,10,6.960305988788605,0.1338520382459347
21,21,21,21,21,1-1633,5,18,1-1633,399,25,0,57,53.27374413609505,0.13351815572956152
148,148,148,148,148,1-6677,5,18,1-6677,94,9,0,7,12.472214192152023,0.13268312970374493
361,361,361,361,361,1-6199,21,3,1-6199,30,1,0,6,3.976183593273163,0.13253945310910542
55,55,55,55,55,MLG13,8,20,MLG13,225,16,0,27,29.392826169729233,0.13063478297657438
152,152,152,152,152,1-3717,21,3,1-3717,89,1,0,21,11.41664257645607,0.1282768828815289
99,99,99,99,99,1-0917,9,22,1-0917,134,7,0,20,16.92061197757721,0.12627322371326274
468,468,468,468,468,1-9316,18,6,1-9316,16,2,0,0,2.0,0.125
504,504,504,504,504,1-7721,22,2,1-7721,12,1,0,1,1.4960305988788605,0.12466921657323837
26,26,26,26,26,1-3047,11,12,1-3047,360,17,0,56,44.77771353721619,0.1243825376033783
231,231,231,231,231,1-8044,14,9,1-8044,56,1,0,12,6.952367186546326,0.1241494140454701
530,530,530,530,530,1-3727,17,7,1-3727,8,0,0,2,0.992061197757721,0.12400764971971512
525,525,525,525,525,1-19067,9,22,1-19067,8,0,0,2,0.992061197757721,0.12400764971971512
547,547,547,547,547,1-3100,4,17,1-3100,4,0,0,1,0.4960305988788605,0.12400764971971512
546,546,546,546,546,1-7834,16,24,1-7834,4,0,0,1,0.4960305988788605,0.12400764971971512
524,524,524,524,524,1-6015,18,6,1-6015,8,0,0,2,0.992061197757721,0.12400764971971512
527,527,527,527,527,1-7711,11,12,1-7711,8,0,0,2,0.992061197757721,0.12400764971971512
526,526,526,526,526,1-9584,23,1,1-9584,8,0,0,2,0.992061197757721,0.12400764971971512
554,554,554,554,554,1-10217,8,20,1-10217,4,0,0,1,0.4960305988788605,0.12400764971971512
137,137,137,137,137,1-3135,14,9,1-3135,101,1,0,23,12.408703774213791,0.12285845321003754
127,127,127,127,127,MLG55,22,2,MLG55,110,13,0,1,13.49603059887886,0.1226911872625351
299,299,299,299,299,1-0754,7,21,1-0754,41,5,0,0,5.0,0.12195121951219512
133,133,133,133,133,MLG47,15,8,MLG47,106,0,0,26,12.896795570850372,0.12166788274387144
48,48,48,48,48,1-4766,19,5,1-4766,249,2,0,57,30.273744136095047,0.12158130175138573
175,175,175,175,175,1-7625,2,14,1-7625,76,7,0,4,8.984122395515442,0.11821213678309792
463,463,463,463,463,1-9522,20,4,1-9522,17,1,0,2,1.992061197757721,0.11718007045633652
363,363,363,363,363,1-10294,15,8,1-10294,30,3,0,1,3.4960305988788605,0.11653435329596201
125,125,125,125,125,1-9260,11,12,1-9260,111,1,0,24,12.904734373092651,0.11625886822605992
388,388,388,388,388,1-7776,18,6,1-7776,26,2,0,2,2.992061197757721,0.11507927683683541
311,311,311,311,311,1-1047,5,18,1-1047,39,1,0,7,4.472214192152023,0.11467215877312881
424,424,424,424,424,1-18869,18,6,1-18869,22,2,0,1,2.4960305988788605,0.11345593631267548
417,417,417,417,417,1-9115,11,12,1-9115,22,0,0,5,2.4801529943943024,0.11273422701792284
422,422,422,422,422,1-17969,11,12,1-17969,22,0,0,5,2.4801529943943024,0.11273422701792284
517,517,517,517,517,MLG77,17,7,MLG77,9,0,0,2,0.992061197757721,0.1102290219730801
455,455,455,455,455,1-9225,4,24,1-9225,18,0,0,4,1.984122395515442,0.1102290219730801
222,222,222,222,222,1-5159,4,17,1-5159,59,0,0,13,6.448397785425186,0.10929487771907095
234,234,234,234,234,1-10800,17,7,1-10800,55,1,0,10,5.960305988788605,0.10836919979615645
412,412,412,412,412,1-7770,6,19,1-7770,23,1,0,3,2.4880917966365814,0.1081779042015905
409,409,409,409,409,1-9245,9,22,1-9245,23,0,0,5,2.4801529943943024,0.1078327388867088
78,78,78,78,78,1-5642,21,3,1-5642,166,5,0,26,17.896795570850372,0.10781202151114683
123,123,123,123,123,MLG59,2,14,MLG59,112,8,0,8,11.968244791030884,0.10685932849134717
345,345,345,345,345,1-7883,6,19,1-7883,33,2,0,3,3.4880917966365814,0.10569975141322974
140,140,140,140,140,MLG51,15,8,MLG51,99,5,0,11,10.456336587667465,0.10561956149159056
141,141,141,141,141,1-7081,9,22,1-7081,99,4,0,13,10.448397785425186,0.10553937156995137
272,272,272,272,272,1-8951,17,7,1-8951,47,0,0,10,4.960305988788605,0.10553842529337457
315,315,315,315,315,1-6764,22,2,1-6764,38,4,0,0,4.0,0.10526315789473684
196,196,196,196,196,1-7522,20,4,1-7522,67,6,0,2,6.992061197757721,0.10435912235459285
290,290,290,290,290,1-7348,18,6,1-7348,43,2,0,5,4.480152994394302,0.10418960452079773
263,263,263,263,263,1-7464,12,11,1-7464,48,3,0,4,4.984122395515442,0.10383588323990504
80,80,80,80,80,1-9340,12,11,1-9340,163,7,0,20,16.92061197757721,0.10380743544525896
122,122,122,122,122,1-8949,23,1,1-8949,112,8,0,7,11.472214192152023,0.1024304838585002
312,312,312,312,312,1-8864,23,1,1-8864,39,3,0,2,3.992061197757721,0.10236054353224926
343,343,343,343,343,1-11132,16,24,1-11132,34,0,0,7,3.4722141921520233,0.10212394682800069
124,124,124,124,124,1-8480,11,12,1-8480,112,1,0,21,11.41664257645607,0.10193430871835776
283,283,283,283,283,1-8973,17,7,1-8973,44,2,0,5,4.480152994394302,0.10182165896350687
40,40,40,40,40,1-1070,11,12,1-1070,280,15,0,27,28.392826169729233,0.10140295060617584
439,439,439,439,439,1-8023,6,19,1-8023,20,2,0,0,2.0,0.1
258,258,258,258,258,MLG37,22,2,MLG37,50,4,0,2,4.992061197757721,0.09984122395515442
397,397,397,397,397,1-19851,5,18,1-19851,25,1,0,3,2.4880917966365814,0.09952367186546325
29,29,29,29,29,1-7462,9,22,1-7462,336,13,0,41,33.33725455403328,0.09921801950605143
513,513,513,513,513,1-18770,19,24,1-18770,10,0,0,2,0.992061197757721,0.0992061197757721
150,150,150,150,150,1-7539,14,9,1-7539,91,2,0,14,8.944428384304047,0.09829042180553897
199,199,199,199,199,MLG30,23,1,MLG30,66,0,0,13,6.448397785425186,0.09770299674886646
19,19,19,19,19,1-2272,12,11,1-2272,412,15,0,50,39.801529943943024,0.0966056552037452
129,129,129,129,129,MLG56,2,14,MLG56,109,6,0,9,10.464275389909744,0.09600252651293344
169,169,169,169,169,1-6591,20,4,1-6591,79,4,0,7,7.472214192152023,0.09458498977407624
249,249,249,249,249,1-11438,5,18,1-11438,53,4,0,2,4.992061197757721,0.094189833919957
321,321,321,321,321,1-3257,8,20,1-3257,37,0,0,7,3.4722141921520233,0.09384362681491955
17,17,17,17,17,1-8165,9,22,1-8165,420,9,0,61,39.25786653161049,0.09347111078954878
385,385,385,385,385,1-10725,10,13,1-10725,27,1,0,3,2.4880917966365814,0.09215154802357708
318,318,318,318,318,1-7655,4,17,1-7655,38,2,0,3,3.4880917966365814,0.0917918893851732
317,317,317,317,317,1-9399,23,1,1-9399,38,0,0,7,3.4722141921520233,0.09137405768821114
110,110,110,110,110,1-9114,5,18,1-9114,120,5,0,12,10.952367186546326,0.09126972655455272
87,87,87,87,87,1-2742,12,11,1-2742,154,7,0,14,13.944428384304047,0.09054823626171458
346,346,346,346,346,MLG22,23,1,MLG22,33,0,0,6,2.976183593273163,0.09018738161433827
506,506,506,506,506,1-19069,1,15,1-19069,11,0,0,2,0.992061197757721,0.09018738161433827
507,507,507,507,507,1-6608,13,10,1-6608,11,0,0,2,0.992061197757721,0.09018738161433827
257,257,257,257,257,1-8057,21,3,1-8057,50,2,0,5,4.480152994394302,0.08960305988788604
75,75,75,75,75,MLG73,15,8,MLG73,173,13,0,5,15.480152994394302,0.08948065314678788
383,383,383,383,383,1-9182,7,21,1-9182,28,2,0,1,2.4960305988788605,0.0891439499599593
461,461,461,461,461,1-1067,1,15,1-1067,17,1,0,1,1.4960305988788605,0.08800179993405062
459,459,459,459,459,1-17979,23,1,1-17979,17,1,0,1,1.4960305988788605,0.08800179993405062
408,408,408,408,408,1-7987,12,11,1-7987,23,1,0,2,1.992061197757721,0.08661135642424873
89,89,89,89,89,1-3509,9,22,1-3509,150,9,0,8,12.968244791030884,0.08645496527353923
176,176,176,176,176,1-7733,7,21,1-7733,76,6,0,1,6.4960305988788605,0.08547408682735343
251,251,251,251,251,1-8287,20,4,1-8287,53,3,0,3,4.488091796636581,0.08468097729502984
247,247,247,247,247,1-8177,16,24,1-8177,53,0,0,9,4.464275389909744,0.08423161113037253
223,223,223,223,223,1-5686,16,24,1-5686,59,0,0,10,4.960305988788605,0.0840729828608238
8,8,8,8,8,MLG15,7,21,MLG15,559,40,0,14,46.94442838430405,0.08397929943524875
326,326,326,326,326,1-6835,22,2,1-6835,36,3,0,0,3.0,0.08333333333333333
72,72,72,72,72,1-0918,5,18,1-0918,179,3,0,24,14.904734373092651,0.08326667247537795
370,370,370,370,370,1-7647,23,1,1-7647,30,2,0,1,2.4960305988788605,0.08320101996262869
538,538,538,538,538,1-5965,12,11,1-5965,6,0,0,1,0.4960305988788605,0.08267176647981007
399,399,399,399,399,1-11522,23,1,1-11522,24,0,0,4,1.984122395515442,0.08267176647981007
369,369,369,369,369,1-9217,8,20,1-9217,30,0,0,5,2.4801529943943024,0.08267176647981007
500,500,500,500,500,1-19859,8,20,1-19859,12,0,0,2,0.992061197757721,0.08267176647981007
401,401,401,401,401,1-7484,23,1,1-7484,24,0,0,4,1.984122395515442,0.08267176647981007
540,540,540,540,540,1-3702,11,12,1-3702,6,0,0,1,0.4960305988788605,0.08267176647981007
539,539,539,539,539,P1-17272,15,24,P1-17272,6,0,0,1,0.4960305988788605,0.08267176647981007
79,79,79,79,79,MLG57,23,1,MLG57,165,11,0,5,13.480152994394302,0.08169789693572305
45,45,45,45,45,1-2292,21,3,1-2292,252,7,0,27,20.392826169729233,0.0809239133719414
181,181,181,181,181,1-8678,21,3,1-8678,74,0,0,12,5.952367186546326,0.08043739441278819
56,56,56,56,56,1-4874,6,19,1-4874,224,16,0,4,17.984122395515442,0.08028626069426537
190,190,190,190,190,1-1176,5,18,1-1176,69,0,0,11,5.456336587667465,0.07907734185025311
7,7,7,7,7,MLG12,6,19,MLG12,569,33,0,24,44.90473437309265,0.07891868958364262
449,449,449,449,449,1-5154,1,15,1-5154,19,1,0,1,1.4960305988788605,0.0787384525725716
448,448,448,448,448,1-1959,5,18,1-1959,19,1,0,1,1.4960305988788605,0.0787384525725716
65,65,65,65,65,1-7460,13,10,1-7460,194,8,0,14,14.944428384304047,0.07703313600156725
490,490,490,490,490,1-2318,20,4,1-2318,13,1,0,0,1.0,0.07692307692307693
393,393,393,393,393,1-8766,20,4,1-8766,26,0,0,4,1.984122395515442,0.076312399827517
275,275,275,275,275,1-3477,8,20,1-3477,46,1,0,5,3.4801529943943024,0.07565549987813701
349,349,349,349,349,1-7429,11,12,1-7429,33,2,0,1,2.4960305988788605,0.07563729087511699
438,438,438,438,438,1-9458,14,9,1-9458,20,0,0,3,1.4880917966365814,0.07440458983182907
197,197,197,197,197,MLG27,23,1,MLG27,67,2,0,6,4.976183593273163,0.07427139691452482
267,267,267,267,267,1-6492,2,14,1-6492,48,3,0,1,3.4960305988788605,0.07283397080997626
268,268,268,268,268,1-2083,18,6,1-2083,48,1,0,5,3.4801529943943024,0.07250318738321464
262,262,262,262,262,1-7656,9,22,1-7656,48,1,0,5,3.4801529943943024,0.07250318738321464
102,102,102,102,102,MLG76,3,16,MLG76,131,3,0,13,9.448397785425186,0.0721251739345434
485,485,485,485,485,1-9267,22,2,1-9267,14,1,0,0,1.0,0.07142857142857142
484,484,484,484,484,1-9203,7,21,1-9203,14,1,0,0,1.0,0.07142857142857142
332,332,332,332,332,1-3162,22,2,1-3162,35,2,0,1,2.4960305988788605,0.07131515996796745
232,232,232,232,232,1-18412,9,22,1-18412,56,3,0,2,3.992061197757721,0.07128680710281644
429,429,429,429,429,1-9135,1,15,1-9135,21,1,0,1,1.4960305988788605,0.07123955232756478
121,121,121,121,121,MLG52,19,5,MLG52,112,3,0,10,7.960305988788605,0.07107416061418396
82,82,82,82,82,MLG33,23,1,MLG33,161,4,0,15,11.440458983182907,0.07105875144834103
481,481,481,481,481,1-3141,23,1,1-3141,14,0,0,2,0.992061197757721,0.0708615141255515
486,486,486,486,486,1-7444,21,3,1-7444,14,0,0,2,0.992061197757721,0.0708615141255515
291,291,291,291,291,1-11045,23,1,1-11045,43,0,0,6,2.976183593273163,0.06921357193658519
421,421,421,421,421,1-8162,1,15,1-8162,22,1,0,1,1.4960305988788605,0.06800139085813002
201,201,201,201,201,1-9515,5,18,1-9515,66,1,0,7,4.472214192152023,0.06776082109321248
203,203,203,203,203,1-6953,1,15,1-6953,66,1,0,7,4.472214192152023,0.06776082109321248
60,60,60,60,60,1-6678,19,5,1-6678,213,6,0,17,14.432520180940628,0.06775831070864144
144,144,144,144,144,1-7187,22,2,1-7187,96,6,0,1,6.4960305988788605,0.06766698540498813
282,282,282,282,282,MLG35,23,1,MLG35,44,0,0,6,2.976183593273163,0.06764053621075371
477,477,477,477,477,1-9412,22,2,1-9412,15,1,0,0,1.0,0.06666666666666667
367,367,367,367,367,1-9285,6,19,1-9285,30,1,0,2,1.992061197757721,0.06640203992525737
277,277,277,277,277,1-7418,6,19,1-7418,45,1,0,4,2.984122395515442,0.06631383101145426
215,215,215,215,215,1-0455,1,15,1-0455,60,1,0,6,3.976183593273163,0.06626972655455271
274,274,274,274,274,1-7723,14,9,1-7723,46,1,0,4,2.984122395515442,0.06487222598946613
415,415,415,415,415,1-7621,19,5,1-7621,23,0,0,3,1.4880917966365814,0.06469964333202528
469,469,469,469,469,1-9095,23,1,1-9095,16,1,0,0,1.0,0.0625
230,230,230,230,230,1-11205,10,13,1-11205,56,0,0,7,3.4722141921520233,0.06200382485985756
473,473,473,473,473,1-3371,23,1,1-3371,16,0,0,2,0.992061197757721,0.06200382485985756
35,35,35,35,35,1-7901,9,22,1-7901,298,6,0,25,18.400764971971512,0.06174753346299165
158,158,158,158,158,1-7107,23,1,1-7107,84,3,0,4,4.984122395515442,0.05933479042280288
157,157,157,157,157,1-7547,23,1,1-7547,86,2,0,6,4.976183593273163,0.057862599921780965
453,453,453,453,453,1-11121,23,1,1-11121,18,1,0,0,1.0,0.05555555555555555
450,450,450,450,450,1-3301,7,21,1-3301,18,1,0,0,1.0,0.05555555555555555
211,211,211,211,211,1-9644,6,19,1-9644,63,2,0,3,3.4880917966365814,0.05536653645454891
330,330,330,330,330,1-9499,23,1,1-9499,36,1,0,2,1.992061197757721,0.0553350332710478
451,451,451,451,451,1-7146,9,22,1-7146,18,0,0,2,0.992061197757721,0.05511451098654005
147,147,147,147,147,MLG78,18,6,MLG78,94,5,0,0,5.0,0.05319148936170213
145,145,145,145,145,1-7589,18,6,1-7589,95,1,0,8,4.968244791030884,0.05229731358979878
228,228,228,228,228,1-17959,18,6,1-17959,57,0,0,6,2.976183593273163,0.05221374725040637
91,91,91,91,91,1-6684,4,17,1-6684,145,3,0,9,7.464275389909744,0.05147776130972238
309,309,309,309,309,1-9543,23,1,1-9543,39,1,0,2,1.992061197757721,0.05107849225019797
221,221,221,221,221,1-5185,3,16,1-5185,59,1,0,4,2.984122395515442,0.05057834568670241
188,188,188,188,188,1-6506,5,18,1-6506,70,2,0,3,3.4880917966365814,0.04982988280909402
306,306,306,306,306,1-8990,16,24,1-8990,40,0,0,4,1.984122395515442,0.04960305988788605
444,444,444,444,444,1-7467,15,24,1-7467,20,0,0,2,0.992061197757721,0.04960305988788605
446,446,446,446,446,1-7715,23,1,1-7715,20,0,0,2,0.992061197757721,0.04960305988788605
445,445,445,445,445,1-2028,15,24,1-2028,20,0,0,2,0.992061197757721,0.04960305988788605
441,441,441,441,441,1-19987,12,11,1-19987,20,0,0,2,0.992061197757721,0.04960305988788605
305,305,305,305,305,1-8924,20,4,1-8924,40,0,0,4,1.984122395515442,0.04960305988788605
427,427,427,427,427,1-9287,14,9,1-9287,21,1,0,0,1.0,0.047619047619047616
292,292,292,292,292,MLG31,22,2,MLG31,42,2,0,0,2.0,0.047619047619047616
431,431,431,431,431,1-6533,1,15,1-6533,21,0,0,2,0.992061197757721,0.04724100941703433
355,355,355,355,355,1-5537,1,15,1-5537,32,1,0,1,1.4960305988788605,0.04675095621496439
239,239,239,239,239,1-8061,23,1,1-8061,55,1,0,3,2.4880917966365814,0.045238032666119664
418,418,418,418,418,1-9121,4,17,1-9121,22,0,0,2,0.992061197757721,0.045093690807169136
350,350,350,350,350,1-3491,16,24,1-3491,33,0,0,3,1.4880917966365814,0.045093690807169136
195,195,195,195,195,1-6625,22,2,1-6625,67,1,0,4,2.984122395515442,0.04453914023157376
13,13,13,13,13,MLG11,4,17,MLG11,493,16,0,12,21.952367186546326,0.044528128167436766
334,334,334,334,334,1-9063,1,15,1-9063,35,0,0,3,1.4880917966365814,0.0425169084753309
331,331,331,331,331,1-17970,23,1,1-17970,36,1,0,1,1.4960305988788605,0.04155640552441279
406,406,406,406,406,1-7453,6,19,1-7453,24,0,0,2,0.992061197757721,0.04133588323990504
395,395,395,395,395,1-1958,7,21,1-1958,25,1,0,0,1.0,0.04
390,390,390,390,390,1-7575,21,3,1-7575,26,1,0,0,1.0,0.038461538461538464
252,252,252,252,252,1-8735,23,1,1-8735,52,2,0,0,2.0,0.038461538461538464
494,494,494,494,494,1-3631,15,8,1-3631,13,0,0,1,0.4960305988788605,0.0381561999137585
307,307,307,307,307,1-7579,1,15,1-7579,40,1,0,1,1.4960305988788605,0.03740076497197151
159,159,159,159,159,1-5687,6,19,1-5687,83,3,0,0,3.0,0.03614457831325301
379,379,379,379,379,1-11388,12,11,1-11388,28,1,0,0,1.0,0.03571428571428571
293,293,293,293,293,1-8545,15,8,1-8545,42,1,0,1,1.4960305988788605,0.03561977616378239
187,187,187,187,187,MLG82,16,24,MLG82,71,0,0,5,2.4801529943943024,0.03493173231541271
287,287,287,287,287,1-0454,20,4,1-0454,43,1,0,1,1.4960305988788605,0.03479140927625257
58,58,58,58,58,MLG53,16,24,MLG53,216,0,0,15,7.440458983182907,0.034446569366587534
224,224,224,224,224,1-8087,16,24,1-8087,58,0,0,4,1.984122395515442,0.03420900681923176
375,375,375,375,375,1-8187,16,24,1-8187,29,0,0,2,0.992061197757721,0.03420900681923176
101,101,101,101,101,1-1655,6,19,1-1655,132,4,0,1,4.4960305988788605,0.034060837870294396
217,217,217,217,217,1-19884,23,1,1-19884,60,0,0,4,1.984122395515442,0.033068706591924034
476,476,476,476,476,1-7910,9,22,1-7910,15,0,0,1,0.4960305988788605,0.033068706591924034
360,360,360,360,360,1-20100,14,9,1-20100,31,0,0,2,0.992061197757721,0.0320019741212168
357,357,357,357,357,1-9601,23,1,1-9601,31,0,0,2,0.992061197757721,0.0320019741212168
93,93,93,93,93,MLG71,7,21,MLG71,144,4,0,1,4.4960305988788605,0.03122243471443653
467,467,467,467,467,1-9197,18,6,1-9197,16,0,0,1,0.4960305988788605,0.03100191242992878
198,198,198,198,198,1-8630,19,5,1-8630,67,1,0,2,1.992061197757721,0.02973225668295106
88,88,88,88,88,MLG68,9,22,MLG68,152,0,0,9,4.464275389909744,0.02937023282835358
462,462,462,462,462,1-7430,11,12,1-7430,17,0,0,1,0.4960305988788605,0.02917827052228591
246,246,246,246,246,1-11189,23,1,1-11189,53,1,0,1,1.4960305988788605,0.028226992431676614
327,327,327,327,327,1-6721,6,19,1-6721,36,1,0,0,1.0,0.027777777777777776
329,329,329,329,329,1-8859,19,5,1-8859,36,0,0,2,0.992061197757721,0.027557255493270025
456,456,456,456,456,1-9586,18,6,1-9586,18,0,0,1,0.4960305988788605,0.027557255493270025
90,90,90,90,90,1-1099,3,16,1-1099,149,4,0,0,4.0,0.026845637583892617
323,323,323,323,323,1-8613,16,24,1-8613,37,0,0,2,0.992061197757721,0.026812464804262727
233,233,233,233,233,1-8135,9,22,1-8135,56,0,0,3,1.4880917966365814,0.026573067797081813
116,116,116,116,116,MLG48,1,15,MLG48,116,2,0,2,2.992061197757721,0.025793631015152765
313,313,313,313,313,1-8834,6,19,1-8834,39,0,0,2,0.992061197757721,0.025437466609172333
33,33,33,33,33,1-18507,7,21,1-18507,320,6,0,4,7.984122395515442,0.024950382485985755
443,443,443,443,443,1-4136,12,11,1-4136,20,0,0,1,0.4960305988788605,0.024801529943943024
434,434,434,434,434,1-11026,20,4,1-11026,21,0,0,1,0.4960305988788605,0.023620504708517166
270,270,270,270,270,1-6494,23,1,1-6494,48,1,0,0,1.0,0.020833333333333332
402,402,402,402,402,1-9123,12,11,1-9123,24,0,0,1,0.4960305988788605,0.02066794161995252
394,394,394,394,394,1-7449,12,11,1-7449,25,0,0,1,0.4960305988788605,0.01984122395515442
173,173,173,173,173,1-9276,19,5,1-9276,77,1,0,1,1.4960305988788605,0.019428968816608577
389,389,389,389,389,1-8691,23,1,1-8691,26,0,0,1,0.4960305988788605,0.01907809995687925
384,384,384,384,384,1-7567,13,10,1-7567,27,0,0,1,0.4960305988788605,0.018371503662180017
356,356,356,356,356,1-6737,1,15,1-6737,32,0,0,1,0.4960305988788605,0.01550095621496439
354,354,354,354,354,1-6661,18,6,1-6661,32,0,0,1,0.4960305988788605,0.01550095621496439
77,77,77,77,77,MLG50,7,21,MLG50,168,1,0,3,2.4880917966365814,0.01481007021807489
185,185,185,185,185,MLG42,16,24,MLG42,72,0,0,2,0.992061197757721,0.013778627746635012
297,297,297,297,297,1-6101,16,24,1-6101,41,0,0,1,0.4960305988788605,0.012098307289728305
278,278,278,278,278,1-8750,20,4,1-8750,45,0,0,1,0.4960305988788605,0.011022902197308011
266,266,266,266,266,1-1025,23,1,1-1025,48,0,0,1,0.4960305988788605,0.01033397080997626
260,260,260,260,260,MLG24,16,24,MLG24,49,0,0,1,0.4960305988788605,0.010123073446507357
259,259,259,259,259,1-2432,23,1,1-2432,50,0,0,1,0.4960305988788605,0.00992061197757721
227,227,227,227,227,1-8055,23,1,1-8055,57,0,0,1,0.4960305988788605,0.008702291208401061
194,194,194,194,194,1-8628,20,4,1-8628,68,0,0,1,0.4960305988788605,0.007294567630571478
142,142,142,142,142,1-9341,21,3,1-9341,98,0,0,1,0.4960305988788605,0.0050615367232536785
308,308,308,308,308,1-10018,23,1,1-10018,40,0,0,0,0.0,0.0
296,296,296,296,296,1-7326,17,7,1-7326,42,0,0,0,0.0,0.0
387,387,387,387,387,1-6029,12,11,1-6029,26,0,0,0,0.0,0.0
294,294,294,294,294,1-3081,11,12,1-3081,42,0,0,0,0.0,0.0
502,502,502,502,502,1-0305,16,24,1-0305,12,0,0,0,0.0,0.0
565,565,565,565,565,1-3739,1,15,1-3739,2,0,0,0,0.0,0.0
286,286,286,286,286,1-3489,23,1,1-3489,43,0,0,0,0.0,0.0
464,464,464,464,464,1-8062,5,18,1-8062,17,0,0,0,0.0,0.0
171,171,171,171,171,1-6637,23,1,1-6637,78,0,0,0,0.0,0.0
193,193,193,193,193,1-7943,1,15,1-7943,68,0,0,0,0.0,0.0
365,365,365,365,365,1-19109,12,11,1-19109,30,0,0,0,0.0,0.0
435,435,435,435,435,1-10919,6,19,1-10919,20,0,0,0,0.0,0.0
544,544,544,544,544,1-21411,1,15,1-21411,5,0,0,0,0.0,0.0
534,534,534,534,534,1-7886,1,15,1-7886,7,0,0,0,0.0,0.0
295,295,295,295,295,1-7581,6,19,1-7581,42,0,0,0,0.0,0.0
499,499,499,499,499,1-20780,12,11,1-20780,12,0,0,0,0.0,0.0
336,336,336,336,336,7W2-19692,15,8,7W2-19692,34,0,0,0,0.0,0.0
518,518,518,518,518,1-4413,1,15,1-4413,9,0,0,0,0.0,0.0
559,559,559,559,559,1-5304,23,1,1-5304,3,0,0,0,0.0,0.0
574,574,574,574,574,1-4618,23,1,1-4618,1,0,0,0,0.0,0.0
285,285,285,285,285,1-18816,1,15,1-18816,44,0,0,0,0.0,0.0
220,220,220,220,220,1-7936,23,1,1-7936,59,0,0,0,0.0,0.0
261,261,261,261,261,1-18956,1,15,1-18956,49,0,0,0,0.0,0.0
319,319,319,319,319,1-8765,19,5,1-8765,38,0,0,0,0.0,0.0
225,225,225,225,225,1-19133,9,22,1-19133,58,0,0,0,0.0,0.0
337,337,337,337,337,1-3079,4,4,1-3079,34,0,0,0,0.0,0.0
551,551,551,551,551,1-10622,23,1,1-10622,4,0,0,0,0.0,0.0
300,300,300,300,300,1-3077,1,15,1-3077,41,0,0,0,0.0,0.0
483,483,483,483,483,1-6816,19,5,1-6816,14,0,0,0,0.0,0.0
465,465,465,465,465,1-7753,7,21,1-7753,17,0,0,0,0.0,0.0
549,549,549,549,549,1-9643,12,11,1-9643,4,0,0,0,0.0,0.0
273,273,273,273,273,1-8537,11,12,1-8537,47,0,0,0,0.0,0.0
495,495,495,495,495,1-3309,14,9,1-3309,12,0,0,0,0.0,0.0
380,380,380,380,380,1-20077,9,22,1-20077,28,0,0,0,0.0,0.0
163,163,163,163,163,1-7870,23,1,1-7870,82,0,0,0,0.0,0.0
498,498,498,498,498,1-7472,1,15,1-7472,12,0,0,0,0.0,0.0
410,410,410,410,410,7W2-12806,23,1,7W2-12806,23,0,0,0,0.0,0.0
392,392,392,392,392,1-7499,20,4,1-7499,26,0,0,0,0.0,0.0
521,521,521,521,521,1-17927,1,15,1-17927,9,0,0,0,0.0,0.0
522,522,522,522,522,1-3099,7,21,1-3099,9,0,0,0,0.0,0.0
523,523,523,523,523,1-3699,3,16,1-3699,9,0,0,0,0.0,0.0
572,572,572,572,572,1-21180,11,12,1-21180,1,0,0,0,0.0,0.0
563,563,563,563,563,1-5713,5,18,1-5713,2,0,0,0,0.0,0.0
516,516,516,516,516,1-17965,1,24,1-17965,10,0,0,0,0.0,0.0
561,561,561,561,561,1-8940,23,1,1-8940,3,0,0,0,0.0,0.0
253,253,253,253,253,1-2829,1,15,1-2829,52,0,0,0,0.0,0.0
531,531,531,531,531,1-7178,1,15,1-7178,8,0,0,0,0.0,0.0
280,280,280,280,280,1-20045,1,15,1-20045,45,0,0,0,0.0,0.0
569,569,569,569,569,1-5714,1,15,1-5714,1,0,0,0,0.0,0.0
432,432,432,432,432,1-19627,7,21,1-19627,21,0,0,0,0.0,0.0
333,333,333,333,333,1-11209,1,15,1-11209,35,0,0,0,0.0,0.0
570,570,570,570,570,1-7481,1,15,1-7481,1,0,0,0,0.0,0.0
245,245,245,245,245,1-8729,23,1,1-8729,53,0,0,0,0.0,0.0
430,430,430,430,430,1-20065,23,1,1-20065,21,0,0,0,0.0,0.0
419,419,419,419,419,1-7564,1,15,1-7564,22,0,0,0,0.0,0.0
416,416,416,416,416,1-2192,23,1,1-2192,22,0,0,0,0.0,0.0
470,470,470,470,470,1-8291,11,12,1-8291,16,0,0,0,0.0,0.0
519,519,519,519,519,1-10952,14,9,1-10952,9,0,0,0,0.0,0.0
436,436,436,436,436,1-3182,2,14,1-3182,20,0,0,0,0.0,0.0
328,328,328,328,328,1-2699,7,21,1-2699,36,0,0,0,0.0,0.0
567,567,567,567,567,1-9486,1,15,1-9486,2,0,0,0,0.0,0.0
571,571,571,571,571,1-9958,23,1,1-9958,1,0,0,0,0.0,0.0
533,533,533,533,533,1-9600,18,6,1-9600,7,0,0,0,0.0,0.0
366,366,366,366,366,1-8928,23,1,1-8928,30,0,0,0,0.0,0.0
386,386,386,386,386,MLG38,23,1,MLG38,26,0,0,0,0.0,0.0
182,182,182,182,182,MLG69,12,11,MLG69,73,0,0,0,0.0,0.0
179,179,179,179,179,1-7900,16,24,1-7900,75,0,0,0,0.0,0.0
478,478,478,478,478,1-8981,19,5,1-8981,15,0,0,0,0.0,0.0
497,497,497,497,497,1-8039,19,5,1-8039,12,0,0,0,0.0,0.0
532,532,532,532,532,1-18369,16,24,1-18369,7,0,0,0,0.0,0.0
535,535,535,535,535,1-3117,23,1,1-3117,7,0,0,0,0.0,0.0
536,536,536,536,536,1-4609,14,9,1-4609,7,0,0,0,0.0,0.0
564,564,564,564,564,1-5146,1,15,1-5146,2,0,0,0,0.0,0.0
134,134,134,134,134,1-2485,5,18,1-2485,106,0,0,0,0.0,0.0
552,552,552,552,552,1-5303,9,22,1-5303,4,0,0,0,0.0,0.0
529,529,529,529,529,1-9466,18,6,1-9466,8,0,0,0,0.0,0.0
378,378,378,378,378,1-6496,23,1,1-6496,28,0,0,0,0.0,0.0
573,573,573,573,573,1-20283,1,15,1-20283,1,0,0,0,0.0,0.0
543,543,543,543,543,1-18953,6,19,1-18953,5,0,0,0,0.0,0.0
548,548,548,548,548,1-9621,1,15,1-9621,4,0,0,0,0.0,0.0
487,487,487,487,487,1-2523,23,1,1-2523,14,0,0,0,0.0,0.0
491,491,491,491,491,1-9259,19,5,1-9259,13,0,0,0,0.0,0.0
493,493,493,493,493,1-9318,23,1,1-9318,13,0,0,0,0.0,0.0
568,568,568,568,568,1-9133,1,15,1-9133,2,0,0,0,0.0,0.0
553,553,553,553,553,1-7356,23,1,1-7356,4,0,0,0,0.0,0.0
556,556,556,556,556,1-19989,23,1,1-19989,4,0,0,0,0.0,0.0
557,557,557,557,557,1-5873,23,1,1-5873,3,0,0,0,0.0,0.0
558,558,558,558,558,1-5199,1,15,1-5199,3,0,0,0,0.0,0.0
276,276,276,276,276,1-3075,23,1,1-3075,45,0,0,0,0.0,0.0
575,575,575,575,575,1-4387,1,15,1-4387,1,0,0,0,0.0,0.0
562,562,562,562,562,1-8899,15,8,1-8899,3,0,0,0,0.0,0.0
515,515,515,515,515,1-2429,1,15,1-2429,10,0,0,0,0.0,0.0
512,512,512,512,512,1-5140,23,1,1-5140,10,0,0,0,0.0,0.0
510,510,510,510,510,1-8242,7,21,1-8242,11,0,0,0,0.0,0.0
508,508,508,508,508,1-7737,22,2,1-7737,11,0,0,0,0.0,0.0
250,250,250,250,250,1-8300,23,1,1-8300,53,0,0,0,0.0,0.0
454,454,454,454,454,1-20046,20,4,1-20046,18,0,0,0,0.0,0.0
396,396,396,396,396,1-20138,1,15,1-20138,25,0,0,0,0.0,0.0
545,545,545,545,545,1-9935,1,15,1-9935,5,0,0,0,0.0,0.0
204,204,204,204,204,1-6654,1,15,1-6654,66,0,0,0,0.0,0.0
542,542,542,542,542,1-9230,1,15,1-9230,5,0,0,0,0.0,0.0
474,474,474,474,474,1-19108,4,4,1-19108,16,0,0,0,0.0,0.0
244,244,244,244,244,1-7332,23,1,1-7332,53,0,0,0,0.0,0.0
482,482,482,482,482,1-18952,23,1,1-18952,14,0,0,0,0.0,0.0
