Unnamed: 0,Exam Group,Exam Block,slot,exam,size,b2bs,confs,2i3s,score,score_norm
256,1-3037,18,5,1-3037,467,69,3,58,3072.8942484483123,6.58007333714842
364,MLG02,18,5,MLG02,755,72,3,131,3080.7956301160157,4.080524013398696
353,1-8681,11,10,1-8681,260,18,1,117,1025.8556391112506,3.9455986119663486
158,MLG12,11,10,MLG12,569,21,1,34,1023.2828352972865,1.7983881112430342
316,1-4776,5,6,1-4776,33,13,0,7,13.469995502382517,0.4081816818903793
359,1-6166,4,18,1-6166,117,43,0,40,45.68568858504295,0.39047597081233293
293,MLG20,19,9,MLG20,55,20,0,13,20.87284879013896,0.3795063416388902
358,MLG18,20,5,MLG18,72,25,0,18,26.20855986326933,0.36400777587874067
13,1-7622,10,7,1-7622,45,13,0,2,13.134284429252148,0.2918729873167144
389,1-0598,17,2,1-0598,122,34,0,14,34.939991004765034,0.2863933688915167
399,1-8087,3,3,1-8087,58,14,0,26,15.74569758027792,0.27147754448755035
467,MLG82,19,9,MLG82,71,18,0,13,18.87284879013896,0.26581477169209805
484,MLG35,3,3,MLG35,44,10,0,19,11.275702077895403,0.2562659563158046
319,1-20040,18,2,1-20040,22,5,0,7,5.469995502382517,0.24863615919920531
150,P1-0004,3,3,P1-0004,60,14,0,4,14.268568858504295,0.2378094809750716
345,1-2364,15,4,1-2364,88,19,0,18,20.20855986326933,0.22964272571896965
453,MLG45,7,16,MLG45,179,36,0,71,40.76709723845124,0.2277491465835265
90,MLG83,17,2,MLG83,88,19,0,14,19.939991004765034,0.22659080687232994
388,1-8019,21,8,1-8019,320,67,0,69,71.6328128091991,0.22385254002874716
360,MLG67,17,2,MLG67,293,64,0,16,65.07427543401718,0.22209650318777194
257,MLG06,10,7,MLG06,634,135,0,84,140.6399460285902,0.2218295678684388
414,1-5140,3,12,1-5140,10,2,0,3,2.2014266438782215,0.22014266438782215
499,1-3135,13,13,1-3135,101,20,0,26,21.74569758027792,0.21530393643839524
115,1-3254,2,12,1-3254,68,14,0,9,14.604279931634665,0.21476882252403917
374,MLG74,18,5,MLG74,177,37,0,15,38.00713321939111,0.2147295662112492
398,MLG65,20,15,MLG65,155,30,0,44,32.95425744354725,0.21260811253901452
377,1-7901,14,14,1-7901,298,59,0,47,62.15568408742547,0.20857612109874318
6,MLG58,3,3,MLG58,66,13,0,11,13.738564360886812,0.2081600660740426
47,MLG15,12,17,MLG15,559,112,0,26,113.74569758027792,0.2034806754566689
344,1-9294,14,14,1-9294,74,14,0,15,15.007133219391108,0.20279909755933928
500,MLG50,12,17,MLG50,168,33,0,2,33.13428442925215,0.19722788350745327
460,1-8044,13,13,1-8044,56,10,0,15,11.007133219391108,0.19655595034626977
384,1-0584,8,11,1-0584,41,7,0,15,8.007133219391108,0.19529593218027091
128,MLG33,19,9,MLG33,161,29,0,35,31.349977511912584,0.19472035721684836
429,1-8949,12,17,1-8949,112,21,0,5,21.33571107313037,0.19049742029580688
159,MLG36,20,15,MLG36,136,24,0,28,25.879982009530067,0.19029398536419168
430,1-8718,5,6,1-8718,333,56,0,107,63.1842169649899,0.18974239328825795
268,1-7899,13,3,1-7899,40,7,0,7,7.469995502382517,0.18674988755956293
219,1-8371,15,4,1-8371,255,46,0,20,47.34284429252148,0.18565821291184892
280,MLG09,2,12,MLG09,174,30,0,15,31.007133219391108,0.17820191505397187
108,1-0917,3,12,1-0917,134,23,0,12,23.805706575512886,0.177654526682932
300,1-7083,17,2,1-7083,17,3,0,0,3.0,0.17647058823529413
61,1-7306,8,11,1-7306,159,25,0,36,27.417119726538658,0.17243471526124943
23,1-11189,10,7,1-11189,53,9,0,2,9.134284429252148,0.17234498923117259
214,1-19859,18,5,1-19859,12,2,0,1,2.067142214626074,0.1722618512188395
164,MLG29,12,17,MLG29,93,16,0,0,16.0,0.17204301075268819
522,1-10808,2,12,1-10808,54,9,0,4,9.268568858504295,0.17164016404637583
436,1-8702,5,6,1-8702,59,9,0,15,10.007133219391108,0.1696124274473069
223,1-5109,7,16,1-5109,37,6,0,4,6.268568858504295,0.16942077995957555
157,1-2318,15,4,1-2318,13,2,0,3,2.2014266438782215,0.1693405110675555
298,1-7107,13,13,1-7107,84,14,0,3,14.201426643878222,0.16906460290331216
297,1-3702,12,17,1-3702,6,1,0,0,1.0,0.16666666666666666
141,MLG42,20,15,MLG42,72,11,0,14,11.939991004765034,0.16583320839951435
480,1-1514,7,16,1-1514,64,9,0,24,10.611413151025772,0.1658033304847777
28,1-7081,20,12,1-7081,99,15,0,20,16.342844292521477,0.1650792352779947
270,1-5655,15,10,1-5655,31,4,0,16,5.074275434017181,0.16368630432313488
455,1-10981,5,6,1-10981,34,5,0,8,5.537137717008591,0.16285699167672327
104,1-9040,11,10,1-9040,55,8,0,14,8.939991004765034,0.1625452909957279
536,1-1964,15,4,1-1964,48,7,0,11,7.738564360886812,0.16122009085180858
431,1-9115,5,6,1-9115,22,3,0,8,3.5371377170085907,0.16077898713675412
148,1-2028,10,7,1-2028,20,3,0,3,3.2014266438782215,0.16007133219391106
313,1-3631,18,5,1-3631,13,2,0,1,2.067142214626074,0.15901093958662108
58,1-7723,13,7,1-7723,46,7,0,4,7.268568858504295,0.15801236648922382
113,1-7647,20,15,1-7647,30,4,0,11,4.738564360886812,0.15795214536289373
287,1-9267,12,17,1-9267,14,2,0,3,2.2014266438782215,0.1572447602770158
142,MLG17,14,14,MLG17,76,11,0,14,11.939991004765034,0.1571051447995399
348,MLG62,12,17,MLG62,370,57,0,15,58.00713321939111,0.15677603572808407
267,1-7715,8,11,1-7715,20,3,0,2,3.1342844292521477,0.15671422146260738
16,1-7539,12,17,1-7539,91,14,0,2,14.134284429252148,0.15532180691485878
509,1-9473,2,12,1-9473,20,3,0,1,3.067142214626074,0.1533571107313037
130,MLG32,3,3,MLG32,79,10,0,31,12.081408653408289,0.1529292234608644
46,1-3056,5,6,1-3056,250,26,0,182,38.21988306194544,0.15287953224778175
277,P1-6891,2,12,P1-6891,7,1,0,1,1.0671422146260738,0.15244888780372484
413,1-1763,10,9,1-1763,35,5,0,4,5.268568858504295,0.15053053881440845
487,1-7467,8,11,1-7467,20,3,0,0,3.0,0.15
91,1-9458,10,7,1-9458,20,3,0,0,3.0,0.15
83,1-1152,3,3,1-1152,112,13,0,56,16.759964019060135,0.1496425358844655
283,1-1636,3,3,1-1636,22,3,0,4,3.2685688585042953,0.14857131175019525
416,1-3246,10,7,1-3246,116,16,0,17,17.141417648643255,0.14777084179864874
29,1-8090,10,9,1-8090,14,2,0,1,2.067142214626074,0.14765301533043385
493,1-3162,17,2,1-3162,35,5,0,2,5.134284429252148,0.14669384083577564
352,1-2275,13,13,1-2275,130,18,0,14,18.939991004765034,0.14569223849819257
224,MLG05,17,2,MLG05,14,2,0,0,2.0,0.14285714285714285
151,1-11026,15,4,1-11026,21,3,0,0,3.0,0.14285714285714285
171,1-3300,8,8,1-3300,29,3,0,17,4.141417648643255,0.14280750512562948
191,1-9285,5,6,1-9285,30,4,0,4,4.268568858504295,0.14228562861680985
14,MLG78,2,12,MLG78,94,12,0,18,13.208559863269329,0.14051659429009924
227,1-9542,15,4,1-9542,54,6,0,23,7.544270936399698,0.13970872104443885
50,MLG14,20,15,MLG14,462,59,0,81,64.43851938471198,0.13947731468552377
417,1-3026,5,6,1-3026,570,73,0,94,79.31136817485094,0.13914275118394903
539,1-6559,19,12,1-6559,24,3,0,5,3.335711073130369,0.13898796138043204
445,MLG61,17,2,MLG61,218,29,0,19,30.275702077895403,0.13887936732979542
271,1-19121,3,3,1-19121,75,10,0,5,10.33571107313037,0.1378094809750716
317,1-3733,8,11,1-3733,16,2,0,3,2.2014266438782215,0.13758916524238884
444,1-2083,15,4,1-2083,48,6,0,9,6.6042799316346645,0.13758916524238884
376,1-18412,19,12,1-18412,56,7,0,10,7.671422146260738,0.13698968118322746
233,1-8864,3,3,1-8864,39,5,0,4,5.268568858504295,0.13509150919241783
329,1-19755,7,16,1-19755,517,58,0,175,69.74988755956292,0.13491274189470584
230,1-8766,12,17,1-8766,26,3,0,7,3.469995502382517,0.13346136547625065
299,1-9316,3,3,1-9316,16,2,0,2,2.1342844292521477,0.13339277682825923
419,1-1176,15,4,1-1176,69,9,0,3,9.201426643878222,0.13335400933156843
18,1-5635,15,4,1-5635,417,47,0,128,55.59420347213745,0.13331943278690037
306,1-18987,5,6,1-18987,34,4,0,7,4.469995502382517,0.13147045595242696
274,1-8497,21,8,1-8497,34,4,0,7,4.469995502382517,0.13147045595242696
161,1-7656,18,5,1-7656,48,6,0,4,6.268568858504295,0.1305951845521728
391,1-8165,14,14,1-8165,420,52,0,35,54.349977511912584,0.12940470836169662
491,MLG51,10,7,MLG51,99,12,0,11,12.738564360886812,0.12867236728168496
305,1-7472,5,6,1-7472,12,1,0,8,1.5371377170085907,0.12809480975071588
85,1-8986,13,13,1-8986,57,7,0,4,7.268568858504295,0.12751875190358414
211,1-7187,7,16,1-7187,96,9,0,48,12.222826302051544,0.12732110731303692
321,MLG30,3,3,MLG30,66,7,0,20,8.342844292521477,0.12640673170487085
459,1-8284,3,1,1-8284,48,6,0,1,6.067142214626074,0.1263987961380432
561,1-3699,13,13,1-3699,9,1,0,2,1.1342844292521477,0.12603160325023863
451,1-7146,14,7,1-7146,18,2,0,4,2.2685688585042953,0.12603160325023863
541,1-7301,11,15,1-7301,26,3,0,4,3.2685688585042953,0.12571418686554983
498,MLG38,10,7,MLG38,26,3,0,4,3.2685688585042953,0.12571418686554983
448,1-6249,7,16,1-6249,64,7,0,15,8.007133219391108,0.12511145655298606
225,1-17970,5,6,1-17970,36,4,0,7,4.469995502382517,0.12416654173284769
515,1-8480,20,15,1-8480,112,13,0,13,13.87284879013896,0.12386472134052642
323,1-7946,13,13,1-7946,289,34,0,26,35.74569758027792,0.1236875348798544
396,1-11132,18,5,1-11132,34,4,0,3,4.2014266438782215,0.12357137187877122
37,1-8039,14,14,1-8039,12,0,0,22,1.4771287217736244,0.12309406014780204
114,1-7449,10,7,1-7449,25,3,0,1,3.067142214626074,0.12268568858504296
492,1-3257,19,9,1-3257,37,4,0,8,4.537137717008591,0.12262534370293489
195,1-3079,3,3,1-3079,34,0,0,62,4.162817306816578,0.12243580314166405
169,1-1466,21,8,1-1466,73,7,0,27,8.812839794903994,0.12072383280690402
199,1-0529,13,13,1-0529,124,12,0,44,14.954257443547249,0.12059885035118749
402,1-1958,3,3,1-1958,25,3,0,0,3.0,0.12
27,1-0984,20,15,1-0984,50,6,0,0,6.0,0.12
506,1-3302,12,6,1-3302,52,4,0,33,6.215693082660437,0.11953255928193147
131,MLG13,8,11,MLG13,225,23,0,58,26.894248448312283,0.11952999310361015
497,1-3216,7,16,1-3216,38,4,0,8,4.537137717008591,0.11939836097391028
36,1-5686,12,17,1-5686,59,7,0,0,7.0,0.11864406779661017
77,1-7567,8,11,1-7567,27,3,0,3,3.2014266438782215,0.11857135718067487
177,1-10952,10,7,1-10952,9,1,0,1,1.0671422146260738,0.11857135718067487
43,1-7518,21,8,1-7518,169,18,0,27,19.812839794903994,0.11723573843138457
365,1-18435,5,6,1-18435,37,4,0,5,4.335711073130369,0.11718138035487484
482,1-11534,8,10,1-11534,12,1,0,6,1.402853287756443,0.11690444064637025
166,1-9454,18,3,1-9454,80,8,0,20,9.342844292521477,0.11678555365651846
393,1-2292,2,12,1-2292,252,28,0,21,29.40998650714755,0.11670629566328393
239,1-1136,4,18,1-1136,113,9,0,62,13.162817306816578,0.11648510890988122
10,1-7390,7,16,1-7390,43,4,0,15,5.007133219391108,0.11644495859049088
340,1-0487,19,9,1-0487,18,2,0,1,2.067142214626074,0.11484123414589299
266,1-6554,2,2,1-6554,28,2,0,18,3.208559863269329,0.11459142368819032
532,1-9182,13,13,1-9182,28,3,0,3,3.2014266438782215,0.11433666585279363
123,1-3472,13,13,1-3472,28,3,0,3,3.2014266438782215,0.11433666585279363
394,1-8808,11,10,1-8808,52,5,0,12,5.805706575512886,0.1116482033752478
264,1-1131,18,5,1-1131,200,21,0,19,22.275702077895403,0.11137851038947702
33,1-0997,11,12,1-0997,33,3,0,10,3.6714221462607384,0.11125521655335571
122,1-20046,17,2,1-20046,18,2,0,0,2.0,0.1111111111111111
95,1-7625,10,7,1-7625,76,8,0,6,8.402853287756443,0.11056385904942688
366,MLG63,3,3,MLG63,543,51,0,124,59.325634613633156,0.1092553123639653
458,1-9063,8,3,1-9063,35,3,0,12,3.805706575512886,0.10873447358608246
325,1-6625,5,6,1-6625,67,7,0,4,7.268568858504295,0.10848610236573575
471,1-8618,3,9,1-8618,53,5,0,11,5.738564360886812,0.10827479926201533
188,1-5221,5,6,1-5221,21,2,0,4,2.2685688585042953,0.10802708850020454
534,MLG48,7,16,MLG48,116,6,0,97,12.512794818729162,0.10786892085111346
469,1-6494,10,7,1-6494,48,5,0,2,5.134284429252148,0.10696425894275308
192,1-4874,2,12,1-4874,224,22,0,28,23.879982009530067,0.10660706254254494
490,1-6591,5,6,1-6591,79,8,0,6,8.402853287756443,0.10636523149058788
476,MLG01,21,8,MLG01,43,4,0,8,4.537137717008591,0.10551483062810676
387,1-3469,21,8,1-3469,40,4,0,3,4.2014266438782215,0.10503566609695554
454,1-6678,10,7,1-6678,213,19,0,50,22.357110731303692,0.10496296117982953
183,1-18927,17,16,1-18927,30,2,0,17,3.1414176486432552,0.10471392162144184
17,1-9217,19,9,1-9217,30,3,0,2,3.1342844292521477,0.10447614764173825
204,1-3509,14,14,1-3509,150,14,0,23,15.544270936399698,0.10362847290933132
462,1-8484,21,8,1-8484,202,18,0,43,20.887115228921175,0.10340156053921373
474,1-6608,4,18,1-6608,11,1,0,2,1.1342844292521477,0.1031167662956498
106,1-8973,20,15,1-8973,44,4,0,8,4.537137717008591,0.1031167662956498
449,1-10960,4,18,1-10960,82,6,0,36,8.417119726538658,0.10264780154315437
318,1-3496,13,13,1-3496,192,18,0,25,19.678555365651846,0.10249247586277004
111,1-7900,17,2,1-7900,75,7,0,10,7.671422146260738,0.10228562861680984
8,MLG59,5,6,MLG59,112,11,0,6,11.402853287756443,0.10181119006925396
508,1-8057,19,9,1-8057,50,5,0,1,5.067142214626074,0.10134284429252148
137,1-19257,7,16,1-19257,246,17,0,115,24.72135468199849,0.10049331171544103
152,1-1530,13,13,1-1530,632,60,0,51,63.424252945929766,0.10035483061064836
371,MLG66,7,16,MLG66,229,19,0,59,22.961390662938356,0.1002680814975474
269,1-5271,3,3,1-5271,12,1,0,3,1.2014266438782215,0.10011888698985179
408,1-8023,19,1,1-8023,20,2,0,0,2.0,0.1
400,MLG71,14,14,MLG71,144,12,0,34,14.28283529728651,0.09918635623115632
56,1-8924,3,3,1-8924,40,3,0,14,3.9399910047650337,0.09849977511912585
101,1-8228,4,18,1-8228,99,8,0,25,9.678555365651846,0.0977631855116348
98,1-9543,14,14,1-9543,39,3,0,12,3.805706575512886,0.0975822198849458
551,1-18869,18,2,1-18869,22,2,0,2,2.1342844292521477,0.09701292860237035
186,1-8162,20,1,1-8162,22,2,0,2,2.1342844292521477,0.09701292860237035
461,1-9351,7,16,1-9351,60,5,0,12,5.805706575512886,0.09676177625854811
478,1-8916,11,10,1-8916,61,4,0,28,5.879982009530067,0.09639314769721422
379,1-5228,4,18,1-5228,180,10,0,109,17.31850139424205,0.09621389663467804
174,1-6568,13,13,1-6568,394,33,0,73,37.90138166770339,0.09619640017183602
172,1-7326,15,4,1-7326,42,4,0,0,4.0,0.09523809523809523
279,MLG03,15,4,MLG03,713,61,0,99,67.64707924798131,0.09487668898735106
330,MLG28,2,7,MLG28,22,2,0,1,2.067142214626074,0.09396100975573063
155,1-7462,5,6,1-7462,336,17,0,210,31.099865071475506,0.09255912223653424
531,1-8951,6,1,1-8951,47,4,0,5,4.335711073130369,0.09224917176873126
514,1-6764,3,13,1-6764,38,3,0,7,3.469995502382517,0.09131567111532939
170,MLG40,3,3,MLG40,30,2,0,11,2.738564360886812,0.09128547869622708
535,1-9253,5,6,1-9253,30,2,0,11,2.738564360886812,0.09128547869622708
41,MLG24,3,3,MLG24,49,4,0,7,4.469995502382517,0.09122439800780646
291,1-17979,7,3,1-17979,17,1,0,8,1.5371377170085907,0.09041986570638769
109,1-3309,17,2,1-3309,12,1,0,1,1.0671422146260738,0.08892851788550615
262,1-4394,21,8,1-4394,190,11,0,87,16.841372672468424,0.08863880353930749
147,1-7172,7,16,1-7172,284,17,0,118,24.922781325876713,0.08775627227421377
276,1-9548,4,18,1-9548,16,1,0,6,1.402853287756443,0.08767833048477769
99,1-7655,20,15,1-7655,38,3,0,3,3.2014266438782215,0.08424806957574267
167,1-9287,20,12,1-9287,21,1,0,11,1.7385643608868122,0.0827887790898482
73,1-9318,19,9,1-9318,13,1,0,1,1.0671422146260738,0.08208786266354415
312,1-3364,6,1,1-3364,121,9,0,12,9.805706575512886,0.08103889731828831
405,1-9365,11,10,1-9365,243,15,0,69,19.632812809199095,0.08079346835061356
190,1-6199,19,9,1-6199,30,2,0,6,2.402853287756443,0.08009510959188143
48,1-6101,15,4,1-6101,41,3,0,4,3.2685688585042953,0.07972119167083647
301,1-6684,17,5,1-6684,145,11,0,5,11.33571107313037,0.07817731774572668
265,1-7464,15,4,1-7464,48,3,0,11,3.738564360886812,0.07788675751847525
433,MLG55,2,12,MLG55,110,7,0,23,8.544270936399698,0.07767519033090635
418,1-1655,12,17,1-1655,132,10,0,2,10.134284429252148,0.076774882039789
341,1-0983,13,13,1-0983,195,13,0,29,14.947124224156141,0.07665191909823663
540,1-8711,4,18,1-8711,48,2,0,25,3.678555365651846,0.07663657011774679
568,1-7910,7,16,1-7910,15,1,0,2,1.1342844292521477,0.07561896195014318
331,1-9412,11,8,1-9412,15,1,0,2,1.1342844292521477,0.07561896195014318
240,1-6168,17,2,1-6168,31,2,0,5,2.335711073130369,0.07534551848807643
552,1-9396,20,15,1-9396,16,1,0,3,1.2014266438782215,0.07508916524238884
66,1-7348,18,5,1-7348,43,3,0,3,3.2014266438782215,0.07445178241577259
32,1-7870,7,16,1-7870,82,4,0,30,6.014266438782215,0.0733447126680758
526,1-11205,20,15,1-11205,56,3,0,16,4.074275434017181,0.07275491846459252
294,1-3051,4,18,1-3051,116,4,0,66,8.431386165320873,0.07268436349414546
60,1-0916,15,4,1-0916,215,13,0,38,15.551404155790806,0.07233211235251538
143,1-7302,7,16,1-7302,240,14,0,47,17.15568408742547,0.07148201703093945
0,1-8545,19,9,1-8545,42,3,0,0,3.0,0.07142857142857142
463,1-8187,5,6,1-8187,29,2,0,1,2.067142214626074,0.07128076602158875
372,1-6511,8,11,1-6511,144,9,0,18,10.208559863269329,0.07089277682825923
54,1-6957,21,8,1-6957,338,16,0,118,23.922781325876713,0.07077745954401395
235,1-3077,18,5,1-3077,41,1,0,28,2.8799820095300674,0.07024346364707482
252,1-1887,11,10,1-1887,119,6,0,35,8.349977511912584,0.07016787825136625
468,1-11523,14,14,1-11523,24,1,0,10,1.6714221462607384,0.06964258942753077
278,1-3152,6,1,1-3152,323,21,0,19,22.275702077895403,0.06896502191298887
160,1-0363,8,11,1-0363,34,2,0,5,2.335711073130369,0.06869738450383439
427,1-8613,7,16,1-8613,37,2,0,8,2.5371377170085907,0.06857128964888083
350,1-19891,21,8,1-19891,95,5,0,22,6.477128721773624,0.06818030233445921
69,1-7418,8,11,1-7418,45,3,0,1,3.067142214626074,0.06815871588057942
82,1-6029,2,12,1-6029,26,1,0,11,1.7385643608868122,0.06686786003410816
446,1-1166,7,16,1-1166,118,5,0,43,7.887115228921175,0.0668399595671286
320,1-0541,6,1,1-0541,132,6,0,42,8.819973014295101,0.06681797738102349
19,1-9515,18,5,1-9515,66,4,0,5,4.335711073130369,0.06569259201712681
31,1-8735,13,13,1-8735,52,3,0,6,3.402853287756443,0.06543948630300853
368,1-4011,6,1,1-4011,246,15,0,15,16.007133219391108,0.06506964723329718
380,MLG64,15,4,MLG64,129,7,0,18,8.208559863269329,0.06363224700208782
2,1-8611,4,18,1-8611,621,27,0,182,39.21988306194544,0.06315601137189282
392,1-18266,15,4,1-18266,55,3,0,7,3.469995502382517,0.06309082731604576
555,1-20068,14,14,1-20068,45,2,0,12,2.805706575512886,0.06234903501139747
424,1-8061,21,8,1-8061,55,3,0,6,3.402853287756443,0.06187005977738987
133,1-7460,4,18,1-7460,194,7,0,74,11.968523882329464,0.06169342207386322
273,1-9157,15,4,1-9157,89,4,0,22,5.477128721773624,0.061540772154759824
483,MLG47,14,14,MLG47,106,0,0,96,6.445652604103088,0.060808043434934796
346,1-10823,16,20,1-10823,10,0,0,9,0.6042799316346645,0.060427993163466455
86,1-10042,11,10,1-10042,21,1,0,4,1.2685688585042953,0.06040804088115692
489,1-8058,21,8,1-8058,54,2,0,18,3.208559863269329,0.05941777524572832
185,1-3301,6,1,1-3301,18,1,0,1,1.0671422146260738,0.05928567859033743
375,1-8990,6,1,1-8990,40,2,0,5,2.335711073130369,0.05839277682825923
381,1-7987,4,18,1-7987,23,1,0,5,1.3357110731303692,0.05807439448392909
437,1-19093,6,1,1-19093,36,2,0,1,2.067142214626074,0.057420617072946496
411,1-9135,7,16,1-9135,21,1,0,3,1.2014266438782215,0.057210792565629595
335,1-9276,21,10,1-9276,77,3,0,20,4.342844292521477,0.056400575227551646
351,1-9399,12,6,1-9399,38,1,0,17,2.1414176486432552,0.05635309601692777
466,1-1687,4,18,1-1687,325,14,0,64,18.297101736068726,0.05629877457251915
502,1-8055,5,6,1-8055,57,2,0,18,3.208559863269329,0.05629052391700577
260,1-0305,1,24,1-0305,12,0,0,10,0.6714221462607384,0.055951845521728195
248,1-19068,4,18,1-19068,77,1,0,49,4.289968516677618,0.05571387683996906
139,1-2699,12,17,1-2699,36,2,0,0,2.0,0.05555555555555555
213,1-8859,17,2,1-8859,36,2,0,0,2.0,0.05555555555555555
229,1-6569,21,8,1-6569,360,11,0,132,19.862772330641747,0.055174367585115965
129,1-7579,20,3,1-7579,40,2,0,3,2.2014266438782215,0.05503566609695554
385,MLG70,19,9,MLG70,269,13,0,25,14.678555365651846,0.05456712031840835
386,MLG08,8,11,MLG08,532,25,0,59,28.961390662938356,0.05443870425364353
193,1-3081,6,1,1-3081,42,0,0,34,2.2828352972865105,0.05435322136396453
529,1-11533,2,12,1-11533,20,1,0,1,1.0671422146260738,0.05335711073130369
105,1-8834,5,6,1-8834,39,2,0,1,2.067142214626074,0.05300364652887369
168,1-7636,7,16,1-7636,83,2,0,35,4.349977511912584,0.05240936761340463
412,1-7403,21,8,1-7403,58,2,0,15,3.0071332193911076,0.051847124472260475
355,1-8666,14,14,1-8666,89,3,0,23,4.544270936399698,0.05105922400449099
165,1-5185,19,9,1-5185,59,3,0,0,3.0,0.05084745762711865
472,MLG52,15,4,MLG52,112,0,0,84,5.639946028590202,0.05035666096955538
295,1-7522,15,4,1-7522,67,3,0,5,3.335711073130369,0.04978673243478163
92,1-7621,12,17,1-7621,23,1,0,2,1.1342844292521477,0.04931671431531077
501,MLG56,17,2,MLG56,109,1,0,65,5.364243950694799,0.04921324725408073
441,1-3717,21,8,1-3717,89,3,0,20,4.342844292521477,0.04879600328675816
63,1-5642,10,8,1-5642,166,5,0,45,8.021399658173323,0.0483216846877911
226,1-1047,4,18,1-1047,39,1,0,13,1.8728487901389599,0.04802176384971692
517,1-9436,8,11,1-9436,24,1,0,2,1.1342844292521477,0.04726185121883949
486,1-6506,9,22,1-6506,70,0,0,49,3.289968516677618,0.04699955023825168
118,1-7429,7,16,1-7429,33,1,0,8,1.5371377170085907,0.04657993081844214
39,1-8567,6,1,1-8567,388,16,0,30,18.014266438782215,0.0464285217494387
201,1-3075,20,15,1-3075,45,2,0,1,2.067142214626074,0.0459364936583572
303,1-6543,4,18,1-6543,36,1,0,9,1.6042799316346645,0.044563331434296236
428,1-7733,11,10,1-7733,76,3,0,5,3.335711073130369,0.043890935172768014
285,1-6727,6,1,1-6727,235,7,0,48,10.222826302051544,0.04350138851936827
343,1-8754,4,18,1-8754,108,2,0,40,4.6856885850429535,0.04338600541706438
338,1-3523,14,14,1-3523,497,17,0,64,21.297101736068726,0.04285131134017852
196,1-8537,21,8,1-8537,47,2,0,0,2.0,0.0425531914893617
253,1-7781,3,3,1-7781,33,1,0,6,1.402853287756443,0.04251070568958918
495,1-5515,6,1,1-5515,30,1,0,4,1.2685688585042953,0.042285628616809845
572,1-9584,4,18,1-9584,8,0,0,5,0.3357110731303692,0.04196388414129615
15,1-5537,2,3,1-5537,32,1,0,5,1.3357110731303692,0.04174097103532404
397,1-6492,11,10,1-6492,48,2,0,0,2.0,0.041666666666666664
395,1-18620,21,8,1-18620,60,1,0,22,2.4771287217736244,0.041285478696227076
205,1-7776,14,14,1-7776,26,1,0,1,1.0671422146260738,0.041043931331772074
55,1-8135,6,1,1-8135,56,1,0,19,2.275702077895403,0.040637537105275054
423,1-5696,8,20,1-5696,80,0,0,48,3.222826302051544,0.0402853287756443
207,1-4766,11,10,1-4766,249,7,0,45,10.021399658173323,0.04024658497258363
519,1-10800,6,4,1-10800,55,1,0,18,2.208559863269329,0.040155633877624164
361,1-0691,16,20,1-0691,450,0,0,269,18.061255734413862,0.040136123854253025
504,1-18507,17,2,1-18507,320,11,0,23,12.544270936399698,0.039200846676249054
370,1-7971,6,1,1-7971,117,4,0,8,4.537137717008591,0.03877895484622727
390,1-1005,13,9,1-1005,122,4,0,8,4.537137717008591,0.0371896534181032
456,1-2006,16,20,1-2006,40,0,0,22,1.4771287217736244,0.03692821804434061
354,1-11438,6,22,1-11438,53,0,0,29,1.9471242241561413,0.036738192908606436
363,1-7993,6,1,1-7993,100,3,0,10,3.6714221462607384,0.03671422146260738
162,1-8242,19,18,1-8242,11,0,0,6,0.402853287756443,0.036623026159676636
75,1-7547,6,1,1-7547,86,3,0,2,3.1342844292521477,0.036445167782001714
369,1-8564,6,1,1-8564,185,6,0,11,6.738564360886812,0.0364246722210098
518,1-3356,17,20,1-3356,28,0,0,15,1.0071332193911076,0.03596904354968241
134,1-6496,14,14,1-6496,28,1,0,0,1.0,0.03571428571428571
537,1-9499,4,8,1-9499,36,0,0,19,1.275702077895403,0.035436168830427855
242,1-1367,13,13,1-1367,66,2,0,5,2.335711073130369,0.035389561714096504
163,1-1633,9,22,1-1633,399,0,0,209,14.032722856849432,0.03516973147080058
470,1-10043,7,1,1-10043,61,2,0,2,2.1342844292521477,0.03498826933200242
362,1-0429,4,18,1-0429,69,1,0,21,2.4099865071475506,0.034927340683297836
481,1-19851,18,22,1-19851,25,0,0,13,0.8728487901389599,0.034913951605558394
383,1-0582,16,20,1-0582,70,0,0,36,2.417119726538658,0.034530281807695115
121,1-8853,11,10,1-8853,33,1,0,2,1.1342844292521477,0.03437225543188326
247,1-8753,21,8,1-8753,258,4,0,70,8.699955023825169,0.0337207559062991
238,1-7444,9,22,1-7444,14,0,0,7,0.46999550238251686,0.03357110731303692
542,1-5287,5,6,1-5287,18,0,0,9,0.6042799316346645,0.03357110731303692
203,1-19884,14,14,1-19884,60,1,0,15,2.0071332193911076,0.03345222032318513
53,1-9340,4,18,1-9340,163,1,0,66,5.431386165320873,0.03332138751730597
401,1-7038,19,9,1-7038,163,5,0,5,5.335711073130369,0.032734423761536006
407,1-5899,6,1,1-5899,288,9,0,6,9.402853287756443,0.0326487961380432
84,1-3491,5,6,1-3491,33,1,0,1,1.0671422146260738,0.03233764286745678
22,1-20100,12,17,1-20100,31,1,0,0,1.0,0.03225806451612903
25,MLG68,5,6,MLG68,152,4,0,12,4.805706575512886,0.03161649062837425
132,1-0454,12,20,1-0454,43,0,0,20,1.3428442925214767,0.03122893703538318
438,1-9100,16,20,1-9100,142,0,0,66,4.431386165320873,0.031206944826203332
120,MLG69,19,9,MLG69,73,2,0,4,2.2685688585042953,0.03107628573293555
178,1-0754,8,11,1-0754,41,1,0,4,1.2685688585042953,0.030940703865958423
520,1-8287,21,8,1-8287,53,1,0,9,1.6042799316346645,0.030269432672352162
332,1-6501,6,1,1-6501,107,3,0,3,3.2014266438782215,0.029919875176431975
334,1-3693,16,20,1-3693,143,0,0,63,4.229959521442652,0.029580136513584977
173,1-7456,16,20,1-7456,32,0,0,14,0.9399910047650337,0.029374718898907304
404,1-9291,4,18,1-9291,78,0,0,34,2.2828352972865105,0.029267119195980903
24,1-2742,4,18,1-2742,154,1,0,52,4.4913951605558395,0.029164903639972983
175,1-8177,16,20,1-8177,53,0,0,23,1.5442709363996983,0.02913718747923959
415,1-7872,11,10,1-7872,124,2,0,24,3.611413151025772,0.02912429960504655
97,1-0455,9,22,1-0455,60,0,0,26,1.7456975802779198,0.029094959671298663
290,1-0447,4,20,1-0447,65,0,0,27,1.8128397949039936,0.027889842998522978
347,1-7720,16,20,1-7720,102,0,0,42,2.819973014295101,0.02764679425779511
281,1-8126,18,14,1-8126,34,0,0,14,0.9399910047650337,0.02764679425779511
477,1-20081,12,20,1-20081,20,0,0,8,0.5371377170085907,0.026856885850429536
337,1-1035,16,20,1-1035,249,0,0,99,6.64707924798131,0.026695097381451045
403,1-7402,16,20,1-7402,141,0,0,56,3.759964019060135,0.026666411482695992
145,1-18635,9,22,1-18635,44,0,0,17,1.1414176486432552,0.02594131019643762
357,1-7488,9,22,1-7488,65,0,0,25,1.678555365651846,0.02582392870233609
373,MLG73,4,18,MLG73,173,3,0,21,4.409986507147551,0.025491251486402026
59,1-2272,4,18,1-2272,412,5,0,81,10.43851938471198,0.025336212098815487
324,1-3369,19,20,1-3369,8,0,0,3,0.2014266438782215,0.02517833048477769
356,1-18045,16,20,1-18045,109,0,0,40,2.6856885850429535,0.02463934481690783
465,1-8053,4,18,1-8053,55,0,0,20,1.3428442925214767,0.02441535077311776
144,1-8914,16,20,1-8914,25,0,0,9,0.6042799316346645,0.024171197265386583
93,1-0677,16,20,1-0677,187,0,0,67,4.498528379946947,0.024056301497042496
245,1-10305,2,11,1-10305,28,0,0,10,0.6714221462607384,0.023979362366454943
339,1-7523,14,14,1-7523,79,1,0,13,1.8728487901389599,0.023706946710619747
78,1-6677,9,22,1-6677,94,0,0,33,2.2156930826604366,0.02357120300702592
479,1-7809,9,22,1-7809,40,0,0,14,0.9399910047650337,0.02349977511912584
425,1-10919,9,22,1-10919,20,0,0,7,0.46999550238251686,0.02349977511912584
275,1-1712,6,1,1-1712,157,3,0,10,3.6714221462607384,0.023384854434781773
258,1-4654,9,22,1-4654,138,0,0,48,3.222826302051544,0.023353813782982204
452,1-18370,1,24,1-18370,23,0,0,8,0.5371377170085907,0.023353813782982204
422,1-3405,9,22,1-3405,72,0,0,25,1.678555365651846,0.02331326896738675
228,1-18816,5,6,1-18816,44,1,0,0,1.0,0.022727272727272728
410,1-8368,9,22,1-8368,80,0,0,27,1.8128397949039936,0.02266049743629992
336,1-8678,17,8,1-8678,74,1,0,10,1.6714221462607384,0.022586785760280247
45,1-1070,16,20,1-1070,280,0,0,94,6.311368174850941,0.022540600624467645
243,1-7712,3,3,1-7712,12,0,0,4,0.26856885850429535,0.02238073820869128
556,1-5304,12,17,1-5304,3,0,0,1,0.06714221462607384,0.02238073820869128
503,1-0295,9,22,1-0295,24,0,0,8,0.5371377170085907,0.02238073820869128
89,1-9586,14,14,1-9586,18,0,0,6,0.402853287756443,0.02238073820869128
237,1-7484,1,24,1-7484,24,0,0,8,0.5371377170085907,0.02238073820869128
473,1-3174,9,22,1-3174,117,0,0,37,2.484261941164732,0.02123300804414301
222,1-17959,6,1,1-17959,57,1,0,3,1.2014266438782215,0.021077660418916167
136,1-7425,9,22,1-7425,352,0,0,109,7.318501394242048,0.02079119714273309
125,1-7581,16,20,1-7581,42,0,0,13,0.8728487901389599,0.020782114050927617
187,1-3477,4,18,1-3477,46,0,0,14,0.9399910047650337,0.02043458706010943
236,1-9245,1,24,1-9245,23,0,0,7,0.46999550238251686,0.02043458706010943
292,1-11045,2,20,1-11045,43,0,0,13,0.8728487901389599,0.020298809072999066
554,1-18770,5,6,1-18770,10,0,0,3,0.2014266438782215,0.02014266438782215
88,1-6637,5,6,1-6637,78,0,0,23,1.5442709363996983,0.01979834533845767
284,1-5159,9,22,1-5159,59,0,0,17,1.1414176486432552,0.019346061841411105
435,1-10882,3,18,1-10882,14,0,0,4,0.26856885850429535,0.019183489893163954
563,1-11121,2,22,1-11121,18,0,0,5,0.3357110731303692,0.0186506151739094
232,1-3186,9,22,1-3186,796,0,0,218,14.637002788484097,0.018388194457894594
516,1-0337,16,20,1-0337,11,0,0,3,0.2014266438782215,0.018311513079838318
512,1-9121,18,22,1-9121,22,0,0,6,0.402853287756443,0.018311513079838318
421,1-12345,9,22,1-12345,97,0,0,26,1.7456975802779198,0.01799688227090639
40,1-6214,16,20,1-6214,65,0,0,17,1.1414176486432552,0.017560271517588544
87,1-0708,16,20,1-0708,408,0,0,106,7.117074750363827,0.017443810662656437
382,1-18469,4,18,1-18469,54,0,0,14,0.9399910047650337,0.017407240828982106
546,1-9601,9,22,1-9601,31,0,0,8,0.5371377170085907,0.017327023129309376
5,1-8121,9,22,1-8121,110,0,0,28,1.8799820095300674,0.01709074554118243
507,1-19067,10,24,1-19067,8,0,0,2,0.13428442925214767,0.01678555365651846
523,MLG04,20,15,MLG04,16,0,0,4,0.26856885850429535,0.01678555365651846
513,1-7453,12,22,1-7453,24,0,0,6,0.402853287756443,0.01678555365651846
52,1-6015,1,24,1-6015,8,0,0,2,0.13428442925214767,0.01678555365651846
549,1-10622,18,1,1-10622,4,0,0,1,0.06714221462607384,0.01678555365651846
72,1-9643,1,24,1-9643,4,0,0,1,0.06714221462607384,0.01678555365651846
564,1-5303,11,10,1-5303,4,0,0,1,0.06714221462607384,0.01678555365651846
420,1-7057,16,20,1-7057,105,0,0,26,1.7456975802779198,0.016625691240742094
538,1-18794,10,20,1-18794,29,0,0,7,0.46999550238251686,0.016206741461466098
76,1-5687,2,12,1-5687,83,1,0,5,1.3357110731303692,0.016092904495546616
457,1-9071,6,1,1-9071,75,1,0,3,1.2014266438782215,0.016019021918376286
272,1-5531,16,20,1-5531,199,0,0,47,3.1556840874254704,0.01585770898203754
215,1-7430,8,11,1-7430,17,0,0,4,0.26856885850429535,0.01579816814731149
409,1-7297,20,8,1-7297,13,0,0,3,0.2014266438782215,0.015494357221401654
26,1-0918,9,22,1-0918,179,0,0,41,2.7528307996690273,0.015378943014910768
255,1-17969,1,24,1-17969,22,0,0,5,0.3357110731303692,0.015259594233198599
119,1-7476,18,22,1-7476,22,0,0,5,0.3357110731303692,0.015259594233198599
74,1-6953,19,9,1-6953,66,1,0,0,1.0,0.015151515151515152
251,MLG27,1,24,MLG27,67,0,0,15,1.0071332193911076,0.015031839095389665
184,1-5314,1,24,1-5314,9,0,0,2,0.13428442925214767,0.014920492139127519
442,1-7770,9,22,1-7770,23,0,0,5,0.3357110731303692,0.014596133614363878
443,1-4397,16,20,1-4397,106,0,0,23,1.5442709363996983,0.014568593739619795
156,1-2322,11,10,1-2322,14,0,0,3,0.2014266438782215,0.014387617419872965
20,1-3141,1,24,1-3141,14,0,0,3,0.2014266438782215,0.014387617419872965
198,1-9203,7,16,1-9203,14,0,0,3,0.2014266438782215,0.014387617419872965
406,1-6558,14,14,1-6558,24,0,0,5,0.3357110731303692,0.013987961380432049
153,MLG43,1,24,MLG43,39,0,0,8,0.5371377170085907,0.013772761974579249
510,1-1119,1,24,1-1119,83,0,0,17,1.1414176486432552,0.01375201986317175
566,1-19192,2,24,1-19192,5,0,0,1,0.06714221462607384,0.013428442925214768
246,1-9232,13,24,1-9232,20,0,0,4,0.26856885850429535,0.013428442925214768
342,MLG53,1,24,MLG53,216,0,0,42,2.819973014295101,0.013055430621736579
349,MLG57,1,24,MLG57,165,0,0,32,2.148550868034363,0.013021520412329471
333,1-3047,16,20,1-3047,360,0,0,66,4.431386165320873,0.012309406014780203
328,1-7883,9,22,1-7883,33,0,0,6,0.402853287756443,0.01220767538655888
71,MLG26,1,24,MLG26,155,0,0,28,1.8799820095300674,0.012128916190516564
494,MLG37,1,24,MLG37,50,0,0,9,0.6042799316346645,0.012085598632693291
286,1-7725,9,22,1-7725,90,0,0,16,1.0742754340171814,0.011936393711302016
212,1-9522,2,12,1-9522,17,0,0,3,0.2014266438782215,0.011848626110483618
42,1-7753,8,11,1-7753,17,0,0,3,0.2014266438782215,0.011848626110483618
263,1-7486,4,18,1-7486,29,0,0,5,0.3357110731303692,0.011576243901047212
110,1-9225,2,20,1-9225,18,0,0,3,0.2014266438782215,0.01119036910434564
557,P1-17272,1,24,P1-17272,6,0,0,1,0.06714221462607384,0.01119036910434564
102,1-6737,14,14,1-6737,32,0,0,5,0.3357110731303692,0.010490971035324037
146,1-9260,16,20,1-9260,111,0,0,17,1.1414176486432552,0.010283041879668966
182,1-4136,2,12,1-4136,20,0,0,3,0.2014266438782215,0.010071332193911075
527,1-5568,1,24,1-5568,47,0,0,7,0.46999550238251686,0.009999904306010996
34,1-7589,1,24,1-7589,95,0,0,14,0.9399910047650337,0.009894642155421407
547,1-9600,1,24,1-9600,7,0,0,1,0.06714221462607384,0.009591744946581977
327,1-4609,15,4,1-4609,7,0,0,1,0.06714221462607384,0.009591744946581977
525,1-3117,2,24,1-3117,7,0,0,1,0.06714221462607384,0.009591744946581977
218,MLG11,8,11,MLG11,493,3,0,24,4.611413151025772,0.009353779211005622
65,1-6721,9,22,1-6721,36,0,0,5,0.3357110731303692,0.0093253075869547
94,1-8928,7,16,1-8928,30,0,0,4,0.26856885850429535,0.008952295283476512
378,1-5819,10,24,1-5819,23,0,0,3,0.2014266438782215,0.008757680168618326
559,1-9466,20,1,1-9466,8,0,0,1,0.06714221462607384,0.00839277682825923
550,1-3727,1,24,1-3727,8,0,0,1,0.06714221462607384,0.00839277682825923
545,1-8291,9,22,1-8291,16,0,0,2,0.13428442925214767,0.00839277682825923
326,1-9095,11,24,1-9095,16,0,0,2,0.13428442925214767,0.00839277682825923
505,1-7936,7,20,1-7936,59,0,0,7,0.46999550238251686,0.007966025464110455
261,1-8747,2,24,1-8747,18,0,0,2,0.13428442925214767,0.0074602460695637595
434,1-6835,13,20,1-6835,36,0,0,4,0.26856885850429535,0.0074602460695637595
244,1-3099,3,3,1-3099,9,0,0,1,0.06714221462607384,0.0074602460695637595
81,1-1099,6,1,1-1099,149,1,0,1,1.0671422146260738,0.007162028286081032
367,1-5154,1,24,1-5154,19,0,0,2,0.13428442925214767,0.00706760153958672
210,1-3182,14,14,1-3182,20,0,0,2,0.13428442925214767,0.006714221462607384
553,1-17965,18,10,1-17965,10,0,0,1,0.06714221462607384,0.006714221462607384
100,1-7707,17,4,1-7707,10,0,0,1,0.06714221462607384,0.006714221462607384
315,MLG31,1,24,MLG31,42,0,0,4,0.26856885850429535,0.006394496631054651
447,7W2-0103,16,20,7W2-0103,33,0,0,3,0.2014266438782215,0.00610383769327944
112,1-7564,15,4,1-7564,22,0,0,2,0.13428442925214767,0.00610383769327944
1,1-7943,14,14,1-7943,68,0,0,6,0.402853287756443,0.005924313055241809
475,1-11522,13,13,1-11522,24,0,0,2,0.13428442925214767,0.00559518455217282
485,MLG25,14,24,MLG25,12,0,0,1,0.06714221462607384,0.00559518455217282
530,1-7721,2,24,1-7721,12,0,0,1,0.06714221462607384,0.00559518455217282
181,1-9123,4,18,1-9123,24,0,0,2,0.13428442925214767,0.00559518455217282
496,1-18973,1,24,1-18973,39,0,0,3,0.2014266438782215,0.005164785740467219
314,1-11388,1,24,1-11388,28,0,0,2,0.13428442925214767,0.0047958724732909885
533,1-3371,2,24,1-3371,16,0,0,1,0.06714221462607384,0.004196388414129615
322,MLG22,1,24,MLG22,33,0,0,2,0.13428442925214767,0.00406922512885296
432,1-1067,17,2,1-1067,17,0,0,1,0.06714221462607384,0.003949542036827873
70,1-9644,1,24,1-9644,63,0,0,3,0.2014266438782215,0.0031972483155273254
179,1-8186,8,11,1-8186,23,0,0,1,0.06714221462607384,0.0029192267228727756
221,1-20138,9,22,1-20138,25,0,0,1,0.06714221462607384,0.0026856885850429536
217,1-7575,5,6,1-7575,26,0,0,1,0.06714221462607384,0.0025823928702336093
511,1-8691,1,24,1-8691,26,0,0,1,0.06714221462607384,0.0025823928702336093
426,1-7332,7,20,1-7332,53,0,0,2,0.13428442925214767,0.0025336684764556165
96,1-10725,10,1,1-10725,27,0,0,1,0.06714221462607384,0.0024867486898545866
304,1-10294,17,13,1-10294,30,0,0,1,0.06714221462607384,0.002238073820869128
464,1-8629,1,24,1-8629,65,0,0,2,0.13428442925214767,0.0020659142961868874
209,MLG76,6,1,MLG76,131,0,0,4,0.26856885850429535,0.002050143958048056
521,1-8630,15,4,1-8630,67,0,0,2,0.13428442925214767,0.002004245212718622
126,1-3489,2,12,1-3489,43,0,0,1,0.06714221462607384,0.001561446851769159
11,1-8750,11,10,1-8750,45,0,0,1,0.06714221462607384,0.001492049213912752
3,1-18956,19,9,1-18956,49,0,0,1,0.06714221462607384,0.0013702492780831394
450,1-2432,1,24,1-2432,50,0,0,1,0.06714221462607384,0.0013428442925214768
138,1-2829,19,9,1-2829,52,0,0,1,0.06714221462607384,0.0012911964351168047
57,1-6654,1,24,1-6654,66,0,0,1,0.06714221462607384,0.00101730628221324
558,1-8628,15,4,1-8628,68,0,0,1,0.06714221462607384,0.0009873855092069682
234,1-9935,2,12,1-9935,5,0,0,0,0.0,0.0
140,1-9341,6,1,1-9341,98,0,0,0,0.0,0.0
249,1-9259,5,6,1-9259,13,0,0,0,0.0,0.0
7,1-11209,1,24,1-11209,35,0,0,0,0.0,0.0
570,1-5965,1,24,1-5965,6,0,0,0,0.0,0.0
548,1-3380,21,8,1-3380,2,0,0,0,0.0,0.0
21,1-6816,5,6,1-6816,14,0,0,0,0.0,0.0
296,1-21180,12,17,1-21180,1,0,0,0,0.0,0.0
289,1-9958,1,24,1-9958,1,0,0,0,0.0,0.0
562,1-3142,8,1,1-3142,4,0,0,0,0.0,0.0
206,1-20065,1,24,1-20065,21,0,0,0,0.0,0.0
575,1-5714,17,2,1-5714,1,0,0,0,0.0,0.0
567,1-5713,17,2,1-5713,2,0,0,0,0.0,0.0
197,1-20780,2,12,1-20780,12,0,0,0,0.0,0.0
250,1-7178,11,10,1-7178,8,0,0,0,0.0,0.0
103,1-17927,2,12,1-17927,9,0,0,0,0.0,0.0
49,7W2-19692,11,10,7W2-19692,34,0,0,0,0.0,0.0
220,1-19627,13,13,1-19627,21,0,0,0,0.0,0.0
80,1-21411,1,24,1-21411,5,0,0,0,0.0,0.0
571,1-4387,10,7,1-4387,1,0,0,0,0.0,0.0
9,1-8765,11,10,1-8765,38,0,0,0,0.0,0.0
4,1-19133,1,24,1-19133,58,0,0,0,0.0,0.0
560,1-8940,18,5,1-8940,3,0,0,0,0.0,0.0
127,1-18952,18,5,1-18952,14,0,0,0,0.0,0.0
440,1-9197,20,1,1-9197,16,0,0,0,0.0,0.0
311,1-3739,5,1,1-3739,2,0,0,0,0.0,0.0
569,1-10217,8,11,1-10217,4,0,0,0,0.0,0.0
573,1-3100,3,1,1-3100,4,0,0,0,0.0,0.0
44,1-5873,6,1,1-5873,3,0,0,0,0.0,0.0
68,1-6533,6,1,1-6533,21,0,0,0,0.0,0.0
231,1-4413,1,24,1-4413,9,0,0,0,0.0,0.0
254,1-9230,12,4,1-9230,5,0,0,0,0.0,0.0
116,1-7737,8,11,1-7737,11,0,0,0,0.0,0.0
524,1-3734,10,24,1-3734,4,0,0,0,0.0,0.0
35,1-8300,1,24,1-8300,53,0,0,0,0.0,0.0
124,1-19987,4,18,1-19987,20,0,0,0,0.0,0.0
149,1-9621,11,6,1-9621,4,0,0,0,0.0,0.0
574,1-4618,3,3,1-4618,1,0,0,0,0.0,0.0
200,7W2-12806,1,24,7W2-12806,23,0,0,0,0.0,0.0
117,1-2523,4,18,1-2523,14,0,0,0,0.0,0.0
12,1-9133,2,12,1-9133,2,0,0,0,0.0,0.0
180,1-7886,1,24,1-7886,7,0,0,0,0.0,0.0
62,1-9114,1,24,1-9114,120,0,0,0,0.0,0.0
565,1-19069,10,14,1-19069,11,0,0,0,0.0,0.0
259,1-5146,13,13,1-5146,2,0,0,0,0.0,0.0
30,1-20045,3,3,1-20045,45,0,0,0,0.0,0.0
79,1-6661,8,11,1-6661,32,0,0,0,0.0,0.0
107,1-2192,6,1,1-2192,22,0,0,0,0.0,0.0
202,1-19108,10,1,1-19108,16,0,0,0,0.0,0.0
543,1-1959,1,24,1-1959,19,0,0,0,0.0,0.0
241,1-2429,1,24,1-2429,10,0,0,0,0.0,0.0
439,1-8062,12,5,1-8062,17,0,0,0,0.0,0.0
310,1-9486,2,12,1-9486,2,0,0,0,0.0,0.0
216,1-18953,6,1,1-18953,5,0,0,0,0.0,0.0
544,1-20124,15,11,1-20124,3,0,0,0,0.0,0.0
307,1-5199,11,1,1-5199,3,0,0,0,0.0,0.0
135,1-7499,21,8,1-7499,26,0,0,0,0.0,0.0
282,1-7711,5,17,1-7711,8,0,0,0,0.0,0.0
176,1-7356,5,6,1-7356,4,0,0,0,0.0,0.0
189,1-7834,3,3,1-7834,4,0,0,0,0.0,0.0
51,1-8981,8,11,1-8981,15,0,0,0,0.0,0.0
302,1-8899,10,7,1-8899,3,0,0,0,0.0,0.0
488,1-18369,3,1,1-18369,7,0,0,0,0.0,0.0
64,1-8729,20,15,1-8729,53,0,0,0,0.0,0.0
194,1-19109,2,12,1-19109,30,0,0,0,0.0,0.0
38,1-10018,8,22,1-10018,40,0,0,0,0.0,0.0
309,1-7481,12,17,1-7481,1,0,0,0,0.0,0.0
528,MLG77,14,14,MLG77,9,0,0,0,0.0,0.0
308,1-1025,13,20,1-1025,48,0,0,0,0.0,0.0
154,1-2485,1,24,1-2485,106,0,0,0,0.0,0.0
67,1-19989,3,1,1-19989,4,0,0,0,0.0,0.0
288,1-20283,12,17,1-20283,1,0,0,0,0.0,0.0
208,1-20077,17,2,1-20077,28,0,0,0,0.0,0.0
