Exam Group,Exam Block,slot,exam,size,b2bs,confs,2i3s,score,score_norm
1-10981,18,15,1-10981,34,10,1,5,1014.2151468992233,29.829857261741864
1-3216,18,24,1-3216,38,5,1,1,1005.8430293798447,26.469553404732753
MLG24,20,21,MLG24,49,6,1,1,1006.8430293798447,20.54781692611928
1-1887,18,12,1-1887,119,45,1,27,1067.761793255806,8.972788178620219
1-6511,18,12,1-6511,144,26,1,21,1043.703616976738,7.24794178456068
MLG26,22,23,MLG26,155,21,1,11,1030.2733231782913,6.646924665666396
1-0918,6,15,1-0918,179,43,1,15,1055.64544069767,5.897460562556816
MLG13,1,11,MLG13,225,23,1,20,1039.8605875968933,4.621602611541748
1-9365,21,24,1-9365,243,22,1,26,1043.9187638759613,4.2959619912591
1-8681,11,21,1-8681,260,57,1,18,1072.174528837204,4.1237481878354
MLG15,1,11,MLG15,559,60,2,253,2273.2864331007004,4.0667020270137755
1-8371,22,23,1-8371,255,25,1,8,1031.7442350387573,4.046055823681401
MLG11,18,12,MLG11,493,8,1,334,1289.5718128681183,2.6157643263044994
MLG12,18,12,MLG12,569,38,1,187,1195.6464940309525,2.1013119403004437
MLG08,1,11,MLG08,532,58,1,53,1102.6805571317673,2.0727078141574573
1-0582,17,7,1-0582,70,17,0,55,63.366615891456604,0.9052373698779514
1-5109,19,10,1-5109,37,23,0,11,32.27332317829132,0.8722519777916573
1-3523,8,14,1-3523,497,41,0,461,429.6365441083908,0.8644598473005851
MLG74,19,5,MLG74,177,22,0,121,124.00655496120453,0.7006020054305341
MLG43,2,6,MLG43,39,14,0,15,26.645440697669983,0.6832164281453842
1-19068,7,16,1-19068,77,35,0,19,51.017558217048645,0.6625656911305019
1-20100,1,11,1-20100,31,1,0,23,20.389675736427307,0.6577314753686229
1-0529,17,7,1-0529,124,13,0,81,81.28537976741791,0.6555272561888541
1-4394,4,9,1-4394,190,70,0,62,122.26782155036926,0.6435148502651014
1-11388,5,22,1-11388,28,2,0,19,18.017558217048645,0.6434842220374516
1-3472,19,5,1-3472,28,6,0,14,17.802411317825317,0.6358004042080471
1-6506,9,5,1-6506,70,21,0,27,43.76179325580597,0.6251684750829424
1-7456,22,23,1-7456,32,19,0,1,19.843029379844666,0.6200946681201458
1-5199,17,7,1-5199,3,1,0,1,1.8430293798446655,0.6143431266148885
1-8940,14,4,1-8940,3,1,0,1,1.8430293798446655,0.6143431266148885
1-5304,1,11,1-5304,3,1,0,1,1.8430293798446655,0.6143431266148885
1-0997,18,12,1-0997,33,10,0,12,20.116352558135986,0.609586441155636
1-6029,8,14,1-6029,26,9,0,8,15.744235038757324,0.6055475014906663
1-7488,9,3,1-7488,65,22,0,20,38.86058759689331,0.5978551937983586
1-9135,20,2,1-9135,21,10,0,3,12.529088139533997,0.5966232447397142
1-17965,17,7,1-17965,10,0,0,7,5.901205658912659,0.5901205658912658
MLG64,4,9,MLG64,129,16,0,71,75.85508596897125,0.5880239222400873
1-6835,15,18,1-6835,36,0,0,25,21.075734496116638,0.5854370693365732
1-2292,6,15,1-2292,252,19,0,150,145.45440697669983,0.5772000276853168
1-8916,18,12,1-8916,61,11,0,28,34.604822635650635,0.5672921743549284
1-8057,17,7,1-8057,50,23,0,6,28.058176279067993,0.5611635255813598
MLG63,4,9,MLG63,543,33,0,322,304.4554603099823,0.5606914554511645
1-9542,4,6,1-9542,54,14,0,19,30.017558217048645,0.555880707723123
1-3182,4,9,1-3182,20,1,0,12,11.116352558135986,0.5558176279067993
1-7081,2,6,1-7081,99,25,0,35,54.50602829456329,0.5505659423693262
1-7444,19,5,1-7444,14,6,0,2,7.686058759689331,0.5490041971206665
1-3174,17,7,1-3174,117,27,0,44,64.09329271316528,0.5478059206253443
1-20081,1,11,1-20081,20,5,0,7,10.901205658912659,0.5450602829456329
1-12345,6,3,1-12345,97,24,0,33,51.81996953487396,0.534226490050247
1-19069,20,2,1-19069,11,5,0,1,5.8430293798446655,0.5311844890767877
1-8368,9,3,1-8368,80,18,0,29,42.4478520154953,0.5305981501936913
1-8087,20,2,1-8087,58,26,0,5,30.215146899223328,0.5209508086072987
1-9522,6,15,1-9522,17,8,0,1,8.843029379844666,0.5201781988143921
1-7656,13,13,1-7656,48,14,0,13,24.959381937980652,0.5199871237079302
1-7403,4,9,1-7403,58,20,0,12,30.116352558135986,0.5192474578988964
MLG55,2,6,MLG55,110,47,0,12,57.116352558135986,0.5192395687103272
1-19851,12,20,1-19851,25,2,0,13,12.959381937980652,0.5183752775192261
1-3186,9,3,1-3186,796,145,0,317,412.240313410759,0.5178898409682902
1-8058,12,20,1-8058,54,6,0,26,27.918763875961304,0.5170141458511353
MLG73,17,7,MLG73,173,5,0,99,88.45990860462189,0.5113289514718028
1-1964,6,15,1-1964,48,22,0,3,24.529088139533997,0.511022669573625
1-7625,1,11,1-7625,76,29,0,11,38.27332317829132,0.5035963576090964
1-3739,16,10,1-3739,2,1,0,0,1.0,0.5
1-18973,2,6,1-18973,39,5,0,17,19.331499457359314,0.49567947326562345
1-10960,7,16,1-10960,82,4,0,43,40.25026333332062,0.4908568699185441
1-9601,12,7,1-9601,31,5,0,12,15.116352558135986,0.4876242760689028
MLG52,19,5,MLG52,112,47,0,9,54.58726441860199,0.48738628945180346
1-9232,10,8,1-9232,20,3,0,8,9.744235038757324,0.4872117519378662
1-0295,16,10,1-0295,24,9,0,3,11.529088139533997,0.4803786724805832
MLG20,5,22,MLG20,55,7,0,23,26.389675736427307,0.4798122861168601
1-9291,8,14,1-9291,78,27,0,12,37.116352558135986,0.4758506738222562
1-4654,9,3,1-4654,138,26,0,47,65.62238085269928,0.47552449893260346
MLG53,20,2,MLG53,216,79,0,28,102.60482263565063,0.4750223270169011
1-6737,15,18,1-6737,32,0,0,18,15.17452883720398,0.47420402616262436
1-11523,10,8,1-11523,24,2,0,11,11.27332317829132,0.4697217990954717
1-10823,17,7,1-10823,10,3,0,2,4.686058759689331,0.4686058759689331
MLG83,18,12,MLG83,88,19,0,26,40.918763875961304,0.4649859531359239
1-10217,17,7,1-10217,4,1,0,1,1.8430293798446655,0.4607573449611664
1-3100,17,7,1-3100,4,1,0,1,1.8430293798446655,0.4607573449611664
1-7899,17,7,1-7899,40,9,0,11,18.27332317829132,0.456833079457283
1-11522,2,6,1-11522,24,5,0,7,10.901205658912659,0.4542169024546941
1-3051,7,16,1-3051,116,34,0,22,52.54664635658264,0.45298833066019517
1-5287,1,11,1-5287,18,3,0,6,8.058176279067993,0.44767645994822186
1-1119,12,20,1-1119,83,16,0,25,37.07573449611664,0.44669559633875466
1-3257,7,16,1-3257,37,3,0,16,16.48847007751465,0.44563432641931483
MLG82,20,2,MLG82,71,24,0,9,31.58726441860199,0.4448910481493238
1-1152,17,7,1-1152,112,43,0,8,49.744235038757324,0.4441449557031904
1-1131,4,9,1-1131,200,22,0,79,88.59932100772858,0.4429966050386429
1-11533,13,13,1-11533,20,2,0,8,8.744235038757324,0.4372117519378662
1-8044,13,13,1-8044,56,10,0,17,24.331499457359314,0.43449106173855917
1-8126,4,9,1-8126,34,8,0,8,14.744235038757324,0.4336539717281566
1-7462,19,5,1-7462,336,95,0,60,145.58176279067993,0.43327905592464266
1-17969,20,2,1-17969,22,7,0,3,9.529088139533997,0.43314036997881805
1-8754,7,16,1-8754,108,23,0,28,46.604822635650635,0.4315261355152837
1-18369,4,9,1-18369,7,3,0,0,3.0,0.42857142857142855
1-1763,9,3,1-1763,35,4,0,13,14.959381937980652,0.4274109125137329
1-9294,8,14,1-9294,74,13,0,22,31.54664635658264,0.42630603184571136
1-10622,18,12,1-10622,4,0,0,2,1.686058759689331,0.42151468992233276
1-9133,16,10,1-9133,2,0,0,1,0.8430293798446655,0.42151468992233276
P1-17272,6,20,P1-17272,6,0,0,3,2.5290881395339966,0.42151468992233276
1-7711,2,6,1-7711,8,0,0,4,3.372117519378662,0.42151468992233276
1-7834,18,12,1-7834,4,0,0,2,1.686058759689331,0.42151468992233276
1-9466,2,6,1-9466,8,0,0,4,3.372117519378662,0.42151468992233276
1-9543,7,16,1-9543,39,2,0,17,16.331499457359314,0.4187563963425465
MLG14,13,13,MLG14,462,44,0,177,193.2162002325058,0.4182168836201424
1-7733,17,7,1-7733,76,25,0,8,31.744235038757324,0.41768730314154373
1-5228,7,16,1-5228,180,15,0,71,74.85508596897125,0.41586158871650697
1-6199,1,11,1-6199,30,9,0,4,12.372117519378662,0.41240391731262205
1-0584,15,18,1-0584,41,0,0,20,16.86058759689331,0.4112338438266661
1-7301,20,2,1-7301,26,9,0,2,10.686058759689331,0.4110022599880512
1-5687,22,23,1-5687,83,2,0,38,34.03511643409729,0.4100616437843047
MLG59,5,22,MLG59,112,13,0,39,45.878145813941956,0.40962630191019606
MLG01,13,13,MLG01,43,10,0,9,17.58726441860199,0.4090061492698137
1-9548,17,7,1-9548,16,4,0,3,6.529088139533997,0.4080680087208748
1-0984,19,5,1-0984,50,17,0,4,20.372117519378662,0.40744235038757326
1-4609,6,15,1-4609,7,2,0,1,2.8430293798446655,0.40614705426352365
1-3356,4,9,1-3356,28,8,0,4,11.372117519378662,0.40614705426352365
1-9399,1,22,1-9399,38,7,0,10,15.430293798446655,0.40606036311701726
1-8990,10,8,1-8990,40,6,0,12,16.116352558135986,0.40290881395339967
1-7425,9,3,1-7425,352,49,0,110,141.7332317829132,0.40265122665600345
1-8702,5,22,1-8702,59,11,0,15,23.645440697669983,0.4007701813164404
1-18987,4,9,1-18987,34,6,0,9,13.58726441860199,0.3996254240765291
1-6101,2,6,1-6101,41,2,0,17,16.331499457359314,0.39832925505754424
1-1466,12,20,1-1466,73,1,0,33,28.819969534873962,0.39479410321745156
1-8019,12,20,1-8019,320,20,0,126,126.22170186042786,0.39444281831383704
1-3099,6,15,1-3099,9,1,0,3,3.5290881395339966,0.3921209043926663
1-7647,10,8,1-7647,30,5,0,8,11.744235038757324,0.3914745012919108
1-7712,16,10,1-7712,12,3,0,2,4.686058759689331,0.3905048966407776
MLG62,1,11,MLG62,370,60,0,100,144.30293798446655,0.39000794049855825
1-5696,15,18,1-5696,80,0,0,37,31.192087054252625,0.38990108817815783
1-8061,19,5,1-8061,55,1,0,24,21.232705116271973,0.3860491839322177
MLG40,22,2,MLG40,30,9,0,3,11.529088139533997,0.3843029379844666
1-3117,9,3,1-3117,7,1,0,2,2.686058759689331,0.3837226799556187
1-19891,14,4,1-19891,95,17,0,23,36.38967573642731,0.38304921827818217
MLG71,12,20,MLG71,144,1,0,64,54.953880310058594,0.38162416881985134
1-8055,18,12,1-8055,57,15,0,8,21.744235038757324,0.3814778076974969
1-8711,11,9,1-8711,48,14,0,5,18.215146899223328,0.3794822270671527
1-9040,8,14,1-9040,55,9,0,14,20.802411317825317,0.37822566032409666
7W2-12806,22,23,7W2-12806,23,7,0,2,8.686058759689331,0.37765472868214484
1-6559,16,10,1-6559,24,4,0,6,9.058176279067993,0.37742401162783307
1-9182,1,11,1-9182,28,8,0,3,10.529088139533997,0.3760388621262142
1-9253,2,6,1-9253,30,2,0,11,11.27332317829132,0.37577743927637736
1-7172,16,10,1-7172,284,56,0,60,106.58176279067993,0.37528789715028144
1-7306,5,22,1-7306,159,20,0,47,59.62238085269928,0.3749835273754672
1-10808,6,9,1-10808,54,16,0,5,20.215146899223328,0.3743545722078394
1-2829,10,8,1-2829,52,0,0,23,19.389675736427307,0.37287837954667896
1-0917,8,14,1-0917,134,16,0,40,49.72117519378662,0.3710535462222882
1-8765,12,20,1-8765,38,3,0,13,13.959381937980652,0.3673521562626487
1-7753,8,14,1-7753,17,2,0,5,6.215146899223328,0.36559687642490163
1-3717,14,4,1-3717,89,19,0,16,32.48847007751465,0.36503898963499604
1-7655,4,9,1-7655,38,13,0,1,13.843029379844666,0.36429024683801753
1-18370,7,16,1-18370,23,5,0,4,8.372117519378662,0.3640051095382027
1-8808,18,12,1-8808,52,13,0,7,18.90120565891266,0.36348472420985883
1-3162,14,4,1-3162,35,11,0,2,12.686058759689331,0.36245882170540944
1-6637,5,22,1-6637,78,2,0,31,28.13391077518463,0.36069116378441834
7W2-0103,1,11,7W2-0103,33,6,0,7,11.901205658912659,0.36064259572462604
MLG03,19,5,MLG03,713,96,0,188,254.48952341079712,0.3569278028201923
1-5655,11,21,1-5655,31,6,0,6,11.058176279067993,0.356715363840903
1-7083,14,4,1-7083,17,1,0,6,6.058176279067993,0.35636331053341136
1-18435,5,22,1-18435,37,8,0,6,13.058176279067993,0.3529236832180539
MLG17,1,11,MLG17,76,15,0,14,26.802411317825317,0.352663306813491
MLG27,20,2,MLG27,67,16,0,9,23.58726441860199,0.35204872266570136
1-0305,1,11,1-0305,12,0,0,5,4.215146899223328,0.35126224160194397
1-7946,12,20,1-7946,289,28,0,87,101.3435560464859,0.35066974410548757
1-8287,10,8,1-8287,53,16,0,3,18.529088139533997,0.34960543659498106
P1-0004,2,6,P1-0004,60,10,0,13,20.959381937980652,0.34932303229967754
1-18620,19,5,1-18620,60,15,0,7,20.90120565891266,0.3483534276485443
1-7518,7,16,1-7518,169,15,0,52,58.83752775192261,0.3481510517865243
1-7449,13,13,1-7449,25,7,0,2,8.686058759689331,0.34744235038757326
1-2006,11,21,1-2006,40,13,0,1,13.843029379844666,0.3460757344961166
MLG65,2,6,MLG65,155,35,0,22,53.54664635658264,0.3454622345585977
1-11121,9,3,1-11121,18,2,0,5,6.215146899223328,0.34528593884574044
1-7464,14,4,1-7464,48,14,0,3,16.529088139533997,0.3443560029069583
MLG78,18,12,MLG78,94,18,0,17,32.331499457359314,0.3439521218868012
1-8023,6,15,1-8023,20,6,0,1,6.8430293798446655,0.34215146899223325
1-10043,16,10,1-10043,61,4,0,20,20.86058759689331,0.34197684585071003
1-7883,16,10,1-7883,33,7,0,5,11.215146899223328,0.33985293634010083
1-1514,16,10,1-1514,64,9,0,15,21.645440697669983,0.3382100109010935
1-9316,2,6,1-9316,16,2,0,4,5.372117519378662,0.3357573449611664
1-7484,1,11,1-7484,24,3,0,6,8.058176279067993,0.3357573449611664
1-3727,18,12,1-3727,8,1,0,2,2.686058759689331,0.3357573449611664
1-6764,12,12,1-6764,38,6,0,8,12.744235038757324,0.33537460628308746
1-7429,2,6,1-7429,33,6,0,6,11.058176279067993,0.33509625088084827
1-5271,1,11,1-5271,12,4,0,0,4.0,0.3333333333333333
1-20780,4,9,1-20780,12,4,0,0,4.0,0.3333333333333333
1-19257,16,10,1-19257,246,35,0,55,81.3666158914566,0.33075860118478295
1-9644,21,24,1-9644,63,9,0,14,20.802411317825317,0.3301970050448463
1-8121,9,3,1-8121,110,16,0,24,36.23270511627197,0.3293882283297452
MLG18,12,20,MLG18,72,6,0,21,23.703616976737976,0.3292169024546941
1-1633,6,15,1-1633,399,74,0,68,131.32599782943726,0.32913783917152195
1-8666,13,13,1-8666,89,9,0,24,29.232705116271973,0.32845736085698846
1-18635,8,14,1-18635,44,6,0,10,14.430293798446655,0.3279612226919694
1-5819,14,4,1-5819,23,5,0,3,7.529088139533997,0.3273516582406085
1-1959,20,2,1-1959,19,2,0,5,6.215146899223328,0.3271129946959646
1-8859,6,15,1-8859,36,5,0,8,11.744235038757324,0.3262287510765923
1-4776,11,21,1-4776,33,9,0,2,10.686058759689331,0.3238199624148282
1-19755,16,10,1-19755,517,94,0,87,167.3435560464859,0.32368192658894757
1-2322,16,10,1-2322,14,2,0,3,4.529088139533997,0.32350629568099976
1-8691,19,5,1-8691,26,5,0,4,8.372117519378662,0.3220045199761024
1-17970,22,5,1-17970,36,4,0,9,11.58726441860199,0.3218684560722775
1-19627,10,8,1-19627,21,0,0,8,6.744235038757324,0.3211540494646345
1-8053,1,11,1-8053,55,5,0,15,17.645440697669983,0.3208261945030906
1-4874,12,15,1-4874,224,60,0,14,71.80241131782532,0.32054647909743444
1-7302,16,10,1-7302,240,28,0,58,76.8957040309906,0.32039876679579415
1-8678,14,4,1-8678,74,11,0,15,23.645440697669983,0.31953298240094574
MLG66,16,10,MLG66,229,37,0,42,72.40723395347595,0.31618879455666354
1-3369,15,18,1-3369,8,0,0,3,2.5290881395339966,0.3161360174417496
MLG04,12,20,MLG04,16,0,0,6,5.058176279067993,0.3161360174417496
1-5314,6,15,1-5314,9,2,0,1,2.8430293798446655,0.31589215331607395
1-6568,17,7,1-6568,394,54,0,83,123.97143852710724,0.31464832113478997
1-3496,13,13,1-3496,192,24,0,43,60.25026333332062,0.3138034548610449
1-20068,8,14,1-20068,45,4,0,12,14.116352558135986,0.313696723514133
1-8750,8,14,1-8750,45,4,0,12,14.116352558135986,0.313696723514133
1-9121,9,3,1-9121,22,1,0,7,6.901205658912659,0.31369116631421173
1-8187,1,11,1-8187,29,4,0,6,9.058176279067993,0.31235090617475836
1-8718,5,22,1-8718,333,42,0,73,103.54114472866058,0.31093436855453627
MLG57,10,8,MLG57,165,18,0,39,50.878145813941956,0.3083523988723755
1-3469,17,7,1-3469,40,3,0,11,12.27332317829132,0.306833079457283
1-19987,11,21,1-19987,20,6,0,0,6.0,0.3
1-6569,14,4,1-6569,360,68,0,46,106.77935147285461,0.29660930964681836
1-9318,14,4,1-9318,13,3,0,1,3.8430293798446655,0.2956176446034358
1-7781,4,9,1-7781,33,3,0,8,9.744235038757324,0.29527984965931287
1-7901,8,14,1-7901,298,49,0,46,87.77935147285461,0.2945615821236732
1-7057,20,2,1-7057,105,25,0,7,30.90120565891266,0.29429719675154914
1-11534,11,12,1-11534,12,1,0,3,3.5290881395339966,0.2940906782944997
1-0983,6,15,1-0983,195,53,0,5,57.21514689922333,0.2934110097396068
1-8291,9,3,1-8291,16,3,0,2,4.686058759689331,0.2928786724805832
1-0429,7,16,1-0429,69,5,0,18,20.17452883720398,0.29238447590150696
1-5635,10,8,1-5635,417,39,0,98,121.61687922477722,0.29164719238555686
1-3509,10,8,1-3509,150,15,0,34,43.66299891471863,0.2910866594314575
1-7187,22,23,1-7187,96,27,0,1,27.843029379844666,0.2900315560400486
1-17959,3,1,1-17959,57,3,0,16,16.48847007751465,0.28927140486867803
1-6677,9,3,1-6677,94,11,0,19,27.017558217048645,0.2874208320962622
1-1367,6,20,1-1367,66,8,0,13,18.959381937980652,0.2872633626966765
1-3026,2,6,1-3026,570,79,0,100,163.30293798446655,0.2864963824288887
1-9436,22,2,1-9436,24,6,0,1,6.8430293798446655,0.2851262241601944
1-6543,9,3,1-6543,36,6,0,5,10.215146899223328,0.2837540805339813
1-7297,17,7,1-7297,13,2,0,2,3.686058759689331,0.2835429815145639
1-8753,14,4,1-8753,258,36,0,44,73.09329271316528,0.28330733609753983
1-11189,5,22,1-11189,53,9,0,7,14.901205658912659,0.28115482375306905
1-20124,18,12,1-20124,3,0,0,1,0.8430293798446655,0.2810097932815552
1-5965,5,22,1-5965,6,0,0,2,1.686058759689331,0.2810097932815552
1-1136,17,7,1-1136,113,24,0,9,31.58726441860199,0.27953331343895566
1-8228,10,8,1-8228,99,15,0,15,27.645440697669983,0.2792468757340402
1-3477,12,20,1-3477,46,1,0,14,12.802411317825317,0.2783132895179417
1-9341,2,6,1-9341,98,1,0,31,27.13391077518463,0.27687664056310846
1-1530,13,13,1-1530,632,78,0,115,174.94837868213654,0.2768170548767983
1-5686,16,10,1-5686,59,7,0,11,16.27332317829132,0.2758190369201919
1-8753,14,4,1-8753,258,34,0,44,71.09329271316528,0.27555539811304375
1-19093,3,1,1-19093,36,4,0,7,9.901205658912659,0.27503349052535164
1-8973,11,21,1-8973,44,7,0,6,12.058176279067993,0.27404946088790894
MLG61,12,20,MLG61,218,15,0,53,59.68055713176727,0.27376402354021684
MLG09,18,12,MLG09,174,24,0,28,47.604822635650635,0.27359093468764734
1-9100,15,18,1-9100,142,0,0,46,38.779351472854614,0.27309402445672265
1-4766,10,8,1-4766,249,14,0,64,67.9538803100586,0.27290714983959274
1-6957,14,4,1-6957,338,71,0,25,92.07573449611664,0.27241341566898414
1-7453,2,6,1-7453,24,4,0,3,6.529088139533997,0.2720453391472499
1-2318,3,1,1-2318,13,1,0,3,3.5290881395339966,0.271468318425692
1-8177,15,18,1-8177,53,0,0,17,14.331499457359314,0.270405650138855
1-3037,2,6,1-3037,467,74,0,61,125.4247921705246,0.2685755720996244
1-8162,3,1,1-8162,22,0,0,7,5.901205658912659,0.2682366208596663
1-8928,20,2,1-8928,30,8,0,0,8.0,0.26666666666666666
1-7430,18,12,1-7430,17,2,0,3,4.529088139533997,0.26641694938435273
MLG42,12,20,MLG42,72,3,0,19,19.017558217048645,0.2641327530145645
1-7987,7,16,1-7987,23,1,0,6,6.058176279067993,0.26339896865513013
1-9285,10,8,1-9285,30,2,0,7,7.901205658912659,0.2633735219637553
1-5221,10,10,1-5221,21,3,0,3,5.529088139533997,0.2632899114063808
1-10042,10,8,1-10042,21,3,0,3,5.529088139533997,0.2632899114063808
1-2523,16,10,1-2523,14,2,0,2,3.686058759689331,0.2632899114063808
1-19884,17,7,1-19884,60,9,0,8,15.744235038757324,0.2624039173126221
1-3152,3,1,1-3152,323,12,0,86,84.50052666664124,0.2616115376676199
1-9245,8,14,1-9245,23,6,0,0,6.0,0.2608695652173913
1-7776,20,2,1-7776,26,5,0,2,6.686058759689331,0.2571561061418973
1-6249,16,10,1-6249,64,8,0,10,16.430293798446655,0.256723340600729
1-18412,2,6,1-18412,56,0,0,17,14.331499457359314,0.2559196331671306
1-2275,4,13,1-2275,130,22,0,13,32.95938193798065,0.25353370721523577
MLG06,14,4,MLG06,634,83,0,92,160.55870294570923,0.2532471655295098
1-8986,13,13,1-8986,57,6,0,10,14.430293798446655,0.25316304909555537
1-0677,15,18,1-0677,187,0,0,56,47.20964527130127,0.25245799610321534
MLG31,12,20,MLG31,42,3,0,9,10.58726441860199,0.2520777242524283
1-7146,12,16,1-7146,18,2,0,3,4.529088139533997,0.2516160077518887
1-9115,6,15,1-9115,22,3,0,3,5.529088139533997,0.25132218816063623
1-20040,9,3,1-20040,22,3,0,3,5.529088139533997,0.25132218816063623
1-9396,11,21,1-9396,16,4,0,0,4.0,0.25
1-7356,13,13,1-7356,4,1,0,0,1.0,0.25
1-3056,5,22,1-3056,250,37,0,30,62.290881395339966,0.24916352558135987
1-8165,8,14,1-8165,420,35,0,82,104.12840914726257,0.2479247836839585
1-3693,15,18,1-3693,143,0,0,42,35.40723395347595,0.24760303463969197
1-1655,9,3,1-1655,132,4,0,34,32.66299891471863,0.24744696147514111
MLG68,11,21,MLG68,152,3,0,41,37.56420457363129,0.24713292482652163
1-8949,1,11,1-8949,112,20,0,9,27.58726441860199,0.2463148608803749
1-0691,15,18,1-0691,450,0,0,131,110.43684875965118,0.2454152194658915
MLG58,10,8,MLG58,66,6,0,12,16.116352558135986,0.24418715997175736
1-18469,7,16,1-18469,54,3,0,12,13.116352558135986,0.242895417743259
1-3364,3,1,1-3364,121,6,0,27,28.76179325580597,0.23770077070914025
MLG35,12,20,MLG35,44,2,0,10,10.430293798446655,0.23705213178287854
1-6558,17,7,1-6558,24,4,0,2,5.686058759689331,0.23691911498705545
1-8613,6,15,1-8613,37,7,0,2,8.686058759689331,0.2347583448564684
1-9351,16,10,1-9351,60,9,0,6,14.058176279067993,0.23430293798446655
1-3246,12,20,1-3246,116,6,0,25,27.075734496116638,0.23341150427686758
1-18266,5,22,1-18266,55,6,0,8,12.744235038757324,0.23171336434104225
1-8611,7,16,1-8611,621,54,0,106,143.36111426353455,0.2308552564630186
1-8618,8,14,1-8618,53,8,0,5,12.215146899223328,0.23047446979666655
1-7564,13,13,1-7564,22,0,0,6,5.058176279067993,0.2299171035939997
1-8564,3,1,1-8564,185,15,0,32,41.9769401550293,0.22690237921637457
1-9473,13,13,1-9473,20,2,0,3,4.529088139533997,0.22645440697669983
1-7467,13,13,1-7467,20,2,0,3,4.529088139533997,0.22645440697669983
1-7809,10,8,1-7809,40,4,0,6,9.058176279067993,0.22645440697669983
1-9071,5,1,1-9071,75,6,0,13,16.959381937980652,0.2261250925064087
MLG67,11,21,MLG67,293,44,0,26,65.9187638759613,0.2249787163002092
1-7720,15,18,1-7720,102,0,0,27,22.76179325580597,0.223154835841235
1-5159,9,3,1-5159,59,3,0,12,13.116352558135986,0.2223110603073896
1-9197,3,1,1-9197,16,1,0,3,3.5290881395339966,0.2205680087208748
1-5537,14,4,1-5537,32,2,0,6,7.058176279067993,0.2205680087208748
1-7460,7,16,1-7460,194,20,0,27,42.76179325580597,0.22042161472064933
1-9260,19,18,1-9260,111,0,0,29,24.4478520154953,0.2202509190585162
1-6953,14,4,1-6953,66,12,0,3,14.529088139533997,0.22013769908384842
1-9157,3,1,1-9157,89,6,0,16,19.48847007751465,0.21897157390465896
1-3491,13,13,1-3491,33,3,0,5,7.215146899223328,0.21864081512797962
1-3405,21,24,1-3405,72,14,0,2,15.686058759689331,0.21786192721790737
MLG30,22,23,MLG30,66,11,0,4,14.372117519378662,0.21775935635422217
1-8545,19,5,1-8545,42,4,0,6,9.058176279067993,0.21567086378733316
1-8914,2,6,1-8914,25,2,0,4,5.372117519378662,0.2148847007751465
MLG05,21,24,MLG05,14,3,0,0,3.0,0.21428571428571427
1-7522,7,16,1-7522,67,0,0,17,14.331499457359314,0.21390297697551214
1-9114,2,6,1-9114,120,13,0,15,25.645440697669983,0.21371200581391653
1-3301,8,14,1-3301,18,3,0,1,3.8430293798446655,0.21350163221359253
1-0487,22,23,1-0487,18,3,0,1,3.8430293798446655,0.21350163221359253
1-9621,14,4,1-9621,4,0,0,1,0.8430293798446655,0.21075734496116638
1-11205,15,18,1-11205,56,0,0,14,11.802411317825317,0.21075734496116638
1-19067,9,8,1-19067,8,0,0,2,1.686058759689331,0.21075734496116638
1-8186,14,4,1-8186,23,4,0,1,4.8430293798446655,0.210566494775855
1-18045,15,18,1-18045,109,0,0,27,22.76179325580597,0.20882379133766943
1-7418,4,3,1-7418,45,6,0,4,9.372117519378662,0.2082692782084147
1-9454,2,6,1-9454,80,9,0,9,16.58726441860199,0.20734080523252488
1-7390,1,11,1-7390,43,3,0,7,8.901205658912659,0.20700478276541068
1-0454,16,10,1-0454,43,8,0,1,8.843029379844666,0.2056518460428992
1-6166,7,16,1-6166,117,7,0,20,23.86058759689331,0.20393664612729326
1-8090,6,15,1-8090,14,2,0,1,2.8430293798446655,0.20307352713176183
1-5154,14,4,1-5154,19,3,0,1,3.8430293798446655,0.20226470420235082
1-7539,13,13,1-7539,91,15,0,4,18.372117519378662,0.20189140131185343
1-6625,5,22,1-6625,67,5,0,10,13.430293798446655,0.20045214624547247
1-3254,8,14,1-3254,68,6,0,9,13.58726441860199,0.19981271203826456
1-1035,15,18,1-1035,249,0,0,59,49.738733410835266,0.1997539494411055
MLG56,11,21,MLG56,109,20,0,2,21.68605875968933,0.19895466752008562
1-1047,7,16,1-1047,39,1,0,8,7.744235038757324,0.19857012919890574
1-9586,9,3,1-9586,18,1,0,3,3.5290881395339966,0.19606045219633314
1-2272,7,16,1-2272,412,35,0,54,80.52358651161194,0.1954455983291552
1-6554,20,2,1-6554,28,2,0,4,5.372117519378662,0.19186133997780935
1-7402,15,18,1-7402,141,0,0,32,26.976940155029297,0.19132581670233545
1-7993,3,1,1-7993,100,9,0,12,19.116352558135986,0.19116352558135985
1-10018,18,12,1-10018,40,0,0,9,7.58726441860199,0.18968161046504975
1-3733,22,23,1-3733,16,3,0,0,3.0,0.1875
1-3699,10,8,1-3699,9,0,0,2,1.686058759689331,0.18733986218770346
1-1070,15,18,1-1070,280,0,0,62,52.26782155036926,0.1866707912513188
1-8951,3,1,1-8951,47,2,0,8,8.744235038757324,0.18604755401611328
1-18770,5,22,1-18770,10,1,0,1,1.8430293798446655,0.18430293798446656
MLG37,5,23,MLG37,50,5,0,5,9.215146899223328,0.18430293798446656
1-5531,15,18,1-5531,199,0,0,43,36.25026333332062,0.18216212730311868
1-6214,15,18,1-6214,65,0,0,14,11.802411317825317,0.1815755587357741
1-1687,7,16,1-1687,325,4,0,65,58.79690968990326,0.1809135682766254
1-5642,20,2,1-5642,166,29,0,1,29.843029379844666,0.179777285420751
MLG36,22,23,MLG36,136,15,0,11,24.27332317829132,0.17848031748743617
1-0541,3,1,1-0541,132,5,0,22,23.54664635658264,0.17838368451956546
1-7872,22,23,1-7872,124,21,0,1,21.843029379844666,0.17615346274068278
1-8480,20,2,1-8480,112,12,0,9,19.58726441860199,0.17488628945180348
MLG28,22,23,MLG28,22,3,0,1,3.8430293798446655,0.17468315362930298
1-6168,5,22,1-6168,31,2,0,4,5.372117519378662,0.17329411352834395
MLG33,22,23,MLG33,161,15,0,15,27.645440697669983,0.17171081178677008
1-7900,22,23,1-7900,75,12,0,1,12.843029379844666,0.1712403917312622
1-7715,5,22,1-7715,20,0,0,4,3.372117519378662,0.16860587596893312
1-7581,12,20,1-7581,42,2,0,6,7.058176279067993,0.16805181616828554
1-7567,11,12,1-7567,27,2,0,3,4.529088139533997,0.16774400516792579
1-6608,13,13,1-6608,11,1,0,1,1.8430293798446655,0.16754812544042413
1-3309,5,22,1-3309,12,2,0,0,2.0,0.16666666666666666
1-0708,15,18,1-0708,408,0,0,80,67.44235038757324,0.1652998784009148
MLG29,22,23,MLG29,93,12,0,4,15.372117519378662,0.16529158622987808
1-8567,3,1,1-8567,388,16,0,56,63.20964527130127,0.16291145688479708
1-3302,22,23,1-3302,52,5,0,4,8.372117519378662,0.1610022599880512
1-1176,11,21,1-1176,69,11,0,0,11.0,0.15942028985507245
1-4397,15,18,1-4397,106,0,0,20,16.86058759689331,0.15906214714050293
MLG02,10,8,MLG02,755,48,0,84,118.8144679069519,0.15737015616814823
1-7636,16,10,1-7636,83,8,0,6,13.058176279067993,0.15732742504901195
1-7589,21,24,1-7589,95,14,0,1,14.843029379844666,0.15624241452468068
1-1005,13,13,1-1005,122,14,0,6,19.058176279067993,0.15621455966449174
1-0598,21,24,1-0598,122,8,0,13,18.959381937980652,0.15540476998344796
1-18507,9,3,1-18507,320,18,0,37,49.192087054252625,0.15372527204453945
1-7472,11,21,1-7472,12,1,0,1,1.8430293798446655,0.15358578165372214
1-19859,3,1,1-19859,12,1,0,1,1.8430293798446655,0.15358578165372214
MLG25,17,7,MLG25,12,1,0,1,1.8430293798446655,0.15358578165372214
1-7737,4,9,1-7737,11,0,0,2,1.686058759689331,0.15327806906266647
1-0337,5,22,1-0337,11,0,0,2,1.686058759689331,0.15327806906266647
1-7936,11,21,1-7936,59,9,0,0,9.0,0.15254237288135594
1-7723,6,15,1-7723,46,7,0,0,7.0,0.15217391304347827
1-2432,5,22,1-2432,50,0,0,9,7.58726441860199,0.1517452883720398
1-8853,9,3,1-8853,33,5,0,0,5.0,0.15151515151515152
1-5515,11,21,1-5515,30,2,0,3,4.529088139533997,0.1509696046511332
1-10305,21,24,1-10305,28,0,0,5,4.215146899223328,0.1505409606865474
1-2083,21,24,1-2083,48,3,0,5,7.215146899223328,0.150315560400486
1-9063,16,10,1-9063,35,1,0,5,5.215146899223328,0.1490041971206665
1-0363,15,18,1-0363,34,0,0,6,5.058176279067993,0.14876989056082332
1-8062,19,5,1-8062,17,0,0,3,2.5290881395339966,0.14876989056082332
MLG50,21,24,MLG50,168,3,0,26,24.918763875961304,0.14832597545215062
1-8735,12,20,1-8735,52,6,0,2,7.686058759689331,0.1478088223017179
1-9340,7,16,1-9340,163,13,0,13,23.959381937980652,0.1469900732391451
1-8864,10,9,1-8864,39,4,0,2,5.686058759689331,0.1457963784535726
1-5899,3,1,1-5899,288,15,0,32,41.9769401550293,0.14575326442718506
1-9515,11,21,1-9515,66,7,0,3,9.529088139533997,0.14438012332627267
1-9600,14,4,1-9600,7,1,0,0,1.0,0.14285714285714285
1-9267,8,14,1-9267,14,2,0,0,2.0,0.14285714285714285
P1-6891,11,21,P1-6891,7,1,0,0,1.0,0.14285714285714285
1-9287,20,2,1-9287,21,3,0,0,3.0,0.14285714285714285
1-6816,4,9,1-6816,14,2,0,0,2.0,0.14285714285714285
1-9276,21,24,1-9276,77,0,0,13,10.959381937980652,0.14232963555819028
1-10800,21,24,1-10800,55,1,0,8,7.744235038757324,0.14080427343195134
1-1166,16,10,1-1166,118,9,0,9,16.58726441860199,0.14057003744577956
1-8747,15,18,1-8747,18,0,0,3,2.5290881395339966,0.1405048966407776
1-7721,21,24,1-7721,12,0,0,2,1.686058759689331,0.1405048966407776
1-7971,3,1,1-7971,117,8,0,10,16.430293798446655,0.14042986152518508
1-18956,2,6,1-18956,49,0,0,8,6.744235038757324,0.13763744977055764
1-11026,4,9,1-11026,21,2,0,1,2.8430293798446655,0.13538235142117455
1-8135,14,1,1-8135,56,5,0,3,7.529088139533997,0.13444800249167851
1-19121,3,1,1-19121,75,5,0,6,10.058176279067993,0.13410901705423992
1-19109,8,14,1-19109,30,4,0,0,4.0,0.13333333333333333
1-7622,20,2,1-7622,45,6,0,0,6.0,0.13333333333333333
1-2742,7,16,1-2742,154,7,0,16,20.48847007751465,0.13304201349035485
1-9203,11,21,1-9203,14,1,0,1,1.8430293798446655,0.1316449557031904
1-3141,5,22,1-3141,14,1,0,1,1.8430293798446655,0.1316449557031904
1-8484,21,24,1-8484,202,17,0,11,26.27332317829132,0.13006595632817486
1-4011,3,1,1-4011,246,5,0,32,31.976940155029297,0.12998756160581015
1-1025,13,13,1-1025,48,2,0,5,6.215146899223328,0.12948222706715265
1-8284,3,1,1-8284,48,2,0,5,6.215146899223328,0.12948222706715265
1-6591,19,21,1-6591,79,5,0,6,10.058176279067993,0.12731868707681004
1-3300,1,11,1-3300,29,2,0,2,3.686058759689331,0.1271054744720459
1-8537,4,9,1-8537,47,0,0,7,5.901205658912659,0.12555756721090763
1-6678,14,4,1-6678,213,11,0,18,26.17452883720398,0.12288511191175577
1-10294,13,13,1-10294,30,2,0,2,3.686058759689331,0.1228686253229777
1-5185,22,23,1-5185,59,3,0,5,7.215146899223328,0.12229062541056487
1-1636,18,12,1-1636,22,1,0,2,2.686058759689331,0.12209357998587868
1-5568,3,1,1-5568,47,4,0,2,5.686058759689331,0.1209799736104113
1-7886,14,4,1-7886,7,0,0,1,0.8430293798446655,0.12043276854923793
MLG32,20,23,MLG32,79,6,0,4,9.372117519378662,0.11863439897947674
1-0916,21,24,1-0916,215,17,0,10,25.430293798446655,0.11828043627184491
1-6727,3,1,1-6727,235,10,0,21,27.703616976737976,0.11788773181590628
1-7621,6,15,1-7621,23,1,0,2,2.686058759689331,0.11678516346475352
1-18794,15,18,1-18794,29,0,0,4,3.372117519378662,0.11627991446133318
1-8834,19,5,1-8834,39,2,0,3,4.529088139533997,0.11613046511625633
1-3371,22,23,1-3371,16,1,0,1,1.8430293798446655,0.1151893362402916
1-4874,15,15,1-4874,224,14,0,14,25.802411317825317,0.1151893362402916
1-6494,4,9,1-6494,48,3,0,3,5.529088139533997,0.1151893362402916
1-7476,7,16,1-7476,22,0,0,3,2.5290881395339966,0.11495855179699985
1-1099,8,14,1-1099,149,7,0,12,17.116352558135986,0.114874849383463
1-1958,1,21,1-1958,25,2,0,1,2.8430293798446655,0.11372117519378662
1-8924,17,7,1-8924,40,2,0,3,4.529088139533997,0.11322720348834991
1-8497,3,1,1-8497,34,3,0,1,3.8430293798446655,0.11303027587778428
1-6684,13,13,1-6684,145,1,0,18,16.17452883720398,0.1115484747393378
1-8300,14,4,1-8300,53,0,0,7,5.901205658912659,0.11134350299835205
MLG69,6,15,MLG69,73,3,0,6,8.058176279067993,0.11038597642558895
1-1067,16,10,1-1067,17,1,0,1,1.8430293798446655,0.10841349293203915
1-17979,19,23,1-17979,17,1,0,1,1.8430293798446655,0.10841349293203915
1-11132,20,2,1-11132,34,2,0,2,3.686058759689331,0.10841349293203915
1-7870,17,7,1-7870,82,2,0,8,8.744235038757324,0.10663701266777224
1-7870,7,16,1-7870,82,2,0,8,8.744235038757324,0.10663701266777224
1-6015,1,11,1-6015,8,0,0,1,0.8430293798446655,0.10537867248058319
1-9584,13,13,1-9584,8,0,0,1,0.8430293798446655,0.10537867248058319
1-9095,18,12,1-9095,16,0,0,2,1.686058759689331,0.10537867248058319
1-7348,21,24,1-7348,43,2,0,3,4.529088139533997,0.10532763115195341
1-7575,17,7,1-7575,26,1,0,2,2.686058759689331,0.1033099522957435
1-6721,4,9,1-6721,36,2,0,2,3.686058759689331,0.10239052110248142
1-3135,17,7,1-3135,101,6,0,5,10.215146899223328,0.10114006830914186
1-3047,15,18,1-3047,360,0,0,43,36.25026333332062,0.1006951759258906
1-10919,3,1,1-10919,20,2,0,0,2.0,0.1
1-3489,19,5,1-3489,43,0,0,5,4.215146899223328,0.0980266720749611
1-11045,15,18,1-11045,43,0,0,5,4.215146899223328,0.0980266720749611
1-7038,21,24,1-7038,163,4,0,14,15.802411317825317,0.09694730869831483
1-7725,9,24,1-7725,90,6,0,3,8.529088139533997,0.09476764599482218
1-0754,11,21,1-0754,41,3,0,1,3.8430293798446655,0.09373242389865039
1-7579,4,8,1-7579,40,2,0,2,3.686058759689331,0.09215146899223328
1-7523,13,13,1-7523,79,3,0,5,7.215146899223328,0.09133097340789022
MLG22,18,23,MLG22,33,3,0,0,3.0,0.09090909090909091
1-20077,11,1,1-20077,28,0,0,3,2.5290881395339966,0.09032457641192845
1-7770,11,21,1-7770,23,2,0,0,2.0,0.08695652173913043
1-19133,6,15,1-19133,58,5,0,0,5.0,0.08620689655172414
1-4136,16,10,1-4136,20,0,0,2,1.686058759689331,0.08430293798446656
1-7707,5,24,1-7707,10,0,0,1,0.8430293798446655,0.08430293798446656
1-5140,3,24,1-5140,10,0,0,1,0.8430293798446655,0.08430293798446656
1-2429,10,8,1-2429,10,0,0,1,0.8430293798446655,0.08430293798446656
1-18869,21,24,1-18869,22,1,0,1,1.8430293798446655,0.08377406272021207
1-1712,3,1,1-1712,157,3,0,12,13.116352558135986,0.08354364686710819
1-9499,2,6,1-9499,36,3,0,0,3.0,0.08333333333333333
1-0447,7,18,1-0447,65,0,0,6,5.058176279067993,0.07781809660104605
1-8766,5,22,1-8766,26,2,0,0,2.0,0.07692307692307693
1-9259,5,22,1-9259,13,1,0,0,1.0,0.07692307692307693
1-2364,21,24,1-2364,88,5,0,2,6.686058759689331,0.07597794045101512
1-7943,8,14,1-7943,68,0,0,6,5.058176279067993,0.07438494528041166
1-6492,13,13,1-6492,48,1,0,3,3.5290881395339966,0.07352266957362492
MLG76,19,5,MLG76,131,7,0,3,9.529088139533997,0.07274113083613738
1-7107,8,1,1-7107,84,1,0,6,6.058176279067993,0.07212114617938087
MLG51,20,2,MLG51,99,7,0,0,7.0,0.0707070707070707
1-9123,15,18,1-9123,24,0,0,2,1.686058759689331,0.0702524483203888
1-7486,8,14,1-7486,29,2,0,0,2.0,0.06896551724137931
1-9217,3,1,1-9217,30,2,0,0,2.0,0.06666666666666667
MLG38,21,24,MLG38,26,0,0,2,1.686058759689331,0.06484841383420505
1-7547,8,1,1-7547,86,3,0,3,5.529088139533997,0.06429172255272089
1-0455,8,6,1-0455,60,3,0,1,3.8430293798446655,0.06405048966407775
1-11438,13,13,1-11438,53,0,0,4,3.372117519378662,0.06362485885620117
1-10725,7,16,1-10725,27,0,0,2,1.686058759689331,0.06244662072923449
1-18927,4,9,1-18927,30,1,0,1,1.8430293798446655,0.06143431266148885
1-10882,19,15,1-10882,14,0,0,1,0.8430293798446655,0.060216384274618964
MLG45,22,23,MLG45,179,9,0,2,10.686058759689331,0.05969865228876721
1-8981,11,21,1-8981,15,0,0,1,0.8430293798446655,0.05620195865631104
1-9412,21,21,1-9412,15,0,0,1,0.8430293798446655,0.05620195865631104
MLG70,21,24,MLG70,269,7,0,9,14.58726441860199,0.05422774876803714
1-6501,3,1,1-6501,107,4,0,2,5.686058759689331,0.053140736071862905
1-20046,14,4,1-20046,18,0,0,1,0.8430293798446655,0.046834965546925865
MLG47,16,10,MLG47,106,3,0,2,4.686058759689331,0.044208101506503124
1-9458,13,13,1-9458,20,0,0,1,0.8430293798446655,0.04215146899223328
MLG48,6,15,MLG48,116,4,0,1,4.8430293798446655,0.04175025327452298
1-6533,5,22,1-6533,21,0,0,1,0.8430293798446655,0.04014425618307931
1-7326,21,24,1-7326,42,0,0,2,1.686058759689331,0.04014425618307931
1-8628,19,5,1-8628,68,0,0,3,2.5290881395339966,0.03719247264020583
1-8629,2,6,1-8629,65,1,0,1,1.8430293798446655,0.028354298151456393
1-7332,3,1,1-7332,53,0,0,1,0.8430293798446655,0.015906214714050293
1-6654,1,11,1-6654,66,0,0,1,0.8430293798446655,0.012773172421888872
1-8630,2,6,1-8630,67,0,0,1,0.8430293798446655,0.012582528057383068
1-2485,9,3,1-2485,106,1,0,0,1.0,0.009433962264150943
1-20045,10,8,1-20045,45,0,0,0,0.0,0.0
1-18816,10,8,1-18816,44,0,0,0,0.0,0.0
1-11209,4,9,1-11209,35,0,0,0,0.0,0.0
1-3380,19,5,1-3380,2,0,0,0,0.0,0.0
1-6496,18,12,1-6496,28,0,0,0,0.0,0.0
1-5873,19,5,1-5873,3,0,0,0,0.0,0.0
1-9935,7,16,1-9935,5,0,0,0,0.0,0.0
1-3079,9,3,1-3079,34,0,0,0,0.0,0.0
1-3077,1,11,1-3077,41,0,0,0,0.0,0.0
1-6661,20,2,1-6661,32,0,0,0,0.0,0.0
1-9225,1,24,1-9225,18,0,0,0,0.0,0.0
1-19108,12,20,1-19108,16,0,0,0,0.0,0.0
1-21411,11,21,1-21411,5,0,0,0,0.0,0.0
1-3142,8,1,1-3142,4,0,0,0,0.0,0.0
1-7178,6,15,1-7178,8,0,0,0,0.0,0.0
1-20138,2,6,1-20138,25,0,0,0,0.0,0.0
1-20283,2,6,1-20283,1,0,0,0,0.0,0.0
1-3702,21,24,1-3702,6,0,0,0,0.0,0.0
1-19989,6,15,1-19989,4,0,0,0,0.0,0.0
1-7499,21,24,1-7499,26,0,0,0,0.0,0.0
1-5146,10,8,1-5146,2,0,0,0,0.0,0.0
1-2192,19,5,1-2192,22,0,0,0,0.0,0.0
1-3631,8,24,1-3631,13,0,0,0,0.0,0.0
1-8039,16,10,1-8039,12,0,0,0,0.0,0.0
1-4618,12,13,1-4618,1,0,0,0,0.0,0.0
1-9643,4,9,1-9643,4,0,0,0,0.0,0.0
1-21180,14,4,1-21180,1,0,0,0,0.0,0.0
1-2699,12,20,1-2699,36,0,0,0,0.0,0.0
1-4413,10,8,1-4413,9,0,0,0,0.0,0.0
1-10952,6,18,1-10952,9,0,0,0,0.0,0.0
1-19192,6,15,1-19192,5,0,0,0,0.0,0.0
1-7910,9,3,1-7910,15,0,0,0,0.0,0.0
1-3734,8,24,1-3734,4,0,0,0,0.0,0.0
1-8729,9,3,1-8729,53,0,0,0,0.0,0.0
MLG77,18,1,MLG77,9,0,0,0,0.0,0.0
1-5303,4,9,1-5303,4,0,0,0,0.0,0.0
1-17927,10,8,1-17927,9,0,0,0,0.0,0.0
7W2-19692,11,21,7W2-19692,34,0,0,0,0.0,0.0
1-20065,11,1,1-20065,21,0,0,0,0.0,0.0
1-9958,20,2,1-9958,1,0,0,0,0.0,0.0
1-8242,20,15,1-8242,11,0,0,0,0.0,0.0
1-4387,18,12,1-4387,1,0,0,0,0.0,0.0
1-9230,12,20,1-9230,5,0,0,0,0.0,0.0
1-3081,7,16,1-3081,42,0,0,0,0.0,0.0
1-9486,18,12,1-9486,2,0,0,0,0.0,0.0
1-18952,13,13,1-18952,14,0,0,0,0.0,0.0
1-3075,12,20,1-3075,45,0,0,0,0.0,0.0
1-8899,2,1,1-8899,3,0,0,0,0.0,0.0
