Unnamed: 0.6,Unnamed: 0.5,Unnamed: 0.4,Unnamed: 0.3,Unnamed: 0.2,Unnamed: 0.1,Unnamed: 0,Exam Group,Exam Block,slot,exam,size,b2bs,confs,2i3s,score,score_norm
270,270,270,270,270,270,270,1-6494,23,4,1-6494,48,0,0,86,57.22964632511139,1.1922842984398205
381,381,381,381,381,381,381,1-6554,3,17,1-6554,28,21,0,6,24.99276602268219,0.892598786524364
267,267,267,267,267,267,267,1-6492,2,2,1-6492,48,3,0,47,34.276667177677155,0.7140972328682741
298,298,298,298,298,298,298,1-0584,23,4,1-0584,41,6,0,30,25.96383011341095,0.6332641491075841
444,444,444,444,444,444,444,1-7467,15,10,1-7467,20,1,0,17,12.312837064266205,0.6156418532133102
445,445,445,445,445,445,445,1-2028,15,10,1-2028,20,10,0,2,11.33092200756073,0.5665461003780365
105,105,105,105,105,105,105,1-0529,14,11,1-0529,124,13,0,82,67.56780230998993,0.5449016315321769
310,310,310,310,310,310,310,MLG43,23,4,MLG43,39,15,0,7,19.658227026462555,0.5040571032426296
457,457,457,457,457,457,457,1-5287,23,4,1-5287,18,7,0,3,8.996383011341095,0.4997990561856164
526,526,526,526,526,526,526,1-9584,23,4,1-9584,8,2,0,3,3.996383011341095,0.49954787641763687
162,162,162,162,162,162,162,1-10960,12,13,1-10960,82,17,0,34,39.62567412853241,0.4832399283967367
243,243,243,243,243,243,243,1-9542,9,16,1-9542,54,20,0,9,25.989149034023285,0.4812805376670979
454,454,454,454,454,454,454,1-20046,20,6,1-20046,18,0,0,13,8.650993049144745,0.4806107249524858
83,83,83,83,83,83,83,1-7306,13,12,1-7306,159,56,0,27,73.96744710206985,0.4652040698243387
114,114,114,114,114,114,114,1-6166,12,13,1-6166,117,13,0,62,54.25858223438263,0.4637485661058344
364,364,364,364,364,364,364,1-5515,17,9,1-5515,30,5,0,13,13.650993049144745,0.4550331016381582
391,391,391,391,391,391,391,1-7301,19,7,1-7301,26,3,0,13,11.650993049144745,0.44811511727479786
539,539,539,539,539,539,539,P1-17272,15,10,P1-17272,6,2,0,1,2.665461003780365,0.44424350063006085
430,430,430,430,430,430,430,1-20065,23,4,1-20065,21,0,0,14,9.31645405292511,0.44364066918691
100,100,100,100,100,100,100,1-0541,17,9,1-0541,132,15,0,65,58.254965245723724,0.44132549428578577
155,155,155,155,155,155,155,1-2364,19,7,1-2364,88,6,0,49,38.607589185237885,0.4387226043777032
73,73,73,73,73,73,73,MLG74,23,4,MLG74,177,53,0,37,77.6220571398735,0.43854269570550003
213,213,213,213,213,213,213,1-10043,17,9,1-10043,61,8,0,28,26.63290810585022,0.4366050509155774
254,254,254,254,254,254,254,1-8808,23,4,1-8808,52,10,0,17,21.312837064266205,0.40986225123588854
70,70,70,70,70,70,70,1-5228,12,13,1-5228,180,12,0,92,73.22241234779358,0.4067911797099643
23,23,23,23,23,23,23,1-8567,17,9,1-8567,388,61,0,143,156.1609235405922,0.40247660706338195
180,180,180,180,180,180,180,1-9294,15,10,1-9294,74,23,0,10,29.65461003780365,0.4007379734838331
119,119,119,119,119,119,119,1-1136,12,13,1-1136,113,12,0,50,45.27305018901825,0.400646461849719
42,42,42,42,42,42,42,1-8681,19,7,1-8681,260,26,0,114,101.86255443096161,0.3917790555036985
271,271,271,271,271,271,271,1-5568,17,9,1-5568,47,7,0,17,18.312837064266205,0.3896348311546001
481,481,481,481,481,481,481,1-3141,23,4,1-3141,14,2,0,5,5.327305018901825,0.3805217870644161
324,324,324,324,324,324,324,1-19093,17,9,1-19093,36,7,0,10,13.65461003780365,0.3792947232723236
86,86,86,86,86,86,86,MLG65,3,17,MLG65,155,24,0,52,58.60397219657898,0.37809014320373535
61,61,61,61,61,61,61,1-8484,21,5,1-8484,202,67,0,14,76.31645405292511,0.37780422798477775
472,472,472,472,472,472,472,1-3733,15,10,1-3733,16,4,0,3,5.996383011341095,0.37477393820881844
202,202,202,202,202,202,202,1-1367,14,11,1-1367,66,8,0,25,24.636525094509125,0.37328068325013825
514,514,514,514,514,514,514,1-10823,15,10,1-10823,10,1,0,4,3.66184401512146,0.366184401512146
513,513,513,513,513,513,513,1-18770,19,7,1-18770,10,1,0,4,3.66184401512146,0.366184401512146
401,401,401,401,401,401,401,1-7484,23,4,1-7484,24,4,0,7,8.658227026462555,0.3607594594359398
53,53,53,53,53,53,53,1-6727,17,9,1-6727,235,26,0,88,84.56056833267212,0.3598322056709452
340,340,340,340,340,340,340,1-10981,15,10,1-10981,34,8,0,6,11.99276602268219,0.3527284124318291
151,151,151,151,151,151,151,1-7725,5,19,1-7725,90,1,0,46,31.61120617389679,0.3512356241544088
64,64,64,64,64,64,64,1-0983,14,11,1-0983,195,9,0,89,68.22602933645248,0.34987707352026914
153,153,153,153,153,153,153,1-8666,14,11,1-8666,89,3,0,42,30.94936215877533,0.3477456422334307
178,178,178,178,178,178,178,1-9071,17,9,1-9071,75,4,0,33,25.960213124752045,0.3461361749966939
374,374,374,374,374,374,374,1-7486,8,21,1-7486,29,0,0,15,9.981915056705475,0.34420396747260257
109,109,109,109,109,109,109,1-3364,17,9,1-3364,121,17,0,37,41.622057139873505,0.3439839433047397
92,92,92,92,92,92,92,1-6511,23,4,1-6511,144,43,0,9,48.989149034023285,0.3402024238473839
27,27,27,27,27,27,27,1-7425,5,19,1-7425,352,23,0,144,118.82638454437256,0.33757495609196747
168,168,168,168,168,168,168,1-7523,14,11,1-7523,79,4,0,34,26.62567412853241,0.33703384972825834
130,130,130,130,130,130,130,1-8754,12,13,1-8754,108,11,0,38,36.28751814365387,0.33599553836716545
338,338,338,338,338,338,338,1-8497,17,9,1-8497,34,4,0,11,11.320071041584015,0.33294326592894163
166,166,166,166,166,166,166,1-5696,10,15,1-5696,80,6,0,31,26.629291117191315,0.3328661389648914
191,191,191,191,191,191,191,1-0429,14,11,1-0429,69,3,0,30,22.96383011341095,0.33280913207841956
550,550,550,550,550,550,550,1-3142,17,9,1-3142,4,0,0,2,1.33092200756073,0.3327305018901825
555,555,555,555,555,555,555,1-3734,3,17,1-3734,4,0,0,2,1.33092200756073,0.3327305018901825
76,76,76,76,76,76,76,1-7518,12,13,1-7518,169,32,0,36,55.95659613609314,0.3311041191484801
235,235,235,235,235,235,235,1-9040,19,7,1-9040,55,6,0,18,17.97829806804657,0.3268781466917558
69,69,69,69,69,69,69,1-8564,17,9,1-8564,185,16,0,66,59.92042624950409,0.32389419594326535
138,138,138,138,138,138,138,1-7993,17,9,1-7993,100,13,0,29,32.298369109630585,0.32298369109630587
108,108,108,108,108,108,108,1-1005,14,11,1-1005,122,7,0,48,38.94212818145752,0.31919777197916
3,3,3,3,3,3,3,MLG06,18,8,MLG06,634,81,0,182,202.11390268802643,0.3187916446183382
279,279,279,279,279,279,279,1-20068,14,11,1-20068,45,3,0,17,14.312837064266205,0.31806304587258233
35,35,35,35,35,35,35,1-7901,9,16,1-7901,298,60,0,52,94.60397219657898,0.3174629939482516
94,94,94,94,94,94,94,1-3693,11,14,1-3693,143,23,0,33,44.960213124752045,0.31440708478847584
30,30,30,30,30,30,30,1-8718,4,18,1-8718,333,83,0,32,104.29475212097168,0.31319745381673175
24,24,24,24,24,24,24,MLG62,8,21,MLG62,370,12,0,156,115.81191658973694,0.313005179972262
399,399,399,399,399,399,399,1-11522,23,4,1-11522,24,4,0,5,7.327305018901825,0.305304375787576
111,111,111,111,111,111,111,1-1887,19,7,1-1887,119,11,0,38,36.28751814365387,0.30493712725759553
423,423,423,423,423,423,423,1-1636,15,10,1-1636,22,2,0,7,6.658227026462555,0.3026466830210252
508,508,508,508,508,508,508,1-7737,22,27,1-7737,11,0,0,5,3.327305018901825,0.3024822744456204
66,66,66,66,66,66,66,1-3496,14,11,1-3496,192,10,0,72,57.91319227218628,0.3016312097509702
357,357,357,357,357,357,357,1-9601,23,4,1-9601,31,2,0,11,9.320071041584015,0.30064745295432305
131,131,131,131,131,131,131,1-6501,18,8,1-6501,107,6,0,39,31.952979147434235,0.2986259733405069
196,196,196,196,196,196,196,1-7522,20,6,1-7522,67,6,0,21,19.974681079387665,0.2981295683490696
241,241,241,241,241,241,241,1-8058,20,6,1-8058,54,8,0,12,15.98553204536438,0.2960283712104515
452,452,452,452,452,452,452,1-0487,5,19,1-0487,18,0,0,8,5.32368803024292,0.29576044612460667
84,84,84,84,84,84,84,1-1712,17,9,1-1712,157,17,0,44,46.28028416633606,0.29477888004035707
342,342,342,342,342,342,342,1-18987,19,7,1-18987,34,4,0,9,9.989149034023285,0.29379850100068483
304,304,304,304,304,304,304,1-2006,11,14,1-2006,40,7,0,7,11.658227026462555,0.2914556756615639
358,358,358,358,358,358,358,1-5655,15,10,1-5655,31,5,0,6,8.99276602268219,0.2900892265381352
22,22,22,22,22,22,22,1-6568,14,11,1-6568,394,23,0,136,113.50269651412964,0.2880779099343392
282,282,282,282,282,282,282,MLG35,23,4,MLG35,44,6,0,10,12.65461003780365,0.2876047735864466
256,256,256,256,256,256,256,1-0984,15,10,1-0984,50,3,0,17,14.312837064266205,0.2862567412853241
535,535,535,535,535,535,535,1-3117,23,4,1-3117,7,0,0,3,1.996383011341095,0.28519757304872784
377,377,377,377,377,377,377,1-10305,19,7,1-10305,28,0,0,12,7.98553204536438,0.28519757304872784
4,4,4,4,4,4,4,1-1530,14,11,1-1530,632,33,0,220,179.4014208316803,0.2838630076450638
37,37,37,37,37,37,37,1-7946,14,11,1-7946,289,16,0,99,81.88063937425613,0.28332401167562676
351,351,351,351,351,351,351,1-4776,20,6,1-4776,33,2,0,11,9.320071041584015,0.2824263951995156
172,172,172,172,172,172,172,1-19068,13,12,1-19068,77,15,0,10,21.65461003780365,0.2812287017896578
278,278,278,278,278,278,278,1-8750,20,6,1-8750,45,0,0,19,12.643759071826935,0.28097242381837634
67,67,67,67,67,67,67,1-4394,21,5,1-4394,190,18,0,53,53.269433200359344,0.28036543789662816
199,199,199,199,199,199,199,MLG30,23,4,MLG30,66,13,0,8,18.32368803024292,0.2776316368218624
503,503,503,503,503,503,503,1-11534,3,17,1-11534,12,2,0,2,3.33092200756073,0.27757683396339417
264,264,264,264,264,264,264,1-8284,17,9,1-8284,48,2,0,17,13.312837064266205,0.2773507721722126
370,370,370,370,370,370,370,1-7647,23,4,1-7647,30,1,0,11,8.320071041584015,0.27733570138613384
413,413,413,413,413,413,413,1-5819,19,7,1-5819,23,1,0,8,6.32368803024292,0.2749429578366487
317,317,317,317,317,317,317,1-9399,23,4,1-9399,38,7,0,5,10.327305018901825,0.27177118470794276
122,122,122,122,122,122,122,1-8949,23,4,1-8949,112,7,0,35,30.291135132312775,0.27045656368136406
36,36,36,36,36,36,36,MLG67,19,7,MLG67,293,29,0,74,78.24411427974701,0.26704475863394883
476,476,476,476,476,476,476,1-7910,9,16,1-7910,15,2,0,3,3.996383011341095,0.26642553408940634
207,207,207,207,207,207,207,1-7488,5,19,1-7488,65,4,0,20,17.3092200756073,0.26629569347088156
308,308,308,308,308,308,308,1-10018,23,4,1-10018,40,0,0,16,10.64737606048584,0.266184401512146
541,541,541,541,541,541,541,1-19192,18,8,1-19192,5,0,0,2,1.33092200756073,0.266184401512146
206,206,206,206,206,206,206,1-8629,18,8,1-8629,65,0,0,26,17.30198609828949,0.266184401512146
227,227,227,227,227,227,227,1-8055,23,4,1-8055,57,1,0,21,14.974681079387665,0.26271370314715203
47,47,47,47,47,47,47,1-1035,11,14,1-1035,249,34,0,47,65.27666717767715,0.2621552898701894
451,451,451,451,451,451,451,1-7146,9,16,1-7146,18,2,0,4,4.66184401512146,0.25899133417341447
164,164,164,164,164,164,164,1-9454,13,12,1-9454,80,14,0,10,20.65461003780365,0.2581826254725456
246,246,246,246,246,246,246,1-11189,23,4,1-11189,53,1,0,19,13.643759071826935,0.2574294164495648
229,229,229,229,229,229,229,1-8986,20,6,1-8986,57,10,0,7,14.658227026462555,0.2571618776572378
393,393,393,393,393,393,393,1-8766,20,6,1-8766,26,0,0,10,6.65461003780365,0.255946539915525
428,428,428,428,428,428,428,1-5221,9,16,1-5221,21,2,0,5,5.327305018901825,0.25368119137627737
14,14,14,14,14,14,14,1-3037,3,17,1-3037,467,51,0,101,118.21156138181686,0.2531296817597792
81,81,81,81,81,81,81,1-7038,15,10,1-7038,163,21,0,30,40.96383011341095,0.25131184118657024
96,96,96,96,96,96,96,1-7402,10,15,1-7402,141,12,0,35,35.291135132312775,0.25029173852704095
552,552,552,552,552,552,552,1-5303,9,16,1-5303,4,1,0,0,1.0,0.25
123,123,123,123,123,123,123,MLG59,2,2,MLG59,112,6,0,33,27.960213124752045,0.24964476004242897
306,306,306,306,306,306,306,1-8990,16,25,1-8990,40,0,0,15,9.981915056705475,0.24954787641763687
51,51,51,51,51,51,51,1-9365,19,7,1-9365,243,11,0,74,60.24411427974701,0.24791816576027575
99,99,99,99,99,99,99,1-0917,9,16,1-0917,134,17,0,24,32.97106409072876,0.24605271709499074
59,59,59,59,59,59,59,1-0916,19,7,1-0916,215,1,0,77,52.240497291088104,0.24297905716785165
146,146,146,146,146,146,146,1-19891,21,5,1-19891,95,11,0,18,22.97829806804657,0.24187682176891126
50,50,50,50,50,50,50,1-4011,17,9,1-4011,246,17,0,63,58.924043238162994,0.23952863104944308
120,120,120,120,120,120,120,1-1152,4,18,1-1152,112,18,0,13,26.650993049144745,0.2379552950816495
433,433,433,433,433,433,433,1-10042,14,11,1-10042,21,1,0,6,4.99276602268219,0.2377507629848662
107,107,107,107,107,107,107,1-0598,21,5,1-0598,122,27,0,3,28.996383011341095,0.23767527058476307
239,239,239,239,239,239,239,1-8061,23,4,1-8061,55,3,0,15,12.981915056705475,0.23603481921282682
118,118,118,118,118,118,118,1-3051,12,13,1-3051,116,6,0,32,27.29475212097168,0.23529958724975586
170,170,170,170,170,170,170,1-9291,12,13,1-9291,78,7,0,17,18.312837064266205,0.23477996236238724
447,447,447,447,447,447,447,1-9473,19,7,1-9473,20,0,0,7,4.658227026462555,0.23291135132312774
410,410,410,410,410,410,410,7W2-12806,23,4,7W2-12806,23,0,0,8,5.32368803024292,0.23146469696708347
2,2,2,2,2,2,2,MLG03,20,6,MLG03,713,68,0,145,164.49184554815292,0.2307038506986717
28,28,28,28,28,28,28,1-6957,21,5,1-6957,338,38,0,60,77.9276602268219,0.2305552077716624
353,353,353,353,353,353,353,1-7456,10,15,1-7456,32,2,0,8,7.32368803024292,0.22886525094509125
160,160,160,160,160,160,160,1-1119,18,8,1-1119,83,13,0,9,18.989149034023285,0.22878492812076248
240,240,240,240,240,240,240,1-10808,2,2,1-10808,54,1,0,17,12.312837064266205,0.2280155011901149
183,183,183,183,183,183,183,1-1466,17,9,1-1466,73,2,0,22,16.64014208316803,0.2279471518242196
68,68,68,68,68,68,68,1-0677,10,15,1-0677,187,13,0,44,42.28028416633606,0.22609777629056715
219,219,219,219,219,219,219,1-8702,4,18,1-8702,59,10,0,5,13.327305018901825,0.22588652574409873
154,154,154,154,154,154,154,1-9157,17,9,1-9157,89,0,0,30,19.96383011341095,0.2243126979034938
255,255,255,255,255,255,255,1-3302,2,2,1-3302,52,5,0,10,11.65461003780365,0.22412711611160865
32,32,32,32,32,32,32,1-3152,17,9,1-3152,323,19,0,80,72.2368803024292,0.22364359226758265
189,189,189,189,189,189,189,1-0582,11,14,1-0582,70,7,0,13,15.650993049144745,0.22358561498778207
16,16,16,16,16,16,16,1-0691,10,15,1-0691,450,29,0,107,100.20432740449905,0.22267628312110901
455,455,455,455,455,455,455,1-9225,4,18,1-9225,18,2,0,3,3.996383011341095,0.2220212784078386
520,520,520,520,520,520,520,1-5314,17,9,1-5314,9,0,0,3,1.996383011341095,0.221820334593455
400,400,400,400,400,400,400,1-11523,8,21,1-11523,24,0,0,8,5.32368803024292,0.221820334593455
560,560,560,560,560,560,560,1-20124,18,8,1-20124,3,0,0,1,0.665461003780365,0.221820334593455
501,501,501,501,501,501,501,1-5271,14,11,1-5271,12,0,0,4,2.66184401512146,0.221820334593455
89,89,89,89,89,89,89,1-3509,9,16,1-3509,150,19,0,21,32.974681079387665,0.21983120719591775
440,440,440,440,440,440,440,1-20081,20,6,1-20081,20,3,0,2,4.33092200756073,0.2165461003780365
17,17,17,17,17,17,17,1-8165,9,16,1-8165,420,29,0,92,90.22241234779358,0.2148152674947466
376,376,376,376,376,376,376,1-3356,2,2,1-3356,28,4,0,3,5.996383011341095,0.2141565361193248
480,480,480,480,480,480,480,1-10882,14,11,1-10882,14,1,0,3,2.996383011341095,0.21402735795293534
382,382,382,382,382,382,382,1-3472,22,27,1-3472,28,0,0,9,5.989149034023285,0.21389817978654588
247,247,247,247,247,247,247,1-8177,16,25,1-8177,53,0,0,17,11.312837064266205,0.21344975592955104
34,34,34,34,34,34,34,1-8019,21,5,1-8019,320,37,0,47,68.27666717767715,0.2133645849302411
103,103,103,103,103,103,103,1-2275,14,11,1-2275,130,11,0,25,27.636525094509125,0.2125886545731471
216,216,216,216,216,216,216,1-18620,21,5,1-18620,60,4,0,13,12.650993049144745,0.2108498841524124
214,214,214,214,214,214,214,P1-0004,15,10,P1-0004,60,2,0,16,12.64737606048584,0.21078960100809732
132,132,132,132,132,132,132,1-4397,10,15,1-4397,106,3,0,29,22.298369109630585,0.210361972732364
302,302,302,302,302,302,302,1-7809,13,12,1-7809,40,5,0,5,8.327305018901825,0.20818262547254562
184,184,184,184,184,184,184,MLG18,3,17,MLG18,72,9,0,9,14.989149034023285,0.20818262547254562
113,113,113,113,113,113,113,1-7971,17,9,1-7971,117,7,0,26,24.30198609828949,0.20770928289136317
212,212,212,212,212,212,212,1-8916,7,23,1-8916,61,6,0,10,12.65461003780365,0.20745262357055164
43,43,43,43,43,43,43,1-8753,21,5,1-8753,258,20,0,50,53.27305018901825,0.2064846906551095
237,237,237,237,237,237,237,1-18266,20,6,1-18266,55,8,0,5,11.327305018901825,0.20595100034366953
238,238,238,238,238,238,238,MLG20,7,23,MLG20,55,2,0,14,11.31645405292511,0.20575371005318382
492,492,492,492,492,492,492,1-7297,8,21,1-7297,13,0,0,4,2.66184401512146,0.20475723193242
177,177,177,177,177,177,177,1-19121,23,4,1-19121,75,12,0,5,15.327305018901825,0.204364066918691
346,346,346,346,346,346,346,MLG22,23,4,MLG22,33,6,0,1,6.665461003780365,0.20198366678122318
516,516,516,516,516,516,516,1-17965,1,1,1-17965,10,2,0,0,2.0,0.2
303,303,303,303,303,303,303,1-7899,14,11,1-7899,40,4,0,6,7.99276602268219,0.19981915056705474
446,446,446,446,446,446,446,1-7715,23,4,1-7715,20,2,0,3,3.996383011341095,0.19981915056705474
512,512,512,512,512,512,512,1-5140,23,4,1-5140,10,0,0,3,1.996383011341095,0.1996383011341095
305,305,305,305,305,305,305,1-8924,20,6,1-8924,40,0,0,12,7.98553204536438,0.1996383011341095
139,139,139,139,139,139,139,1-8228,13,12,1-8228,99,11,0,13,19.650993049144745,0.19849487928429035
152,152,152,152,152,152,152,1-3717,21,5,1-3717,89,13,0,7,17.658227026462555,0.1984070452411523
425,425,425,425,425,425,425,1-7476,15,10,1-7476,22,1,0,5,4.327305018901825,0.19669568267735568
248,248,248,248,248,248,248,1-8618,18,8,1-8618,53,3,0,11,10.320071041584015,0.19471832153932103
405,405,405,405,405,405,405,1-6558,15,10,1-6558,24,2,0,4,4.66184401512146,0.19424350063006082
403,403,403,403,403,403,403,1-9436,8,21,1-9436,24,0,0,7,4.658227026462555,0.19409279276927313
287,287,287,287,287,287,287,1-0454,20,6,1-0454,43,1,0,11,8.320071041584015,0.19349002422288406
25,25,25,25,25,25,25,1-6569,21,5,1-6569,360,33,0,55,69.60035520792007,0.1933343200220002
128,128,128,128,128,128,128,1-18045,10,15,1-18045,109,3,0,27,20.967447102069855,0.1923619000189895
186,186,186,186,186,186,186,1-3405,2,2,1-3405,72,3,0,16,13.64737606048584,0.18954688972897
12,12,12,12,12,12,12,1-3523,15,10,1-3523,497,11,0,125,94.18262547254562,0.18950226453228497
6,6,6,6,6,6,6,1-3026,3,17,1-3026,570,28,0,120,107.8553204536438,0.18921986044498912
15,15,15,15,15,15,15,MLG14,8,21,MLG14,462,4,0,125,87.18262547254562,0.18870698154230656
0,0,0,0,0,0,0,1-3186,5,19,1-3186,796,37,0,170,150.12837064266205,0.18860348070686186
31,31,31,31,31,31,31,1-1687,12,13,1-1687,325,26,0,53,61.269433200359344,0.1885213329241826
414,414,414,414,414,414,414,1-18370,12,13,1-18370,23,1,0,5,4.327305018901825,0.1881436964739924
262,262,262,262,262,262,262,1-7656,9,16,1-7656,48,3,0,9,8.989149034023285,0.18727393820881844
288,288,288,288,288,288,288,MLG01,10,15,MLG01,43,2,0,9,7.989149034023285,0.18579416358193687
453,453,453,453,453,453,453,1-11121,23,4,1-11121,18,0,0,5,3.327305018901825,0.18485027882787916
230,230,230,230,230,230,230,1-11205,10,15,1-11205,56,1,0,14,10.31645405292511,0.1842223938022341
372,372,372,372,372,372,372,1-3300,23,4,1-3300,29,0,0,8,5.32368803024292,0.18357544931872138
95,95,95,95,95,95,95,1-9100,10,15,1-9100,142,8,0,27,25.967447102069855,0.18286934578922434
347,347,347,347,347,347,347,7W2-0103,12,13,7W2-0103,33,2,0,6,5.99276602268219,0.18159897038430878
220,220,220,220,220,220,220,1-7936,23,4,1-7936,59,0,0,16,10.64737606048584,0.18046400102518373
161,161,161,161,161,161,161,1-7636,18,8,1-7636,83,3,0,18,14.97829806804657,0.18046142250658517
320,320,320,320,320,320,320,1-5109,15,10,1-5109,37,2,0,7,6.658227026462555,0.17995208179628527
490,490,490,490,490,490,490,1-2318,20,6,1-2318,13,1,0,2,2.33092200756073,0.17930169288928693
242,242,242,242,242,242,242,1-18469,3,17,1-18469,54,1,0,13,9.650993049144745,0.17872209350268045
97,97,97,97,97,97,97,1-4654,5,19,1-4654,138,16,0,13,24.650993049144745,0.17863038441409235
117,117,117,117,117,117,117,1-3246,2,2,1-3246,116,12,0,13,20.650993049144745,0.17802580214779953
361,361,361,361,361,361,361,1-6199,21,5,1-6199,30,4,0,2,5.33092200756073,0.17769740025202432
463,463,463,463,463,463,463,1-9522,20,6,1-9522,17,1,0,3,2.996383011341095,0.176257824196535
459,459,459,459,459,459,459,1-17979,23,4,1-17979,17,1,0,3,2.996383011341095,0.176257824196535
46,46,46,46,46,46,46,1-3056,4,18,1-3056,250,40,0,6,43.99276602268219,0.17597106409072877
82,82,82,82,82,82,82,MLG33,23,4,MLG33,161,15,0,20,28.3092200756073,0.17583366506588385
135,135,135,135,135,135,135,1-7057,11,14,1-7057,105,7,0,17,18.312837064266205,0.17440797204063052
5,5,5,5,5,5,5,1-8611,12,13,1-8611,621,40,0,102,107.87702238559723,0.17371501189307123
41,41,41,41,41,41,41,MLG70,13,12,MLG70,269,18,0,43,46.614823162555695,0.17328930543701002
106,106,106,106,106,106,106,1-7872,7,23,1-7872,124,2,0,29,21.298369109630585,0.17176104120669827
344,344,344,344,344,344,344,1-7781,13,12,1-7781,33,3,0,4,5.66184401512146,0.17157103076125635
165,165,165,165,165,165,165,1-8368,5,19,1-8368,80,3,0,16,13.64737606048584,0.170592200756073
291,291,291,291,291,291,291,1-11045,23,4,1-11045,43,6,0,2,7.33092200756073,0.17048655831536583
58,58,58,58,58,58,58,MLG53,16,25,MLG53,216,0,0,55,36.600355207920074,0.1694460889255559
197,197,197,197,197,197,197,MLG27,23,4,MLG27,67,6,0,8,11.32368803024292,0.1690102691081033
63,63,63,63,63,63,63,1-5531,11,14,1-5531,199,22,0,17,33.312837064266205,0.16740119127771963
473,473,473,473,473,473,473,1-3371,23,4,1-3371,16,2,0,1,2.665461003780365,0.1665913127362728
265,265,265,265,265,265,265,1-8711,21,5,1-8711,48,6,0,3,7.996383011341095,0.1665913127362728
511,511,511,511,511,511,511,1-7707,8,21,1-7707,10,1,0,1,1.665461003780365,0.1665461003780365
479,479,479,479,479,479,479,1-8090,15,10,1-8090,14,1,0,2,2.33092200756073,0.1664944291114807
330,330,330,330,330,330,330,1-9499,23,4,1-9499,36,2,0,6,5.99276602268219,0.16646572285228306
458,458,458,458,458,458,458,1-8747,17,9,1-8747,18,1,0,3,2.996383011341095,0.16646572285228306
437,437,437,437,437,437,437,1-11533,8,21,1-11533,20,0,0,5,3.327305018901825,0.16636525094509125
524,524,524,524,524,524,524,1-6015,18,8,1-6015,8,0,0,2,1.33092200756073,0.16636525094509125
554,554,554,554,554,554,554,1-10217,8,21,1-10217,4,0,0,1,0.665461003780365,0.16636525094509125
530,530,530,530,530,530,530,1-3727,17,9,1-3727,8,0,0,2,1.33092200756073,0.16636525094509125
528,528,528,528,528,528,528,1-3369,10,15,1-3369,8,0,0,2,1.33092200756073,0.16636525094509125
133,133,133,133,133,133,133,MLG47,15,10,MLG47,106,0,0,26,17.30198609828949,0.16322628394612726
104,104,104,104,104,104,104,MLG64,2,2,MLG64,129,9,0,18,20.97829806804657,0.16262246564377186
137,137,137,137,137,137,137,1-3135,14,11,1-3135,101,1,0,23,16.305603086948395,0.16144161472226135
352,352,352,352,352,352,352,1-8853,5,19,1-8853,33,0,0,8,5.32368803024292,0.1613238797043309
18,18,18,18,18,18,18,1-5635,18,8,1-5635,417,49,0,27,66.96744710206985,0.16059339832630662
231,231,231,231,231,231,231,1-8044,14,11,1-8044,56,1,0,12,8.98553204536438,0.1604559293815068
48,48,48,48,48,48,48,1-4766,19,7,1-4766,249,2,0,57,39.931277215480804,0.16036657516257352
284,284,284,284,284,284,284,1-18635,23,4,1-18635,44,5,0,3,6.996383011341095,0.1590087048032067
236,236,236,236,236,236,236,1-8053,2,2,1-8053,55,2,0,10,8.65461003780365,0.15735654614188455
79,79,79,79,79,79,79,MLG57,23,4,MLG57,165,5,0,31,25.629291117191315,0.15532903707388676
1,1,1,1,1,1,1,MLG02,15,10,MLG02,755,92,0,36,115.95659613609314,0.15358489554449423
259,259,259,259,259,259,259,1-2432,23,4,1-2432,50,1,0,10,7.65461003780365,0.153092200756073
322,322,322,322,322,322,322,1-18435,4,18,1-18435,37,3,0,4,5.66184401512146,0.15302281121949893
44,44,44,44,44,44,44,1-8371,2,2,1-8371,255,9,0,45,38.945745170116425,0.1527284124318291
417,417,417,417,417,417,417,1-9115,11,14,1-9115,22,0,0,5,3.327305018901825,0.1512411372228102
422,422,422,422,422,422,422,1-17969,11,14,1-17969,22,0,0,5,3.327305018901825,0.1512411372228102
301,301,301,301,301,301,301,1-3469,3,17,1-3469,40,2,0,6,5.99276602268219,0.14981915056705475
181,181,181,181,181,181,181,1-8678,21,5,1-8678,74,9,0,3,10.996383011341095,0.14859977042352832
205,205,205,205,205,205,205,1-0447,11,14,1-0447,65,1,0,13,9.650993049144745,0.1484768161406884
517,517,517,517,517,517,517,MLG77,17,9,MLG77,9,0,0,2,1.33092200756073,0.14788022306230333
450,450,450,450,450,450,450,1-3301,7,23,1-3301,18,0,0,4,2.66184401512146,0.14788022306230333
129,129,129,129,129,129,129,MLG56,2,2,MLG56,109,4,0,18,15.97829806804657,0.14658989053253735
311,311,311,311,311,311,311,1-1047,5,19,1-1047,39,1,0,7,5.658227026462555,0.14508274426827064
409,409,409,409,409,409,409,1-9245,9,16,1-9245,23,2,0,2,3.33092200756073,0.1448226959809013
174,174,174,174,174,174,174,MLG17,8,21,MLG17,76,1,0,15,10.981915056705475,0.14449888232507205
251,251,251,251,251,251,251,1-8287,20,6,1-8287,53,3,0,7,7.658227026462555,0.14449484955589725
486,486,486,486,486,486,486,1-7444,21,5,1-7444,14,2,0,0,2.0,0.14285714285714285
335,335,335,335,335,335,335,1-1763,5,19,1-1763,35,1,0,6,4.99276602268219,0.1426504577909197
115,115,115,115,115,115,115,1-3174,5,19,1-3174,117,6,0,16,16.64737606048584,0.14228526547423795
272,272,272,272,272,272,272,1-8951,17,9,1-8951,47,0,0,10,6.65461003780365,0.14158744761284361
200,200,200,200,200,200,200,MLG58,8,21,MLG58,66,2,0,11,9.320071041584015,0.1412131975997578
389,389,389,389,389,389,389,1-8691,23,4,1-8691,26,1,0,4,3.66184401512146,0.14084015442774847
21,21,21,21,21,21,21,1-1633,5,19,1-1633,399,18,0,57,55.931277215480804,0.1401786396377965
257,257,257,257,257,257,257,1-8057,21,5,1-8057,50,7,0,0,7.0,0.14
234,234,234,234,234,234,234,1-10800,17,9,1-10800,55,1,0,10,7.65461003780365,0.13917472796006636
505,505,505,505,505,505,505,MLG25,2,2,MLG25,12,1,0,1,1.665461003780365,0.13878841698169708
312,312,312,312,312,312,312,1-8864,23,4,1-8864,39,2,0,5,5.327305018901825,0.13659756458722627
136,136,136,136,136,136,136,1-7720,10,15,1-7720,102,3,0,16,13.64737606048584,0.13379780451456705
208,208,208,208,208,208,208,1-6214,10,15,1-6214,65,4,0,7,8.658227026462555,0.13320349271480852
281,281,281,281,281,281,281,1-7622,10,15,1-7622,45,2,0,6,5.99276602268219,0.13317257828182644
78,78,78,78,78,78,78,1-5642,21,5,1-5642,166,12,0,15,21.981915056705475,0.13242117504039444
383,383,383,383,383,383,383,1-9182,7,23,1-9182,28,1,0,4,3.66184401512146,0.130780143397195
412,412,412,412,412,412,412,1-7770,6,22,1-7770,23,3,0,0,3.0,0.13043478260869565
411,411,411,411,411,411,411,1-8186,2,2,1-8186,23,1,0,3,2.996383011341095,0.13027752223222153
126,126,126,126,126,126,126,1-8121,5,19,1-8121,110,7,0,11,14.320071041584015,0.13018246401440015
62,62,62,62,62,62,62,1-1131,2,2,1-1131,200,12,0,21,25.974681079387665,0.1298734053969383
359,359,359,359,359,359,359,1-6168,10,15,1-6168,31,2,0,3,3.996383011341095,0.12891558101100306
388,388,388,388,388,388,388,1-7776,18,8,1-7776,26,2,0,2,3.33092200756073,0.12811238490618193
386,386,386,386,386,386,386,MLG38,23,4,MLG38,26,0,0,5,3.327305018901825,0.1279732699577625
40,40,40,40,40,40,40,1-1070,11,14,1-1070,280,15,0,31,35.629291117191315,0.12724746827568326
427,427,427,427,427,427,427,1-9287,14,11,1-9287,21,2,0,1,2.665461003780365,0.12692671446573167
158,158,158,158,158,158,158,1-7107,23,4,1-7107,84,4,0,10,10.65461003780365,0.12684059568813869
468,468,468,468,468,468,468,1-9316,18,8,1-9316,16,2,0,0,2.0,0.125
404,404,404,404,404,404,404,1-6559,1,1,1-6559,24,3,0,0,3.0,0.125
471,471,471,471,471,471,471,1-9396,1,1,1-9396,16,2,0,0,2.0,0.125
475,475,475,475,475,475,475,1-9548,8,21,1-9548,16,0,0,3,1.996383011341095,0.12477393820881844
469,469,469,469,469,469,469,1-9095,23,4,1-9095,16,0,0,3,1.996383011341095,0.12477393820881844
140,140,140,140,140,140,140,MLG51,15,10,MLG51,99,5,0,11,12.320071041584015,0.12444516203620216
150,150,150,150,150,150,150,1-7539,14,11,1-7539,91,2,0,14,11.31645405292511,0.12435663794423198
221,221,221,221,221,221,221,1-5185,3,17,1-5185,59,4,0,5,7.327305018901825,0.12419161048986144
290,290,290,290,290,290,290,1-7348,18,8,1-7348,43,2,0,5,5.327305018901825,0.12389081439306569
80,80,80,80,80,80,80,1-9340,12,13,1-9340,163,6,0,21,19.974681079387665,0.12254405570176481
363,363,363,363,363,363,363,1-10294,15,10,1-10294,30,3,0,1,3.665461003780365,0.1221820334593455
55,55,55,55,55,55,55,MLG13,8,21,MLG13,225,14,0,20,27.3092200756073,0.12137431144714356
424,424,424,424,424,424,424,1-18869,18,8,1-18869,22,2,0,1,2.665461003780365,0.12115731835365295
283,283,283,283,283,283,283,1-8973,17,9,1-8973,44,2,0,5,5.327305018901825,0.12107511406595056
426,426,426,426,426,426,426,1-20040,10,15,1-20040,22,0,0,4,2.66184401512146,0.12099290977824818
185,185,185,185,185,185,185,MLG42,16,25,MLG42,72,0,0,13,8.650993049144745,0.12015268123812145
397,397,397,397,397,397,397,1-19851,5,19,1-19851,25,1,0,3,2.996383011341095,0.1198553204536438
314,314,314,314,314,314,314,1-18973,10,15,1-18973,39,0,0,7,4.658227026462555,0.119441718627245
263,263,263,263,263,263,263,1-7464,12,13,1-7464,48,3,0,4,5.66184401512146,0.11795508364836375
29,29,29,29,29,29,29,1-7462,9,16,1-7462,336,28,0,17,39.312837064266205,0.11700249126269704
57,57,57,57,57,57,57,MLG61,2,2,MLG61,218,3,0,33,24.960213124752045,0.11449639048051397
19,19,19,19,19,19,19,1-2272,12,13,1-2272,412,13,0,51,46.938511192798615,0.11392842522523935
175,175,175,175,175,175,175,1-7625,2,2,1-7625,76,4,0,7,8.658227026462555,0.11392403982187572
10,10,10,10,10,10,10,MLG08,8,21,MLG08,532,11,0,74,60.24411427974701,0.11324081631531392
244,244,244,244,244,244,244,1-7332,23,4,1-7332,53,0,0,9,5.989149034023285,0.1130028119627035
523,523,523,523,523,523,523,1-3699,3,17,1-3699,9,1,0,0,1.0,0.1111111111111111
348,348,348,348,348,348,348,1-0997,7,23,1-0997,33,1,0,4,3.66184401512146,0.11096497015519576
369,369,369,369,369,369,369,1-9217,8,21,1-9217,30,0,0,5,3.327305018901825,0.1109101672967275
500,500,500,500,500,500,500,1-19859,8,21,1-19859,12,0,0,2,1.33092200756073,0.1109101672967275
502,502,502,502,502,502,502,1-0305,16,25,1-0305,12,0,0,2,1.33092200756073,0.1109101672967275
538,538,538,538,538,538,538,1-5965,12,13,1-5965,6,0,0,1,0.665461003780365,0.1109101672967275
366,366,366,366,366,366,366,1-8928,23,4,1-8928,30,0,0,5,3.327305018901825,0.1109101672967275
87,87,87,87,87,87,87,1-2742,12,13,1-2742,154,7,0,15,16.981915056705475,0.11027217569289269
321,321,321,321,321,321,321,1-3257,8,21,1-3257,37,0,0,6,3.99276602268219,0.10791259520762675
190,190,190,190,190,190,190,1-1176,5,19,1-1176,69,0,0,11,7.320071041584015,0.10608798610991325
315,315,315,315,315,315,315,1-6764,22,27,1-6764,38,0,0,6,3.99276602268219,0.10507279007058394
309,309,309,309,309,309,309,1-9543,23,4,1-9543,39,2,0,3,3.996383011341095,0.10247135926515628
252,252,252,252,252,252,252,1-8735,23,4,1-8735,52,0,0,8,5.32368803024292,0.10237861596621
408,408,408,408,408,408,408,1-7987,12,13,1-7987,23,1,0,2,2.33092200756073,0.10134443511133609
169,169,169,169,169,169,169,1-6591,20,6,1-6591,79,4,0,6,7.99276602268219,0.10117425345167329
349,349,349,349,349,349,349,1-7429,11,14,1-7429,33,2,0,2,3.33092200756073,0.10093703053214333
157,157,157,157,157,157,157,1-7547,23,4,1-7547,86,6,0,4,8.66184401512146,0.1007191164549007
249,249,249,249,249,249,249,1-11438,5,19,1-11438,53,4,0,2,5.33092200756073,0.10058343410491943
72,72,72,72,72,72,72,1-0918,5,19,1-0918,179,2,0,24,17.97106409072876,0.10039700609345675
442,442,442,442,442,442,442,1-9232,1,1,1-9232,20,2,0,0,2.0,0.1
436,436,436,436,436,436,436,1-3182,2,2,1-3182,20,0,0,3,1.996383011341095,0.09981915056705475
438,438,438,438,438,438,438,1-9458,14,11,1-9458,20,0,0,3,1.996383011341095,0.09981915056705475
45,45,45,45,45,45,45,1-2292,21,5,1-2292,252,17,0,12,24.98553204536438,0.0991489366879539
226,226,226,226,226,226,226,1-7403,21,5,1-7403,58,5,0,1,5.665461003780365,0.09768036213414423
533,533,533,533,533,533,533,1-9600,18,8,1-9600,7,0,0,1,0.665461003780365,0.09506585768290929
75,75,75,75,75,75,75,MLG73,15,10,MLG73,173,13,0,5,16.327305018901825,0.09437748565839205
224,224,224,224,224,224,224,1-8087,16,25,1-8087,58,0,0,8,5.32368803024292,0.09178772465936069
375,375,375,375,375,375,375,1-8187,16,25,1-8187,29,0,0,4,2.66184401512146,0.09178772465936069
509,509,509,509,509,509,509,1-0337,4,18,1-0337,11,1,0,0,1.0,0.09090909090909091
20,20,20,20,20,20,20,1-0708,11,14,1-0708,408,25,0,18,36.97829806804657,0.09063308350011415
323,323,323,323,323,323,323,1-8613,16,25,1-8613,37,0,0,5,3.327305018901825,0.0899271626730223
65,65,65,65,65,65,65,1-7460,13,12,1-7460,194,8,0,14,17.31645405292511,0.0892600724377583
448,448,448,448,448,448,448,1-1959,5,19,1-1959,19,1,0,1,1.665461003780365,0.08765584230422974
415,415,415,415,415,415,415,1-7621,19,7,1-7621,23,0,0,3,1.996383011341095,0.0867992613626563
121,121,121,121,121,121,121,MLG52,19,7,MLG52,112,3,0,10,9.65461003780365,0.08620187533753258
26,26,26,26,26,26,26,1-3047,11,14,1-3047,360,17,0,20,30.3092200756073,0.08419227798779806
9,9,9,9,9,9,9,MLG63,2,2,MLG63,543,19,0,40,45.6184401512146,0.08401186031531234
218,218,218,218,218,218,218,1-9351,1,1,1-9351,60,5,0,0,5.0,0.08333333333333333
110,110,110,110,110,110,110,1-9114,5,19,1-9114,120,2,0,12,9.98553204536438,0.08321276704470316
525,525,525,525,525,525,525,1-19067,9,16,1-19067,8,0,0,1,0.665461003780365,0.08318262547254562
148,148,148,148,148,148,148,1-6677,5,19,1-6677,94,3,0,7,7.658227026462555,0.08147050028151655
60,60,60,60,60,60,60,1-6678,19,7,1-6678,213,6,0,17,17.312837064266205,0.08128092518434837
74,74,74,74,74,74,74,MLG09,6,22,MLG09,174,14,0,0,14.0,0.08045977011494253
274,274,274,274,274,274,274,1-7723,14,11,1-7723,46,1,0,4,3.66184401512146,0.07960530467655348
343,343,343,343,343,343,343,1-11132,16,25,1-11132,34,0,0,4,2.66184401512146,0.07828952985651352
217,217,217,217,217,217,217,1-19884,23,4,1-19884,60,4,0,1,4.665461003780365,0.07775768339633941
8,8,8,8,8,8,8,MLG15,7,23,MLG15,559,14,0,44,43.28028416633606,0.07742447972510923
268,268,268,268,268,268,268,1-2083,18,8,1-2083,48,1,0,4,3.66184401512146,0.07628841698169708
187,187,187,187,187,187,187,MLG82,16,25,MLG82,71,0,0,8,5.32368803024292,0.07498152155271719
176,176,176,176,176,176,176,1-7733,7,23,1-7733,76,1,0,7,5.658227026462555,0.07445035561134941
145,145,145,145,145,145,145,1-7589,18,8,1-7589,95,1,0,9,6.989149034023285,0.07356998983182406
192,192,192,192,192,192,192,1-3254,6,22,1-3254,68,5,0,0,5.0,0.07352941176470588
275,275,275,275,275,275,275,1-3477,8,21,1-3477,46,0,0,5,3.327305018901825,0.07233271780221359
201,201,201,201,201,201,201,1-9515,5,19,1-9515,66,0,0,7,4.658227026462555,0.07057919737064478
318,318,318,318,318,318,318,1-7655,4,18,1-7655,38,2,0,1,2.665461003780365,0.07014371062579908
228,228,228,228,228,228,228,1-17959,18,8,1-17959,57,0,0,6,3.99276602268219,0.07004852671372264
373,373,373,373,373,373,373,1-18794,11,14,1-18794,29,2,0,0,2.0,0.06896551724137931
102,102,102,102,102,102,102,MLG76,3,17,MLG76,131,5,0,6,8.99276602268219,0.06864706887543656
441,441,441,441,441,441,441,1-19987,12,13,1-19987,20,0,0,2,1.33092200756073,0.0665461003780365
299,299,299,299,299,299,299,1-0754,7,23,1-0754,41,0,0,4,2.66184401512146,0.06492302475906
331,331,331,331,331,331,331,1-17970,23,4,1-17970,36,1,0,2,2.33092200756073,0.06474783354335362
210,210,210,210,210,210,210,1-1514,1,1,1-1514,64,4,0,0,4.0,0.0625
124,124,124,124,124,124,124,1-8480,11,14,1-8480,112,1,0,9,6.989149034023285,0.0624031163752079
13,13,13,13,13,13,13,MLG11,4,18,MLG11,493,16,0,22,30.64014208316803,0.062150389621030484
143,143,143,143,143,143,143,1-12345,5,19,1-12345,97,2,0,6,5.99276602268219,0.061781093017342165
49,49,49,49,49,49,49,1-19257,1,1,1-19257,246,15,0,0,15.0,0.06097560975609756
345,345,345,345,345,345,345,1-7883,6,22,1-7883,33,2,0,0,2.0,0.06060606060606061
507,507,507,507,507,507,507,1-6608,13,12,1-6608,11,0,0,1,0.665461003780365,0.06049645488912409
350,350,350,350,350,350,350,1-3491,16,25,1-3491,33,0,0,3,1.996383011341095,0.06049645488912409
171,171,171,171,171,171,171,1-6637,23,4,1-6637,78,0,0,7,4.658227026462555,0.0597208593136225
461,461,461,461,461,461,461,1-1067,1,1,1-1067,17,1,0,0,1.0,0.058823529411764705
38,38,38,38,38,38,38,1-5899,6,22,1-5899,288,16,0,0,16.0,0.05555555555555555
326,326,326,326,326,326,326,1-6835,22,27,1-6835,36,0,0,3,1.996383011341095,0.05545508364836375
398,398,398,398,398,398,398,1-8914,7,23,1-8914,25,0,0,2,1.33092200756073,0.0532368803024292
395,395,395,395,395,395,395,1-1958,7,23,1-1958,25,0,0,2,1.33092200756073,0.0532368803024292
147,147,147,147,147,147,147,MLG78,18,8,MLG78,94,5,0,0,5.0,0.05319148936170213
449,449,449,449,449,449,449,1-5154,1,1,1-5154,19,1,0,0,1.0,0.05263157894736842
494,494,494,494,494,494,494,1-3631,15,10,1-3631,13,0,0,1,0.665461003780365,0.051189307983105
33,33,33,33,33,33,33,1-18507,7,23,1-18507,320,4,0,18,15.97829806804657,0.04993218146264553
384,384,384,384,384,384,384,1-7567,13,12,1-7567,27,0,0,2,1.33092200756073,0.04929340768743445
339,339,339,339,339,339,339,1-8126,4,18,1-8126,34,1,0,1,1.665461003780365,0.04898414717001073
266,266,266,266,266,266,266,1-1025,23,4,1-1025,48,1,0,2,2.33092200756073,0.048560875157515206
144,144,144,144,144,144,144,1-7187,22,27,1-7187,96,0,0,7,4.658227026462555,0.04852319819231828
429,429,429,429,429,429,429,1-9135,1,1,1-9135,21,1,0,0,1.0,0.047619047619047616
39,39,39,39,39,39,39,1-7172,1,1,1-7172,284,13,0,0,13.0,0.045774647887323945
421,421,421,421,421,421,421,1-8162,1,1,1-8162,22,1,0,0,1.0,0.045454545454545456
223,223,223,223,223,223,223,1-5686,16,25,1-5686,59,0,0,4,2.66184401512146,0.04511600025629593
277,277,277,277,277,277,277,1-7418,6,22,1-7418,45,2,0,0,2.0,0.044444444444444446
477,477,477,477,477,477,477,1-9412,22,27,1-9412,15,0,0,1,0.665461003780365,0.044364066918691
7,7,7,7,7,7,7,MLG12,6,22,MLG12,569,25,0,0,25.0,0.043936731107205626
360,360,360,360,360,360,360,1-20100,14,11,1-20100,31,0,0,2,1.33092200756073,0.042932967985829996
188,188,188,188,188,188,188,1-6506,5,19,1-6506,70,1,0,3,2.996383011341095,0.04280547159058707
112,112,112,112,112,112,112,1-1166,1,1,1-1166,118,5,0,0,5.0,0.0423728813559322
407,407,407,407,407,407,407,1-0295,1,1,1-0295,24,1,0,0,1.0,0.041666666666666664
269,269,269,269,269,269,269,1-1964,11,14,1-1964,48,0,0,3,1.996383011341095,0.04159131273627281
467,467,467,467,467,467,467,1-9197,18,8,1-9197,16,0,0,1,0.665461003780365,0.04159131273627281
293,293,293,293,293,293,293,1-8545,15,10,1-8545,42,1,0,1,1.665461003780365,0.03965383342334202
462,462,462,462,462,462,462,1-7430,11,14,1-7430,17,0,0,1,0.665461003780365,0.03914476492825676
91,91,91,91,91,91,91,1-6684,4,18,1-6684,145,3,0,4,5.66184401512146,0.03904720010428593
11,11,11,11,11,11,11,1-19755,1,1,1-19755,517,20,0,0,20.0,0.03868471953578337
156,156,156,156,156,156,156,MLG83,22,27,MLG83,88,0,0,5,3.327305018901825,0.03781028430570255
88,88,88,88,88,88,88,MLG68,9,16,MLG68,152,5,0,1,5.665461003780365,0.037272769761712926
325,325,325,325,325,325,325,1-6543,22,27,1-6543,36,0,0,2,1.33092200756073,0.036970055765575834
456,456,456,456,456,456,456,1-9586,18,8,1-9586,18,0,0,1,0.665461003780365,0.036970055765575834
329,329,329,329,329,329,329,1-8859,19,7,1-8859,36,0,0,2,1.33092200756073,0.036970055765575834
379,379,379,379,379,379,379,1-11388,12,13,1-11388,28,1,0,0,1.0,0.03571428571428571
54,54,54,54,54,54,54,MLG66,1,1,MLG66,229,8,0,0,8.0,0.034934497816593885
198,198,198,198,198,198,198,1-8630,19,7,1-8630,67,1,0,2,2.33092200756073,0.034789880709861644
85,85,85,85,85,85,85,MLG26,22,27,MLG26,155,0,0,8,5.32368803024292,0.034346374388664
141,141,141,141,141,141,141,1-7081,9,16,1-7081,99,0,0,5,3.327305018901825,0.03360914160506894
368,368,368,368,368,368,368,1-18927,1,1,1-18927,30,1,0,0,1.0,0.03333333333333333
443,443,443,443,443,443,443,1-4136,12,13,1-4136,20,0,0,1,0.665461003780365,0.03327305018901825
163,163,163,163,163,163,163,1-7870,23,4,1-7870,82,0,0,4,2.66184401512146,0.03246151237953
101,101,101,101,101,101,101,1-1655,6,22,1-1655,132,4,0,0,4.0,0.030303030303030304
418,418,418,418,418,418,418,1-9121,4,18,1-9121,22,0,0,1,0.665461003780365,0.030248227444562046
77,77,77,77,77,77,77,MLG50,7,23,MLG50,168,3,0,3,4.996383011341095,0.029740375067506517
194,194,194,194,194,194,194,1-8628,20,6,1-8628,68,0,0,3,1.996383011341095,0.029358573696192575
402,402,402,402,402,402,402,1-9123,12,13,1-9123,24,0,0,1,0.665461003780365,0.027727541824181873
260,260,260,260,260,260,260,MLG24,16,25,MLG24,49,0,0,2,1.33092200756073,0.027161673623688366
56,56,56,56,56,56,56,1-4874,6,22,1-4874,224,6,0,0,6.0,0.026785714285714284
394,394,394,394,394,394,394,1-7449,12,13,1-7449,25,0,0,1,0.665461003780365,0.0266184401512146
316,316,316,316,316,316,316,1-3216,1,1,1-3216,38,1,0,0,1.0,0.02631578947368421
313,313,313,313,313,313,313,1-8834,6,22,1-8834,39,1,0,0,1.0,0.02564102564102564
392,392,392,392,392,392,392,1-7499,20,6,1-7499,26,0,0,1,0.665461003780365,0.0255946539915525
93,93,93,93,93,93,93,MLG71,7,23,MLG71,144,1,0,4,3.66184401512146,0.02542947232723236
52,52,52,52,52,52,52,1-7302,1,1,1-7302,240,6,0,0,6.0,0.025
307,307,307,307,307,307,307,1-7579,1,1,1-7579,40,1,0,0,1.0,0.025
127,127,127,127,127,127,127,MLG55,22,27,MLG55,110,0,0,4,2.66184401512146,0.024198581955649636
378,378,378,378,378,378,378,1-6496,23,4,1-6496,28,0,0,1,0.665461003780365,0.023766464420727322
289,289,289,289,289,289,289,1-7390,1,1,1-7390,43,1,0,0,1.0,0.023255813953488372
222,222,222,222,222,222,222,1-5159,4,18,1-5159,59,0,0,2,1.33092200756073,0.022558000128147966
173,173,173,173,173,173,173,1-9276,19,7,1-9276,77,1,0,1,1.665461003780365,0.021629363685459285
354,354,354,354,354,354,354,1-6661,18,8,1-6661,32,0,0,1,0.665461003780365,0.020795656368136406
328,328,328,328,328,328,328,1-2699,7,23,1-2699,36,0,0,1,0.665461003780365,0.018485027882787917
90,90,90,90,90,90,90,1-1099,3,17,1-1099,149,2,0,1,2.665461003780365,0.01788900002537158
232,232,232,232,232,232,232,1-18412,9,16,1-18412,56,1,0,0,1.0,0.017857142857142856
179,179,179,179,179,179,179,1-7900,16,25,1-7900,75,0,0,2,1.33092200756073,0.0177456267674764
116,116,116,116,116,116,116,MLG48,1,1,MLG48,116,2,0,0,2.0,0.017241379310344827
215,215,215,215,215,215,215,1-0455,1,1,1-0455,60,1,0,0,1.0,0.016666666666666666
211,211,211,211,211,211,211,1-9644,6,22,1-9644,63,1,0,0,1.0,0.015873015873015872
209,209,209,209,209,209,209,1-6249,1,1,1-6249,64,1,0,0,1.0,0.015625
125,125,125,125,125,125,125,1-9260,11,14,1-9260,111,1,0,1,1.665461003780365,0.015004153187210495
276,276,276,276,276,276,276,1-3075,23,4,1-3075,45,0,0,1,0.665461003780365,0.014788022306230332
149,149,149,149,149,149,149,MLG29,22,27,MLG29,93,0,0,2,1.33092200756073,0.01431098932861
258,258,258,258,258,258,258,MLG37,22,27,MLG37,50,0,0,1,0.665461003780365,0.0133092200756073
245,245,245,245,245,245,245,1-8729,23,4,1-8729,53,0,0,1,0.665461003780365,0.012555867995855943
159,159,159,159,159,159,159,1-5687,6,22,1-5687,83,1,0,0,1.0,0.012048192771084338
142,142,142,142,142,142,142,1-9341,21,5,1-9341,98,1,0,0,1.0,0.01020408163265306
195,195,195,195,195,195,195,1-6625,22,27,1-6625,67,0,0,1,0.665461003780365,0.009932253787766642
98,98,98,98,98,98,98,MLG36,22,27,MLG36,136,0,0,2,1.33092200756073,0.00978619123206419
167,167,167,167,167,167,167,MLG32,22,27,MLG32,79,0,0,1,0.665461003780365,0.008423557009878038
71,71,71,71,71,71,71,MLG45,22,27,MLG45,179,0,0,2,1.33092200756073,0.007435318477992905
286,286,286,286,286,286,286,1-3489,23,4,1-3489,43,0,0,0,0.0,0.0
292,292,292,292,292,292,292,MLG31,22,27,MLG31,42,0,0,0,0.0,0.0
294,294,294,294,294,294,294,1-3081,11,14,1-3081,42,0,0,0,0.0,0.0
295,295,295,295,295,295,295,1-7581,6,22,1-7581,42,0,0,0,0.0,0.0
296,296,296,296,296,296,296,1-7326,17,9,1-7326,42,0,0,0,0.0,0.0
285,285,285,285,285,285,285,1-18816,1,1,1-18816,44,0,0,0,0.0,0.0
280,280,280,280,280,280,280,1-20045,1,1,1-20045,45,0,0,0,0.0,0.0
273,273,273,273,273,273,273,1-8537,11,14,1-8537,47,0,0,0,0.0,0.0
261,261,261,261,261,261,261,1-18956,1,1,1-18956,49,0,0,0,0.0,0.0
504,504,504,504,504,504,504,1-7721,22,27,1-7721,12,0,0,0,0.0,0.0
499,499,499,499,499,499,499,1-20780,12,13,1-20780,12,0,0,0,0.0,0.0
498,498,498,498,498,498,498,1-7472,1,1,1-7472,12,0,0,0,0.0,0.0
497,497,497,497,497,497,497,1-8039,19,7,1-8039,12,0,0,0,0.0,0.0
496,496,496,496,496,496,496,1-7712,1,1,1-7712,12,0,0,0,0.0,0.0
495,495,495,495,495,495,495,1-3309,14,11,1-3309,12,0,0,0,0.0,0.0
572,572,572,572,572,572,572,1-21180,11,14,1-21180,1,0,0,0,0.0,0.0
571,571,571,571,571,571,571,1-9958,23,4,1-9958,1,0,0,0,0.0,0.0
575,575,575,575,575,575,575,1-4387,1,1,1-4387,1,0,0,0,0.0,0.0
574,574,574,574,574,574,574,1-4618,23,4,1-4618,1,0,0,0,0.0,0.0
466,466,466,466,466,466,466,MLG04,1,1,MLG04,16,0,0,0,0.0,0.0
297,297,297,297,297,297,297,1-6101,16,25,1-6101,41,0,0,0,0.0,0.0
561,561,561,561,561,561,561,1-8940,23,4,1-8940,3,0,0,0,0.0,0.0
546,546,546,546,546,546,546,1-7834,16,25,1-7834,4,0,0,0,0.0,0.0
547,547,547,547,547,547,547,1-3100,4,18,1-3100,4,0,0,0,0.0,0.0
548,548,548,548,548,548,548,1-9621,1,1,1-9621,4,0,0,0,0.0,0.0
549,549,549,549,549,549,549,1-9643,12,13,1-9643,4,0,0,0,0.0,0.0
527,527,527,527,527,527,527,1-7711,11,14,1-7711,8,0,0,0,0.0,0.0
529,529,529,529,529,529,529,1-9466,18,8,1-9466,8,0,0,0,0.0,0.0
573,573,573,573,573,573,573,1-20283,1,1,1-20283,1,0,0,0,0.0,0.0
493,493,493,493,493,493,493,1-9318,23,4,1-9318,13,0,0,0,0.0,0.0
537,537,537,537,537,537,537,P1-6891,9,16,P1-6891,7,0,0,0,0.0,0.0
551,551,551,551,551,551,551,1-10622,23,4,1-10622,4,0,0,0,0.0,0.0
553,553,553,553,553,553,553,1-7356,23,4,1-7356,4,0,0,0,0.0,0.0
556,556,556,556,556,556,556,1-19989,23,4,1-19989,4,0,0,0,0.0,0.0
544,544,544,544,544,544,544,1-21411,1,1,1-21411,5,0,0,0,0.0,0.0
489,489,489,489,489,489,489,MLG05,1,1,MLG05,14,0,0,0,0.0,0.0
491,491,491,491,491,491,491,1-9259,19,7,1-9259,13,0,0,0,0.0,0.0
531,531,531,531,531,531,531,1-7178,1,1,1-7178,8,0,0,0,0.0,0.0
300,300,300,300,300,300,300,1-3077,1,1,1-3077,41,0,0,0,0.0,0.0
563,563,563,563,563,563,563,1-5713,5,19,1-5713,2,0,0,0,0.0,0.0
564,564,564,564,564,564,564,1-5146,1,1,1-5146,2,0,0,0,0.0,0.0
565,565,565,565,565,565,565,1-3739,1,1,1-3739,2,0,0,0,0.0,0.0
566,566,566,566,566,566,566,1-3380,1,1,1-3380,2,0,0,0,0.0,0.0
567,567,567,567,567,567,567,1-9486,1,1,1-9486,2,0,0,0,0.0,0.0
568,568,568,568,568,568,568,1-9133,1,1,1-9133,2,0,0,0,0.0,0.0
559,559,559,559,559,559,559,1-5304,23,4,1-5304,3,0,0,0,0.0,0.0
570,570,570,570,570,570,570,1-7481,1,1,1-7481,1,0,0,0,0.0,0.0
470,470,470,470,470,470,470,1-8291,11,14,1-8291,16,0,0,0,0.0,0.0
474,474,474,474,474,474,474,1-19108,4,18,1-19108,16,0,0,0,0.0,0.0
478,478,478,478,478,478,478,1-8981,19,7,1-8981,15,0,0,0,0.0,0.0
540,540,540,540,540,540,540,1-3702,11,14,1-3702,6,0,0,0,0.0,0.0
542,542,542,542,542,542,542,1-9230,1,1,1-9230,5,0,0,0,0.0,0.0
545,545,545,545,545,545,545,1-9935,1,1,1-9935,5,0,0,0,0.0,0.0
558,558,558,558,558,558,558,1-5199,1,1,1-5199,3,0,0,0,0.0,0.0
569,569,569,569,569,569,569,1-5714,1,1,1-5714,1,0,0,0,0.0,0.0
396,396,396,396,396,396,396,1-20138,1,1,1-20138,25,0,0,0,0.0,0.0
390,390,390,390,390,390,390,1-7575,21,5,1-7575,26,0,0,0,0.0,0.0
387,387,387,387,387,387,387,1-6029,12,13,1-6029,26,0,0,0,0.0,0.0
385,385,385,385,385,385,385,1-10725,10,15,1-10725,27,0,0,0,0.0,0.0
327,327,327,327,327,327,327,1-6721,6,22,1-6721,36,0,0,0,0.0,0.0
253,253,253,253,253,253,253,1-2829,1,1,1-2829,52,0,0,0,0.0,0.0
250,250,250,250,250,250,250,1-8300,23,4,1-8300,53,0,0,0,0.0,0.0
233,233,233,233,233,233,233,1-8135,9,16,1-8135,56,0,0,0,0.0,0.0
182,182,182,182,182,182,182,MLG69,12,13,MLG69,73,0,0,0,0.0,0.0
337,337,337,337,337,337,337,1-3079,4,18,1-3079,34,0,0,0,0.0,0.0
336,336,336,336,336,336,336,7W2-19692,15,10,7W2-19692,34,0,0,0,0.0,0.0
334,334,334,334,334,334,334,1-9063,1,1,1-9063,35,0,0,0,0.0,0.0
333,333,333,333,333,333,333,1-11209,1,1,1-11209,35,0,0,0,0.0,0.0
522,522,522,522,522,522,522,1-3099,7,23,1-3099,9,0,0,0,0.0,0.0
380,380,380,380,380,380,380,1-20077,9,16,1-20077,28,0,0,0,0.0,0.0
371,371,371,371,371,371,371,1-9253,1,1,1-9253,30,0,0,0,0.0,0.0
341,341,341,341,341,341,341,1-0363,1,1,1-0363,34,0,0,0,0.0,0.0
532,532,532,532,532,532,532,1-18369,16,25,1-18369,7,0,0,0,0.0,0.0
487,487,487,487,487,487,487,1-2523,23,4,1-2523,14,0,0,0,0.0,0.0
485,485,485,485,485,485,485,1-9267,22,27,1-9267,14,0,0,0,0.0,0.0
484,484,484,484,484,484,484,1-9203,7,23,1-9203,14,0,0,0,0.0,0.0
483,483,483,483,483,483,483,1-6816,19,7,1-6816,14,0,0,0,0.0,0.0
482,482,482,482,482,482,482,1-18952,23,4,1-18952,14,0,0,0,0.0,0.0
562,562,562,562,562,562,562,1-8899,15,10,1-8899,3,0,0,0,0.0,0.0
488,488,488,488,488,488,488,1-2322,1,1,1-2322,14,0,0,0,0.0,0.0
536,536,536,536,536,536,536,1-4609,14,11,1-4609,7,0,0,0,0.0,0.0
534,534,534,534,534,534,534,1-7886,1,1,1-7886,7,0,0,0,0.0,0.0
543,543,543,543,543,543,543,1-18953,6,22,1-18953,5,0,0,0,0.0,0.0
332,332,332,332,332,332,332,1-3162,22,27,1-3162,35,0,0,0,0.0,0.0
465,465,465,465,465,465,465,1-7753,7,23,1-7753,17,0,0,0,0.0,0.0
464,464,464,464,464,464,464,1-8062,5,19,1-8062,17,0,0,0,0.0,0.0
460,460,460,460,460,460,460,1-7083,1,1,1-7083,17,0,0,0,0.0,0.0
510,510,510,510,510,510,510,1-8242,7,23,1-8242,11,0,0,0,0.0,0.0
506,506,506,506,506,506,506,1-19069,1,1,1-19069,11,0,0,0,0.0,0.0
557,557,557,557,557,557,557,1-5873,23,4,1-5873,3,0,0,0,0.0,0.0
521,521,521,521,521,521,521,1-17927,1,1,1-17927,9,0,0,0,0.0,0.0
519,519,519,519,519,519,519,1-10952,14,11,1-10952,9,0,0,0,0.0,0.0
518,518,518,518,518,518,518,1-4413,1,1,1-4413,9,0,0,0,0.0,0.0
515,515,515,515,515,515,515,1-2429,1,1,1-2429,10,0,0,0,0.0,0.0
439,439,439,439,439,439,439,1-8023,6,22,1-8023,20,0,0,0,0.0,0.0
435,435,435,435,435,435,435,1-10919,6,22,1-10919,20,0,0,0,0.0,0.0
193,193,193,193,193,193,193,1-7943,1,1,1-7943,68,0,0,0,0.0,0.0
434,434,434,434,434,434,434,1-11026,20,6,1-11026,21,0,0,0,0.0,0.0
365,365,365,365,365,365,365,1-19109,12,13,1-19109,30,0,0,0,0.0,0.0
431,431,431,431,431,431,431,1-6533,1,1,1-6533,21,0,0,0,0.0,0.0
420,420,420,420,420,420,420,MLG28,22,27,MLG28,22,0,0,0,0.0,0.0
419,419,419,419,419,419,419,1-7564,1,1,1-7564,22,0,0,0,0.0,0.0
204,204,204,204,204,204,204,1-6654,1,1,1-6654,66,0,0,0,0.0,0.0
203,203,203,203,203,203,203,1-6953,1,1,1-6953,66,0,0,0,0.0,0.0
416,416,416,416,416,416,416,1-2192,23,4,1-2192,22,0,0,0,0.0,0.0
362,362,362,362,362,362,362,MLG40,22,27,MLG40,30,0,0,0,0.0,0.0
356,356,356,356,356,356,356,1-6737,1,1,1-6737,32,0,0,0,0.0,0.0
355,355,355,355,355,355,355,1-5537,1,1,1-5537,32,0,0,0,0.0,0.0
134,134,134,134,134,134,134,1-2485,5,19,1-2485,106,0,0,0,0.0,0.0
406,406,406,406,406,406,406,1-7453,6,22,1-7453,24,0,0,0,0.0,0.0
225,225,225,225,225,225,225,1-19133,9,16,1-19133,58,0,0,0,0.0,0.0
319,319,319,319,319,319,319,1-8765,19,7,1-8765,38,0,0,0,0.0,0.0
367,367,367,367,367,367,367,1-9285,6,22,1-9285,30,0,0,0,0.0,0.0
432,432,432,432,432,432,432,1-19627,7,23,1-19627,21,0,0,0,0.0,0.0
