Unnamed: 0.3,Unnamed: 0.2,Unnamed: 0.1,Unnamed: 0,Exam Group,Exam Block,slot,exam,size,b2bs,confs,2i3s,score,score_norm
256,256,256,256,1-3037,18,6,1-3037,467,69,3,69,3136.062970340252,6.715338266253216
364,364,364,364,MLG02,18,6,MLG02,755,74,3,301,3366.5500590205193,4.45900670068943
353,353,353,353,1-8681,11,9,1-8681,260,33,1,77,1107.8383871912956,4.2609168738126755
158,158,158,158,MLG12,11,9,MLG12,569,38,1,124,1158.5189611911774,2.036061443218238
197,197,197,197,1-20780,2,22,1-20780,12,0,0,17,16.522760808467865,1.3768967340389888
286,286,286,286,1-7725,9,3,1-7725,90,6,0,97,100.27692931890488,1.1141881035433876
384,384,384,384,1-0584,8,10,1-0584,41,6,0,40,44.877084255218506,1.0945630306150855
490,490,490,490,1-6591,5,5,1-6591,79,5,0,82,84.69802272319794,1.072126869913898
442,442,442,442,1-7770,9,3,1-7770,23,20,0,3,22.915781319141388,0.9963383182235386
205,205,205,205,1-7776,14,4,1-7776,26,21,0,3,23.915781319141388,0.9198377430438995
553,553,553,553,1-17965,18,6,1-17965,10,3,0,6,8.831562638282776,0.8831562638282776
391,391,391,391,1-8165,14,4,1-8165,420,126,0,251,369.9537037014961,0.8808421516702288
559,559,559,559,1-9466,20,12,1-9466,8,6,0,1,6.971927106380463,0.8714908882975578
488,488,488,488,1-18369,3,8,1-18369,7,5,0,1,5.971927106380463,0.8531324437686375
397,397,397,397,1-6492,11,9,1-6492,48,2,0,39,39.90515714883804,0.8313574406007925
470,470,470,470,1-10043,7,13,1-10043,61,19,0,32,50.101667404174805,0.821338809904505
439,439,439,439,1-8062,12,14,1-8062,17,11,0,3,13.915781319141388,0.8185753717141993
393,393,393,393,1-2292,2,22,1-2292,252,15,0,195,204.52578574419022,0.8116102608896437
195,195,195,195,1-3079,3,8,1-3079,34,0,0,28,27.213958978652954,0.8004105581956751
80,80,80,80,1-21411,1,21,1-21411,5,4,0,0,4.0,0.8
359,359,359,359,1-6166,4,15,1-6166,117,43,0,52,93.54020953178406,0.7994889703571287
414,414,414,414,1-5140,3,8,1-5140,10,5,0,3,7.915781319141388,0.7915781319141388
238,238,238,238,1-7444,9,3,1-7444,14,6,0,5,10.859635531902313,0.7756882522787366
186,186,186,186,1-8162,20,12,1-8162,22,8,0,9,16.747343957424164,0.7612429071556438
291,291,291,291,1-17979,7,13,1-17979,17,7,0,6,12.831562638282776,0.7547978022519279
481,481,481,481,1-19851,18,6,1-19851,25,11,0,8,18.7754168510437,0.7510166740417481
425,425,425,425,1-10919,9,3,1-10919,20,7,0,8,14.775416851043701,0.7387708425521851
537,537,537,537,1-9499,4,15,1-9499,36,6,0,21,26.410469233989716,0.7336241453886032
572,572,572,572,1-9584,4,15,1-9584,8,1,0,5,5.859635531902313,0.7324544414877892
162,162,162,162,1-8242,19,20,1-8242,11,7,0,1,7.971927106380463,0.7247206460345875
163,163,163,163,1-1633,9,3,1-1633,399,71,0,221,285.79589051008224,0.7162804273435646
211,211,211,211,1-7187,7,13,1-7187,96,12,0,57,67.39984506368637,0.7020817194133997
327,327,327,327,1-4609,15,7,1-4609,7,0,0,5,4.859635531902313,0.6942336474146161
484,484,484,484,MLG35,3,8,MLG35,44,11,0,20,30.438542127609253,0.6917850483547557
235,235,235,235,1-3077,18,6,1-3077,41,1,0,28,28.213958978652954,0.6881453409427549
316,316,316,316,1-4776,5,5,1-4776,33,9,0,14,22.606979489326477,0.6850599845250448
554,554,554,554,1-18770,5,5,1-18770,10,1,0,6,6.831562638282776,0.6831562638282775
440,440,440,440,1-9197,20,12,1-9197,16,7,0,4,10.88770842552185,0.6804817765951157
428,428,428,428,1-7733,11,9,1-7733,76,5,0,48,51.65250110626221,0.6796381724508185
147,147,147,147,1-7172,7,13,1-7172,284,45,0,152,192.73292016983032,0.6786370428515153
486,486,486,486,1-6506,9,3,1-6506,70,11,0,37,46.96130293607712,0.6708757562296731
335,335,335,335,1-9276,21,19,1-9276,77,2,0,51,51.568282425403595,0.6697179535766701
290,290,290,290,1-0447,4,15,1-0447,65,23,0,21,43.410469233989716,0.667853372830611
528,528,528,528,MLG77,14,4,MLG77,9,6,0,0,6.0,0.6666666666666666
468,468,468,468,1-11523,14,4,1-11523,24,12,0,4,15.88770842552185,0.6619878510634104
394,394,394,394,1-8808,11,9,1-8808,52,9,0,26,34.27010476589203,0.6590404762671545
307,307,307,307,1-5199,11,9,1-5199,3,1,0,1,1.9719271063804626,0.6573090354601542
536,536,536,536,1-1964,15,7,1-1964,48,7,0,25,31.298177659511566,0.6520453679064909
379,379,379,379,1-5228,4,15,1-5228,180,11,0,109,116.94005459547043,0.6496669699748358
305,305,305,305,1-7472,5,5,1-7472,12,0,0,8,7.775416851043701,0.6479514042536417
385,385,385,385,MLG70,19,20,MLG70,269,18,0,160,173.50833702087402,0.6450124052820596
306,306,306,306,1-18987,5,5,1-18987,34,14,0,8,21.7754168510437,0.640453436795403
83,83,83,83,1-1152,3,8,1-1152,112,25,0,48,71.6525011062622,0.6397544741630554
355,355,355,355,1-8666,14,4,1-8666,89,45,0,12,56.66312527656555,0.6366643289501748
565,565,565,565,1-19069,10,2,1-19069,11,7,0,0,7.0,0.6363636363636364
155,155,155,155,1-7462,5,5,1-7462,336,40,0,177,212.0310978293419,0.6310449340158985
319,319,319,319,1-20040,18,6,1-20040,22,9,0,5,13.859635531902313,0.629983433268287
156,156,156,156,1-2322,11,9,1-2322,14,1,0,8,8.775416851043701,0.6268154893602643
404,404,404,404,1-9291,4,15,1-9291,78,4,0,46,48.70864689350128,0.6244698319679651
499,499,499,499,1-3135,13,11,1-3135,101,26,0,38,62.93323004245758,0.623101287549085
458,458,458,458,1-9063,8,10,1-9063,35,13,0,9,21.747343957424164,0.6213526844978332
108,108,108,108,1-0917,3,8,1-0917,134,60,0,23,82.35432344675064,0.61458450333396
295,295,295,295,1-7522,15,7,1-7522,67,4,0,38,40.93323004245758,0.6109437319769788
340,340,340,340,1-0487,19,20,1-0487,18,7,0,4,10.88770842552185,0.6048726903067695
157,157,157,157,1-2318,15,7,1-2318,13,2,0,6,7.831562638282776,0.6024278952525213
148,148,148,148,1-2028,10,2,1-2028,20,12,0,0,12.0,0.6
433,433,433,433,MLG55,2,22,MLG55,110,10,0,57,65.39984506368637,0.5945440460335124
346,346,346,346,1-10823,16,1,1-10823,10,2,0,4,5.887708425521851,0.588770842552185
430,430,430,430,1-8718,5,5,1-8718,333,81,0,115,192.7716172337532,0.5788937454467064
225,225,225,225,1-17970,5,5,1-17970,36,13,0,8,20.7754168510437,0.5770949125289917
522,522,522,522,1-10808,2,22,1-10808,54,2,0,30,31.15781319141388,0.5769965405817385
351,351,351,351,1-9399,12,14,1-9399,38,15,0,7,21.80348974466324,0.5737760459121904
503,503,503,503,1-0295,9,3,1-0295,24,5,0,9,13.747343957424164,0.5728059982260069
28,28,28,28,1-7081,20,12,1-7081,99,41,0,16,56.5508337020874,0.5712205424453273
258,258,258,258,1-4654,9,3,1-4654,138,29,0,51,78.5682824254036,0.569335379894229
354,354,354,354,1-11438,6,17,1-11438,53,0,0,31,30.129740297794342,0.5684856659961197
437,437,437,437,1-19093,6,17,1-19093,36,0,0,21,20.410469233989716,0.5669574787219366
413,413,413,413,1-1763,10,2,1-1763,35,13,0,7,19.80348974466324,0.5658139927046639
460,460,460,460,1-8044,13,11,1-8044,56,16,0,16,31.550833702087402,0.5634077446801322
248,248,248,248,1-19068,4,15,1-19068,77,4,0,40,42.877084255218506,0.5568452500677729
113,113,113,113,1-7647,20,12,1-7647,30,6,0,11,16.69119817018509,0.556373272339503
329,329,329,329,1-19755,7,13,1-19755,517,69,0,224,286.71167182922363,0.5545680306174539
137,137,137,137,1-19257,7,13,1-19257,246,28,0,111,135.88390880823135,0.5523736130415908
542,542,542,542,1-5287,5,5,1-5287,18,7,0,3,9.915781319141388,0.5508767399522994
130,130,130,130,MLG32,3,8,MLG32,79,14,0,30,43.15781319141388,0.5463014328027074
177,177,177,177,1-10952,10,2,1-10952,9,2,0,3,4.915781319141388,0.5461979243490431
89,89,89,89,1-9586,14,4,1-9586,18,2,0,8,9.775416851043701,0.5430787139468722
387,387,387,387,1-3469,21,19,1-3469,40,3,0,19,21.46661502122879,0.5366653755307198
431,431,431,431,1-9115,5,5,1-9115,22,5,0,7,11.803489744663239,0.5365222611210563
407,407,407,407,1-5899,6,17,1-5899,288,0,0,158,153.5644828081131,0.5332100097503927
294,294,294,294,1-3051,4,15,1-3051,116,5,0,58,61.37177217006683,0.5290670014660934
540,540,540,540,1-8711,4,15,1-8711,48,2,0,24,25.326250553131104,0.527630219856898
215,215,215,215,1-7430,8,10,1-7430,17,7,0,2,8.943854212760925,0.526109071338878
191,191,191,191,1-9285,5,5,1-9285,30,8,0,8,15.775416851043701,0.5258472283681234
410,410,410,410,1-8368,9,3,1-8368,80,9,0,34,42.04552161693573,0.5255690202116966
345,345,345,345,1-2364,15,7,1-2364,88,20,0,27,46.24203187227249,0.5254776349121874
363,363,363,363,1-7993,6,17,1-7993,100,0,0,54,52.48406374454498,0.5248406374454498
455,455,455,455,1-10981,5,5,1-10981,34,8,0,10,17.719271063804626,0.5211550312883714
495,495,495,495,1-5515,6,17,1-5515,30,0,0,16,15.550833702087402,0.5183611234029134
357,357,357,357,1-7488,9,3,1-7488,65,11,0,23,33.35432344675064,0.5131434376423175
519,519,519,519,1-10800,6,17,1-10800,55,0,0,29,28.185886085033417,0.5124706560915167
473,473,473,473,1-3174,9,3,1-3174,117,15,0,46,59.70864689350128,0.5103303153290708
142,142,142,142,MLG17,14,4,MLG17,76,31,0,8,38.7754168510437,0.5102028533032066
233,233,233,233,1-8864,3,8,1-8864,39,11,0,9,19.747343957424164,0.5063421527544657
141,141,141,141,MLG42,20,12,MLG42,72,15,0,22,36.38239634037018,0.5053110602829192
168,168,168,168,1-7636,7,13,1-7636,83,4,0,39,41.90515714883804,0.5048814114317837
41,41,41,41,MLG24,3,8,MLG24,49,11,0,14,24.606979489326477,0.5021832548842138
549,549,549,549,1-10622,18,6,1-10622,4,2,0,0,2.0,0.5
524,524,524,524,1-3734,10,2,1-3734,4,2,0,0,2.0,0.5
138,138,138,138,1-2829,19,20,1-2829,52,26,0,0,26.0,0.5
477,477,477,477,1-20081,12,14,1-20081,20,10,0,0,10.0,0.5
29,29,29,29,1-8090,10,2,1-8090,14,6,0,1,6.971927106380463,0.4979947933128902
398,398,398,398,MLG65,20,12,MLG65,155,47,0,31,77.12974029779434,0.49761122772770544
451,451,451,451,1-7146,14,4,1-7146,18,7,0,2,8.943854212760925,0.49688078959782916
285,285,285,285,1-6727,6,17,1-6727,235,0,0,120,116.63125276565552,0.49630320325810856
541,541,541,541,1-7301,11,9,1-7301,26,8,0,5,12.859635531902313,0.49460136661162746
149,149,149,149,1-9621,11,9,1-9621,4,1,0,1,1.9719271063804626,0.49298177659511566
176,176,176,176,1-7356,5,5,1-7356,4,1,0,1,1.9719271063804626,0.49298177659511566
67,67,67,67,1-19989,3,8,1-19989,4,1,0,1,1.9719271063804626,0.49298177659511566
523,523,523,523,MLG04,20,12,MLG04,16,3,0,5,7.859635531902313,0.4912272207438946
485,485,485,485,MLG25,14,4,MLG25,12,2,0,4,5.887708425521851,0.49064236879348755
501,501,501,501,MLG56,17,24,MLG56,109,0,0,55,53.455990850925446,0.49042193441216003
489,489,489,489,1-8058,21,19,1-8058,54,5,0,22,26.382396340370178,0.4885628951920403
257,257,257,257,MLG06,10,2,MLG06,634,162,0,151,308.76099306344986,0.4870047209202679
548,548,548,548,1-3380,21,19,1-3380,2,0,0,1,0.9719271063804626,0.4859635531902313
12,12,12,12,1-9133,2,22,1-9133,2,0,0,1,0.9719271063804626,0.4859635531902313
232,232,232,232,1-3186,9,3,1-3186,796,154,0,236,383.3747971057892,0.4816266295298859
61,61,61,61,1-7306,8,10,1-7306,159,49,0,28,76.21395897865295,0.47933307533743996
328,328,328,328,1-7883,9,3,1-7883,33,8,0,8,15.775416851043701,0.4780429348801122
371,371,371,371,MLG66,7,13,MLG66,229,21,0,91,109.4453666806221,0.47792736541756375
174,174,174,174,1-6568,13,11,1-6568,394,76,0,114,186.79969012737274,0.47411088864815415
199,199,199,199,1-0529,13,11,1-0529,124,45,0,14,58.60697948932648,0.4726369313655361
159,159,159,159,MLG36,20,12,MLG36,136,39,0,26,64.27010476589203,0.4725742997492061
446,446,446,446,1-1166,7,13,1-1166,118,5,0,52,55.54020953178406,0.47067974179478017
161,161,161,161,1-7656,18,6,1-7656,48,6,0,17,22.522760808467865,0.4692241835097472
221,221,221,221,1-20138,9,3,1-20138,25,0,0,12,11.663125276565552,0.46652501106262206
479,479,479,479,1-7809,9,3,1-7809,40,3,0,16,18.550833702087402,0.46377084255218504
456,456,456,456,1-2006,16,1,1-2006,40,0,0,19,18.46661502122879,0.46166537553071973
239,239,239,239,1-1136,4,15,1-1136,113,9,0,44,51.764792680740356,0.4580955104490297
344,344,344,344,1-9294,14,4,1-9294,74,22,0,12,33.66312527656555,0.4549070983319669
318,318,318,318,1-3496,13,11,1-3496,192,28,0,61,87.28755348920822,0.4546226744229595
120,120,120,120,MLG69,19,20,MLG69,73,4,0,30,33.15781319141388,0.4542166190604641
153,153,153,153,MLG43,1,21,MLG43,39,3,0,15,17.57890659570694,0.4507411947617164
423,423,423,423,1-5696,8,10,1-5696,80,34,0,2,35.943854212760925,0.4492981776595116
119,119,119,119,1-7476,18,6,1-7476,22,5,0,5,9.859635531902313,0.44816525145010516
465,465,465,465,1-8053,4,15,1-8053,55,8,0,17,24.522760808467865,0.44586837833577936
383,383,383,383,1-0582,16,1,1-0582,70,3,0,29,31.185886085033417,0.4455126583576202
181,181,181,181,1-9123,4,15,1-9123,24,0,0,11,10.691198170185089,0.4454665904243787
270,270,270,270,1-5655,15,7,1-5655,31,7,0,7,13.803489744663239,0.4452738627310722
145,145,145,145,1-18635,9,3,1-18635,44,5,0,15,19.57890659570694,0.4449751499024304
480,480,480,480,1-1514,7,13,1-1514,64,10,0,19,28.46661502122879,0.44479085970669985
463,463,463,463,1-8187,5,5,1-8187,29,6,0,7,12.803489744663239,0.4414996463676979
520,520,520,520,1-8287,21,19,1-8287,53,1,0,23,23.35432344675064,0.44064761220284226
377,377,377,377,1-7901,14,4,1-7901,298,68,0,64,130.2033348083496,0.436923942309898
39,39,39,39,1-8567,6,17,1-8567,388,0,0,174,169.1153165102005,0.4358642178097951
374,374,374,374,MLG74,18,6,MLG74,177,37,0,41,76.84901136159897,0.43417520543276256
382,382,382,382,1-18469,4,15,1-18469,54,1,0,23,23.35432344675064,0.43248747123612297
122,122,122,122,1-20046,17,24,1-20046,18,0,0,8,7.775416851043701,0.4319676028357612
10,10,10,10,1-7390,7,13,1-7390,43,3,0,16,18.550833702087402,0.43141473725784657
131,131,131,131,MLG13,8,10,MLG13,225,61,0,37,96.96130293607712,0.43093912416034275
454,454,454,454,1-6678,10,2,1-6678,213,40,0,53,91.51213663816452,0.4296344443106315
314,314,314,314,1-11388,1,21,1-11388,28,12,0,0,12.0,0.42857142857142855
276,276,276,276,1-9548,4,15,1-9548,16,1,0,6,6.831562638282776,0.4269726648926735
46,46,46,46,1-3056,5,5,1-3056,250,28,0,81,106.72609561681747,0.4269043824672699
369,369,369,369,1-8564,6,17,1-8564,185,0,0,81,78.72609561681747,0.42554646279360797
526,526,526,526,1-11205,20,12,1-11205,56,17,0,7,23.80348974466324,0.4250623168689864
461,461,461,461,1-9351,7,13,1-9351,60,8,0,18,25.494687914848328,0.42491146524747214
496,496,496,496,1-18973,1,21,1-18973,39,1,0,16,16.550833702087402,0.42438035133557445
287,287,287,287,1-9267,12,14,1-9267,14,3,0,3,5.915781319141388,0.42255580851009916
435,435,435,435,1-10882,3,8,1-10882,14,3,0,3,5.915781319141388,0.42255580851009916
498,498,498,498,MLG38,10,2,MLG38,26,9,0,2,10.943854212760925,0.42091746972157407
532,532,532,532,1-9182,13,11,1-9182,28,3,0,9,11.747343957424164,0.4195479984794344
555,555,555,555,1-20068,14,4,1-20068,45,12,0,7,18.80348974466324,0.4178553276591831
11,11,11,11,1-8750,11,9,1-8750,45,10,0,9,18.747343957424164,0.41660764349831475
82,82,82,82,1-6029,2,22,1-6029,26,5,0,6,10.831562638282776,0.416598563010876
323,323,323,323,1-7946,13,11,1-7946,289,39,0,83,119.6699498295784,0.41408287138262423
23,23,23,23,1-11189,10,2,1-11189,53,20,0,2,21.943854212760925,0.41403498514643255
133,133,133,133,1-7460,4,15,1-7460,194,9,0,73,79.95067876577377,0.412116900854504
406,406,406,406,1-6558,14,4,1-6558,24,6,0,4,9.88770842552185,0.41198785106341046
53,53,53,53,1-9340,4,15,1-9340,163,3,0,66,67.14718902111053,0.41194594491478853
78,78,78,78,1-6677,9,3,1-6677,94,12,0,27,38.24203187227249,0.4068301263007712
512,512,512,512,1-9121,18,6,1-9121,22,7,0,2,8.943854212760925,0.40653882785276935
58,58,58,58,1-7723,13,11,1-7723,46,8,0,11,18.69119817018509,0.4063303950040237
415,415,415,415,1-7872,11,9,1-7872,124,23,0,28,50.213958978652954,0.4049512820859109
421,421,421,421,1-12345,9,3,1-12345,97,13,0,27,39.24203187227249,0.4045570296110566
252,252,252,252,1-1887,11,9,1-1887,119,13,0,36,47.989375829696655,0.4032720657957702
361,361,361,361,1-0691,16,1,1-0691,450,21,0,165,181.36797255277634,0.40303993900616963
453,453,453,453,MLG45,7,13,MLG45,179,37,0,36,71.98937582969666,0.4021752839647858
283,283,283,283,1-1636,3,8,1-1636,22,3,0,6,8.831562638282776,0.4014346653764898
254,254,254,254,1-9230,12,14,1-9230,5,2,0,0,2.0,0.4
436,436,436,436,1-8702,5,5,1-8702,59,8,0,16,23.550833702087402,0.39916667291673563
129,129,129,129,1-7579,20,12,1-7579,40,12,0,4,15.88770842552185,0.3971927106380463
293,293,293,293,MLG20,19,20,MLG20,55,15,0,7,21.80348974466324,0.39642708626660433
331,331,331,331,1-9412,11,9,1-9412,15,4,0,2,5.943854212760925,0.39625694751739504
535,535,535,535,1-9253,5,5,1-9253,30,8,0,4,11.88770842552185,0.39625694751739504
408,408,408,408,1-8023,19,20,1-8023,20,4,0,4,7.887708425521851,0.39438542127609255
170,170,170,170,MLG40,3,8,MLG40,30,5,0,7,11.803489744663239,0.3934496581554413
210,210,210,210,1-3182,14,4,1-3182,20,3,0,5,7.859635531902313,0.3929817765951157
529,529,529,529,1-11533,2,22,1-11533,20,3,0,5,7.859635531902313,0.3929817765951157
399,399,399,399,1-8087,3,8,1-8087,58,14,0,9,22.747343957424164,0.3921955854728304
378,378,378,378,1-5819,10,2,1-5819,23,8,0,1,8.971927106380463,0.39008378723393317
18,18,18,18,1-5635,15,7,1-5635,417,45,0,121,162.60317987203598,0.3899356831463693
136,136,136,136,1-7425,9,3,1-7425,352,28,0,112,136.85583591461182,0.38879498839378357
497,497,497,497,1-3216,7,13,1-3216,38,6,0,9,14.747343957424164,0.3880879988795833
118,118,118,118,1-7429,7,13,1-7429,33,5,0,8,12.775416851043701,0.38713384397102124
265,265,265,265,1-7464,15,7,1-7464,48,4,0,15,18.57890659570694,0.3870605540772279
358,358,358,358,MLG18,20,12,MLG18,72,22,0,6,27.831562638282776,0.3865494810872608
448,448,448,448,1-6249,7,13,1-6249,64,9,0,16,24.550833702087402,0.38360677659511566
143,143,143,143,1-7302,7,13,1-7302,240,16,0,78,91.81031429767609,0.382542976240317
409,409,409,409,1-7297,20,12,1-7297,13,4,0,1,4.971927106380463,0.3824559312600356
449,449,449,449,1-10960,4,15,1-10960,82,6,0,26,31.27010476589203,0.38134274104746374
73,73,73,73,1-9318,19,20,1-9318,13,3,0,2,4.943854212760925,0.38029647790468657
152,152,152,152,1-1530,13,11,1-1530,632,63,0,182,239.8907333612442,0.37957394519184207
85,85,85,85,1-8986,13,11,1-8986,57,7,0,15,21.57890659570694,0.378577308696613
104,104,104,104,1-9040,11,9,1-9040,55,12,0,9,20.747343957424164,0.3772244355895302
230,230,230,230,1-8766,12,14,1-8766,26,3,0,7,9.803489744663239,0.37705729787166303
101,101,101,101,1-8228,4,15,1-8228,99,8,0,30,37.15781319141388,0.375331446377918
324,324,324,324,1-3369,19,20,1-3369,8,3,0,0,3.0,0.375
223,223,223,223,1-5109,7,13,1-5109,37,7,0,7,13.803489744663239,0.37306729039630376
507,507,507,507,1-19067,10,2,1-19067,8,2,0,1,2.9719271063804626,0.37149088829755783
268,268,268,268,1-7899,13,11,1-7899,40,7,0,8,14.775416851043701,0.36938542127609253
505,505,505,505,1-7936,7,13,1-7936,59,14,0,8,21.7754168510437,0.36907486188209665
341,341,341,341,1-0983,13,11,1-0983,195,31,0,42,71.82093846797943,0.3683125049639971
279,279,279,279,MLG03,15,7,MLG03,713,108,0,159,262.53640991449356,0.36821375864585354
326,326,326,326,1-9095,11,9,1-9095,16,2,0,4,5.887708425521851,0.36798177659511566
475,475,475,475,1-11522,13,11,1-11522,24,3,0,6,8.831562638282776,0.36798177659511566
343,343,343,343,1-8754,4,15,1-8754,108,5,0,35,39.01744872331619,0.36127267336403884
320,320,320,320,1-0541,6,17,1-0541,132,0,0,49,47.62442821264267,0.36079112282305054
106,106,106,106,1-8973,20,12,1-8973,44,10,0,6,15.831562638282776,0.359808241779154
48,48,48,48,1-6101,15,7,1-6101,41,5,0,10,14.719271063804626,0.359006611312308
5,5,5,5,1-8121,9,3,1-8121,110,18,0,22,39.38239634037018,0.3580217849124562
370,370,370,370,1-7971,6,17,1-7971,117,0,0,43,41.792865574359894,0.35720397926803327
26,26,26,26,1-0918,9,3,1-0918,179,17,0,48,63.65250110626221,0.3556005648394537
50,50,50,50,MLG14,20,12,MLG14,462,115,0,50,163.59635531902313,0.35410466519269074
98,98,98,98,1-9543,14,4,1-9543,39,4,0,10,13.719271063804626,0.35177618112319553
76,76,76,76,1-5687,2,22,1-5687,83,0,0,30,29.15781319141388,0.3512989541134202
338,338,338,338,1-3523,14,4,1-3523,497,12,0,167,174.31182676553726,0.3507280216610408
226,226,226,226,1-1047,4,15,1-1047,39,1,0,13,13.635052382946014,0.3496167277678465
91,91,91,91,1-9458,10,2,1-9458,20,5,0,2,6.943854212760925,0.34719271063804624
546,546,546,546,1-9601,9,3,1-9601,31,2,0,9,10.747343957424164,0.3466885147556182
6,6,6,6,MLG58,3,8,MLG58,66,17,0,6,22.831562638282776,0.34593276724670874
321,321,321,321,MLG30,3,8,MLG30,66,14,0,9,22.747343957424164,0.34465672662763885
427,427,427,427,1-8613,7,13,1-8613,37,4,0,9,12.747343957424164,0.34452280966011256
506,506,506,506,1-3302,12,14,1-3302,52,14,0,4,17.88770842552185,0.34399439279849714
246,246,246,246,1-9232,13,11,1-9232,20,2,0,5,6.859635531902313,0.34298177659511564
182,182,182,182,1-4136,2,22,1-4136,20,2,0,5,6.859635531902313,0.34298177659511564
102,102,102,102,1-6737,14,4,1-6737,32,8,0,3,10.915781319141388,0.3411181662231684
381,381,381,381,1-7987,4,15,1-7987,23,1,0,7,7.8034897446632385,0.33928216281144513
350,350,350,350,1-19891,21,19,1-19891,95,5,0,28,32.213958978652954,0.33909430503845217
339,339,339,339,1-7523,14,4,1-7523,79,15,0,12,26.66312527656555,0.33750791489323484
478,478,478,478,1-8916,11,9,1-8916,61,6,0,15,20.57890659570694,0.3373591245197859
416,416,416,416,1-3246,10,2,1-3246,116,32,0,7,38.80348974466324,0.33451284262640724
544,544,544,544,1-20124,15,7,1-20124,3,1,0,0,1.0,0.3333333333333333
167,167,167,167,1-9287,20,12,1-9287,21,6,0,1,6.971927106380463,0.3319965288752601
17,17,17,17,1-9217,19,20,1-9217,30,8,0,2,9.943854212760925,0.3314618070920308
513,513,513,513,1-7453,12,14,1-7453,24,6,0,2,7.943854212760925,0.3309939255317052
557,557,557,557,P1-17272,1,21,P1-17272,6,1,0,1,1.9719271063804626,0.3286545177300771
243,243,243,243,1-7712,3,8,1-7712,12,1,0,3,3.915781319141388,0.326315109928449
298,298,298,298,1-7107,13,11,1-7107,84,4,0,24,27.326250553131104,0.3253125065848941
251,251,251,251,MLG27,1,21,MLG27,67,14,0,8,21.7754168510437,0.3250062216573687
457,457,457,457,1-9071,6,17,1-9071,75,0,0,25,24.298177659511566,0.32397570212682086
556,556,556,556,1-5304,12,14,1-5304,3,0,0,1,0.9719271063804626,0.32397570212682086
281,281,281,281,1-8126,18,6,1-8126,34,11,0,0,11.0,0.3235294117647059
262,262,262,262,1-4394,21,19,1-4394,190,6,0,57,61.39984506368637,0.3231570792825598
229,229,229,229,1-6569,21,19,1-6569,360,10,0,109,115.94005459547043,0.32205570720964005
365,365,365,365,1-18435,5,5,1-18435,37,4,0,8,11.775416851043701,0.3182545094876676
247,247,247,247,1-8753,21,19,1-8753,258,16,0,68,82.09104323387146,0.31818233811578084
527,527,527,527,1-5568,1,21,1-5568,47,12,0,3,14.915781319141388,0.3173570493434338
551,551,551,551,1-18869,18,6,1-18869,22,5,0,2,6.943854212760925,0.3156297369436784
514,514,514,514,1-6764,3,8,1-6764,38,10,0,2,11.943854212760925,0.3143119529673928
312,312,312,312,1-3364,6,17,1-3364,121,0,0,39,37.90515714883804,0.313265761560645
97,97,97,97,1-0455,9,3,1-0455,60,10,0,9,18.747343957424164,0.31245573262373605
362,362,362,362,1-0429,4,15,1-0429,69,6,0,16,21.550833702087402,0.312330923218658
337,337,337,337,1-1035,16,1,1-1035,249,17,0,62,77.25948059558868,0.31027903853650074
444,444,444,444,1-2083,15,7,1-2083,48,11,0,4,14.88770842552185,0.3101605921983719
2,2,2,2,1-8611,4,15,1-8611,621,35,0,162,192.45219123363495,0.3099069101990901
70,70,70,70,1-9644,1,21,1-9644,63,2,0,18,19.494687914848328,0.3094394907118782
227,227,227,227,1-9542,15,7,1-9542,54,6,0,11,16.69119817018509,0.309096262410835
317,317,317,317,1-3733,8,10,1-3733,16,3,0,2,4.943854212760925,0.30899088829755783
334,334,334,334,1-3693,16,1,1-3693,143,11,0,34,44.04552161693573,0.30801064067787226
459,459,459,459,1-8284,3,8,1-8284,48,5,0,10,14.719271063804626,0.3066514804959297
171,171,171,171,1-3300,8,10,1-3300,29,4,0,5,8.859635531902313,0.3055046735138729
271,271,271,271,1-19121,3,8,1-19121,75,15,0,8,22.7754168510437,0.3036722246805827
24,24,24,24,1-2742,4,15,1-2742,154,2,0,46,46.70864689350128,0.30330290190585246
424,424,424,424,1-8061,21,19,1-8061,55,3,0,14,16.606979489326477,0.30194508162411776
372,372,372,372,1-6511,8,10,1-6511,144,23,0,21,43.410469233989716,0.3014615919027064
434,434,434,434,1-6835,13,11,1-6835,36,4,0,7,10.803489744663239,0.30009693735175663
43,43,43,43,1-7518,21,19,1-7518,169,4,0,48,50.65250110626221,0.2997189414571728
38,38,38,38,1-10018,8,10,1-10018,40,11,0,1,11.971927106380463,0.29929817765951156
492,492,492,492,1-3257,19,20,1-3257,37,11,0,0,11.0,0.2972972972972973
273,273,273,273,1-9157,15,7,1-9157,89,7,0,20,26.438542127609253,0.29706227109673317
438,438,438,438,1-9100,16,1,1-9100,142,4,0,39,41.90515714883804,0.295106740484775
487,487,487,487,1-7467,8,10,1-7467,20,2,0,4,5.887708425521851,0.2943854212760925
47,47,47,47,MLG15,12,14,MLG15,559,140,0,25,164.29817765951157,0.2939144501959062
96,96,96,96,1-10725,10,2,1-10725,27,5,0,3,7.915781319141388,0.2931770858941255
539,539,539,539,1-6559,19,20,1-6559,24,7,0,0,7.0,0.2916666666666667
59,59,59,59,1-2272,4,15,1-2272,412,10,0,113,119.82776302099228,0.29084408500240844
222,222,222,222,1-17959,6,17,1-17959,57,0,0,17,16.522760808467865,0.2898729966397871
95,95,95,95,1-7625,10,2,1-7625,76,19,0,3,21.915781319141388,0.288365543672913
166,166,166,166,1-9454,18,6,1-9454,80,18,0,5,22.859635531902313,0.2857454441487789
20,20,20,20,1-3141,1,21,1-3141,14,4,0,0,4.0,0.2857142857142857
547,547,547,547,1-9600,1,21,1-9600,7,2,0,0,2.0,0.2857142857142857
376,376,376,376,1-18412,19,20,1-18412,56,16,0,0,16.0,0.2857142857142857
517,517,517,517,1-9436,8,10,1-9436,24,1,0,6,6.831562638282776,0.28464844326178235
405,405,405,405,1-9365,11,9,1-9365,243,32,0,38,68.93323004245758,0.2836758437961217
75,75,75,75,1-7547,6,17,1-7547,86,0,0,25,24.298177659511566,0.2825369495292043
150,150,150,150,P1-0004,3,8,P1-0004,60,15,0,2,16.943854212760925,0.2823975702126821
411,411,411,411,1-9135,7,13,1-9135,21,3,0,3,5.915781319141388,0.2817038723400661
188,188,188,188,1-5221,5,5,1-5221,21,2,0,4,5.887708425521851,0.2803670678819929
54,54,54,54,1-6957,21,19,1-6957,338,17,0,80,94.75416851043701,0.28033777665809767
352,352,352,352,1-2275,13,11,1-2275,130,15,0,22,36.38239634037018,0.27986458723361674
245,245,245,245,1-10305,2,22,1-10305,28,2,0,6,7.831562638282776,0.27969866565295626
204,204,204,204,1-3509,14,4,1-3509,150,28,0,14,41.60697948932648,0.2773798632621765
132,132,132,132,1-0454,12,14,1-0454,43,9,0,3,11.915781319141388,0.27711119346840435
280,280,280,280,MLG09,2,22,MLG09,174,20,0,29,48.18588608503342,0.2769303797990426
466,466,466,466,1-1687,4,15,1-1687,325,14,0,78,89.81031429767609,0.27633942860823413
144,144,144,144,1-8914,16,1,1-8914,25,1,0,6,6.831562638282776,0.27326250553131104
422,422,422,422,1-3405,9,3,1-3405,72,7,0,13,19.635052382946014,0.2727090608742502
531,531,531,531,1-8951,6,17,1-8951,47,0,0,13,12.635052382946014,0.26883090176480884
347,347,347,347,1-7720,16,1,1-7720,102,6,0,22,27.382396340370178,0.2684548660820606
219,219,219,219,1-8371,15,7,1-8371,255,47,0,22,68.38239634037018,0.2681662601583144
253,253,253,253,1-7781,3,8,1-7781,33,3,0,6,8.831562638282776,0.2676231102509932
284,284,284,284,1-5159,9,3,1-5159,59,7,0,9,15.747343957424164,0.266904134871596
217,217,217,217,1-7575,5,5,1-7575,26,4,0,3,6.915781319141388,0.2659915891977457
165,165,165,165,1-5185,19,20,1-5185,59,4,0,12,15.663125276565552,0.26547669960280595
417,417,417,417,1-3026,5,5,1-3026,570,58,0,96,151.3050022125244,0.2654473723026744
203,203,203,203,1-19884,14,4,1-19884,60,13,0,3,15.915781319141388,0.2652630219856898
31,31,31,31,1-8735,13,11,1-8735,52,6,0,8,13.775416851043701,0.26491186252007115
349,349,349,349,MLG57,1,21,MLG57,165,15,0,29,43.18588608503342,0.26173264293959647
543,543,543,543,1-1959,1,21,1-1959,19,0,0,5,4.859635531902313,0.25577029115275335
27,27,27,27,1-0984,20,12,1-0984,50,5,0,8,12.775416851043701,0.255508337020874
93,93,93,93,1-0677,16,1,1-0677,187,19,0,29,47.18588608503342,0.25233094163119474
45,45,45,45,1-1070,16,1,1-1070,280,20,0,52,70.54020953178406,0.2519293197563716
412,412,412,412,1-7403,21,19,1-7403,58,0,0,15,14.57890659570694,0.2513604585466714
573,573,573,573,1-3100,3,8,1-3100,4,1,0,0,1.0,0.25
282,282,282,282,1-7711,5,5,1-7711,8,2,0,0,2.0,0.25
72,72,72,72,1-9643,1,21,1-9643,4,1,0,0,1.0,0.25
189,189,189,189,1-7834,3,8,1-7834,4,1,0,0,1.0,0.25
562,562,562,562,1-3142,8,10,1-3142,4,1,0,0,1.0,0.25
390,390,390,390,1-1005,13,11,1-1005,122,9,0,22,30.382396340370178,0.24903603557680473
214,214,214,214,1-19859,18,6,1-19859,12,2,0,1,2.9719271063804626,0.2476605921983719
482,482,482,482,1-11534,8,10,1-11534,12,2,0,1,2.9719271063804626,0.2476605921983719
308,308,308,308,1-1025,13,11,1-1025,48,7,0,5,11.859635531902313,0.24707574024796486
65,65,65,65,1-6721,9,3,1-6721,36,4,0,5,8.859635531902313,0.24610098699728647
123,123,123,123,1-3472,13,11,1-3472,28,3,0,4,6.887708425521851,0.24598958662578038
154,154,154,154,1-2485,1,21,1-2485,106,26,0,0,26.0,0.24528301886792453
342,342,342,342,MLG53,1,21,MLG53,216,17,0,37,52.96130293607712,0.24519121729665333
173,173,173,173,1-7456,16,1,1-7456,32,2,0,6,7.831562638282776,0.24473633244633675
348,348,348,348,MLG62,12,14,MLG62,370,67,0,24,90.3262505531311,0.24412500149494892
303,303,303,303,1-6543,4,15,1-6543,36,1,0,8,8.775416851043701,0.24376157919565836
564,564,564,564,1-5303,11,9,1-5303,4,0,0,1,0.9719271063804626,0.24298177659511566
269,269,269,269,1-5271,3,8,1-5271,12,0,0,3,2.915781319141388,0.24298177659511566
418,418,418,418,1-1655,12,14,1-1655,132,28,0,4,31.88770842552185,0.24157354867819583
242,242,242,242,1-1367,13,11,1-1367,66,11,0,5,15.859635531902313,0.24029750805912595
178,178,178,178,1-0754,8,10,1-0754,41,4,0,6,9.831562638282776,0.2397942106898238
429,429,429,429,1-8949,12,14,1-8949,112,21,0,6,26.831562638282776,0.2395675235560962
206,206,206,206,1-20065,1,21,1-20065,21,5,0,0,5.0,0.23809523809523808
86,86,86,86,1-10042,11,9,1-10042,21,3,0,2,4.943854212760925,0.23542162917909168
420,420,420,420,1-7057,16,1,1-7057,105,8,0,17,24.522760808467865,0.2335501029377892
94,94,94,94,1-8928,7,13,1-8928,30,6,0,1,6.971927106380463,0.2323975702126821
278,278,278,278,1-3152,6,17,1-3152,323,0,0,77,74.83838719129562,0.23169779316190595
380,380,380,380,MLG64,15,7,MLG64,129,14,0,16,29.550833702087402,0.22907623024873955
212,212,212,212,1-9522,2,22,1-9522,17,0,0,4,3.8877084255218506,0.22868873091305003
313,313,313,313,1-3631,18,6,1-3631,13,2,0,1,2.9719271063804626,0.22860977741388175
169,169,169,169,1-1466,21,19,1-1466,73,3,0,14,16.606979489326477,0.22749286971680105
395,395,395,395,1-18620,21,19,1-18620,60,0,0,14,13.606979489326477,0.22678299148877462
183,183,183,183,1-18927,17,24,1-18927,30,0,0,7,6.8034897446632385,0.22678299148877462
386,386,386,386,MLG08,8,10,MLG08,532,66,0,56,120.42791795730591,0.22636826683704117
467,467,467,467,MLG82,19,20,MLG82,71,14,0,2,15.943854212760925,0.2245613269402947
388,388,388,388,1-8019,21,19,1-8019,320,12,0,61,71.28755348920822,0.2227736046537757
403,403,403,403,1-7402,16,1,1-7402,141,9,0,23,31.35432344675064,0.22237108827482724
561,561,561,561,1-3699,13,11,1-3699,9,2,0,0,2.0,0.2222222222222222
13,13,13,13,1-7622,10,2,1-7622,45,8,0,2,9.943854212760925,0.2209745380613539
325,325,325,325,1-6625,5,5,1-6625,67,6,0,9,14.747343957424164,0.22010961130483828
240,240,240,240,1-6168,17,24,1-6168,31,0,0,7,6.8034897446632385,0.21946741111816898
508,508,508,508,1-8057,19,20,1-8057,50,8,0,3,10.915781319141388,0.21831562638282775
77,77,77,77,1-7567,8,10,1-7567,27,2,0,4,5.887708425521851,0.2180632750193278
110,110,110,110,1-9225,2,22,1-9225,18,1,0,3,3.915781319141388,0.21754340661896598
63,63,63,63,1-5642,10,2,1-5642,166,31,0,5,35.85963553190231,0.21602190079459224
213,213,213,213,1-8859,17,24,1-8859,36,0,0,8,7.775416851043701,0.2159838014178806
71,71,71,71,MLG26,1,21,MLG26,155,13,0,21,33.410469233989716,0.21555141441283687
356,356,356,356,1-18045,16,1,1-18045,109,6,0,18,23.494687914848328,0.21554759554906722
266,266,266,266,1-6554,2,22,1-6554,28,3,0,3,5.915781319141388,0.21127790425504958
322,322,322,322,MLG22,1,21,MLG22,33,5,0,2,6.943854212760925,0.21041982462911896
472,472,472,472,MLG52,15,7,MLG52,112,2,0,22,23.382396340370178,0.2087713958961623
500,500,500,500,MLG50,12,14,MLG50,168,33,0,2,34.943854212760925,0.20799913221881502
366,366,366,366,MLG63,3,8,MLG63,543,61,0,53,112.51213663816452,0.20720467152516486
502,502,502,502,1-8055,5,5,1-8055,57,1,0,11,11.691198170185089,0.20510873982780858
396,396,396,396,1-11132,18,6,1-11132,34,3,0,4,6.887708425521851,0.20257965957417207
264,264,264,264,1-1131,18,6,1-1131,200,21,0,20,40.43854212760925,0.20219271063804625
401,401,401,401,1-7038,19,20,1-7038,163,14,0,19,32.46661502122879,0.1991816872468024
402,402,402,402,1-1958,3,8,1-1958,25,4,0,1,4.971927106380463,0.1988770842552185
267,267,267,267,1-7715,8,10,1-7715,20,3,0,1,3.9719271063804626,0.19859635531902314
87,87,87,87,1-0708,16,1,1-0708,408,5,0,78,80.81031429767609,0.19806449582763747
190,190,190,190,1-6199,19,20,1-6199,30,3,0,3,5.915781319141388,0.19719271063804628
56,56,56,56,1-8924,3,8,1-8924,40,3,0,5,7.859635531902313,0.19649088829755784
333,333,333,333,1-3047,16,1,1-3047,360,37,0,34,70.04552161693573,0.19457089338037703
124,124,124,124,1-19987,4,15,1-19987,20,0,0,4,3.8877084255218506,0.19438542127609254
566,566,566,566,1-19192,2,22,1-19192,5,0,0,1,0.9719271063804626,0.19438542127609254
216,216,216,216,1-18953,6,17,1-18953,5,0,0,1,0.9719271063804626,0.19438542127609254
51,51,51,51,1-8981,8,10,1-8981,15,0,0,3,2.915781319141388,0.19438542127609254
100,100,100,100,1-7707,17,24,1-7707,10,0,0,2,1.9438542127609253,0.19438542127609254
164,164,164,164,MLG29,12,14,MLG29,93,16,0,2,17.943854212760925,0.19294466895441856
60,60,60,60,1-0916,15,7,1-0916,215,16,0,26,41.27010476589203,0.19195397565531175
151,151,151,151,1-11026,15,7,1-11026,21,4,0,0,4.0,0.19047619047619047
207,207,207,207,1-4766,11,9,1-4766,249,22,0,26,47.27010476589203,0.1898397781762732
469,469,469,469,1-6494,10,2,1-6494,48,8,0,1,8.971927106380463,0.18691514804959297
196,196,196,196,1-8537,21,19,1-8537,47,1,0,8,8.775416851043701,0.18671099683071704
552,552,552,552,1-9396,20,12,1-9396,16,2,0,1,2.9719271063804626,0.18574544414877892
9,9,9,9,1-8765,11,9,1-8765,38,7,0,0,7.0,0.18421052631578946
128,128,128,128,MLG33,19,20,MLG33,161,16,0,14,29.606979489326477,0.18389428254240048
292,292,292,292,1-11045,2,22,1-11045,43,1,0,7,7.8034897446632385,0.18147650568984275
392,392,392,392,1-18266,15,7,1-18266,55,7,0,3,9.915781319141388,0.18028693307529797
33,33,33,33,1-0997,11,9,1-0997,33,4,0,2,5.943854212760925,0.18011679432608865
474,474,474,474,1-6608,4,15,1-6608,11,1,0,1,1.9719271063804626,0.17926610058004205
121,121,121,121,1-8853,11,9,1-8853,33,1,0,5,5.859635531902313,0.17756471308794888
42,42,42,42,1-7753,8,10,1-7753,17,3,0,0,3.0,0.17647058823529413
443,443,443,443,1-4397,16,1,1-4397,106,7,0,12,18.66312527656555,0.17606721959024105
16,16,16,16,1-7539,12,14,1-7539,91,14,0,2,15.943854212760925,0.17520718915121897
88,88,88,88,1-6637,5,5,1-6637,78,1,0,13,13.635052382946014,0.17480836388392326
62,62,62,62,1-9114,1,21,1-9114,120,14,0,7,20.80348974466324,0.1733624145388603
160,160,160,160,1-0363,8,10,1-0363,34,2,0,4,5.887708425521851,0.17316789486828973
236,236,236,236,1-9245,1,21,1-9245,23,3,0,1,3.9719271063804626,0.17269248288610708
419,419,419,419,1-1176,15,7,1-1176,69,9,0,3,11.915781319141388,0.17269248288610708
92,92,92,92,1-7621,12,14,1-7621,23,1,0,3,3.915781319141388,0.17025136170179947
375,375,375,375,1-8990,6,17,1-8990,40,0,0,7,6.8034897446632385,0.17008724361658095
426,426,426,426,1-7332,7,13,1-7332,53,7,0,2,8.943854212760925,0.16875196627850803
14,14,14,14,MLG78,2,22,MLG78,94,7,0,9,15.747343957424164,0.16752493571727833
510,510,510,510,1-1119,1,21,1-1119,83,9,0,5,13.859635531902313,0.16698356062532907
297,297,297,297,1-3702,12,14,1-3702,6,1,0,0,1.0,0.16666666666666666
175,175,175,175,1-8177,16,1,1-8177,53,2,0,7,8.803489744663239,0.16610358008798562
40,40,40,40,1-6214,16,1,1-6214,65,3,0,8,10.775416851043701,0.16577564386221078
37,37,37,37,1-8039,14,4,1-8039,12,1,0,1,1.9719271063804626,0.16432725886503854
260,260,260,260,1-0305,1,21,1-0305,12,1,0,1,1.9719271063804626,0.16432725886503854
3,3,3,3,1-18956,19,20,1-18956,49,8,0,0,8.0,0.16326530612244897
272,272,272,272,1-5531,16,1,1-5531,199,11,0,22,32.38239634037018,0.1627256097506039
237,237,237,237,1-7484,1,21,1-7484,24,0,0,4,3.8877084255218506,0.16198785106341043
476,476,476,476,MLG01,21,19,MLG01,43,0,0,7,6.8034897446632385,0.1582206917363544
367,367,367,367,1-5154,1,21,1-5154,19,3,0,0,3.0,0.15789473684210525
99,99,99,99,1-7655,20,12,1-7655,38,4,0,2,5.943854212760925,0.1564172161252875
55,55,55,55,1-8135,6,17,1-8135,56,0,0,9,8.747343957424164,0.15620257066828863
15,15,15,15,1-5537,2,22,1-5537,32,4,0,1,4.971927106380463,0.15537272207438946
69,69,69,69,1-7418,8,10,1-7418,45,3,0,4,6.887708425521851,0.1530601872338189
515,515,515,515,1-8480,20,12,1-8480,112,12,0,5,16.859635531902313,0.15053246010627067
368,368,368,368,1-4011,6,17,1-4011,246,0,0,38,36.93323004245758,0.1501350814734048
8,8,8,8,MLG59,5,5,MLG59,112,10,0,7,16.80348974466324,0.1500311584344932
249,249,249,249,1-9259,5,5,1-9259,13,0,0,2,1.9438542127609253,0.1495272471354558
135,135,135,135,1-7499,21,19,1-7499,26,0,0,4,3.8877084255218506,0.1495272471354558
275,275,275,275,1-1712,6,17,1-1712,157,0,0,23,22.35432344675064,0.1423842257754818
491,491,491,491,MLG51,10,2,MLG51,99,13,0,1,13.971927106380463,0.14113057683212588
127,127,127,127,1-18952,18,6,1-18952,14,0,0,2,1.9438542127609253,0.13884672948292323
198,198,198,198,1-9203,7,13,1-9203,14,0,0,2,1.9438542127609253,0.13884672948292323
277,277,277,277,P1-6891,2,22,P1-6891,7,0,0,1,0.9719271063804626,0.13884672948292323
220,220,220,220,1-19627,13,11,1-19627,21,0,0,3,2.915781319141388,0.13884672948292323
525,525,525,525,1-3117,2,22,1-3117,7,0,0,1,0.9719271063804626,0.13884672948292323
66,66,66,66,1-7348,18,6,1-7348,43,3,0,3,5.915781319141388,0.13757630974747415
330,330,330,330,MLG28,2,22,MLG28,22,1,0,2,2.9438542127609253,0.1338115551254966
194,194,194,194,1-19109,2,22,1-19109,30,4,0,0,4.0,0.13333333333333333
35,35,35,35,1-8300,1,21,1-8300,53,7,0,0,7.0,0.1320754716981132
568,568,568,568,1-7910,7,13,1-7910,15,1,0,1,1.9719271063804626,0.13146180709203084
146,146,146,146,1-9260,16,1,1-9260,111,0,0,15,14.57890659570694,0.13134150086222468
200,200,200,200,7W2-12806,1,21,7W2-12806,23,3,0,0,3.0,0.13043478260869565
179,179,179,179,1-8186,8,10,1-8186,23,0,0,3,2.915781319141388,0.12677310083223425
545,545,545,545,1-8291,9,3,1-8291,16,2,0,0,2.0,0.125
550,550,550,550,1-3727,1,21,1-3727,8,0,0,1,0.9719271063804626,0.12149088829755783
52,52,52,52,1-6015,1,21,1-6015,8,0,0,1,0.9719271063804626,0.12149088829755783
19,19,19,19,1-9515,18,6,1-9515,66,4,0,4,7.887708425521851,0.11951073372002805
36,36,36,36,1-5686,12,14,1-5686,59,7,0,0,7.0,0.11864406779661017
315,315,315,315,MLG31,1,21,MLG31,42,4,0,1,4.971927106380463,0.11837921681858245
332,332,332,332,1-6501,6,17,1-6501,107,0,0,13,12.635052382946014,0.11808460170977583
494,494,494,494,MLG37,1,21,MLG37,50,2,0,4,5.887708425521851,0.11775416851043702
274,274,274,274,1-8497,21,19,1-8497,34,1,0,3,3.915781319141388,0.11517003879827611
462,462,462,462,1-8484,21,19,1-8484,202,4,0,19,22.46661502122879,0.11122086644172668
185,185,185,185,1-3301,6,17,1-3301,18,0,0,2,1.9438542127609253,0.1079919007089403
244,244,244,244,1-3099,3,8,1-3099,9,0,0,1,0.9719271063804626,0.1079919007089403
103,103,103,103,1-17927,2,22,1-17927,9,0,0,1,0.9719271063804626,0.1079919007089403
184,184,184,184,1-5314,1,21,1-5314,9,0,0,1,0.9719271063804626,0.1079919007089403
192,192,192,192,1-4874,2,22,1-4874,224,10,0,14,23.606979489326477,0.10538830129163605
538,538,538,538,1-18794,10,2,1-18794,29,3,0,0,3.0,0.10344827586206896
4,4,4,4,1-19133,1,21,1-19133,58,6,0,0,6.0,0.10344827586206896
115,115,115,115,1-3254,2,22,1-3254,68,4,0,3,6.915781319141388,0.10170266645796158
441,441,441,441,1-3717,21,19,1-3717,89,1,0,8,8.775416851043701,0.09860018933756967
32,32,32,32,1-7870,7,13,1-7870,82,8,0,0,8.0,0.0975609756097561
509,509,509,509,1-9473,2,22,1-9473,20,0,0,2,1.9438542127609253,0.09719271063804627
172,172,172,172,1-7326,15,7,1-7326,42,4,0,0,4.0,0.09523809523809523
125,125,125,125,1-7581,16,1,1-7581,42,4,0,0,4.0,0.09523809523809523
0,0,0,0,1-8545,19,20,1-8545,42,3,0,1,3.9719271063804626,0.09456969300905864
79,79,79,79,1-6661,8,10,1-6661,32,1,0,2,2.9438542127609253,0.09199544414877892
336,336,336,336,1-8678,17,24,1-8678,74,0,0,7,6.8034897446632385,0.09193905060355728
516,516,516,516,1-0337,16,1,1-0337,11,1,0,0,1.0,0.09090909090909091
112,112,112,112,1-7564,15,7,1-7564,22,0,0,2,1.9438542127609253,0.08835700967095116
255,255,255,255,1-17969,1,21,1-17969,22,0,0,2,1.9438542127609253,0.08835700967095116
504,504,504,504,1-18507,17,24,1-18507,320,0,0,29,28.185886085033417,0.08808089401572942
301,301,301,301,1-6684,17,24,1-6684,145,0,0,13,12.635052382946014,0.0871382922961794
452,452,452,452,1-18370,1,21,1-18370,23,1,0,1,1.9719271063804626,0.08573596114697664
187,187,187,187,1-3477,4,15,1-3477,46,0,0,4,3.8877084255218506,0.08451540055482284
483,483,483,483,MLG47,14,4,MLG47,106,7,0,2,8.943854212760925,0.08437598313925401
25,25,25,25,MLG68,5,5,MLG68,152,3,0,10,12.719271063804626,0.08367941489345149
139,139,139,139,1-2699,12,14,1-2699,36,2,0,1,2.9719271063804626,0.08255353073279063
109,109,109,109,1-3309,17,24,1-3309,12,0,0,1,0.9719271063804626,0.08099392553170522
218,218,218,218,MLG11,8,10,MLG11,493,20,0,19,38.46661502122879,0.07802558827835454
360,360,360,360,MLG67,17,24,MLG67,293,0,0,23,22.35432344675064,0.07629461927218649
511,511,511,511,1-8691,1,21,1-8691,26,1,0,1,1.9719271063804626,0.07584335024540241
471,471,471,471,1-8618,3,8,1-8618,53,4,0,0,4.0,0.07547169811320754
373,373,373,373,MLG73,4,15,MLG73,173,3,0,10,12.719271063804626,0.07352179805667414
34,34,34,34,1-7589,1,21,1-7589,95,5,0,2,6.943854212760925,0.07309320223958869
518,518,518,518,1-3356,17,24,1-3356,28,0,0,2,1.9438542127609253,0.06942336474146162
534,534,534,534,MLG48,7,13,MLG48,116,6,0,2,7.943854212760925,0.0684815018341459
263,263,263,263,1-7486,4,15,1-7486,29,0,0,2,1.9438542127609253,0.06702945561244569
209,209,209,209,MLG76,6,17,MLG76,131,0,0,8,7.775416851043701,0.05935432710720383
447,447,447,447,7W2-0103,16,1,7W2-0103,33,0,0,2,1.9438542127609253,0.05890467311396743
432,432,432,432,1-1067,17,24,1-1067,17,0,0,1,0.9719271063804626,0.05717218272826251
563,563,563,563,1-11121,2,22,1-11121,18,1,0,0,1.0,0.05555555555555555
105,105,105,105,1-8834,5,5,1-8834,39,1,0,1,1.9719271063804626,0.05056223349693494
68,68,68,68,1-6533,6,17,1-6533,21,0,0,1,0.9719271063804626,0.046282243160974415
201,201,201,201,1-3075,20,12,1-3075,45,1,0,1,1.9719271063804626,0.04382060236401028
558,558,558,558,1-8628,15,7,1-8628,68,2,0,1,2.9719271063804626,0.04370481038794798
30,30,30,30,1-20045,3,8,1-20045,45,0,0,2,1.9438542127609253,0.043196760283576115
450,450,450,450,1-2432,1,21,1-2432,50,2,0,0,2.0,0.04
114,114,114,114,1-7449,10,2,1-7449,25,0,0,1,0.9719271063804626,0.038877084255218505
208,208,208,208,1-20077,17,24,1-20077,28,0,0,1,0.9719271063804626,0.03471168237073081
400,400,400,400,MLG71,14,4,MLG71,144,2,0,3,4.915781319141388,0.034137370271815196
22,22,22,22,1-20100,12,14,1-20100,31,1,0,0,1.0,0.03225806451612903
57,57,57,57,1-6654,1,21,1-6654,66,2,0,0,2.0,0.030303030303030304
84,84,84,84,1-3491,5,5,1-3491,33,0,0,1,0.9719271063804626,0.029452336556983715
49,49,49,49,7W2-19692,11,9,7W2-19692,34,1,0,0,1.0,0.029411764705882353
521,521,521,521,1-8630,15,7,1-8630,67,0,0,2,1.9438542127609253,0.029012749444192916
81,81,81,81,1-1099,6,17,1-1099,149,0,0,4,3.8877084255218506,0.026092002855851348
228,228,228,228,1-18816,5,5,1-18816,44,1,0,0,1.0,0.022727272727272728
126,126,126,126,1-3489,2,22,1-3489,43,0,0,1,0.9719271063804626,0.02260295596233634
90,90,90,90,MLG83,17,24,MLG83,88,0,0,2,1.9438542127609253,0.02208925241773779
464,464,464,464,1-8629,1,21,1-8629,65,0,0,1,0.9719271063804626,0.014952724713545579
445,445,445,445,MLG61,17,24,MLG61,218,0,0,3,2.915781319141388,0.013375143665786184
111,111,111,111,1-7900,17,24,1-7900,75,0,0,1,0.9719271063804626,0.012959028085072835
140,140,140,140,1-9341,6,17,1-9341,98,0,0,1,0.9719271063804626,0.009917623534494517
21,21,21,21,1-6816,5,5,1-6816,14,0,0,0,0.0,0.0
560,560,560,560,1-8940,18,6,1-8940,3,0,0,0,0.0,0.0
1,1,1,1,1-7943,14,4,1-7943,68,0,0,0,0.0,0.0
74,74,74,74,1-6953,19,20,1-6953,66,0,0,0,0.0,0.0
7,7,7,7,1-11209,1,21,1-11209,35,0,0,0,0.0,0.0
530,530,530,530,1-7721,2,22,1-7721,12,0,0,0,0.0,0.0
241,241,241,241,1-2429,1,21,1-2429,10,0,0,0,0.0,0.0
250,250,250,250,1-7178,11,9,1-7178,8,0,0,0,0.0,0.0
533,533,533,533,1-3371,2,22,1-3371,16,0,0,0,0.0,0.0
259,259,259,259,1-5146,13,11,1-5146,2,0,0,0,0.0,0.0
567,567,567,567,1-5713,17,24,1-5713,2,0,0,0,0.0,0.0
570,570,570,570,1-5965,1,21,1-5965,6,0,0,0,0.0,0.0
569,569,569,569,1-10217,8,10,1-10217,4,0,0,0,0.0,0.0
574,574,574,574,1-4618,3,8,1-4618,1,0,0,0,0.0,0.0
575,575,575,575,1-5714,17,24,1-5714,1,0,0,0,0.0,0.0
224,224,224,224,MLG05,17,24,MLG05,14,0,0,0,0.0,0.0
571,571,571,571,1-4387,10,2,1-4387,1,0,0,0,0.0,0.0
231,231,231,231,1-4413,1,21,1-4413,9,0,0,0,0.0,0.0
234,234,234,234,1-9935,2,22,1-9935,5,0,0,0,0.0,0.0
134,134,134,134,1-6496,14,4,1-6496,28,0,0,0,0.0,0.0
288,288,288,288,1-20283,12,14,1-20283,1,0,0,0,0.0,0.0
64,64,64,64,1-8729,20,12,1-8729,53,0,0,0,0.0,0.0
193,193,193,193,1-3081,6,17,1-3081,42,0,0,0,0.0,0.0
202,202,202,202,1-19108,10,2,1-19108,16,0,0,0,0.0,0.0
302,302,302,302,1-8899,10,2,1-8899,3,0,0,0,0.0,0.0
180,180,180,180,1-7886,1,21,1-7886,7,0,0,0,0.0,0.0
261,261,261,261,1-8747,2,22,1-8747,18,0,0,0,0.0,0.0
289,289,289,289,1-9958,1,21,1-9958,1,0,0,0,0.0,0.0
296,296,296,296,1-21180,12,14,1-21180,1,0,0,0,0.0,0.0
299,299,299,299,1-9316,3,8,1-9316,16,0,0,0,0.0,0.0
300,300,300,300,1-7083,17,24,1-7083,17,0,0,0,0.0,0.0
44,44,44,44,1-5873,6,17,1-5873,3,0,0,0,0.0,0.0
304,304,304,304,1-10294,17,24,1-10294,30,0,0,0,0.0,0.0
309,309,309,309,1-7481,12,14,1-7481,1,0,0,0,0.0,0.0
310,310,310,310,1-9486,2,22,1-9486,2,0,0,0,0.0,0.0
311,311,311,311,1-3739,5,5,1-3739,2,0,0,0,0.0,0.0
107,107,107,107,1-2192,6,17,1-2192,22,0,0,0,0.0,0.0
116,116,116,116,1-7737,8,10,1-7737,11,0,0,0,0.0,0.0
117,117,117,117,1-2523,4,15,1-2523,14,0,0,0,0.0,0.0
389,389,389,389,1-0598,17,24,1-0598,122,0,0,0,0.0,0.0
493,493,493,493,1-3162,17,24,1-3162,35,0,0,0,0.0,0.0
