Unnamed: 0.5,Unnamed: 0.4,Unnamed: 0.3,Unnamed: 0.2,Unnamed: 0.1,Unnamed: 0,Exam Group,Exam Block,slot,exam,size,b2bs,confs,2i3s,score,score_norm
256,256,256,256,256,256,1-3037,18,14,1-3037,467,69,3,71,3139.9076085090637,6.723570896165018
364,364,364,364,364,364,MLG02,18,14,MLG02,755,74,3,246,3319.679883003235,4.396926997355278
353,353,353,353,353,353,1-8681,11,10,1-8681,260,42,1,42,1083.945345878601,4.169020561071543
158,158,158,158,158,158,MLG12,11,10,MLG12,569,18,1,204,1221.7345371246338,2.1471608736812544
384,384,384,384,384,384,1-0584,8,9,1-0584,41,21,0,28,48.96356391906738,1.1942332663187167
456,456,456,456,456,456,1-2006,16,21,1-2006,40,0,0,44,43.9427433013916,1.09856858253479
228,228,228,228,228,228,1-18816,5,13,1-18816,44,1,0,44,44.9427433013916,1.0214259841225364
195,195,195,195,195,195,1-3079,3,8,1-3079,34,0,0,34,33.955756187438965,0.9986987113952637
514,514,514,514,514,514,1-6764,3,8,1-6764,38,1,0,35,35.95445489883423,0.9461698657587955
507,507,507,507,507,507,1-19067,10,18,1-19067,8,7,0,0,7.0,0.875
64,64,64,64,64,64,1-8729,20,11,1-8729,53,1,0,44,44.9427433013916,0.8479762887055019
260,260,260,260,260,260,1-0305,1,25,1-0305,12,0,0,10,9.986987113952637,0.8322489261627197
162,162,162,162,162,162,1-8242,19,16,1-8242,11,8,0,1,8.998698711395264,0.8180635192177512
193,193,193,193,193,193,1-3081,6,6,1-3081,42,0,0,34,33.955756187438965,0.8084703854152134
174,174,174,174,174,174,1-6568,13,19,1-6568,394,9,0,303,311.6057095527649,0.7908774354131088
324,324,324,324,324,324,1-3369,19,16,1-3369,8,3,0,3,5.996096134185791,0.7495120167732239
391,391,391,391,391,391,1-8165,14,12,1-8165,420,62,0,248,309.6772804260254,0.7373268581572033
345,345,345,345,345,345,1-2364,15,15,1-2364,88,12,0,52,63.93233299255371,0.7265037840062921
481,481,481,481,481,481,1-19851,18,14,1-19851,25,11,0,7,17.990890979766846,0.7196356391906739
435,435,435,435,435,435,1-10882,3,8,1-10882,14,3,0,7,9.990890979766846,0.7136350699833461
18,18,18,18,18,18,1-5635,15,15,1-5635,417,35,0,244,278.68248558044434,0.6683033227348785
528,528,528,528,528,528,MLG77,14,12,MLG77,9,6,0,0,6.0,0.6666666666666666
544,544,544,544,544,544,1-20124,15,15,1-20124,3,1,0,1,1.9986987113952637,0.6662329037984213
233,233,233,233,233,233,1-8864,3,8,1-8864,39,13,0,13,25.983083248138428,0.6662329037984213
167,167,167,167,167,167,1-9287,20,11,1-9287,21,7,0,7,13.990890979766846,0.6662329037984213
243,243,243,243,243,243,1-7712,3,8,1-7712,12,3,0,5,7.993493556976318,0.6661244630813599
17,17,17,17,17,17,1-9217,19,16,1-9217,30,5,0,15,19.980480670928955,0.6660160223642985
305,305,305,305,305,305,1-7472,5,13,1-7472,12,0,0,8,7.989589691162109,0.6657991409301758
229,229,229,229,229,229,1-6569,21,17,1-6569,360,11,0,224,234.70851135253906,0.6519680870903863
490,490,490,490,490,490,1-6591,5,13,1-6591,79,5,0,46,50.94014072418213,0.6448119079010396
458,458,458,458,458,458,1-9063,8,9,1-9063,35,10,0,12,21.984384536743164,0.6281252724783761
486,486,486,486,486,486,1-6506,9,23,1-6506,70,0,0,44,43.9427433013916,0.6277534757341657
572,572,572,572,572,572,1-9584,4,4,1-9584,8,0,0,5,4.993493556976318,0.6241866946220398
306,306,306,306,306,306,1-18987,5,13,1-18987,34,14,0,7,20.990890979766846,0.6173791464637307
542,542,542,542,542,542,1-5287,5,13,1-5287,18,7,0,4,10.994794845581055,0.6108219358656142
225,225,225,225,225,225,1-17970,5,13,1-17970,36,13,0,9,21.988288402557373,0.6107857889599271
379,379,379,379,379,379,1-5228,4,4,1-5228,180,0,0,109,108.85815954208374,0.6047675530115764
399,399,399,399,399,399,1-8087,3,8,1-8087,58,10,0,25,34.96746778488159,0.6028873756014067
553,553,553,553,553,553,1-17965,18,14,1-17965,10,3,0,3,5.996096134185791,0.5996096134185791
319,319,319,319,319,319,1-20040,18,14,1-20040,22,9,0,4,12.994794845581055,0.590672492980957
119,119,119,119,119,119,1-7476,18,14,1-7476,22,5,0,8,12.98958969116211,0.5904358950528231
404,404,404,404,404,404,1-9291,4,4,1-9291,78,0,0,46,45.94014072418213,0.5889761631305401
83,83,83,83,83,83,1-1152,3,8,1-1152,112,24,0,42,65.94534587860107,0.5887977310589382
43,43,43,43,43,43,1-7518,21,17,1-7518,169,17,0,82,98.89329433441162,0.5851674220971101
537,537,537,537,537,537,1-9499,4,4,1-9499,36,0,0,21,20.972672939300537,0.5825742483139038
270,270,270,270,270,270,1-5655,15,15,1-5655,31,5,0,13,17.983083248138428,0.5800994596173686
320,320,320,320,320,320,1-0541,6,6,1-0541,132,8,0,68,75.91151237487793,0.5750872149611964
123,123,123,123,123,123,1-3472,13,19,1-3472,28,0,0,16,15.979179382324219,0.5706849779401507
555,555,555,555,555,555,1-20068,14,12,1-20068,45,9,0,16,24.97917938232422,0.5550928751627604
352,352,352,352,352,352,1-2275,13,19,1-2275,130,9,0,63,71.91801881790161,0.553215529368474
332,332,332,332,332,332,1-6501,6,6,1-6501,107,12,0,46,57.94014072418213,0.541496642282076
54,54,54,54,54,54,1-6957,21,17,1-6957,338,21,0,162,182.78919124603271,0.5407964238048305
191,191,191,191,191,191,1-9285,5,13,1-9285,30,8,0,8,15.98958969116211,0.5329863230387369
361,361,361,361,361,361,1-0691,16,21,1-0691,450,0,0,240,239.68769073486328,0.5326393127441407
441,441,441,441,441,441,1-3717,21,17,1-3717,89,4,0,43,46.94404458999634,0.5274611751684982
437,437,437,437,437,437,1-19093,6,6,1-19093,36,2,0,17,18.977878093719482,0.5271632803810967
293,293,293,293,293,293,MLG20,19,16,MLG20,55,18,0,11,28.9856858253479,0.52701246955178
142,142,142,142,142,142,MLG17,14,12,MLG17,76,29,0,11,39.9856858253479,0.5261274450703671
318,318,318,318,318,318,1-3496,13,19,1-3496,192,12,0,89,100.88418531417847,0.5254384651780128
155,155,155,155,155,155,1-7462,5,13,1-7462,336,40,0,136,175.82302474975586,0.5232828117552257
248,248,248,248,248,248,1-19068,4,4,1-19068,77,0,0,40,39.94794845581055,0.518804525400137
355,355,355,355,355,355,1-8666,14,12,1-8666,89,16,0,30,45.96096134185791,0.5164152959759316
273,273,273,273,273,273,1-9157,15,15,1-9157,89,9,0,37,45.951852321624756,0.516312947433986
152,152,152,152,152,152,1-1530,13,19,1-1530,632,43,0,280,322.6356391906738,0.5104994290991675
519,519,519,519,519,519,1-10800,6,6,1-10800,55,15,0,13,27.983083248138428,0.5087833317843351
163,163,163,163,163,163,1-1633,9,23,1-1633,399,0,0,201,200.738440990448,0.5031038621314486
549,549,549,549,549,549,1-10622,18,14,1-10622,4,2,0,0,2.0,0.5
524,524,524,524,524,524,1-3734,10,18,1-3734,4,2,0,0,2.0,0.5
408,408,408,408,408,408,1-8023,19,16,1-8023,20,8,0,2,9.997397422790527,0.49986987113952636
414,414,414,414,414,414,1-5140,3,8,1-5140,10,3,0,2,4.997397422790527,0.4997397422790527
455,455,455,455,455,455,1-10981,5,13,1-10981,34,8,0,9,16.988288402557373,0.49965554125168743
440,440,440,440,440,440,1-9197,20,11,1-9197,16,3,0,5,7.993493556976318,0.4995933473110199
495,495,495,495,495,495,1-5515,6,6,1-5515,30,2,0,13,14.983083248138428,0.49943610827128093
363,363,363,363,363,363,1-7993,6,6,1-7993,100,6,0,44,49.9427433013916,0.499427433013916
20,20,20,20,20,20,1-3141,1,25,1-3141,14,0,0,7,6.990890979766846,0.49934935569763184
346,346,346,346,346,346,1-10823,16,21,1-10823,10,0,0,5,4.993493556976318,0.49934935569763184
238,238,238,238,238,238,1-7444,9,23,1-7444,14,0,0,7,6.990890979766846,0.49934935569763184
540,540,540,540,540,540,1-8711,4,4,1-8711,48,0,0,24,23.968769073486328,0.49934935569763184
294,294,294,294,294,294,1-3051,4,4,1-3051,116,0,0,58,57.92452526092529,0.49934935569763184
149,149,149,149,149,149,1-9621,11,10,1-9621,4,0,0,2,1.9973974227905273,0.49934935569763184
211,211,211,211,211,211,1-7187,7,2,1-7187,96,6,0,41,46.94664716720581,0.48902757465839386
87,87,87,87,87,87,1-0708,16,21,1-0708,408,0,0,197,196.74364614486694,0.482214818982517
467,467,467,467,467,467,MLG82,19,16,MLG82,71,24,0,10,33.98698711395264,0.4786899593514456
268,268,268,268,268,268,1-7899,13,19,1-7899,40,4,0,15,18.980480670928955,0.47451201677322385
358,358,358,358,358,358,MLG18,20,11,MLG18,72,20,0,14,33.98178195953369,0.4719691938824124
285,285,285,285,285,285,1-6727,6,6,1-6727,235,20,0,91,110.881582736969,0.47183652228497447
388,388,388,388,388,388,1-8019,21,17,1-8019,320,70,0,81,150.89459562301636,0.47154561132192613
130,130,130,130,130,130,MLG32,3,8,MLG32,79,16,0,21,36.97267293930054,0.46800851821899414
476,476,476,476,476,476,MLG01,21,17,MLG01,43,4,0,16,19.97917938232422,0.46463207865870276
460,460,460,460,460,460,1-8044,13,19,1-8044,56,1,0,25,25.967467784881592,0.46370478187288555
161,161,161,161,161,161,1-7656,18,14,1-7656,48,6,0,16,21.97917938232422,0.4578995704650879
181,181,181,181,181,181,1-9123,4,4,1-9123,24,0,0,11,10.9856858253479,0.45773690938949585
430,430,430,430,430,430,1-8718,5,13,1-8718,333,81,0,71,151.90760850906372,0.4561790045317229
321,321,321,321,321,321,MLG30,3,8,MLG30,66,8,0,22,29.9713716506958,0.4541116916772091
420,420,420,420,420,420,1-7057,16,21,1-7057,105,0,0,47,46.93883943557739,0.44703656605311803
55,55,55,55,55,55,1-8135,6,6,1-8135,56,1,0,24,24.968769073486328,0.44587087631225586
340,340,340,340,340,340,1-0487,19,16,1-0487,18,7,0,1,7.998698711395264,0.44437215063307023
451,451,451,451,451,451,1-7146,14,12,1-7146,18,4,0,4,7.994794845581055,0.4441552691989475
359,359,359,359,359,359,1-6166,4,4,1-6166,117,0,0,52,51.93233299255371,0.4438660939534505
147,147,147,147,147,147,1-7172,7,2,1-7172,284,14,0,111,124.85555696487427,0.4396322428340643
242,242,242,242,242,242,1-1367,13,19,1-1367,66,3,0,26,28.966166496276855,0.43888131054964935
523,523,523,523,523,523,MLG04,20,11,MLG04,16,0,0,7,6.990890979766846,0.43693068623542786
438,438,438,438,438,438,1-9100,16,21,1-9100,142,0,0,62,61.91932010650635,0.43605155004581936
159,159,159,159,159,159,MLG36,20,11,MLG36,136,20,0,39,58.94924974441528,0.4334503657677594
190,190,190,190,190,190,1-6199,19,16,1-6199,30,4,0,9,12.988288402557373,0.4329429467519124
337,337,337,337,337,337,1-1035,16,21,1-1035,249,0,0,107,106.86076211929321,0.42915968722607717
383,383,383,383,383,383,1-0582,16,21,1-0582,70,0,0,30,29.96096134185791,0.428013733455113
377,377,377,377,377,377,1-7901,14,12,1-7901,298,48,0,79,126.89719820022583,0.4258295241618316
227,227,227,227,227,227,1-9542,15,15,1-9542,54,9,0,14,22.98178195953369,0.42558855480617946
489,489,489,489,489,489,1-8058,21,17,1-8058,54,6,0,17,22.977878093719482,0.4255162609948052
382,382,382,382,382,382,1-18469,4,4,1-18469,54,0,0,23,22.970070362091064,0.4253716733720567
531,531,531,531,531,531,1-8951,6,6,1-8951,47,4,0,16,19.97917938232422,0.42508892302817486
56,56,56,56,56,56,1-8924,3,8,1-8924,40,4,0,13,16.983083248138428,0.4245770812034607
374,374,374,374,374,374,MLG74,18,14,MLG74,177,37,0,38,74.95055103302002,0.4234494408645199
394,394,394,394,394,394,1-8808,11,10,1-8808,52,11,0,11,21.9856858253479,0.4228016504874596
369,369,369,369,369,369,1-8564,6,6,1-8564,185,10,0,68,77.91151237487793,0.4211433101344753
462,462,462,462,462,462,1-8484,21,17,1-8484,202,17,0,68,84.91151237487793,0.42035402165781155
485,485,485,485,485,485,MLG25,14,12,MLG25,12,2,0,3,4.996096134185791,0.4163413445154826
269,269,269,269,269,269,1-5271,3,8,1-5271,12,2,0,3,4.996096134185791,0.4163413445154826
291,291,291,291,291,291,1-17979,7,2,1-17979,17,5,0,2,6.997397422790527,0.4116116131053251
274,274,274,274,274,274,1-8497,21,17,1-8497,34,3,0,11,13.9856858253479,0.4113437007455265
376,376,376,376,376,376,1-18412,19,16,1-18412,56,21,0,2,22.997397422790527,0.41066781112125944
186,186,186,186,186,186,1-8162,20,11,1-8162,22,8,0,1,8.998698711395264,0.4090317596088756
512,512,512,512,512,512,1-9121,18,14,1-9121,22,7,0,2,8.997397422790527,0.40897261012684216
551,551,551,551,551,551,1-18869,18,14,1-18869,22,5,0,4,8.994794845581055,0.4088543111627752
96,96,96,96,96,96,1-10725,10,18,1-10725,27,10,0,1,10.998698711395264,0.4073592115331579
341,341,341,341,341,341,1-0983,13,19,1-0983,195,8,0,71,78.90760850906372,0.40465440261058316
53,53,53,53,53,53,1-9340,4,4,1-9340,163,0,0,66,65.9141149520874,0.40438107332568957
39,39,39,39,39,39,1-8567,6,6,1-8567,388,24,0,132,155.8282299041748,0.4016191492375639
254,254,254,254,254,254,1-9230,12,1,1-9230,5,2,0,0,2.0,0.4
331,331,331,331,331,331,1-9412,11,10,1-9412,15,3,0,3,5.996096134185791,0.39973974227905273
210,210,210,210,210,210,1-3182,14,12,1-3182,20,3,0,5,7.993493556976318,0.39967467784881594
508,508,508,508,508,508,1-8057,19,16,1-8057,50,7,0,13,19.983083248138428,0.39966166496276856
80,80,80,80,80,80,1-21411,1,25,1-21411,5,0,0,2,1.9973974227905273,0.39947948455810545
471,471,471,471,471,471,1-8618,3,8,1-8618,53,18,0,3,20.99609613418579,0.3961527572487885
354,354,354,354,354,354,1-11438,6,6,1-11438,53,16,0,5,20.99349355697632,0.3961036520184211
316,316,316,316,316,316,1-4776,5,13,1-4776,33,9,0,4,12.994794845581055,0.3937816619873047
33,33,33,33,33,33,1-0997,11,10,1-0997,33,4,0,9,12.988288402557373,0.3935844970471931
336,336,336,336,336,336,1-8678,17,7,1-8678,74,24,0,5,28.99349355697632,0.3918039669861665
128,128,128,128,128,128,MLG33,19,16,MLG33,161,24,0,39,62.94924974441528,0.3909891288472999
61,61,61,61,61,61,1-7306,8,9,1-7306,159,35,0,27,61.96486520767212,0.38971613338158567
239,239,239,239,239,239,1-1136,4,4,1-1136,113,0,0,44,43.9427433013916,0.3888738345255894
45,45,45,45,45,45,1-1070,16,21,1-1070,280,0,0,109,108.85815954208374,0.38877914122172763
41,41,41,41,41,41,MLG24,3,8,MLG24,49,10,0,9,18.988288402557373,0.38751608984810965
145,145,145,145,145,145,1-18635,9,23,1-18635,44,0,0,17,16.977878093719482,0.38586086576635187
157,157,157,157,157,157,1-2318,15,15,1-2318,13,2,0,3,4.996096134185791,0.38431508724506086
281,281,281,281,281,281,1-8126,18,14,1-8126,34,11,0,2,12.997397422790527,0.38227639478795666
108,108,108,108,108,108,1-0917,3,8,1-0917,134,15,0,36,50.95315361022949,0.3802474150017126
46,46,46,46,46,46,1-3056,5,13,1-3056,250,28,0,67,94.91281366348267,0.3796512546539307
538,538,538,538,538,538,1-18794,10,18,1-18794,29,3,0,8,10.98958969116211,0.3789513686607624
74,74,74,74,74,74,1-6953,19,16,1-6953,66,19,0,6,24.992192268371582,0.37866957982381183
146,146,146,146,146,146,1-9260,16,21,1-9260,111,0,0,42,41.945345878601074,0.37788599890631597
334,334,334,334,334,334,1-3693,16,21,1-3693,143,0,0,54,53.92973041534424,0.37713098192548417
60,60,60,60,60,60,1-0916,15,15,1-0916,215,9,0,72,80.90630722045898,0.37630840567655344
133,133,133,133,133,133,1-7460,4,4,1-7460,194,0,0,73,72.90500593185425,0.37579899964873326
559,559,559,559,559,559,1-9466,20,11,1-9466,8,3,0,0,3.0,0.375
539,539,539,539,539,539,1-6559,19,16,1-6559,24,7,0,2,8.997397422790527,0.37489155928293866
475,475,475,475,475,475,1-11522,13,19,1-11522,24,1,0,8,8.98958969116211,0.3745662371317546
276,276,276,276,276,276,1-9548,4,4,1-9548,16,0,0,6,5.992192268371582,0.3745120167732239
251,251,251,251,251,251,MLG27,1,25,MLG27,67,0,0,25,24.967467784881592,0.3726487729086805
347,347,347,347,347,347,1-7720,16,21,1-7720,102,0,0,38,37.95055103302002,0.37206422581392173
137,137,137,137,137,137,1-19257,7,2,1-19257,246,8,0,83,90.89199304580688,0.36947964652767024
443,443,443,443,443,443,1-4397,16,21,1-4397,106,0,0,39,38.94924974441528,0.36744575230580456
183,183,183,183,183,183,1-18927,17,7,1-18927,30,9,0,2,10.997397422790527,0.3665799140930176
219,219,219,219,219,219,1-8371,15,15,1-8371,255,36,0,57,92.92582654953003,0.36441500607658833
112,112,112,112,112,112,1-7564,15,15,1-7564,22,6,0,2,7.997397422790527,0.3635180646722967
431,431,431,431,431,431,1-9115,5,13,1-9115,22,5,0,3,7.996096134185791,0.36345891519026324
166,166,166,166,166,166,1-9454,18,14,1-9454,80,18,0,11,28.9856858253479,0.3623210728168488
141,141,141,141,141,141,MLG42,20,11,MLG42,72,9,0,17,25.977878093719482,0.36080386241277057
27,27,27,27,27,27,1-0984,20,11,1-0984,50,2,0,16,17.97917938232422,0.35958358764648435
144,144,144,144,144,144,1-8914,16,21,1-8914,25,0,0,9,8.988288402557373,0.35953153610229494
329,329,329,329,329,329,1-19755,7,2,1-19755,517,44,0,141,184.81651830673218,0.3574787588137953
407,407,407,407,407,407,1-5899,6,6,1-5899,288,21,0,82,102.89329433441162,0.3572683831055959
50,50,50,50,50,50,MLG14,20,11,MLG14,462,44,0,121,164.8425440788269,0.3568020434606643
532,532,532,532,532,532,1-9182,13,19,1-9182,28,1,0,9,9.988288402557373,0.35672458580562044
344,344,344,344,344,344,1-9294,14,12,1-9294,74,15,0,11,25.9856858253479,0.3511579165587554
487,487,487,487,487,487,1-7467,8,9,1-7467,20,4,0,3,6.996096134185791,0.34980480670928954
425,425,425,425,425,425,1-10919,9,23,1-10919,20,0,0,7,6.990890979766846,0.3495445489883423
323,323,323,323,323,323,1-7946,13,19,1-7946,289,20,0,81,100.89459562301636,0.34911624783050643
501,501,501,501,501,501,MLG56,17,7,MLG56,109,35,0,3,37.99609613418579,0.34858803792831
398,398,398,398,398,398,MLG65,20,11,MLG65,155,30,0,24,53.96876907348633,0.34818560692571826
338,338,338,338,338,338,1-3523,14,12,1-3523,497,15,0,158,172.79439640045166,0.3476748418520154
236,236,236,236,236,236,1-9245,1,25,1-9245,23,0,0,8,7.989589691162109,0.3473734648331352
452,452,452,452,452,452,1-18370,1,25,1-18370,23,0,0,8,7.989589691162109,0.3473734648331352
312,312,312,312,312,312,1-3364,6,6,1-3364,121,12,0,30,41.96096134185791,0.34678480447816457
541,541,541,541,541,541,1-7301,11,10,1-7301,26,7,0,2,8.997397422790527,0.3460537470304049
217,217,217,217,217,217,1-7575,5,13,1-7575,26,4,0,5,8.993493556976318,0.34590359834524304
360,360,360,360,360,360,MLG67,17,7,MLG67,293,61,0,40,100.94794845581055,0.3445322472894558
470,470,470,470,470,470,1-10043,7,2,1-10043,61,18,0,3,20.99609613418579,0.3441982972817343
380,380,380,380,380,380,MLG64,15,15,MLG64,129,27,0,17,43.97787809371948,0.34091378367224406
78,78,78,78,78,78,1-6677,9,23,1-6677,94,0,0,32,31.958358764648438,0.33998254004945144
350,350,350,350,350,350,1-19891,21,17,1-19891,95,8,0,24,31.968769073486328,0.33651335866827714
389,389,389,389,389,389,1-0598,17,7,1-0598,122,32,0,9,40.98828840255737,0.3359695770701424
307,307,307,307,307,307,1-5199,11,10,1-5199,3,1,0,0,1.0,0.3333333333333333
11,11,11,11,11,11,1-8750,11,10,1-8750,45,11,0,4,14.994794845581055,0.3332176632351346
244,244,244,244,244,244,1-3099,3,8,1-3099,9,2,0,1,2.9986987113952637,0.3331887457105849
444,444,444,444,444,444,1-2083,15,15,1-2083,48,10,0,6,15.992192268371582,0.3331706722577413
214,214,214,214,214,214,1-19859,18,14,1-19859,12,2,0,2,3.9973974227905273,0.33311645189921063
6,6,6,6,6,6,MLG58,3,8,MLG58,66,9,0,13,21.983083248138428,0.3330770189111883
482,482,482,482,482,482,1-11534,8,9,1-11534,12,1,0,3,3.996096134185791,0.33300801118214923
98,98,98,98,98,98,1-9543,14,12,1-9543,39,3,0,10,12.986987113952637,0.33299966958852917
85,85,85,85,85,85,1-8986,13,19,1-8986,57,4,0,15,18.980480670928955,0.33299088896366585
265,265,265,265,265,265,1-7464,15,15,1-7464,48,2,0,14,15.981781959533691,0.3329537908236186
370,370,370,370,370,370,1-7971,6,6,1-7971,117,3,0,36,38.95315361022949,0.3329329368395683
557,557,557,557,557,557,P1-17272,1,25,P1-17272,6,0,0,2,1.9973974227905273,0.3328995704650879
237,237,237,237,237,237,1-7484,1,25,1-7484,24,0,0,8,7.989589691162109,0.3328995704650879
561,561,561,561,561,561,1-3699,13,19,1-3699,9,0,0,3,2.996096134185791,0.3328995704650879
226,226,226,226,226,226,1-1047,4,4,1-1047,39,0,0,13,12.983083248138428,0.3328995704650879
366,366,366,366,366,366,MLG63,3,8,MLG63,543,47,0,133,179.82692861557007,0.33117298087581964
416,416,416,416,416,416,1-3246,10,18,1-3246,116,31,0,7,37.990890979766846,0.327507680860059
403,403,403,403,403,403,1-7402,16,21,1-7402,141,0,0,46,45.94014072418213,0.32581660088072434
75,75,75,75,75,75,1-7547,6,6,1-7547,86,5,0,23,27.970070362091064,0.32523337630338445
387,387,387,387,387,387,1-3469,21,17,1-3469,40,4,0,9,12.988288402557373,0.3247072100639343
479,479,479,479,479,479,1-7809,9,23,1-7809,40,0,0,13,12.983083248138428,0.3245770812034607
492,492,492,492,492,492,1-3257,19,16,1-3257,37,5,0,7,11.990890979766846,0.32407813458829315
365,365,365,365,365,365,1-18435,5,13,1-18435,37,4,0,8,11.98958969116211,0.32404296462600296
427,427,427,427,427,427,1-8613,7,2,1-8613,37,3,0,9,11.988288402557373,0.32400779466371277
343,343,343,343,343,343,1-8754,4,4,1-8754,108,0,0,35,34.95445489883423,0.32365236017439103
290,290,290,290,290,290,1-0447,4,4,1-0447,65,0,0,21,20.972672939300537,0.3226565067584698
518,518,518,518,518,518,1-3356,17,7,1-3356,28,8,0,1,8.998698711395264,0.32138209683554514
449,449,449,449,449,449,1-10960,4,4,1-10960,82,0,0,26,25.966166496276855,0.3166605670277665
499,499,499,499,499,499,1-3135,13,19,1-3135,101,16,0,16,31.97917938232422,0.31662553843885366
339,339,339,339,339,339,1-7523,14,12,1-7523,79,10,0,15,24.980480670928955,0.3162086160877083
415,415,415,415,415,415,1-7872,11,10,1-7872,124,21,0,18,38.976576805114746,0.3143272322993125
204,204,204,204,204,204,1-3509,14,12,1-3509,150,24,0,23,46.970070362091064,0.31313380241394045
28,28,28,28,28,28,1-7081,20,11,1-7081,99,20,0,11,30.9856858253479,0.31298672550856466
459,459,459,459,459,459,1-8284,3,8,1-8284,48,13,0,2,14.997397422790527,0.3124457796414693
326,326,326,326,326,326,1-9095,11,10,1-9095,16,3,0,2,4.997397422790527,0.31233733892440796
552,552,552,552,552,552,1-9396,20,11,1-9396,16,2,0,3,4.996096134185791,0.31225600838661194
173,173,173,173,173,173,1-7456,16,21,1-7456,32,0,0,10,9.986987113952637,0.3120933473110199
356,356,356,356,356,356,1-18045,16,21,1-18045,109,0,0,34,33.955756187438965,0.31152069896733
171,171,171,171,171,171,1-3300,8,9,1-3300,29,3,0,6,8.992192268371582,0.31007559546108904
424,424,424,424,424,424,1-8061,21,17,1-8061,55,3,0,14,16.98178195953369,0.30875967199152166
465,465,465,465,465,465,1-8053,4,4,1-8053,55,0,0,17,16.977878093719482,0.3086886926130815
409,409,409,409,409,409,1-7297,20,11,1-7297,13,1,0,3,3.996096134185791,0.30739201032198393
357,357,357,357,357,357,1-7488,9,23,1-7488,65,0,0,20,19.973974227905273,0.30729191119854266
381,381,381,381,381,381,1-7987,4,4,1-7987,23,0,0,7,6.990890979766846,0.3039517817289933
101,101,101,101,101,101,1-8228,4,4,1-8228,99,0,0,30,29.96096134185791,0.3026359731500799
477,477,477,477,477,477,1-20081,12,1,1-20081,20,6,0,0,6.0,0.3
423,423,423,423,423,423,1-5696,8,9,1-5696,80,23,0,1,23.998698711395264,0.2999837338924408
38,38,38,38,38,38,1-10018,8,9,1-10018,40,11,0,1,11.998698711395264,0.2999674677848816
535,535,535,535,535,535,1-9253,5,13,1-9253,30,8,0,1,8.998698711395264,0.29995662371317544
554,554,554,554,554,554,1-18770,5,13,1-18770,10,1,0,2,2.9973974227905273,0.29973974227905276
24,24,24,24,24,24,1-2742,4,4,1-2742,154,0,0,46,45.94014072418213,0.29831260210507876
136,136,136,136,136,136,1-7425,9,23,1-7425,352,0,0,105,104.86336469650269,0.2979072860696099
527,527,527,527,527,527,1-5568,1,25,1-5568,47,0,0,14,13.981781959533691,0.29748472254327
258,258,258,258,258,258,1-4654,9,23,1-4654,138,0,0,41,40.94664716720581,0.29671483454496966
480,480,480,480,480,480,1-1514,7,2,1-1514,64,7,0,12,18.984384536743164,0.29663100838661194
484,484,484,484,484,484,MLG35,3,8,MLG35,44,8,0,5,12.993493556976318,0.2953066717494618
279,279,279,279,279,279,MLG03,15,15,MLG03,713,57,0,153,209.80090284347534,0.2942509156289977
412,412,412,412,412,412,1-7403,21,17,1-7403,58,2,0,15,16.980480670928955,0.29276690811946476
48,48,48,48,48,48,1-6101,15,15,1-6101,41,5,0,7,11.990890979766846,0.2924607556040694
405,405,405,405,405,405,1-9365,11,10,1-9365,243,35,0,36,70.95315361022949,0.29198828646184977
468,468,468,468,468,468,1-11523,14,12,1-11523,24,4,0,3,6.996096134185791,0.29150400559107464
517,517,517,517,517,517,1-9436,8,9,1-9436,24,4,0,3,6.996096134185791,0.29150400559107464
422,422,422,422,422,422,1-3405,9,23,1-3405,72,0,0,21,20.972672939300537,0.2912871241569519
104,104,104,104,104,104,1-9040,11,10,1-9040,55,10,0,6,15.992192268371582,0.29076713215221056
413,413,413,413,413,413,1-1763,10,18,1-1763,35,10,0,0,10.0,0.2857142857142857
151,151,151,151,151,151,1-11026,15,15,1-11026,21,5,0,1,5.998698711395264,0.28565231959025067
156,156,156,156,156,156,1-2322,11,10,1-2322,14,2,0,2,3.9973974227905273,0.2855283873421805
224,224,224,224,224,224,MLG05,17,7,MLG05,14,2,0,2,3.9973974227905273,0.2855283873421805
488,488,488,488,488,488,1-18369,3,8,1-18369,7,1,0,1,1.9986987113952637,0.2855283873421805
188,188,188,188,188,188,1-5221,5,13,1-5221,21,2,0,4,5.994794845581055,0.28546642121814547
547,547,547,547,547,547,1-9600,1,25,1-9600,7,0,0,2,1.9973974227905273,0.28534248897007536
278,278,278,278,278,278,1-3152,6,6,1-3152,323,21,0,71,91.90760850906372,0.2845436795946245
473,473,473,473,473,473,1-3174,9,23,1-3174,117,0,0,33,32.9570574760437,0.2816842519319974
102,102,102,102,102,102,1-6737,14,12,1-6737,32,5,0,4,8.994794845581055,0.28108733892440796
446,446,446,446,446,446,1-1166,7,2,1-1166,118,3,0,30,32.96096134185791,0.2793301808632026
10,10,10,10,10,10,1-7390,7,2,1-7390,43,2,0,10,11.986987113952637,0.278767142184945
252,252,252,252,252,252,1-1887,11,10,1-1887,119,15,0,18,32.976576805114746,0.27711409079928356
463,463,463,463,463,463,1-8187,5,13,1-8187,29,6,0,2,7.997397422790527,0.27577232492381126
410,410,410,410,410,410,1-8368,9,23,1-8368,80,0,0,22,21.9713716506958,0.2746421456336975
59,59,59,59,59,59,1-2272,4,4,1-2272,412,0,0,113,112.8529543876648,0.27391493783413784
121,121,121,121,121,121,1-8853,11,10,1-8853,33,8,0,1,8.998698711395264,0.2726878397392504
283,283,283,283,283,283,1-1636,3,8,1-1636,22,5,0,1,5.998698711395264,0.27266812324523926
272,272,272,272,272,272,1-5531,16,21,1-5531,199,0,0,54,53.92973041534424,0.27100367042886553
284,284,284,284,284,284,1-5159,9,23,1-5159,59,0,0,16,15.979179382324219,0.27083354885295285
421,421,421,421,421,421,1-12345,9,23,1-12345,97,0,0,26,25.966166496276855,0.26769243810594695
304,304,304,304,304,304,1-10294,17,7,1-10294,30,8,0,0,8.0,0.26666666666666666
51,51,51,51,51,51,1-8981,8,9,1-8981,15,2,0,2,3.9973974227905273,0.26649316151936847
395,395,395,395,395,395,1-18620,21,17,1-18620,60,6,0,10,15.986987113952637,0.2664497852325439
170,170,170,170,170,170,MLG40,3,8,MLG40,30,1,0,7,7.990890979766846,0.2663630326588949
457,457,457,457,457,457,1-9071,6,6,1-9071,75,1,0,19,19.97527551651001,0.2663370068868001
199,199,199,199,199,199,1-0529,13,19,1-0529,124,4,0,29,32.96226263046265,0.26582469863276326
396,396,396,396,396,396,1-11132,18,14,1-11132,34,3,0,6,8.992192268371582,0.2644762431873995
175,175,175,175,175,175,1-8177,16,21,1-8177,53,0,0,14,13.981781959533691,0.26380720678365455
131,131,131,131,131,131,MLG13,8,9,MLG13,225,34,0,25,58.96746778488159,0.26207763459947375
390,390,390,390,390,390,1-1005,13,19,1-1005,122,3,0,29,31.962262630462646,0.26198575926608725
378,378,378,378,378,378,1-5819,10,18,1-5819,23,6,0,0,6.0,0.2608695652173913
2,2,2,2,2,2,1-8611,4,4,1-8611,621,0,0,162,161.78919124603271,0.2605300986248514
335,335,335,335,335,335,1-9276,21,17,1-9276,77,18,0,2,19.997397422790527,0.2597064600362406
257,257,257,257,257,257,MLG06,10,18,MLG06,634,136,0,27,162.96486520767212,0.25704237414459324
493,493,493,493,493,493,1-3162,17,7,1-3162,35,4,0,5,8.993493556976318,0.256956958770752
93,93,93,93,93,93,1-0677,16,21,1-0677,187,0,0,48,47.937538146972656,0.2563504713741853
153,153,153,153,153,153,MLG43,1,25,MLG43,39,0,0,10,9.986987113952637,0.25607659266545224
333,333,333,333,333,333,1-3047,16,21,1-3047,360,0,0,92,91.88028144836426,0.25522300402323406
436,436,436,436,436,436,1-8702,5,13,1-8702,59,8,0,7,14.990890979766846,0.25408289796214995
232,232,232,232,232,232,1-3186,9,23,1-3186,796,0,0,200,199.73974227905273,0.2509293244711718
282,282,282,282,282,282,1-7711,5,13,1-7711,8,2,0,0,2.0,0.25
176,176,176,176,176,176,1-7356,5,13,1-7356,4,1,0,0,1.0,0.25
90,90,90,90,90,90,MLG83,17,7,MLG83,88,19,0,3,21.99609613418579,0.24995563788847489
203,203,203,203,203,203,1-19884,14,12,1-19884,60,11,0,4,14.994794845581055,0.2499132474263509
246,246,246,246,246,246,1-9232,13,19,1-9232,20,3,0,2,4.997397422790527,0.24986987113952636
406,406,406,406,406,406,1-6558,14,12,1-6558,24,3,0,3,5.996096134185791,0.24983733892440796
299,299,299,299,299,299,1-9316,3,8,1-9316,16,2,0,2,3.9973974227905273,0.24983733892440796
106,106,106,106,106,106,1-8973,20,11,1-8973,44,5,0,6,10.992192268371582,0.2498225515538996
526,526,526,526,526,526,1-11205,20,11,1-11205,56,6,0,8,13.98958969116211,0.2498141016278948
109,109,109,109,109,109,1-3309,17,7,1-3309,12,1,0,2,2.9973974227905273,0.2497831185658773
375,375,375,375,375,375,1-8990,6,6,1-8990,40,1,0,9,9.988288402557373,0.24970721006393432
52,52,52,52,52,52,1-6015,1,25,1-6015,8,0,0,2,1.9973974227905273,0.24967467784881592
503,503,503,503,503,503,1-0295,9,23,1-0295,24,0,0,6,5.992192268371582,0.24967467784881592
72,72,72,72,72,72,1-9643,1,25,1-9643,4,0,0,1,0.9986987113952637,0.24967467784881592
189,189,189,189,189,189,1-7834,3,8,1-7834,4,0,0,1,0.9986987113952637,0.24967467784881592
247,247,247,247,247,247,1-8753,21,17,1-8753,258,18,0,46,63.94014072418213,0.24783000280690748
445,445,445,445,445,445,MLG61,17,7,MLG61,218,31,0,23,53.970070362091064,0.24756913010133516
262,262,262,262,262,262,1-4394,21,17,1-4394,190,14,0,33,46.9570574760437,0.24714240776865107
69,69,69,69,69,69,1-7418,8,9,1-7418,45,4,0,7,10.990890979766846,0.24424202177259657
253,253,253,253,253,253,1-7781,3,8,1-7781,33,4,0,4,7.994794845581055,0.24226651047215317
472,472,472,472,472,472,MLG52,15,15,MLG52,112,3,0,24,26.968769073486328,0.24079258101327078
271,271,271,271,271,271,1-19121,3,8,1-19121,75,8,0,10,17.986987113952637,0.23982649485270183
466,466,466,466,466,466,1-1687,4,4,1-1687,325,0,0,78,77.89849948883057,0.2396876907348633
86,86,86,86,86,86,1-10042,11,10,1-10042,21,2,0,3,4.996096134185791,0.2379093397231329
206,206,206,206,206,206,1-20065,1,25,1-20065,21,0,0,5,4.993493556976318,0.23778540747506277
95,95,95,95,95,95,1-7625,10,18,1-7625,76,10,0,8,17.98958969116211,0.2367051275152909
71,71,71,71,71,71,MLG26,1,25,MLG26,155,0,0,36,35.95315361022949,0.23195582974341608
362,362,362,362,362,362,1-0429,4,4,1-0429,69,0,0,16,15.979179382324219,0.2315823098887568
371,371,371,371,371,371,MLG66,7,2,MLG66,229,10,0,43,52.94404458999634,0.23119670126635955
498,498,498,498,498,498,MLG38,10,18,MLG38,26,6,0,0,6.0,0.23076923076923078
313,313,313,313,313,313,1-3631,18,14,1-3631,13,2,0,1,2.9986987113952637,0.2306691316457895
255,255,255,255,255,255,1-17969,1,25,1-17969,22,0,0,5,4.993493556976318,0.22697697986255994
546,546,546,546,546,546,1-9601,9,23,1-9601,31,0,0,7,6.990890979766846,0.22551261225054342
26,26,26,26,26,26,1-0918,9,23,1-0918,179,0,0,40,39.94794845581055,0.22317289640117624
13,13,13,13,13,13,1-7622,10,18,1-7622,45,9,0,1,9.998698711395264,0.22219330469767254
184,184,184,184,184,184,1-5314,1,25,1-5314,9,0,0,2,1.9973974227905273,0.22193304697672525
342,342,342,342,342,342,MLG53,1,25,MLG53,216,0,0,48,47.937538146972656,0.22193304697672525
303,303,303,303,303,303,1-6543,4,4,1-6543,36,0,0,8,7.989589691162109,0.22193304697672525
301,301,301,301,301,301,1-6684,17,7,1-6684,145,30,0,2,31.997397422790527,0.2206717063640726
178,178,178,178,178,178,1-0754,8,9,1-0754,41,4,0,5,8.993493556976318,0.2193535013896663
448,448,448,448,448,448,1-6249,7,2,1-6249,64,4,0,10,13.986987113952637,0.21854667365550995
419,419,419,419,419,419,1-1176,15,15,1-1176,69,11,0,4,14.994794845581055,0.21731586732726166
461,461,461,461,461,461,1-9351,7,2,1-9351,60,3,0,10,12.986987113952637,0.21644978523254393
368,368,368,368,368,368,1-4011,6,6,1-4011,246,17,0,36,52.95315361022949,0.21525672199280282
372,372,372,372,372,372,1-6511,8,9,1-6511,144,9,0,22,30.9713716506958,0.21507896979649863
478,478,478,478,478,478,1-8916,11,10,1-8916,61,8,0,5,12.993493556976318,0.21300809109797242
417,417,417,417,417,417,1-3026,5,13,1-3026,570,58,0,63,120.91801881790161,0.21213687511912563
491,491,491,491,491,491,MLG51,10,18,MLG51,99,20,0,1,20.998698711395264,0.21210806779187136
222,222,222,222,222,222,1-17959,6,6,1-17959,57,1,0,11,11.9856858253479,0.21027518991838423
502,502,502,502,502,502,1-8055,5,13,1-8055,57,1,0,11,11.9856858253479,0.21027518991838423
66,66,66,66,66,66,1-7348,18,14,1-7348,43,3,0,6,8.992192268371582,0.2091207504272461
386,386,386,386,386,386,MLG08,8,9,MLG08,532,51,0,58,108.9245252609253,0.204745348234822
148,148,148,148,148,148,1-2028,10,18,1-2028,20,4,0,0,4.0,0.2
100,100,100,100,100,100,1-7707,17,7,1-7707,10,2,0,0,2.0,0.2
267,267,267,267,267,267,1-7715,8,9,1-7715,20,4,0,0,4.0,0.2
114,114,114,114,114,114,1-7449,10,18,1-7449,25,4,0,1,4.998698711395264,0.19994794845581054
129,129,129,129,129,129,1-7579,20,11,1-7579,40,3,0,5,7.993493556976318,0.19983733892440797
124,124,124,124,124,124,1-19987,4,4,1-19987,20,0,0,4,3.9947948455810547,0.19973974227905272
216,216,216,216,216,216,1-18953,6,6,1-18953,5,0,0,1,0.9986987113952637,0.19973974227905272
510,510,510,510,510,510,1-1119,1,25,1-1119,83,0,0,16,15.979179382324219,0.19252023352197853
205,205,205,205,205,205,1-7776,14,12,1-7776,26,1,0,4,4.994794845581055,0.1921074940608098
82,82,82,82,82,82,1-6029,2,27,1-6029,26,0,0,5,4.993493556976318,0.19205744449908918
411,411,411,411,411,411,1-9135,7,2,1-9135,21,2,0,2,3.9973974227905273,0.19035225822812035
453,453,453,453,453,453,MLG45,7,2,MLG45,179,23,0,11,33.9856858253479,0.1898641666220553
520,520,520,520,520,520,1-8287,21,17,1-8287,53,1,0,9,9.988288402557373,0.18845827174636554
515,515,515,515,515,515,1-8480,20,11,1-8480,112,18,0,3,20.99609613418579,0.18746514405523027
317,317,317,317,317,317,1-3733,8,9,1-3733,16,2,0,1,2.9986987113952637,0.18741866946220398
77,77,77,77,77,77,1-7567,8,9,1-7567,27,3,0,2,4.997397422790527,0.1850887934366862
9,9,9,9,9,9,1-8765,11,10,1-8765,38,5,0,2,6.997397422790527,0.18414203744185598
99,99,99,99,99,99,1-7655,20,11,1-7655,38,3,0,4,6.994794845581055,0.1840735485679225
497,497,497,497,497,497,1-3216,7,2,1-3216,38,2,0,5,6.993493556976318,0.18403930413095573
428,428,428,428,428,428,1-7733,11,10,1-7733,76,3,0,11,13.9856858253479,0.18402218191247238
392,392,392,392,392,392,1-18266,15,15,1-18266,55,5,0,5,9.993493556976318,0.18169988285411487
447,447,447,447,447,447,7W2-0103,16,21,7W2-0103,33,0,0,6,5.992192268371582,0.18158158389004794
168,168,168,168,168,168,1-7636,7,2,1-7636,83,0,0,15,14.980480670928955,0.1804877189268549
494,494,494,494,494,494,MLG37,1,25,MLG37,50,0,0,9,8.988288402557373,0.17976576805114747
120,120,120,120,120,120,MLG69,19,16,MLG69,73,10,0,3,12.996096134185791,0.17802871416692864
160,160,160,160,160,160,1-0363,8,9,1-0363,34,2,0,4,5.994794845581055,0.1763174954582663
418,418,418,418,418,418,1-1655,12,1,1-1655,132,23,0,0,23.0,0.17424242424242425
442,442,442,442,442,442,1-7770,9,23,1-7770,23,0,0,4,3.9947948455810547,0.1736867324165676
40,40,40,40,40,40,1-6214,16,21,1-6214,65,0,0,11,10.9856858253479,0.16901055115919847
286,286,286,286,286,286,1-7725,9,23,1-7725,90,0,0,15,14.980480670928955,0.16644978523254395
315,315,315,315,315,315,MLG31,1,25,MLG31,42,0,0,7,6.990890979766846,0.16644978523254395
5,5,5,5,5,5,1-8121,9,23,1-8121,110,0,0,18,17.976576805114746,0.16342342550104313
143,143,143,143,143,143,1-7302,7,2,1-7302,240,7,0,32,38.95835876464844,0.1623264948527018
8,8,8,8,8,8,MLG59,5,13,MLG59,112,10,0,8,17.98958969116211,0.16062133652823313
111,111,111,111,111,111,1-7900,17,7,1-7900,75,6,0,6,11.992192268371582,0.1598958969116211
385,385,385,385,385,385,MLG70,19,16,MLG70,269,19,0,24,42.96876907348633,0.1597352010166778
367,367,367,367,367,367,1-5154,1,25,1-5154,19,0,0,3,2.996096134185791,0.1576892702203048
264,264,264,264,264,264,1-1131,18,14,1-1131,200,21,0,10,30.986987113952637,0.15493493556976318
275,275,275,275,275,275,1-1712,6,6,1-1712,157,3,0,21,23.972672939300537,0.15269218432675502
207,207,207,207,207,207,1-4766,11,10,1-4766,249,11,0,27,37.96486520767212,0.15246933818342218
529,529,529,529,529,529,1-11533,2,27,1-11533,20,0,0,3,2.996096134185791,0.14980480670928956
97,97,97,97,97,97,1-0455,9,23,1-0455,60,0,0,9,8.988288402557373,0.14980480670928956
325,325,325,325,325,325,1-6625,5,13,1-6625,67,6,0,4,9.994794845581055,0.14917604247135902
34,34,34,34,34,34,1-7589,1,25,1-7589,95,0,0,14,13.981781959533691,0.1471766522056178
287,287,287,287,287,287,1-9267,12,1,1-9267,14,2,0,0,2.0,0.14285714285714285
127,127,127,127,127,127,1-18952,18,14,1-18952,14,0,0,2,1.9973974227905273,0.14267124448503768
327,327,327,327,327,327,1-4609,15,15,1-4609,7,0,0,1,0.9986987113952637,0.14267124448503768
65,65,65,65,65,65,1-6721,9,23,1-6721,36,0,0,5,4.993493556976318,0.13870815436045328
19,19,19,19,19,19,1-9515,18,14,1-9515,66,4,0,5,8.993493556976318,0.13626505389358057
223,223,223,223,223,223,1-5109,7,2,1-5109,37,3,0,2,4.997397422790527,0.13506479521055478
401,401,401,401,401,401,1-7038,19,16,1-7038,163,19,0,3,21.99609613418579,0.13494537505635454
568,568,568,568,568,568,1-7910,7,2,1-7910,15,1,0,1,1.9986987113952637,0.13324658075968424
113,113,113,113,113,113,1-7647,20,11,1-7647,30,1,0,3,3.996096134185791,0.1332032044728597
194,194,194,194,194,194,1-19109,2,27,1-19109,30,0,0,4,3.9947948455810547,0.13315982818603517
351,351,351,351,351,351,1-9399,12,1,1-9399,38,5,0,0,5.0,0.13157894736842105
179,179,179,179,179,179,1-8186,8,9,1-8186,23,3,0,0,3.0,0.13043478260869565
58,58,58,58,58,58,1-7723,13,19,1-7723,46,1,0,5,5.993493556976318,0.13029333819513736
200,200,200,200,200,200,7W2-12806,1,25,7W2-12806,23,0,0,3,2.996096134185791,0.1302650493124257
536,536,536,536,536,536,1-1964,15,15,1-1964,48,4,0,2,5.997397422790527,0.12494577964146932
15,15,15,15,15,15,1-5537,2,27,1-5537,32,0,0,4,3.9947948455810547,0.12483733892440796
550,550,550,550,550,550,1-3727,1,25,1-3727,8,0,0,1,0.9986987113952637,0.12483733892440796
322,322,322,322,322,322,MLG22,1,25,MLG22,33,0,0,4,3.9947948455810547,0.12105438926003197
298,298,298,298,298,298,1-7107,13,19,1-7107,84,8,0,2,9.997397422790527,0.11901663598560151
439,439,439,439,439,439,1-8062,12,1,1-8062,17,2,0,0,2.0,0.11764705882352941
300,300,300,300,300,300,1-7083,17,7,1-7083,17,2,0,0,2.0,0.11764705882352941
215,215,215,215,215,215,1-7430,8,9,1-7430,17,2,0,0,2.0,0.11764705882352941
429,429,429,429,429,429,1-8949,12,1,1-8949,112,13,0,0,13.0,0.11607142857142858
280,280,280,280,280,280,MLG09,2,27,MLG09,174,0,0,20,19.973974227905273,0.11479295533278892
23,23,23,23,23,23,1-11189,10,18,1-11189,53,6,0,0,6.0,0.11320754716981132
177,177,177,177,177,177,1-10952,10,18,1-10952,9,1,0,0,1.0,0.1111111111111111
185,185,185,185,185,185,1-3301,6,6,1-3301,18,2,0,0,2.0,0.1111111111111111
213,213,213,213,213,213,1-8859,17,7,1-8859,36,3,0,1,3.9986987113952637,0.111074964205424
169,169,169,169,169,169,1-1466,21,17,1-1466,73,7,0,1,7.998698711395264,0.10957121522459265
504,504,504,504,504,504,1-18507,17,7,1-18507,320,26,0,9,34.98828840255737,0.1093384012579918
349,349,349,349,349,349,MLG57,1,25,MLG57,165,0,0,18,17.976576805114746,0.10894895033402877
62,62,62,62,62,62,1-9114,1,25,1-9114,120,0,0,13,12.983083248138428,0.10819236040115357
266,266,266,266,266,266,1-6554,2,27,1-6554,28,0,0,3,2.996096134185791,0.10700343336377825
314,314,314,314,314,314,1-11388,1,25,1-11388,28,0,0,3,2.996096134185791,0.10700343336377825
469,469,469,469,469,469,1-6494,10,18,1-6494,48,4,0,1,4.998698711395264,0.10413955648740132
496,496,496,496,496,496,1-18973,1,25,1-18973,39,0,0,4,3.9947948455810547,0.10243063706618089
165,165,165,165,165,165,1-5185,19,16,1-5185,59,3,0,3,5.996096134185791,0.1016287480370473
150,150,150,150,150,150,P1-0004,3,8,P1-0004,60,3,0,3,5.996096134185791,0.09993493556976318
182,182,182,182,182,182,1-4136,2,27,1-4136,20,0,0,2,1.9973974227905273,0.09986987113952636
164,164,164,164,164,164,MLG29,12,1,MLG29,93,9,0,0,9.0,0.0967741935483871
506,506,506,506,506,506,1-3302,12,1,1-3302,52,5,0,0,5.0,0.09615384615384616
47,47,47,47,47,47,MLG15,12,1,MLG15,559,53,0,0,53.0,0.09481216457960644
79,79,79,79,79,79,1-6661,8,9,1-6661,32,2,0,1,2.9986987113952637,0.09370933473110199
25,25,25,25,25,25,MLG68,5,13,MLG68,152,3,0,11,13.9856858253479,0.09201109095623619
118,118,118,118,118,118,1-7429,7,2,1-7429,33,3,0,0,3.0,0.09090909090909091
565,565,565,565,565,565,1-19069,10,18,1-19069,11,1,0,0,1.0,0.09090909090909091
474,474,474,474,474,474,1-6608,4,4,1-6608,11,0,0,1,0.9986987113952637,0.09079079194502397
328,328,328,328,328,328,1-7883,9,23,1-7883,33,0,0,3,2.996096134185791,0.09079079194502397
433,433,433,433,433,433,MLG55,2,27,MLG55,110,0,0,10,9.986987113952637,0.09079079194502397
63,63,63,63,63,63,1-5642,10,18,1-5642,166,9,0,6,14.992192268371582,0.0903144112552505
295,295,295,295,295,295,1-7522,15,15,1-7522,67,4,0,2,5.997397422790527,0.08951339437000787
187,187,187,187,187,187,1-3477,4,4,1-3477,46,0,0,4,3.9947948455810547,0.0868433662082838
348,348,348,348,348,348,MLG62,12,1,MLG62,370,32,0,0,32.0,0.08648648648648649
4,4,4,4,4,4,1-19133,1,25,1-19133,58,0,0,5,4.993493556976318,0.08609471649959169
454,454,454,454,454,454,1-6678,10,18,1-6678,213,14,0,4,17.994794845581055,0.08448260490883125
209,209,209,209,209,209,MLG76,6,6,MLG76,131,3,0,8,10.98958969116211,0.08388999764245884
513,513,513,513,513,513,1-7453,12,1,1-7453,24,2,0,0,2.0,0.08333333333333333
500,500,500,500,500,500,MLG50,12,1,MLG50,168,14,0,0,14.0,0.08333333333333333
37,37,37,37,37,37,1-8039,14,12,1-8039,12,1,0,0,1.0,0.08333333333333333
397,397,397,397,397,397,1-6492,11,10,1-6492,48,1,0,3,3.996096134185791,0.08325200279553731
402,402,402,402,402,402,1-1958,3,8,1-1958,25,1,0,1,1.9986987113952637,0.07994794845581055
218,218,218,218,218,218,MLG11,8,9,MLG11,493,16,0,22,37.9713716506958,0.07702103783102597
230,230,230,230,230,230,1-8766,12,1,1-8766,26,2,0,0,2.0,0.07692307692307693
14,14,14,14,14,14,MLG78,2,27,MLG78,94,0,0,7,6.990890979766846,0.0743711806358175
29,29,29,29,29,29,1-8090,10,18,1-8090,14,1,0,0,1.0,0.07142857142857142
0,0,0,0,0,0,1-8545,19,16,1-8545,42,2,0,1,2.9986987113952637,0.0713975883665539
198,198,198,198,198,198,1-9203,7,2,1-9203,14,0,0,1,0.9986987113952637,0.07133562224251884
245,245,245,245,245,245,1-10305,2,27,1-10305,28,0,0,2,1.9973974227905273,0.07133562224251884
534,534,534,534,534,534,MLG48,7,2,MLG48,116,6,0,2,7.997397422790527,0.06894308123095282
263,263,263,263,263,263,1-7486,4,4,1-7486,29,0,0,2,1.9973974227905273,0.06887577319967336
505,505,505,505,505,505,1-7936,7,2,1-7936,59,3,0,1,3.9986987113952637,0.0677745544304282
201,201,201,201,201,201,1-3075,20,11,1-3075,45,1,0,2,2.9973974227905273,0.06660883161756727
196,196,196,196,196,196,1-8537,21,17,1-8537,47,2,0,1,2.9986987113952637,0.06380210024245242
545,545,545,545,545,545,1-8291,9,23,1-8291,16,0,0,1,0.9986987113952637,0.06241866946220398
521,521,521,521,521,521,1-8630,15,15,1-8630,67,0,0,4,3.9947948455810547,0.05962380366538888
393,393,393,393,393,393,1-2292,2,27,1-2292,252,0,0,15,14.980480670928955,0.05944635186876569
42,42,42,42,42,42,1-7753,8,9,1-7753,17,1,0,0,1.0,0.058823529411764705
432,432,432,432,432,432,1-1067,17,7,1-1067,17,0,0,1,0.9986987113952637,0.05874698302325081
115,115,115,115,115,115,1-3254,2,27,1-3254,68,0,0,4,3.9947948455810547,0.05874698302325081
373,373,373,373,373,373,MLG73,4,4,MLG73,173,0,0,10,9.986987113952637,0.05772824921359906
122,122,122,122,122,122,1-20046,17,7,1-20046,18,1,0,0,1.0,0.05555555555555555
110,110,110,110,110,110,1-9225,2,27,1-9225,18,0,0,1,0.9986987113952637,0.05548326174418131
89,89,89,89,89,89,1-9586,14,12,1-9586,18,0,0,1,0.9986987113952637,0.05548326174418131
563,563,563,563,563,563,1-11121,2,27,1-11121,18,0,0,1,0.9986987113952637,0.05548326174418131
16,16,16,16,16,16,1-7539,12,1,1-7539,91,5,0,0,5.0,0.054945054945054944
105,105,105,105,105,105,1-8834,5,13,1-8834,39,1,0,1,1.9986987113952637,0.05124868490757086
36,36,36,36,36,36,1-5686,12,1,1-5686,59,3,0,0,3.0,0.05084745762711865
91,91,91,91,91,91,1-9458,10,18,1-9458,20,1,0,0,1.0,0.05
70,70,70,70,70,70,1-9644,1,25,1-9644,63,0,0,3,2.996096134185791,0.04755708149501255
57,57,57,57,57,57,1-6654,1,25,1-6654,66,0,0,3,2.996096134185791,0.045395395972511986
330,330,330,330,330,330,MLG28,2,27,MLG28,22,0,0,1,0.9986987113952637,0.045395395972511986
192,192,192,192,192,192,1-4874,2,27,1-4874,224,0,0,10,9.986987113952637,0.04458476390157427
30,30,30,30,30,30,1-20045,3,8,1-20045,45,2,0,0,2.0,0.044444444444444446
92,92,92,92,92,92,1-7621,12,1,1-7621,23,1,0,0,1.0,0.043478260869565216
308,308,308,308,308,308,1-1025,13,19,1-1025,48,1,0,1,1.9986987113952637,0.04163955648740133
221,221,221,221,221,221,1-20138,9,23,1-20138,25,0,0,1,0.9986987113952637,0.039947948455810546
450,450,450,450,450,450,1-2432,1,25,1-2432,50,0,0,2,1.9973974227905273,0.039947948455810546
31,31,31,31,31,31,1-8735,13,19,1-8735,52,1,0,1,1.9986987113952637,0.038436513680678144
88,88,88,88,88,88,1-6637,5,13,1-6637,78,1,0,2,2.9973974227905273,0.038428172087058045
511,511,511,511,511,511,1-8691,1,25,1-8691,26,0,0,1,0.9986987113952637,0.03841148889981783
135,135,135,135,135,135,1-7499,21,17,1-7499,26,0,0,1,0.9986987113952637,0.03841148889981783
426,426,426,426,426,426,1-7332,7,2,1-7332,53,2,0,0,2.0,0.03773584905660377
522,522,522,522,522,522,1-10808,2,27,1-10808,54,0,0,2,1.9973974227905273,0.03698884116278754
134,134,134,134,134,134,1-6496,14,12,1-6496,28,1,0,0,1.0,0.03571428571428571
208,208,208,208,208,208,1-20077,17,7,1-20077,28,0,0,1,0.9986987113952637,0.03566781112125942
400,400,400,400,400,400,MLG71,14,12,MLG71,144,2,0,3,4.996096134185791,0.03469511204295688
22,22,22,22,22,22,1-20100,12,1,1-20100,31,1,0,0,1.0,0.03225806451612903
240,240,240,240,240,240,1-6168,17,7,1-6168,31,1,0,0,1.0,0.03225806451612903
464,464,464,464,464,464,1-8629,1,25,1-8629,65,0,0,2,1.9973974227905273,0.03072919111985427
84,84,84,84,84,84,1-3491,5,13,1-3491,33,0,0,1,0.9986987113952637,0.03026359731500799
558,558,558,558,558,558,1-8628,15,15,1-8628,68,1,0,1,1.9986987113952637,0.029392628108753878
49,49,49,49,49,49,7W2-19692,11,10,7W2-19692,34,0,0,1,0.9986987113952637,0.029373491511625403
483,483,483,483,483,483,MLG47,14,12,MLG47,106,2,0,1,2.9986987113952637,0.028289610484860978
139,139,139,139,139,139,1-2699,12,1,1-2699,36,1,0,0,1.0,0.027777777777777776
434,434,434,434,434,434,1-6835,13,19,1-6835,36,1,0,0,1.0,0.027777777777777776
32,32,32,32,32,32,1-7870,7,2,1-7870,82,2,0,0,2.0,0.024390243902439025
235,235,235,235,235,235,1-3077,18,14,1-3077,41,1,0,0,1.0,0.024390243902439025
125,125,125,125,125,125,1-7581,16,21,1-7581,42,0,0,1,0.9986987113952637,0.023778540747506276
172,172,172,172,172,172,1-7326,15,15,1-7326,42,0,0,1,0.9986987113952637,0.023778540747506276
292,292,292,292,292,292,1-11045,2,27,1-11045,43,0,0,1,0.9986987113952637,0.02322555142779683
138,138,138,138,138,138,1-2829,19,16,1-2829,52,0,0,1,0.9986987113952637,0.019205744449908916
140,140,140,140,140,140,1-9341,6,6,1-9341,98,0,0,1,0.9986987113952637,0.010190803177502691
81,81,81,81,81,81,1-1099,6,6,1-1099,149,1,0,0,1.0,0.006711409395973154
509,509,509,509,509,509,1-9473,2,27,1-9473,20,0,0,0,0.0,0.0
310,310,310,310,310,310,1-9486,2,27,1-9486,2,0,0,0,0.0,0.0
67,67,67,67,67,67,1-19989,3,8,1-19989,4,0,0,0,0.0,0.0
68,68,68,68,68,68,1-6533,6,6,1-6533,21,0,0,0,0.0,0.0
309,309,309,309,309,309,1-7481,12,1,1-7481,1,0,0,0,0.0,0.0
302,302,302,302,302,302,1-8899,10,18,1-8899,3,0,0,0,0.0,0.0
73,73,73,73,73,73,1-9318,19,16,1-9318,13,0,0,0,0.0,0.0
76,76,76,76,76,76,1-5687,2,27,1-5687,83,0,0,0,0.0,0.0
288,288,288,288,288,288,1-20283,12,1,1-20283,1,0,0,0,0.0,0.0
289,289,289,289,289,289,1-9958,1,25,1-9958,1,0,0,0,0.0,0.0
261,261,261,261,261,261,1-8747,2,27,1-8747,18,0,0,0,0.0,0.0
259,259,259,259,259,259,1-5146,13,19,1-5146,2,0,0,0,0.0,0.0
297,297,297,297,297,297,1-3702,12,1,1-3702,6,0,0,0,0.0,0.0
575,575,575,575,575,575,1-5714,17,7,1-5714,1,0,0,0,0.0,0.0
94,94,94,94,94,94,1-8928,7,2,1-8928,30,0,0,0,0.0,0.0
566,566,566,566,566,566,1-19192,2,27,1-19192,5,0,0,0,0.0,0.0
567,567,567,567,567,567,1-5713,17,7,1-5713,2,0,0,0,0.0,0.0
132,132,132,132,132,132,1-0454,12,1,1-0454,43,0,0,0,0.0,0.0
560,560,560,560,560,560,1-8940,18,14,1-8940,3,0,0,0,0.0,0.0
570,570,570,570,570,570,1-5965,1,25,1-5965,6,0,0,0,0.0,0.0
571,571,571,571,571,571,1-4387,10,18,1-4387,1,0,0,0,0.0,0.0
573,573,573,573,573,573,1-3100,3,8,1-3100,4,0,0,0,0.0,0.0
574,574,574,574,574,574,1-4618,3,8,1-4618,1,0,0,0,0.0,0.0
35,35,35,35,35,35,1-8300,1,25,1-8300,53,0,0,0,0.0,0.0
44,44,44,44,44,44,1-5873,6,6,1-5873,3,0,0,0,0.0,0.0
516,516,516,516,516,516,1-0337,16,21,1-0337,11,0,0,0,0.0,0.0
296,296,296,296,296,296,1-21180,12,1,1-21180,1,0,0,0,0.0,0.0
569,569,569,569,569,569,1-10217,8,9,1-10217,4,0,0,0,0.0,0.0
7,7,7,7,7,7,1-11209,1,25,1-11209,35,0,0,0,0.0,0.0
12,12,12,12,12,12,1-9133,2,27,1-9133,2,0,0,0,0.0,0.0
525,525,525,525,525,525,1-3117,2,27,1-3117,7,0,0,0,0.0,0.0
530,530,530,530,530,530,1-7721,2,27,1-7721,12,0,0,0,0.0,0.0
533,533,533,533,533,533,1-3371,2,27,1-3371,16,0,0,0,0.0,0.0
154,154,154,154,154,154,1-2485,1,25,1-2485,106,0,0,0,0.0,0.0
556,556,556,556,556,556,1-5304,12,1,1-5304,3,0,0,0,0.0,0.0
543,543,543,543,543,543,1-1959,1,25,1-1959,19,0,0,0,0.0,0.0
562,562,562,562,562,562,1-3142,8,9,1-3142,4,0,0,0,0.0,0.0
564,564,564,564,564,564,1-5303,11,10,1-5303,4,0,0,0,0.0,0.0
548,548,548,548,548,548,1-3380,21,17,1-3380,2,0,0,0,0.0,0.0
21,21,21,21,21,21,1-6816,5,13,1-6816,14,0,0,0,0.0,0.0
1,1,1,1,1,1,1-7943,14,12,1-7943,68,0,0,0,0.0,0.0
212,212,212,212,212,212,1-9522,2,27,1-9522,17,0,0,0,0.0,0.0
311,311,311,311,311,311,1-3739,5,13,1-3739,2,0,0,0,0.0,0.0
202,202,202,202,202,202,1-19108,10,18,1-19108,16,0,0,0,0.0,0.0
126,126,126,126,126,126,1-3489,2,27,1-3489,43,0,0,0,0.0,0.0
241,241,241,241,241,241,1-2429,1,25,1-2429,10,0,0,0,0.0,0.0
249,249,249,249,249,249,1-9259,5,13,1-9259,13,0,0,0,0.0,0.0
250,250,250,250,250,250,1-7178,11,10,1-7178,8,0,0,0,0.0,0.0
231,231,231,231,231,231,1-4413,1,25,1-4413,9,0,0,0,0.0,0.0
234,234,234,234,234,234,1-9935,2,27,1-9935,5,0,0,0,0.0,0.0
277,277,277,277,277,277,P1-6891,2,27,P1-6891,7,0,0,0,0.0,0.0
103,103,103,103,103,103,1-17927,2,27,1-17927,9,0,0,0,0.0,0.0
180,180,180,180,180,180,1-7886,1,25,1-7886,7,0,0,0,0.0,0.0
220,220,220,220,220,220,1-19627,13,19,1-19627,21,0,0,0,0.0,0.0
107,107,107,107,107,107,1-2192,6,6,1-2192,22,0,0,0,0.0,0.0
116,116,116,116,116,116,1-7737,8,9,1-7737,11,0,0,0,0.0,0.0
117,117,117,117,117,117,1-2523,4,4,1-2523,14,0,0,0,0.0,0.0
3,3,3,3,3,3,1-18956,19,16,1-18956,49,0,0,0,0.0,0.0
197,197,197,197,197,197,1-20780,2,27,1-20780,12,0,0,0,0.0,0.0
