Unnamed: 0.18,Unnamed: 0.17,Unnamed: 0.16,Unnamed: 0.15,Unnamed: 0.14,Unnamed: 0.13,Unnamed: 0.12,Unnamed: 0.11,Unnamed: 0.10,Unnamed: 0.9,Unnamed: 0.8,Unnamed: 0.7,Unnamed: 0.6,Unnamed: 0.5,Unnamed: 0.4,Unnamed: 0.3,Unnamed: 0.2,Unnamed: 0.1,Unnamed: 0,Exam Group,Exam Block,slot,exam,size,b2bs,confs,2i3s,score,score_norm
327,327,327,327,327,327,327,327,327,327,327,327,327,327,327,327,327,327,327,P-16616,22,14,P-16616,28,12,0,10,18.83089852333069,0.6725320901189532
427,427,427,427,427,427,427,427,427,427,427,427,427,427,427,427,427,427,427,1-9379,2,8,1-9379,58,18,0,20,31.661797046661377,0.5458930525286444
540,540,540,540,540,540,540,540,540,540,540,540,540,540,540,540,540,540,540,1-5413,5,2,1-5413,39,16,0,5,19.415449261665344,0.4978320323503934
346,346,346,346,346,346,346,346,346,346,346,346,346,346,346,346,346,346,346,MLG32,5,14,MLG32,52,19,0,7,23.781628966331482,0.45733901858329773
423,423,423,423,423,423,423,423,423,423,423,423,423,423,423,423,423,423,423,1-7122,17,10,1-7122,197,9,0,116,88.23842287063599,0.44791077599307605
250,250,250,250,250,250,250,250,250,250,250,250,250,250,250,250,250,250,250,1-9333,4,13,1-9333,102,25,0,29,44.809605717659,0.43930985997704897
378,378,378,378,378,378,378,378,378,378,378,378,378,378,378,378,378,378,378,1-6561,11,7,1-6561,65,12,0,24,28.394156455993652,0.43683317624605617
419,419,419,419,419,419,419,419,419,419,419,419,419,419,419,419,419,419,419,1-6692,14,21,1-6692,71,31,0,0,31.0,0.43661971830985913
463,463,463,463,463,463,463,463,463,463,463,463,463,463,463,463,463,463,463,1-1989,3,5,1-1989,46,3,0,25,20.07724630832672,0.4364618762679722
268,268,268,268,268,268,268,268,268,268,268,268,268,268,268,268,268,268,268,MLG44,5,14,MLG44,59,19,0,9,25.14780867099762,0.4262340452711461
121,121,121,121,121,121,121,121,121,121,121,121,121,121,121,121,121,121,121,1-7070,16,6,1-7070,129,46,0,9,52.14780867099762,0.4042465788449428
123,123,123,123,123,123,123,123,123,123,123,123,123,123,123,123,123,123,123,MLG55,1,9,MLG55,92,7,0,44,37.05595350265503,0.4027821032897286
338,338,338,338,338,338,338,338,338,338,338,338,338,338,338,338,338,338,338,1-6296,20,20,1-6296,254,21,0,119,102.28769242763519,0.4027074505025008
283,283,283,283,283,283,283,283,283,283,283,283,283,283,283,283,283,283,283,1-3535,16,6,1-3535,315,51,0,110,126.13988375663757,0.40044407541789706
161,161,161,161,161,161,161,161,161,161,161,161,161,161,161,161,161,161,161,MLG41,3,5,MLG41,66,12,0,21,26.344886898994446,0.3991649530150674
141,141,141,141,141,141,141,141,141,141,141,141,141,141,141,141,141,141,141,MLG45,12,12,MLG45,70,23,0,7,27.781628966331482,0.39688041380473543
286,286,286,286,286,286,286,286,286,286,286,286,286,286,286,286,286,286,286,1-3587,14,21,1-3587,46,18,0,0,18.0,0.391304347826087
367,367,367,367,367,367,367,367,367,367,367,367,367,367,367,367,367,367,367,1-8544,22,3,1-8544,54,2,0,28,21.126515865325928,0.3912317752838135
350,350,350,350,350,350,350,350,350,350,350,350,350,350,350,350,350,350,350,1-2282,2,8,1-2282,219,50,0,51,84.83758246898651,0.3873862213195731
526,526,526,526,526,526,526,526,526,526,526,526,526,526,526,526,526,526,526,1-5002,5,14,1-5002,45,14,0,5,17.415449261665344,0.3870099835925632
443,443,443,443,443,443,443,443,443,443,443,443,443,443,443,443,443,443,443,1-3447,21,15,1-3447,110,7,0,52,42.52067232131958,0.3865515665574507
305,305,305,305,305,305,305,305,305,305,305,305,305,305,305,305,305,305,305,1-7866,18,22,1-7866,318,9,0,164,121.02673578262329,0.38058721944221163
184,184,184,184,184,184,184,184,184,184,184,184,184,184,184,184,184,184,184,1-8074,16,6,1-8074,145,10,0,66,55.083930253982544,0.37988917416539686
57,57,57,57,57,57,57,57,57,57,57,57,57,57,57,57,57,57,57,1-1224,12,12,1-1224,151,15,0,62,57.35157084465027,0.379811727448015
192,192,192,192,192,192,192,192,192,192,192,192,192,192,192,192,192,192,192,1-9770,10,16,1-9770,50,12,0,10,18.83089852333069,0.37661797046661377
300,300,300,300,300,300,300,300,300,300,300,300,300,300,300,300,300,300,300,1-4020,16,6,1-4020,37,6,0,11,13.513988375663757,0.36524292907199346
293,293,293,293,293,293,293,293,293,293,293,293,293,293,293,293,293,293,293,1-8066,20,20,1-8066,86,17,0,21,31.344886898994446,0.36447542905807495
138,138,138,138,138,138,138,138,138,138,138,138,138,138,138,138,138,138,138,1-5515,17,10,1-5515,29,7,0,5,10.415449261665344,0.35915342281604634
253,253,253,253,253,253,253,253,253,253,253,253,253,253,253,253,253,253,253,1-4649,22,3,1-4649,244,26,0,90,87.4780867099762,0.35851674881137785
99,99,99,99,99,99,99,99,99,99,99,99,99,99,99,99,99,99,99,1-5775,3,5,1-5775,244,29,0,84,86.37954759597778,0.3540145393277778
342,342,342,342,342,342,342,342,342,342,342,342,342,342,342,342,342,342,342,MLG65,13,17,MLG65,201,52,0,27,70.44342601299286,0.35046480603479035
464,464,464,464,464,464,464,464,464,464,464,464,464,464,464,464,464,464,464,1-10060,1,1,1-10060,36,1,0,17,12.61252748966217,0.35034798582394916
466,466,466,466,466,466,466,466,466,466,466,466,466,466,466,466,466,466,466,1-5981,18,4,1-5981,28,5,0,7,9.781628966331482,0.34934389165469576
434,434,434,434,434,434,434,434,434,434,434,434,434,434,434,434,434,434,434,MLG59,6,4,MLG59,71,20,0,7,24.781628966331482,0.3490370276948096
407,407,407,407,407,407,407,407,407,407,407,407,407,407,407,407,407,407,407,1-8421,13,17,1-8421,109,31,0,10,37.83089852333069,0.3470724635167953
429,429,429,429,429,429,429,429,429,429,429,429,429,429,429,429,429,429,429,1-6693,15,18,1-6693,98,8,0,38,33.957414388656616,0.34650422845567974
340,340,340,340,340,340,340,340,340,340,340,340,340,340,340,340,340,340,340,1-3362,1,13,1-3362,117,17,0,34,40.22505497932434,0.3438038887121739
545,545,545,545,545,545,545,545,545,545,545,545,545,545,545,545,545,545,545,1-19567,10,16,1-19567,2,0,0,1,0.6830898523330688,0.3415449261665344
492,492,492,492,492,492,492,492,492,492,492,492,492,492,492,492,492,492,492,1-6028,2,8,1-6028,2,0,0,1,0.6830898523330688,0.3415449261665344
557,557,557,557,557,557,557,557,557,557,557,557,557,557,557,557,557,557,557,1-9806,20,20,1-9806,8,0,0,4,2.7323594093322754,0.3415449261665344
89,89,89,89,89,89,89,89,89,89,89,89,89,89,89,89,89,89,89,1-18004,3,5,1-18004,12,0,0,6,4.098539113998413,0.3415449261665344
384,384,384,384,384,384,384,384,384,384,384,384,384,384,384,384,384,384,384,1-9270,11,7,1-9270,128,32,0,17,43.61252748966217,0.3407228710129857
513,513,513,513,513,513,513,513,513,513,513,513,513,513,513,513,513,513,513,1-8094,22,3,1-8094,58,6,0,20,19.661797046661377,0.3389965008045065
202,202,202,202,202,202,202,202,202,202,202,202,202,202,202,202,202,202,202,1-8988,6,4,1-8988,29,3,0,10,9.830898523330688,0.3389965008045065
366,366,366,366,366,366,366,366,366,366,366,366,366,366,366,366,366,366,366,1-5163,8,11,1-5163,16,2,0,5,5.415449261665344,0.338465578854084
87,87,87,87,87,87,87,87,87,87,87,87,87,87,87,87,87,87,87,MLG35,3,5,MLG35,49,7,0,14,16.563257932662964,0.33802567209516254
426,426,426,426,426,426,426,426,426,426,426,426,426,426,426,426,426,426,426,1-4355,18,22,1-4355,49,7,0,14,16.563257932662964,0.33802567209516254
259,259,259,259,259,259,259,259,259,259,259,259,259,259,259,259,259,259,259,1-3596,22,3,1-3596,223,24,0,75,75.23173892498016,0.3373620579595523
509,509,509,509,509,509,509,509,509,509,509,509,509,509,509,509,509,509,509,1-18935,1,9,1-18935,30,6,0,6,10.098539113998413,0.3366179704666138
275,275,275,275,275,275,275,275,275,275,275,275,275,275,275,275,275,275,275,1-3216,5,14,1-3216,5,1,0,1,1.6830898523330688,0.3366179704666138
364,364,364,364,364,364,364,364,364,364,364,364,364,364,364,364,364,364,364,1-7682,6,4,1-7682,141,20,0,40,47.323594093322754,0.33562832690299826
403,403,403,403,403,403,403,403,403,403,403,403,403,403,403,403,403,403,403,1-1770,6,4,1-1770,35,9,0,4,11.732359409332275,0.335210268838065
160,160,160,160,160,160,160,160,160,160,160,160,160,160,160,160,160,160,160,1-19813,8,11,1-19813,20,6,0,1,6.683089852333069,0.3341544926166534
199,199,199,199,199,199,199,199,199,199,199,199,199,199,199,199,199,199,199,MLG39,12,12,MLG39,23,7,0,1,7.683089852333069,0.33404738488404645
501,501,501,501,501,501,501,501,501,501,501,501,501,501,501,501,501,501,501,1-18487,13,17,1-18487,23,7,0,1,7.683089852333069,0.33404738488404645
433,433,433,433,433,433,433,433,433,433,433,433,433,433,433,433,433,433,433,1-5654,12,12,1-5654,15,5,0,0,5.0,0.3333333333333333
484,484,484,484,484,484,484,484,484,484,484,484,484,484,484,484,484,484,484,MLG31,14,21,MLG31,33,11,0,0,11.0,0.3333333333333333
559,559,559,559,559,559,559,559,559,559,559,559,559,559,559,559,559,559,559,1-5914,20,20,1-5914,3,1,0,0,1.0,0.3333333333333333
394,394,394,394,394,394,394,394,394,394,394,394,394,394,394,394,394,394,394,1-2423,5,20,1-2423,79,3,0,34,26.22505497932434,0.3319627212572701
85,85,85,85,85,85,85,85,85,85,85,85,85,85,85,85,85,85,85,1-8084,15,18,1-8084,82,6,0,31,27.175785422325134,0.33141201734542847
65,65,65,65,65,65,65,65,65,65,65,65,65,65,65,65,65,65,65,1-8659,10,16,1-8659,91,11,0,28,30.126515865325928,0.3310606139046805
251,251,251,251,251,251,251,251,251,251,251,251,251,251,251,251,251,251,251,1-7268,17,10,1-7268,70,4,0,28,23.126515865325928,0.33037879807608467
149,149,149,149,149,149,149,149,149,149,149,149,149,149,149,149,149,149,149,MLG58,3,5,MLG58,71,11,0,18,23.29561734199524,0.3281072865069752
5,5,5,5,5,5,5,5,5,5,5,5,5,5,5,5,5,5,5,1-5549,5,14,1-5549,35,8,0,5,11.415449261665344,0.3261556931904384
345,345,345,345,345,345,345,345,345,345,345,345,345,345,345,345,345,345,345,1-1131,13,17,1-1131,138,34,0,16,44.9294376373291,0.32557563505310944
189,189,189,189,189,189,189,189,189,189,189,189,189,189,189,189,189,189,189,1-9156,16,6,1-9156,268,53,0,50,87.15449261665344,0.32520333065915463
390,390,390,390,390,390,390,390,390,390,390,390,390,390,390,390,390,390,390,MLG64,10,16,MLG64,245,65,0,20,78.66179704666138,0.3210685593741281
11,11,11,11,11,11,11,11,11,11,11,11,11,11,11,11,11,11,11,1-9722,5,14,1-9722,22,5,0,3,7.0492695569992065,0.32042134349996393
520,520,520,520,520,520,520,520,520,520,520,520,520,520,520,520,520,520,520,1-2034,15,18,1-2034,16,1,0,6,5.098539113998413,0.3186586946249008
267,267,267,267,267,267,267,267,267,267,267,267,267,267,267,267,267,267,267,1-6181,20,20,1-6181,659,54,0,227,209.06139647960663,0.31724035884614055
232,232,232,232,232,232,232,232,232,232,232,232,232,232,232,232,232,232,232,1-18371,16,6,1-18371,120,25,0,19,37.97870719432831,0.31648922661940254
558,558,558,558,558,558,558,558,558,558,558,558,558,558,558,558,558,558,558,1-0055,1,9,1-0055,18,5,0,1,5.683089852333069,0.31572721401850384
180,180,180,180,180,180,180,180,180,180,180,180,180,180,180,180,180,180,180,1-0037,1,9,1-0037,35,9,0,3,11.049269556999207,0.31569341591426303
552,552,552,552,552,552,552,552,552,552,552,552,552,552,552,552,552,552,552,MLG46,17,10,MLG46,17,4,0,2,5.366179704666138,0.3156576296862434
164,164,164,164,164,164,164,164,164,164,164,164,164,164,164,164,164,164,164,1-9740,3,5,1-9740,34,8,0,4,10.732359409332275,0.3156576296862434
237,237,237,237,237,237,237,237,237,237,237,237,237,237,237,237,237,237,237,1-9667,20,20,1-9667,14,1,0,5,4.415449261665344,0.315389232976096
406,406,406,406,406,406,406,406,406,406,406,406,406,406,406,406,406,406,406,1-17907,4,13,1-17907,119,17,0,30,37.492695569992065,0.3150646686553955
353,353,353,353,353,353,353,353,353,353,353,353,353,353,353,353,353,353,353,MLG50,10,16,MLG50,319,45,0,80,99.64718818664551,0.31237363067913954
92,92,92,92,92,92,92,92,92,92,92,92,92,92,92,92,92,92,92,1-7807,4,13,1-7807,239,43,0,46,74.42213320732117,0.31138967869172035
239,239,239,239,239,239,239,239,239,239,239,239,239,239,239,239,239,239,239,1-7042,7,2,1-7042,117,20,0,24,36.39415645599365,0.31106116629054403
388,388,388,388,388,388,388,388,388,388,388,388,388,388,388,388,388,388,388,MLG49,5,14,MLG49,185,47,0,15,57.24634778499603,0.3094397177567353
179,179,179,179,179,179,179,179,179,179,179,179,179,179,179,179,179,179,179,1-4052,14,21,1-4052,13,4,0,0,4.0,0.3076923076923077
73,73,73,73,73,73,73,73,73,73,73,73,73,73,73,73,73,73,73,1-5355,16,6,1-5355,53,10,0,9,16.14780867099762,0.3046756353018419
474,474,474,474,474,474,474,474,474,474,474,474,474,474,474,474,474,474,474,1-8400,10,16,1-8400,33,8,0,3,10.049269556999207,0.3045233199090669
190,190,190,190,190,190,190,190,190,190,190,190,190,190,190,190,190,190,190,1-2382,2,8,1-2382,139,19,0,34,42.22505497932434,0.3037773739519737
311,311,311,311,311,311,311,311,311,311,311,311,311,311,311,311,311,311,311,1-20578,19,1,1-20578,19,3,0,4,5.732359409332275,0.3017031268069619
95,95,95,95,95,95,95,95,95,95,95,95,95,95,95,95,95,95,95,1-3312,15,18,1-3312,36,4,0,10,10.830898523330688,0.30085829231474137
24,24,24,24,24,24,24,24,24,24,24,24,24,24,24,24,24,24,24,1-7140,20,20,1-7140,397,8,0,161,117.97746622562408,0.29717245900660977
166,166,166,166,166,166,166,166,166,166,166,166,166,166,166,166,166,166,166,MLG40,2,8,MLG40,51,9,0,9,15.14780867099762,0.29701585629407096
499,499,499,499,499,499,499,499,499,499,499,499,499,499,499,499,499,499,499,1-8627,3,2,1-8627,25,4,0,5,7.415449261665344,0.29661797046661376
405,405,405,405,405,405,405,405,405,405,405,405,405,405,405,405,405,405,405,1-3104,21,15,1-3104,16,2,0,4,4.732359409332275,0.2957724630832672
169,169,169,169,169,169,169,169,169,169,169,169,169,169,169,169,169,169,169,1-9606,11,7,1-9606,16,2,0,4,4.732359409332275,0.2957724630832672
527,527,527,527,527,527,527,527,527,527,527,527,527,527,527,527,527,527,527,1-5531,4,13,1-5531,8,1,0,2,2.3661797046661377,0.2957724630832672
238,238,238,238,238,238,238,238,238,238,238,238,238,238,238,238,238,238,238,1-9855,12,12,1-9855,8,1,0,2,2.3661797046661377,0.2957724630832672
347,347,347,347,347,347,347,347,347,347,347,347,347,347,347,347,347,347,347,1-8188,8,11,1-8188,140,12,0,43,41.37286365032196,0.29552045464515686
483,483,483,483,483,483,483,483,483,483,483,483,483,483,483,483,483,483,483,1-9491,17,10,1-9491,80,12,0,17,23.61252748966217,0.2951565936207771
314,314,314,314,314,314,314,314,314,314,314,314,314,314,314,314,314,314,314,1-3139,21,15,1-3139,93,11,0,24,27.394156455993652,0.29456082210745865
536,536,536,536,536,536,536,536,536,536,536,536,536,536,536,536,536,536,536,1-9971,1,3,1-9971,15,1,0,5,4.415449261665344,0.29436328411102297
330,330,330,330,330,330,330,330,330,330,330,330,330,330,330,330,330,330,330,1-4531,21,15,1-4531,94,14,0,20,27.661797046661377,0.2942744366666104
336,336,336,336,336,336,336,336,336,336,336,336,336,336,336,336,336,336,336,1-1827,17,10,1-1827,24,5,0,3,7.0492695569992065,0.2937195648749669
231,231,231,231,231,231,231,231,231,231,231,231,231,231,231,231,231,231,231,1-8450,22,3,1-8450,52,5,0,15,15.246347784996033,0.29319899586530834
187,187,187,187,187,187,187,187,187,187,187,187,187,187,187,187,187,187,187,1-7321,4,13,1-7321,7,0,0,3,2.0492695569992065,0.2927527938570295
183,183,183,183,183,183,183,183,183,183,183,183,183,183,183,183,183,183,183,1-9496,10,7,1-9496,39,8,0,5,11.415449261665344,0.2927038272221883
285,285,285,285,285,285,285,285,285,285,285,285,285,285,285,285,285,285,285,1-18615,5,14,1-18615,22,5,0,2,6.366179704666138,0.2893718047575517
43,43,43,43,43,43,43,43,43,43,43,43,43,43,43,43,43,43,43,1-8705,3,5,1-8705,48,7,0,10,13.830898523330688,0.28814371923605603
55,55,55,55,55,55,55,55,55,55,55,55,55,55,55,55,55,55,55,1-8095,17,10,1-8095,46,7,0,9,13.14780867099762,0.28582192763038305
174,174,174,174,174,174,174,174,174,174,174,174,174,174,174,174,174,174,174,MLG38,14,21,MLG38,77,22,0,0,22.0,0.2857142857142857
544,544,544,544,544,544,544,544,544,544,544,544,544,544,544,544,544,544,544,1-5799,22,17,1-5799,7,2,0,0,2.0,0.2857142857142857
122,122,122,122,122,122,122,122,122,122,122,122,122,122,122,122,122,122,122,MLG42,6,12,MLG42,14,4,0,0,4.0,0.2857142857142857
91,91,91,91,91,91,91,91,91,91,91,91,91,91,91,91,91,91,91,72-12171,8,11,72-12171,19,2,0,5,5.415449261665344,0.2850236453508076
159,159,159,159,159,159,159,159,159,159,159,159,159,159,159,159,159,159,159,1-10696,10,16,1-10696,24,0,0,10,6.8308985233306885,0.28462077180544537
337,337,337,337,337,337,337,337,337,337,337,337,337,337,337,337,337,337,337,1-18613,1,9,1-18613,25,3,0,6,7.098539113998413,0.2839415645599365
243,243,243,243,243,243,243,243,243,243,243,243,243,243,243,243,243,243,243,1-1015,4,13,1-1015,155,5,0,57,43.936121582984924,0.2834588489224834
13,13,13,13,13,13,13,13,13,13,13,13,13,13,13,13,13,13,13,1-9805,5,14,1-9805,26,6,0,2,7.366179704666138,0.2833146040256207
276,276,276,276,276,276,276,276,276,276,276,276,276,276,276,276,276,276,276,1-9495,3,5,1-9495,18,1,0,6,5.098539113998413,0.28325217299991184
140,140,140,140,140,140,140,140,140,140,140,140,140,140,140,140,140,140,140,1-2294,19,11,1-2294,75,13,0,12,21.197078227996826,0.2826277097066244
331,331,331,331,331,331,331,331,331,331,331,331,331,331,331,331,331,331,331,MLG75,7,2,MLG75,185,46,0,9,52.14780867099762,0.2818800468702574
291,291,291,291,291,291,291,291,291,291,291,291,291,291,291,291,291,291,291,MLG02,20,20,MLG02,320,21,0,101,89.99207508563995,0.28122523464262483
68,68,68,68,68,68,68,68,68,68,68,68,68,68,68,68,68,68,68,1-7845,4,13,1-7845,36,6,0,6,10.098539113998413,0.2805149753888448
549,549,549,549,549,549,549,549,549,549,549,549,549,549,549,549,549,549,549,1-4842,5,14,1-4842,6,1,0,1,1.6830898523330688,0.2805149753888448
14,14,14,14,14,14,14,14,14,14,14,14,14,14,14,14,14,14,14,1-6098,15,18,1-6098,1327,94,0,407,372.017569899559,0.2803448152973316
522,522,522,522,522,522,522,522,522,522,522,522,522,522,522,522,522,522,522,1-5282,4,13,1-5282,17,2,0,4,4.732359409332275,0.2783740829018986
261,261,261,261,261,261,261,261,261,261,261,261,261,261,261,261,261,261,261,1-1942,21,15,1-1942,34,4,0,8,9.46471881866455,0.2783740829018986
244,244,244,244,244,244,244,244,244,244,244,244,244,244,244,244,244,244,244,MLG57,12,12,MLG57,629,76,0,144,174.3649387359619,0.2772097595166326
219,219,219,219,219,219,219,219,219,219,219,219,219,219,219,219,219,219,219,1-5653,20,20,1-5653,11,1,0,3,3.0492695569992065,0.2772063233635642
144,144,144,144,144,144,144,144,144,144,144,144,144,144,144,144,144,144,144,1-7744,18,22,1-7744,37,0,0,15,10.246347784996033,0.27692831851340627
399,399,399,399,399,399,399,399,399,399,399,399,399,399,399,399,399,399,399,MLG60,14,21,MLG60,47,13,0,0,13.0,0.2765957446808511
228,228,228,228,228,228,228,228,228,228,228,228,228,228,228,228,228,228,228,1-17835,17,2,1-17835,17,4,0,1,4.683089852333069,0.2754758736666511
422,422,422,422,422,422,422,422,422,422,422,422,422,422,422,422,422,422,422,1-6878,20,20,1-6878,167,9,0,54,45.88685202598572,0.2747715690178785
254,254,254,254,254,254,254,254,254,254,254,254,254,254,254,254,254,254,254,1-8379,1,9,1-8379,5,0,0,2,1.3661797046661377,0.27323594093322756
318,318,318,318,318,318,318,318,318,318,318,318,318,318,318,318,318,318,318,1-2324,1,9,1-2324,25,0,0,10,6.8308985233306885,0.27323594093322756
548,548,548,548,548,548,548,548,548,548,548,548,548,548,548,548,548,548,548,1-3087,17,10,1-3087,26,3,0,6,7.098539113998413,0.2730207351537851
319,319,319,319,319,319,319,319,319,319,319,319,319,319,319,319,319,319,319,1-3584,15,18,1-3584,26,3,0,6,7.098539113998413,0.2730207351537851
105,105,105,105,105,105,105,105,105,105,105,105,105,105,105,105,105,105,105,1-1258,11,7,1-1258,435,37,0,119,118.28769242763519,0.2719257297187016
489,489,489,489,489,489,489,489,489,489,489,489,489,489,489,489,489,489,489,1-9578,1,9,1-9578,42,8,0,5,11.415449261665344,0.271796410992032
8,8,8,8,8,8,8,8,8,8,8,8,8,8,8,8,8,8,8,1-8181,16,6,1-8181,30,4,0,6,8.098539113998413,0.2699513037999471
553,553,553,553,553,553,553,553,553,553,553,553,553,553,553,553,553,553,553,1-5555,10,16,1-5555,10,2,0,1,2.683089852333069,0.2683089852333069
245,245,245,245,245,245,245,245,245,245,245,245,245,245,245,245,245,245,245,1-6647,22,3,1-6647,62,5,0,17,16.61252748966217,0.26794399176874467
448,448,448,448,448,448,448,448,448,448,448,448,448,448,448,448,448,448,448,1-3106,2,8,1-3106,34,5,0,6,9.098539113998413,0.2676040915881886
386,386,386,386,386,386,386,386,386,386,386,386,386,386,386,386,386,386,386,MLG68,6,4,MLG68,642,89,0,121,171.65387213230133,0.2673736326048307
533,533,533,533,533,533,533,533,533,533,533,533,533,533,533,533,533,533,533,1-7530,8,11,1-7530,25,6,0,1,6.683089852333069,0.26732359409332274
446,446,446,446,446,446,446,446,446,446,446,446,446,446,446,446,446,446,446,1-3534,4,13,1-3534,279,19,0,81,74.33027803897858,0.2664167671647978
415,415,415,415,415,415,415,415,415,415,415,415,415,415,415,415,415,415,415,1-1957,3,5,1-1957,47,5,0,11,12.513988375663757,0.26625507182263314
370,370,370,370,370,370,370,370,370,370,370,370,370,370,370,370,370,370,370,MLG62,3,5,MLG62,525,61,0,115,139.55533301830292,0.26581968193962463
500,500,500,500,500,500,500,500,500,500,500,500,500,500,500,500,500,500,500,1-0292,20,20,1-0292,99,7,0,28,26.126515865325928,0.26390420065985787
191,191,191,191,191,191,191,191,191,191,191,191,191,191,191,191,191,191,191,1-8328,4,13,1-8328,114,15,0,22,30.027976751327515,0.2634033048362063
214,214,214,214,214,214,214,214,214,214,214,214,214,214,214,214,214,214,214,1-0053,15,18,1-0053,142,8,0,43,37.37286365032196,0.26318918063607016
516,516,516,516,516,516,516,516,516,516,516,516,516,516,516,516,516,516,516,1-5036,20,20,1-5036,14,3,0,1,3.683089852333069,0.2630778465952192
157,157,157,157,157,157,157,157,157,157,157,157,157,157,157,157,157,157,157,1-6061,15,18,1-6061,40,3,0,11,10.513988375663757,0.2628497093915939
472,472,472,472,472,472,472,472,472,472,472,472,472,472,472,472,472,472,472,1-9518,12,12,1-9518,22,3,0,4,5.732359409332275,0.2605617913332852
421,421,421,421,421,421,421,421,421,421,421,421,421,421,421,421,421,421,421,1-8398,13,17,1-8398,54,5,0,13,13.880168080329895,0.2570401496357388
562,562,562,562,562,562,562,562,562,562,562,562,562,562,562,562,562,562,562,1-0003,12,12,1-0003,17,3,0,2,4.366179704666138,0.25683410027447867
142,142,142,142,142,142,142,142,142,142,142,142,142,142,142,142,142,142,142,P-16454,10,16,P-16454,8,0,0,3,2.0492695569992065,0.2561586946249008
339,339,339,339,339,339,339,339,339,339,339,339,339,339,339,339,339,339,339,1-3523,18,22,1-3523,543,31,0,157,138.2451068162918,0.254595040177333
436,436,436,436,436,436,436,436,436,436,436,436,436,436,436,436,436,436,436,1-5161,1,9,1-5161,12,1,0,3,3.0492695569992065,0.2541057964166005
288,288,288,288,288,288,288,288,288,288,288,288,288,288,288,288,288,288,288,1-8590,2,8,1-8590,24,2,0,6,6.098539113998413,0.2541057964166005
417,417,417,417,417,417,417,417,417,417,417,417,417,417,417,417,417,417,417,1-10451,6,4,1-10451,46,11,0,1,11.683089852333069,0.2539802141811537
369,369,369,369,369,369,369,369,369,369,369,369,369,369,369,369,369,369,369,1-6594,2,8,1-6594,70,0,0,26,17.76033616065979,0.25371908800942555
152,152,152,152,152,152,152,152,152,152,152,152,152,152,152,152,152,152,152,1-9500,6,4,1-9500,33,7,0,2,8.366179704666138,0.2535205971110951
382,382,382,382,382,382,382,382,382,382,382,382,382,382,382,382,382,382,382,1-18558,18,22,1-18558,307,20,0,84,77.37954759597778,0.25205064363510676
432,432,432,432,432,432,432,432,432,432,432,432,432,432,432,432,432,432,432,1-6914,18,22,1-6914,73,2,0,24,18.394156455993652,0.2519747459725158
408,408,408,408,408,408,408,408,408,408,408,408,408,408,408,408,408,408,408,MLG53,1,9,MLG53,91,12,0,16,22.9294376373291,0.25197184216845164
302,302,302,302,302,302,302,302,302,302,302,302,302,302,302,302,302,302,302,MLG51,10,16,MLG51,248,31,0,46,62.42213320732117,0.25170215002952084
430,430,430,430,430,430,430,430,430,430,430,430,430,430,430,430,430,430,430,1-3141,11,7,1-3141,136,26,0,12,34.197078227996826,0.2514491046176237
193,193,193,193,193,193,193,193,193,193,193,193,193,193,193,193,193,193,193,1-9553,2,8,1-9553,23,1,0,7,5.781628966331482,0.2513751724491949
240,240,240,240,240,240,240,240,240,240,240,240,240,240,240,240,240,240,240,MLG33,5,21,MLG33,20,5,0,0,5.0,0.25
482,482,482,482,482,482,482,482,482,482,482,482,482,482,482,482,482,482,482,1-4390,2,8,1-4390,45,7,0,6,11.098539113998413,0.24663420253329807
185,185,185,185,185,185,185,185,185,185,185,185,185,185,185,185,185,185,185,1-8906,8,11,1-8906,15,3,0,1,3.683089852333069,0.24553932348887125
322,322,322,322,322,322,322,322,322,322,322,322,322,322,322,322,322,322,322,1-0296,18,8,1-0296,41,8,0,3,10.049269556999207,0.24510413553656601
401,401,401,401,401,401,401,401,401,401,401,401,401,401,401,401,401,401,401,1-7204,1,9,1-7204,26,5,0,2,6.366179704666138,0.2448530655640822
108,108,108,108,108,108,108,108,108,108,108,108,108,108,108,108,108,108,108,1-9731,7,2,1-9731,11,2,0,1,2.683089852333069,0.24391725930300626
469,469,469,469,469,469,469,469,469,469,469,469,469,469,469,469,469,469,469,1-8578,12,12,1-8578,11,2,0,1,2.683089852333069,0.24391725930300626
304,304,304,304,304,304,304,304,304,304,304,304,304,304,304,304,304,304,304,1-19004,12,12,1-19004,60,3,0,17,14.61252748966217,0.24354212482770285
485,485,485,485,485,485,485,485,485,485,485,485,485,485,485,485,485,485,485,1-5980,10,16,1-5980,29,5,0,3,7.0492695569992065,0.24307826058617954
74,74,74,74,74,74,74,74,74,74,74,74,74,74,74,74,74,74,74,1-8124,13,17,1-8124,18,3,0,2,4.366179704666138,0.24256553914811876
217,217,217,217,217,217,217,217,217,217,217,217,217,217,217,217,217,217,217,1-9630,14,21,1-9630,33,8,0,0,8.0,0.24242424242424243
510,510,510,510,510,510,510,510,510,510,510,510,510,510,510,510,510,510,510,1-3206,18,22,1-3206,45,4,0,10,10.830898523330688,0.24068663385179306
555,555,555,555,555,555,555,555,555,555,555,555,555,555,555,555,555,555,555,1-3646,7,2,1-3646,7,1,0,1,1.6830898523330688,0.2404414074761527
505,505,505,505,505,505,505,505,505,505,505,505,505,505,505,505,505,505,505,1-4747,14,21,1-4747,25,6,0,0,6.0,0.24
236,236,236,236,236,236,236,236,236,236,236,236,236,236,236,236,236,236,236,1-7024,7,2,1-7024,498,88,0,46,119.42213320732117,0.23980348033598628
328,328,328,328,328,328,328,328,328,328,328,328,328,328,328,328,328,328,328,1-9497,15,18,1-9497,150,10,0,38,35.957414388656616,0.23971609592437745
248,248,248,248,248,248,248,248,248,248,248,248,248,248,248,248,248,248,248,1-2400,7,2,1-2400,49,9,0,4,11.732359409332275,0.23943590631290357
397,397,397,397,397,397,397,397,397,397,397,397,397,397,397,397,397,397,397,1-9808,20,20,1-9808,74,2,0,23,17.711066603660583,0.23933873788730517
375,375,375,375,375,375,375,375,375,375,375,375,375,375,375,375,375,375,375,MLG14,3,5,MLG14,232,26,0,43,55.37286365032196,0.23867613642380156
309,309,309,309,309,309,309,309,309,309,309,309,309,309,309,309,309,309,309,1-3516,4,13,1-3516,156,16,0,31,37.175785422325134,0.2383063168097765
357,357,357,357,357,357,357,357,357,357,357,357,357,357,357,357,357,357,357,1-4760,18,22,1-4760,40,2,0,11,9.513988375663757,0.23784970939159394
349,349,349,349,349,349,349,349,349,349,349,349,349,349,349,349,349,349,349,1-3052,21,15,1-3052,166,21,0,27,39.44342601299286,0.23761100007827024
398,398,398,398,398,398,398,398,398,398,398,398,398,398,398,398,398,398,398,1-0303,1,9,1-0303,212,21,0,43,50.37286365032196,0.23760784740717905
201,201,201,201,201,201,201,201,201,201,201,201,201,201,201,201,201,201,201,1-9902,20,20,1-9902,30,3,0,6,7.098539113998413,0.23661797046661376
197,197,197,197,197,197,197,197,197,197,197,197,197,197,197,197,197,197,197,1-8646,3,5,1-8646,20,2,0,4,4.732359409332275,0.23661797046661376
151,151,151,151,151,151,151,151,151,151,151,151,151,151,151,151,151,151,151,1-9870,6,4,1-9870,27,5,0,2,6.366179704666138,0.23578443350615325
344,344,344,344,344,344,344,344,344,344,344,344,344,344,344,344,344,344,344,1-6035,11,7,1-6035,23,2,0,5,5.415449261665344,0.23545431572458017
223,223,223,223,223,223,223,223,223,223,223,223,223,223,223,223,223,223,223,1-0205,13,17,1-0205,34,8,0,0,8.0,0.23529411764705882
414,414,414,414,414,414,414,414,414,414,414,414,414,414,414,414,414,414,414,1-8285,8,11,1-8285,72,6,0,16,16.9294376373291,0.23513107829623753
457,457,457,457,457,457,457,457,457,457,457,457,457,457,457,457,457,457,457,1-8503,21,15,1-8503,16,1,0,4,3.7323594093322754,0.2332724630832672
294,294,294,294,294,294,294,294,294,294,294,294,294,294,294,294,294,294,294,1-3509,20,20,1-3509,35,4,0,6,8.098539113998413,0.2313868318285261
462,462,462,462,462,462,462,462,462,462,462,462,462,462,462,462,462,462,462,1-1183,16,12,1-1183,45,9,0,2,10.366179704666138,0.23035954899258085
441,441,441,441,441,441,441,441,441,441,441,441,441,441,441,441,441,441,441,1-19166,5,14,1-19166,45,9,0,2,10.366179704666138,0.23035954899258085
106,106,106,106,106,106,106,106,106,106,106,106,106,106,106,106,106,106,106,MLG69,22,3,MLG69,576,29,0,151,132.1465677022934,0.22942112448314825
380,380,380,380,380,380,380,380,380,380,380,380,380,380,380,380,380,380,380,1-7004,22,3,1-7004,381,21,0,97,87.25971567630768,0.22902812513466583
424,424,424,424,424,424,424,424,424,424,424,424,424,424,424,424,424,424,424,1-4700,10,4,1-4700,31,3,0,6,7.098539113998413,0.22898513270962623
480,480,480,480,480,480,480,480,480,480,480,480,480,480,480,480,480,480,480,1-1005,15,18,1-1005,125,4,0,36,28.59123468399048,0.22872987747192383
125,125,125,125,125,125,125,125,125,125,125,125,125,125,125,125,125,125,125,1-8622,20,20,1-8622,54,0,0,18,12.29561734199524,0.2276966174443563
490,490,490,490,490,490,490,490,490,490,490,490,490,490,490,490,490,490,490,1-3551,13,17,1-3551,6,0,0,2,1.3661797046661377,0.2276966174443563
362,362,362,362,362,362,362,362,362,362,362,362,362,362,362,362,362,362,362,1-1462,21,15,1-1462,192,17,0,39,43.640504240989685,0.22729429292182127
257,257,257,257,257,257,257,257,257,257,257,257,257,257,257,257,257,257,257,1-9504,8,11,1-9504,30,2,0,7,6.781628966331482,0.22605429887771605
363,363,363,363,363,363,363,363,363,363,363,363,363,363,363,363,363,363,363,1-10785,11,7,1-10785,279,28,0,51,62.83758246898651,0.22522430992468284
359,359,359,359,359,359,359,359,359,359,359,359,359,359,359,359,359,359,359,1-4417,8,20,1-4417,151,8,0,38,33.957414388656616,0.22488353899772592
396,396,396,396,396,396,396,396,396,396,396,396,396,396,396,396,396,396,396,1-9963,11,7,1-9963,116,16,0,14,25.563257932662964,0.22037291321261177
365,365,365,365,365,365,365,365,365,365,365,365,365,365,365,365,365,365,365,MLG48,14,21,MLG48,159,35,0,0,35.0,0.22012578616352202
420,420,420,420,420,420,420,420,420,420,420,420,420,420,420,420,420,420,420,1-8172,10,12,1-8172,40,6,0,4,8.732359409332275,0.21830898523330688
154,154,154,154,154,154,154,154,154,154,154,154,154,154,154,154,154,154,154,1-18994,18,22,1-18994,28,2,0,6,6.098539113998413,0.21780496835708618
270,270,270,270,270,270,270,270,270,270,270,270,270,270,270,270,270,270,270,1-1390,2,8,1-1390,98,9,0,18,21.29561734199524,0.21730221777546163
486,486,486,486,486,486,486,486,486,486,486,486,486,486,486,486,486,486,486,1-8678,13,7,1-8678,17,3,0,1,3.683089852333069,0.21665234425488641
498,498,498,498,498,498,498,498,498,498,498,498,498,498,498,498,498,498,498,1-19915,8,11,1-19915,62,10,0,5,13.415449261665344,0.21637821389782813
170,170,170,170,170,170,170,170,170,170,170,170,170,170,170,170,170,170,170,1-5043,11,7,1-5043,123,19,0,11,26.513988375663757,0.21556088110295737
31,31,31,31,31,31,31,31,31,31,31,31,31,31,31,31,31,31,31,1-8938,15,18,1-8938,30,1,0,8,6.464718818664551,0.21549062728881835
81,81,81,81,81,81,81,81,81,81,81,81,81,81,81,81,81,81,81,1-7770,16,6,1-7770,11,1,0,2,2.3661797046661377,0.21510724587873978
534,534,534,534,534,534,534,534,534,534,534,534,534,534,534,534,534,534,534,1-9457,19,1,1-9457,11,1,0,2,2.3661797046661377,0.21510724587873978
279,279,279,279,279,279,279,279,279,279,279,279,279,279,279,279,279,279,279,MLG43,3,21,MLG43,14,3,0,0,3.0,0.21428571428571427
168,168,168,168,168,168,168,168,168,168,168,168,168,168,168,168,168,168,168,1-9655,21,15,1-9655,27,1,0,7,5.781628966331482,0.21413440616042526
292,292,292,292,292,292,292,292,292,292,292,292,292,292,292,292,292,292,292,1-9997,11,24,1-9997,16,0,0,5,3.4154492616653442,0.21346557885408401
171,171,171,171,171,171,171,171,171,171,171,171,171,171,171,171,171,171,171,1-8100,15,18,1-8100,19,2,0,3,4.0492695569992065,0.2131194503683793
272,272,272,272,272,272,272,272,272,272,272,272,272,272,272,272,272,272,272,1-1570,11,7,1-1570,142,20,0,15,30.246347784996033,0.2130024491901129
94,94,94,94,94,94,94,94,94,94,94,94,94,94,94,94,94,94,94,1-3083,18,22,1-3083,78,5,0,17,16.61252748966217,0.21298112166233552
332,332,332,332,332,332,332,332,332,332,332,332,332,332,332,332,332,332,332,MLG78,14,21,MLG78,80,17,0,0,17.0,0.2125
139,139,139,139,139,139,139,139,139,139,139,139,139,139,139,139,139,139,139,1-7863,11,7,1-7863,351,39,0,52,74.52067232131958,0.21230960775304725
298,298,298,298,298,298,298,298,298,298,298,298,298,298,298,298,298,298,298,1-7019,20,20,1-7019,107,7,0,23,22.711066603660583,0.21225295891271573
473,473,473,473,473,473,473,473,473,473,473,473,473,473,473,473,473,473,473,1-9452,5,2,1-9452,16,2,0,2,3.3661797046661377,0.2103862315416336
524,524,524,524,524,524,524,524,524,524,524,524,524,524,524,524,524,524,524,1-9338,17,10,1-9338,29,2,0,6,6.098539113998413,0.21029445220684184
456,456,456,456,456,456,456,456,456,456,456,456,456,456,456,456,456,456,456,1-8186,2,8,1-8186,26,0,0,8,5.464718818664551,0.21018149302555963
478,478,478,478,478,478,478,478,478,478,478,478,478,478,478,478,478,478,478,1-9394,3,5,1-9394,117,6,0,27,24.44342601299286,0.208918171051221
289,289,289,289,289,289,289,289,289,289,289,289,289,289,289,289,289,289,289,1-1592,21,15,1-1592,32,6,0,1,6.683089852333069,0.2088465578854084
260,260,260,260,260,260,260,260,260,260,260,260,260,260,260,260,260,260,260,1-0129,11,7,1-0129,142,18,0,17,29.61252748966217,0.2085389259835364
246,246,246,246,246,246,246,246,246,246,246,246,246,246,246,246,246,246,246,MLG56,8,11,MLG56,511,73,0,49,106.47140276432037,0.20835890951921796
290,290,290,290,290,290,290,290,290,290,290,290,290,290,290,290,290,290,290,1-8341,21,15,1-8341,197,15,0,38,40.957414388656616,0.20790565679521125
215,215,215,215,215,215,215,215,215,215,215,215,215,215,215,215,215,215,215,1-19839,2,8,1-19839,13,2,0,1,2.683089852333069,0.20639152710254377
224,224,224,224,224,224,224,224,224,224,224,224,224,224,224,224,224,224,224,1-9227,21,15,1-9227,801,68,0,142,164.99875903129578,0.20599096008900847
167,167,167,167,167,167,167,167,167,167,167,167,167,167,167,167,167,167,167,1-4929,20,20,1-4929,10,0,0,3,2.0492695569992065,0.20492695569992064
312,312,312,312,312,312,312,312,312,312,312,312,312,312,312,312,312,312,312,1-3108,11,5,1-3108,18,3,0,1,3.683089852333069,0.2046161029073927
402,402,402,402,402,402,402,402,402,402,402,402,402,402,402,402,402,402,402,1-5744,10,16,1-5744,18,3,0,1,3.683089852333069,0.2046161029073927
475,475,475,475,475,475,475,475,475,475,475,475,475,475,475,475,475,475,475,1-18234,2,8,1-18234,43,4,0,7,8.781628966331482,0.20422392944956935
258,258,258,258,258,258,258,258,258,258,258,258,258,258,258,258,258,258,258,1-9516,1,15,1-9516,76,8,0,11,15.513988375663757,0.20413142599557577
335,335,335,335,335,335,335,335,335,335,335,335,335,335,335,335,335,335,335,1-8910,22,3,1-8910,137,17,0,16,27.9294376373291,0.20386450830167227
348,348,348,348,348,348,348,348,348,348,348,348,348,348,348,348,348,348,348,1-17758,16,6,1-17758,40,6,0,3,8.049269556999207,0.20123173892498017
511,511,511,511,511,511,511,511,511,511,511,511,511,511,511,511,511,511,511,1-9697,1,21,1-9697,20,4,0,0,4.0,0.2
116,116,116,116,116,116,116,116,116,116,116,116,116,116,116,116,116,116,116,1-20047,14,21,1-20047,20,4,0,0,4.0,0.2
156,156,156,156,156,156,156,156,156,156,156,156,156,156,156,156,156,156,156,1-8634,5,14,1-8634,10,2,0,0,2.0,0.2
547,547,547,547,547,547,547,547,547,547,547,547,547,547,547,547,547,547,547,MLG67,1,9,MLG67,27,4,0,2,5.366179704666138,0.1987473964691162
109,109,109,109,109,109,109,109,109,109,109,109,109,109,109,109,109,109,109,1-9768,13,17,1-9768,241,25,0,33,47.54196512699127,0.19726956484228744
495,495,495,495,495,495,495,495,495,495,495,495,495,495,495,495,495,495,495,MLG08,14,21,MLG08,107,21,0,0,21.0,0.19626168224299065
10,10,10,10,10,10,10,10,10,10,10,10,10,10,10,10,10,10,10,1-7964,8,11,1-7964,202,16,0,34,39.22505497932434,0.19418344049170466
128,128,128,128,128,128,128,128,128,128,128,128,128,128,128,128,128,128,128,1-19286,7,2,1-19286,40,5,0,4,7.732359409332275,0.1933089852333069
129,129,129,129,129,129,129,129,129,129,129,129,129,129,129,129,129,129,129,1-2573,22,3,1-2573,37,3,0,6,7.098539113998413,0.1918524084864436
282,282,282,282,282,282,282,282,282,282,282,282,282,282,282,282,282,282,282,1-1608,8,11,1-1608,307,32,0,39,58.640504240989685,0.19101141446576445
30,30,30,30,30,30,30,30,30,30,30,30,30,30,30,30,30,30,30,1-8418,5,14,1-8418,46,4,0,7,8.781628966331482,0.19090497752894525
221,221,221,221,221,221,221,221,221,221,221,221,221,221,221,221,221,221,221,1-8023,8,11,1-8023,16,1,0,3,3.0492695569992065,0.1905793473124504
451,451,451,451,451,451,451,451,451,451,451,451,451,451,451,451,451,451,451,1-4098,20,20,1-4098,16,1,0,3,3.0492695569992065,0.1905793473124504
517,517,517,517,517,517,517,517,517,517,517,517,517,517,517,517,517,517,517,1-18028,2,8,1-18028,309,10,0,71,58.49937951564789,0.1893183803095401
273,273,273,273,273,273,273,273,273,273,273,273,273,273,273,273,273,273,273,1-3589,3,5,1-3589,27,1,0,6,5.098539113998413,0.18883478199994122
133,133,133,133,133,133,133,133,133,133,133,133,133,133,133,133,133,133,133,1-8576,7,2,1-8576,55,9,0,2,10.366179704666138,0.1884759946302934
162,162,162,162,162,162,162,162,162,162,162,162,162,162,162,162,162,162,162,1-8067,19,1,1-8067,322,9,0,75,60.231738924980164,0.18705508982913094
35,35,35,35,35,35,35,35,35,35,35,35,35,35,35,35,35,35,35,1-2869,2,8,1-2869,9,1,0,1,1.6830898523330688,0.1870099835925632
418,418,418,418,418,418,418,418,418,418,418,418,418,418,418,418,418,418,418,1-6216,22,3,1-6216,45,5,0,5,8.415449261665344,0.1870099835925632
308,308,308,308,308,308,308,308,308,308,308,308,308,308,308,308,308,308,308,1-6743,2,8,1-6743,58,4,0,10,10.830898523330688,0.18673962971259808
376,376,376,376,376,376,376,376,376,376,376,376,376,376,376,376,376,376,376,1-7874,12,12,1-7874,258,29,0,28,48.12651586532593,0.18653688319893771
88,88,88,88,88,88,88,88,88,88,88,88,88,88,88,88,88,88,88,1-5626,11,7,1-5626,125,11,0,18,23.29561734199524,0.1863649387359619
391,391,391,391,391,391,391,391,391,391,391,391,391,391,391,391,391,391,391,MLG30,20,20,MLG30,208,8,0,45,38.7390433549881,0.1862454007451351
58,58,58,58,58,58,58,58,58,58,58,58,58,58,58,58,58,58,58,1-17733,19,1,1-17733,74,9,0,7,13.781628966331482,0.18623822927474976
379,379,379,379,379,379,379,379,379,379,379,379,379,379,379,379,379,379,379,1-4640,12,12,1-4640,87,8,0,12,16.197078227996826,0.18617331296548076
360,360,360,360,360,360,360,360,360,360,360,360,360,360,360,360,360,360,360,1-6611,4,13,1-6611,89,9,0,11,16.513988375663757,0.18555043118723322
400,400,400,400,400,400,400,400,400,400,400,400,400,400,400,400,400,400,400,1-18709,15,18,1-18709,33,2,0,6,6.098539113998413,0.18480421557570947
310,310,310,310,310,310,310,310,310,310,310,310,310,310,310,310,310,310,310,1-4855,4,13,1-4855,22,2,0,3,4.0492695569992065,0.18405770713632758
281,281,281,281,281,281,281,281,281,281,281,281,281,281,281,281,281,281,281,1-9995,3,4,1-9995,24,3,0,2,4.366179704666138,0.18192415436108908
12,12,12,12,12,12,12,12,12,12,12,12,12,12,12,12,12,12,12,MLG84,7,2,MLG84,63,8,0,5,11.415449261665344,0.18119760732802134
72,72,72,72,72,72,72,72,72,72,72,72,72,72,72,72,72,72,72,1-9614,22,3,1-9614,30,2,0,5,5.415449261665344,0.1805149753888448
4,4,4,4,4,4,4,4,4,4,4,4,4,4,4,4,4,4,4,1-6240,17,10,1-6240,698,41,0,124,125.70314168930054,0.1800904608729234
542,542,542,542,542,542,542,542,542,542,542,542,542,542,542,542,542,542,542,1-1191,10,16,1-1191,53,4,0,8,9.46471881866455,0.17857960035216133
320,320,320,320,320,320,320,320,320,320,320,320,320,320,320,320,320,320,320,MLG13,5,14,MLG13,140,20,0,7,24.781628966331482,0.1770116354737963
442,442,442,442,442,442,442,442,442,442,442,442,442,442,442,442,442,442,442,MLG11,19,1,MLG11,87,3,0,18,15.29561734199524,0.17581169358615217
153,153,153,153,153,153,153,153,153,153,153,153,153,153,153,153,153,153,153,1-1350,17,10,1-1350,195,11,0,34,34.22505497932434,0.17551310245807356
377,377,377,377,377,377,377,377,377,377,377,377,377,377,377,377,377,377,377,1-7213,15,18,1-7213,23,4,0,0,4.0,0.17391304347826086
205,205,205,205,205,205,205,205,205,205,205,205,205,205,205,205,205,205,205,1-8018,12,12,1-8018,58,8,0,3,10.049269556999207,0.17326326822412424
437,437,437,437,437,437,437,437,437,437,437,437,437,437,437,437,437,437,437,1-6980,2,8,1-6980,128,1,0,31,22.175785422325134,0.1732483236119151
488,488,488,488,488,488,488,488,488,488,488,488,488,488,488,488,488,488,488,1-11350,18,22,1-11350,100,5,0,18,17.29561734199524,0.1729561734199524
96,96,96,96,96,96,96,96,96,96,96,96,96,96,96,96,96,96,96,MLG37,1,9,MLG37,116,9,0,16,19.9294376373291,0.17180549687352673
435,435,435,435,435,435,435,435,435,435,435,435,435,435,435,435,435,435,435,1-9610,16,6,1-9610,49,5,0,5,8.415449261665344,0.17174386248296622
51,51,51,51,51,51,51,51,51,51,51,51,51,51,51,51,51,51,51,1-9925,15,18,1-9925,93,5,0,16,15.929437637329102,0.1712842756702054
204,204,204,204,204,204,204,204,204,204,204,204,204,204,204,204,204,204,204,1-9733,3,5,1-9733,4,0,0,1,0.6830898523330688,0.1707724630832672
519,519,519,519,519,519,519,519,519,519,519,519,519,519,519,519,519,519,519,1-4926,2,24,1-4926,4,0,0,1,0.6830898523330688,0.1707724630832672
537,537,537,537,537,537,537,537,537,537,537,537,537,537,537,537,537,537,537,1-4494,17,24,1-4494,16,0,0,4,2.7323594093322754,0.1707724630832672
119,119,119,119,119,119,119,119,119,119,119,119,119,119,119,119,119,119,119,1-5929,8,11,1-5929,4,0,0,1,0.6830898523330688,0.1707724630832672
101,101,101,101,101,101,101,101,101,101,101,101,101,101,101,101,101,101,101,1-9892,12,12,1-9892,22,1,0,4,3.7323594093322754,0.16965270042419434
136,136,136,136,136,136,136,136,136,136,136,136,136,136,136,136,136,136,136,1-9549,13,17,1-9549,18,1,0,3,3.0492695569992065,0.16940386427773368
265,265,265,265,265,265,265,265,265,265,265,265,265,265,265,265,265,265,265,1-11330,7,12,1-11330,14,1,0,2,2.3661797046661377,0.16901283604758127
324,324,324,324,324,324,324,324,324,324,324,324,324,324,324,324,324,324,324,1-6734,11,7,1-6734,44,4,0,5,7.415449261665344,0.16853293776512146
506,506,506,506,506,506,506,506,506,506,506,506,506,506,506,506,506,506,506,1-6227,18,12,1-6227,52,6,0,4,8.732359409332275,0.1679299886410053
266,266,266,266,266,266,266,266,266,266,266,266,266,266,266,266,266,266,266,1-2103,12,12,1-2103,26,3,0,2,4.366179704666138,0.1679299886410053
315,315,315,315,315,315,315,315,315,315,315,315,315,315,315,315,315,315,315,1-1769,19,1,1-1769,89,4,0,16,14.929437637329102,0.16774649030706856
80,80,80,80,80,80,80,80,80,80,80,80,80,80,80,80,80,80,80,1-9115,11,7,1-9115,16,2,0,1,2.683089852333069,0.1676931157708168
404,404,404,404,404,404,404,404,404,404,404,404,404,404,404,404,404,404,404,1-4682,6,11,1-4682,16,2,0,1,2.683089852333069,0.1676931157708168
477,477,477,477,477,477,477,477,477,477,477,477,477,477,477,477,477,477,477,1-9055,4,13,1-9055,12,2,0,0,2.0,0.16666666666666666
114,114,114,114,114,114,114,114,114,114,114,114,114,114,114,114,114,114,114,1-7496,9,24,1-7496,246,0,0,60,40.98539113998413,0.16660728105684605
521,521,521,521,521,521,521,521,521,521,521,521,521,521,521,521,521,521,521,1-19549,2,8,1-19549,29,0,0,7,4.781628966331482,0.16488375745970626
1,1,1,1,1,1,1,1,1,1,1,1,1,1,1,1,1,1,1,1-9185,17,10,1-9185,31,1,0,6,5.098539113998413,0.16446900367736816
445,445,445,445,445,445,445,445,445,445,445,445,445,445,445,445,445,445,445,1-6538,17,10,1-6538,44,3,0,6,7.098539113998413,0.16133043440905484
59,59,59,59,59,59,59,59,59,59,59,59,59,59,59,59,59,59,59,1-9331,7,2,1-9331,25,4,0,0,4.0,0.16
296,296,296,296,296,296,296,296,296,296,296,296,296,296,296,296,296,296,296,1-9404,19,1,1-9404,100,7,0,13,15.880168080329895,0.15880168080329896
227,227,227,227,227,227,227,227,227,227,227,227,227,227,227,227,227,227,227,1-3068,4,13,1-3068,180,19,0,14,28.563257932662964,0.15868476629257203
438,438,438,438,438,438,438,438,438,438,438,438,438,438,438,438,438,438,438,MLG10,13,17,MLG10,60,8,0,2,9.366179704666138,0.15610299507776895
263,263,263,263,263,263,263,263,263,263,263,263,263,263,263,263,263,263,263,1-6927,19,1,1-6927,179,17,0,16,27.9294376373291,0.15603037786217375
176,176,176,176,176,176,176,176,176,176,176,176,176,176,176,176,176,176,176,1-8042,18,22,1-8042,52,4,0,6,8.098539113998413,0.1557411368076618
269,269,269,269,269,269,269,269,269,269,269,269,269,269,269,269,269,269,269,1-7839,18,22,1-7839,24,1,0,4,3.7323594093322754,0.15551497538884482
100,100,100,100,100,100,100,100,100,100,100,100,100,100,100,100,100,100,100,1-19598,1,9,1-19598,11,1,0,1,1.6830898523330688,0.15300816839391534
329,329,329,329,329,329,329,329,329,329,329,329,329,329,329,329,329,329,329,1-1317,19,1,1-1317,414,23,0,59,63.30230128765106,0.1529041093904615
132,132,132,132,132,132,132,132,132,132,132,132,132,132,132,132,132,132,132,1-9110,10,22,1-9110,29,1,0,5,4.415449261665344,0.1522568710919084
235,235,235,235,235,235,235,235,235,235,235,235,235,235,235,235,235,235,235,1-8113,8,11,1-8113,9,0,0,2,1.3661797046661377,0.15179774496290419
439,439,439,439,439,439,439,439,439,439,439,439,439,439,439,439,439,439,439,MLG72,20,20,MLG72,9,0,0,2,1.3661797046661377,0.15179774496290419
71,71,71,71,71,71,71,71,71,71,71,71,71,71,71,71,71,71,71,1-6532,9,24,1-6532,27,0,0,6,4.098539113998413,0.15179774496290419
326,326,326,326,326,326,326,326,326,326,326,326,326,326,326,326,326,326,326,1-8826,4,13,1-8826,123,7,0,17,18.61252748966217,0.1513213617045705
234,234,234,234,234,234,234,234,234,234,234,234,234,234,234,234,234,234,234,MLG29,15,18,MLG29,164,5,0,29,24.809605717658997,0.15127808364426218
354,354,354,354,354,354,354,354,354,354,354,354,354,354,354,354,354,354,354,1-9417,19,1,1-9417,76,6,0,8,11.46471881866455,0.15085156340348094
479,479,479,479,479,479,479,479,479,479,479,479,479,479,479,479,479,479,479,1-9286,17,10,1-9286,81,8,0,6,12.098539113998413,0.1493646804197335
145,145,145,145,145,145,145,145,145,145,145,145,145,145,145,145,145,145,145,MLG06,12,12,MLG06,18,2,0,1,2.683089852333069,0.14906054735183716
225,225,225,225,225,225,225,225,225,225,225,225,225,225,225,225,225,225,225,1-9650,7,2,1-9650,25,3,0,1,3.683089852333069,0.14732359409332274
150,150,150,150,150,150,150,150,150,150,150,150,150,150,150,150,150,150,150,1-7005,21,15,1-7005,285,29,0,19,41.97870719432831,0.14729370945378353
459,459,459,459,459,459,459,459,459,459,459,459,459,459,459,459,459,459,459,1-2545,2,8,1-2545,145,7,0,21,21.344886898994446,0.1472061165447893
2,2,2,2,2,2,2,2,2,2,2,2,2,2,2,2,2,2,2,MLG17,6,4,MLG17,153,17,0,8,22.46471881866455,0.14682822757297093
306,306,306,306,306,306,306,306,306,306,306,306,306,306,306,306,306,306,306,1-18377,5,14,1-18377,14,0,0,3,2.0492695569992065,0.14637639692851476
86,86,86,86,86,86,86,86,86,86,86,86,86,86,86,86,86,86,86,1-9345,1,9,1-9345,47,0,0,10,6.8308985233306885,0.14533826645384443
208,208,208,208,208,208,208,208,208,208,208,208,208,208,208,208,208,208,208,1-10468,19,1,1-10468,549,25,0,79,78.96409833431244,0.14383260170184414
303,303,303,303,303,303,303,303,303,303,303,303,303,303,303,303,303,303,303,1-8157,16,6,1-8157,75,6,0,7,10.781628966331482,0.14375505288441975
393,393,393,393,393,393,393,393,393,393,393,393,393,393,393,393,393,393,393,1-7819,1,9,1-7819,59,5,0,5,8.415449261665344,0.14263473324856515
79,79,79,79,79,79,79,79,79,79,79,79,79,79,79,79,79,79,79,1-9739,17,10,1-9739,31,1,0,5,4.415449261665344,0.14243384715049498
352,352,352,352,352,352,352,352,352,352,352,352,352,352,352,352,352,352,352,MLG63,14,21,MLG63,380,54,0,0,54.0,0.14210526315789473
560,560,560,560,560,560,560,560,560,560,560,560,560,560,560,560,560,560,560,1-0027,9,24,1-0027,29,0,0,6,4.098539113998413,0.14132893496546253
389,389,389,389,389,389,389,389,389,389,389,389,389,389,389,389,389,389,389,1-0278,6,4,1-0278,79,5,0,9,11.14780867099762,0.14111150216452684
449,449,449,449,449,449,449,449,449,449,449,449,449,449,449,449,449,449,449,1-1935,6,4,1-1935,12,1,0,1,1.6830898523330688,0.1402574876944224
476,476,476,476,476,476,476,476,476,476,476,476,476,476,476,476,476,476,476,1-19205,15,18,1-19205,12,1,0,1,1.6830898523330688,0.1402574876944224
428,428,428,428,428,428,428,428,428,428,428,428,428,428,428,428,428,428,428,1-2701,16,10,1-2701,61,3,0,8,8.46471881866455,0.13876588227318937
395,395,395,395,395,395,395,395,395,395,395,395,395,395,395,395,395,395,395,1-6787,12,18,1-6787,56,5,0,4,7.732359409332275,0.1380778465952192
203,203,203,203,203,203,203,203,203,203,203,203,203,203,203,203,203,203,203,1-1250,22,3,1-1250,34,4,0,1,4.683089852333069,0.13773793683332555
385,385,385,385,385,385,385,385,385,385,385,385,385,385,385,385,385,385,385,1-6974,16,6,1-6974,207,8,0,30,28.492695569992065,0.13764587231880224
444,444,444,444,444,444,444,444,444,444,444,444,444,444,444,444,444,444,444,1-3217,16,24,1-3217,5,0,0,1,0.6830898523330688,0.13661797046661378
46,46,46,46,46,46,46,46,46,46,46,46,46,46,46,46,46,46,46,1-8566,7,2,1-8566,5,0,0,1,0.6830898523330688,0.13661797046661378
165,165,165,165,165,165,165,165,165,165,165,165,165,165,165,165,165,165,165,1-7721,11,7,1-7721,20,0,0,4,2.7323594093322754,0.13661797046661378
313,313,313,313,313,313,313,313,313,313,313,313,313,313,313,313,313,313,313,1-7521,20,20,1-7521,10,0,0,2,1.3661797046661377,0.13661797046661378
455,455,455,455,455,455,455,455,455,455,455,455,455,455,455,455,455,455,455,1-17790,18,5,1-17790,5,0,0,1,0.6830898523330688,0.13661797046661378
515,515,515,515,515,515,515,515,515,515,515,515,515,515,515,515,515,515,515,1-6531,1,9,1-6531,27,3,0,1,3.683089852333069,0.13641073527159514
172,172,172,172,172,172,172,172,172,172,172,172,172,172,172,172,172,172,172,1-8573,19,1,1-8573,184,10,0,22,25.027976751327515,0.1360216127789539
343,343,343,343,343,343,343,343,343,343,343,343,343,343,343,343,343,343,343,1-4319,19,1,1-4319,163,7,0,22,22.027976751327515,0.13514096166458597
450,450,450,450,450,450,450,450,450,450,450,450,450,450,450,450,450,450,450,1-2297,19,1,1-2297,25,2,0,2,3.3661797046661377,0.1346471881866455
198,198,198,198,198,198,198,198,198,198,198,198,198,198,198,198,198,198,198,1-9839,13,17,1-9839,20,2,0,1,2.683089852333069,0.13415449261665344
493,493,493,493,493,493,493,493,493,493,493,493,493,493,493,493,493,493,493,1-1836,22,3,1-1836,20,2,0,1,2.683089852333069,0.13415449261665344
543,543,543,543,543,543,543,543,543,543,543,543,543,543,543,543,543,543,543,1-5803,14,21,1-5803,15,2,0,0,2.0,0.13333333333333333
383,383,383,383,383,383,383,383,383,383,383,383,383,383,383,383,383,383,383,1-8551,4,13,1-8551,38,3,0,3,5.0492695569992065,0.13287551465787387
200,200,200,200,200,200,200,200,200,200,200,200,200,200,200,200,200,200,200,1-4634,15,18,1-4634,48,5,0,2,6.366179704666138,0.1326287438472112
412,412,412,412,412,412,412,412,412,412,412,412,412,412,412,412,412,412,412,1-6858,19,1,1-6858,23,1,0,3,3.0492695569992065,0.13257693726083505
411,411,411,411,411,411,411,411,411,411,411,411,411,411,411,411,411,411,411,MLG15,2,8,MLG15,105,7,0,10,13.830898523330688,0.1317228430793399
461,461,461,461,461,461,461,461,461,461,461,461,461,461,461,461,461,461,461,1-9651,14,21,1-9651,38,5,0,0,5.0,0.13157894736842105
381,381,381,381,381,381,381,381,381,381,381,381,381,381,381,381,381,381,381,1-2335,3,5,1-2335,145,4,0,22,19.027976751327515,0.13122742587122424
425,425,425,425,425,425,425,425,425,425,425,425,425,425,425,425,425,425,425,1-6006,21,13,1-6006,57,2,0,8,7.464718818664551,0.13095997927481667
54,54,54,54,54,54,54,54,54,54,54,54,54,54,54,54,54,54,54,1-8125,4,13,1-8125,21,0,0,4,2.7323594093322754,0.13011235282534644
137,137,137,137,137,137,137,137,137,137,137,137,137,137,137,137,137,137,137,1-1972,8,11,1-1972,32,0,0,6,4.098539113998413,0.1280793473124504
39,39,39,39,39,39,39,39,39,39,39,39,39,39,39,39,39,39,39,1-7467,18,13,1-7467,64,2,0,9,8.14780867099762,0.1273095104843378
256,256,256,256,256,256,256,256,256,256,256,256,256,256,256,256,256,256,256,1-9277,3,15,1-9277,48,2,0,6,6.098539113998413,0.12705289820830026
368,368,368,368,368,368,368,368,368,368,368,368,368,368,368,368,368,368,368,1-5197,19,1,1-5197,72,5,0,6,9.098539113998413,0.12636859880553353
241,241,241,241,241,241,241,241,241,241,241,241,241,241,241,241,241,241,241,1-19448,6,4,1-19448,45,5,0,1,5.683089852333069,0.12629088560740154
440,440,440,440,440,440,440,440,440,440,440,440,440,440,440,440,440,440,440,MLG52,9,24,MLG52,125,0,0,23,15.711066603660583,0.12568853282928466
222,222,222,222,222,222,222,222,222,222,222,222,222,222,222,222,222,222,222,1-4149,7,2,1-4149,16,2,0,0,2.0,0.125
554,554,554,554,554,554,554,554,554,554,554,554,554,554,554,554,554,554,554,1-10444,22,18,1-10444,8,1,0,0,1.0,0.125
523,523,523,523,523,523,523,523,523,523,523,523,523,523,523,523,523,523,523,1-9861,1,9,1-9861,8,1,0,0,1.0,0.125
206,206,206,206,206,206,206,206,206,206,206,206,206,206,206,206,206,206,206,1-9752,9,24,1-9752,22,0,0,4,2.7323594093322754,0.12419815496964888
410,410,410,410,410,410,410,410,410,410,410,410,410,410,410,410,410,410,410,MLG12,14,21,MLG12,146,18,0,0,18.0,0.1232876712328767
216,216,216,216,216,216,216,216,216,216,216,216,216,216,216,216,216,216,216,1-9887,20,20,1-9887,36,1,0,5,4.415449261665344,0.1226513683795929
27,27,27,27,27,27,27,27,27,27,27,27,27,27,27,27,27,27,27,1-18409,13,17,1-18409,22,2,0,1,2.683089852333069,0.12195862965150313
465,465,465,465,465,465,465,465,465,465,465,465,465,465,465,465,465,465,465,1-5913,15,18,1-5913,14,1,0,1,1.6830898523330688,0.12022070373807635
333,333,333,333,333,333,333,333,333,333,333,333,333,333,333,333,333,333,333,1-11329,11,2,1-11329,14,1,0,1,1.6830898523330688,0.12022070373807635
392,392,392,392,392,392,392,392,392,392,392,392,392,392,392,392,392,392,392,1-9609,15,18,1-9609,25,3,0,0,3.0,0.12
316,316,316,316,316,316,316,316,316,316,316,316,316,316,316,316,316,316,316,1-7441,11,7,1-7441,111,7,0,9,13.14780867099762,0.11844872676574432
301,301,301,301,301,301,301,301,301,301,301,301,301,301,301,301,301,301,301,1-1177,6,9,1-1177,17,2,0,0,2.0,0.11764705882352941
102,102,102,102,102,102,102,102,102,102,102,102,102,102,102,102,102,102,102,1-3564,2,8,1-3564,41,0,0,7,4.781628966331482,0.11662509673979224
83,83,83,83,83,83,83,83,83,83,83,83,83,83,83,83,83,83,83,1-18423,12,11,1-18423,47,4,0,2,5.366179704666138,0.1141740362694923
255,255,255,255,255,255,255,255,255,255,255,255,255,255,255,255,255,255,255,1-9946,11,1,1-9946,12,0,0,2,1.3661797046661377,0.11384830872217815
278,278,278,278,278,278,278,278,278,278,278,278,278,278,278,278,278,278,278,1-10762,22,3,1-10762,6,0,0,1,0.6830898523330688,0.11384830872217815
518,518,518,518,518,518,518,518,518,518,518,518,518,518,518,518,518,518,518,1-1850,10,24,1-1850,30,0,0,5,3.4154492616653442,0.11384830872217815
118,118,118,118,118,118,118,118,118,118,118,118,118,118,118,118,118,118,118,1-6543,2,8,1-6543,12,0,0,2,1.3661797046661377,0.11384830872217815
299,299,299,299,299,299,299,299,299,299,299,299,299,299,299,299,299,299,299,MLG54,13,17,MLG54,595,32,0,52,67.52067232131958,0.11348012154843627
131,131,131,131,131,131,131,131,131,131,131,131,131,131,131,131,131,131,131,1-9283,17,10,1-9283,235,13,0,20,26.661797046661377,0.11345445551770798
124,124,124,124,124,124,124,124,124,124,124,124,124,124,124,124,124,124,124,1-8427,17,10,1-8427,189,9,0,17,20.61252748966217,0.10906099200879456
531,531,531,531,531,531,531,531,531,531,531,531,531,531,531,531,531,531,531,1-5891,17,10,1-5891,96,7,0,5,10.415449261665344,0.10849426314234734
371,371,371,371,371,371,371,371,371,371,371,371,371,371,371,371,371,371,371,1-1580,18,22,1-1580,400,10,0,48,42.788312911987305,0.10697078227996826
37,37,37,37,37,37,37,37,37,37,37,37,37,37,37,37,37,37,37,1-5508,21,15,1-5508,38,4,0,0,4.0,0.10526315789473684
494,494,494,494,494,494,494,494,494,494,494,494,494,494,494,494,494,494,494,1-3265,14,21,1-3265,19,2,0,0,2.0,0.10526315789473684
98,98,98,98,98,98,98,98,98,98,98,98,98,98,98,98,98,98,98,1-8127,21,15,1-8127,32,2,0,2,3.3661797046661377,0.1051931157708168
447,447,447,447,447,447,447,447,447,447,447,447,447,447,447,447,447,447,447,1-7152,21,15,1-7152,109,10,0,2,11.366179704666138,0.10427687802445998
271,271,271,271,271,271,271,271,271,271,271,271,271,271,271,271,271,271,271,1-7897,16,6,1-7897,95,5,0,7,9.781628966331482,0.10296451543506822
33,33,33,33,33,33,33,33,33,33,33,33,33,33,33,33,33,33,33,1-7991,18,22,1-7991,46,2,0,4,4.732359409332275,0.10287737846374512
42,42,42,42,42,42,42,42,42,42,42,42,42,42,42,42,42,42,42,1-1207,13,17,1-1207,66,4,0,4,6.732359409332275,0.10200544559594357
361,361,361,361,361,361,361,361,361,361,361,361,361,361,361,361,361,361,361,1-0008,20,20,1-0008,230,5,0,27,23.44342601299286,0.10192793918692547
44,44,44,44,44,44,44,44,44,44,44,44,44,44,44,44,44,44,44,1-5214,14,21,1-5214,40,4,0,0,4.0,0.1
295,295,295,295,295,295,295,295,295,295,295,295,295,295,295,295,295,295,295,1-3639,1,1,1-3639,17,1,0,1,1.6830898523330688,0.09900528543135699
148,148,148,148,148,148,148,148,148,148,148,148,148,148,148,148,148,148,148,1-0001,1,9,1-0001,17,1,0,1,1.6830898523330688,0.09900528543135699
264,264,264,264,264,264,264,264,264,264,264,264,264,264,264,264,264,264,264,P-0009,4,4,P-0009,7,0,0,1,0.6830898523330688,0.09758426461900983
487,487,487,487,487,487,487,487,487,487,487,487,487,487,487,487,487,487,487,1-6900,18,22,1-6900,67,1,0,8,6.464718818664551,0.09648834057708285
93,93,93,93,93,93,93,93,93,93,93,93,93,93,93,93,93,93,93,1-20003,14,21,1-20003,21,2,0,0,2.0,0.09523809523809523
36,36,36,36,36,36,36,36,36,36,36,36,36,36,36,36,36,36,36,1-2714,2,8,1-2714,61,1,0,7,5.781628966331482,0.0947808027267456
467,467,467,467,467,467,467,467,467,467,467,467,467,467,467,467,467,467,467,1-13247,17,6,1-13247,29,0,0,4,2.7323594093322754,0.09421928997697501
458,458,458,458,458,458,458,458,458,458,458,458,458,458,458,458,458,458,458,1-7182,18,22,1-7182,22,0,0,3,2.0492695569992065,0.09314861622723666
321,321,321,321,321,321,321,321,321,321,321,321,321,321,321,321,321,321,321,1-5172,9,24,1-5172,120,0,0,16,10.929437637329102,0.09107864697774251
233,233,233,233,233,233,233,233,233,233,233,233,233,233,233,233,233,233,233,MLG07,13,17,MLG07,90,8,0,0,8.0,0.08888888888888889
497,497,497,497,497,497,497,497,497,497,497,497,497,497,497,497,497,497,497,1-8493,11,1,1-8493,38,2,0,2,3.3661797046661377,0.08858367643858257
104,104,104,104,104,104,104,104,104,104,104,104,104,104,104,104,104,104,104,1-8267,4,13,1-8267,133,6,0,8,11.46471881866455,0.08620089337341767
356,356,356,356,356,356,356,356,356,356,356,356,356,356,356,356,356,356,356,1-9761,21,15,1-9761,35,3,0,0,3.0,0.08571428571428572
213,213,213,213,213,213,213,213,213,213,213,213,213,213,213,213,213,213,213,1-18563,13,17,1-18563,8,0,0,1,0.6830898523330688,0.0853862315416336
186,186,186,186,186,186,186,186,186,186,186,186,186,186,186,186,186,186,186,72-11994,9,24,72-11994,8,0,0,1,0.6830898523330688,0.0853862315416336
226,226,226,226,226,226,226,226,226,226,226,226,226,226,226,226,226,226,226,1-9996,17,10,1-9996,28,1,0,2,2.3661797046661377,0.08450641802379064
468,468,468,468,468,468,468,468,468,468,468,468,468,468,468,468,468,468,468,1-6228,16,12,1-6228,48,2,0,3,4.0492695569992065,0.08435978243748347
528,528,528,528,528,528,528,528,528,528,528,528,528,528,528,528,528,528,528,1-6718,17,10,1-6718,20,1,0,1,1.6830898523330688,0.08415449261665345
207,207,207,207,207,207,207,207,207,207,207,207,207,207,207,207,207,207,207,1-7058,5,14,1-7058,80,4,0,4,6.732359409332275,0.08415449261665345
3,3,3,3,3,3,3,3,3,3,3,3,3,3,3,3,3,3,3,1-8222,3,5,1-8222,12,1,0,0,1.0,0.08333333333333333
56,56,56,56,56,56,56,56,56,56,56,56,56,56,56,56,56,56,56,1-5877,12,12,1-5877,79,1,0,8,6.464718818664551,0.08183188378056393
182,182,182,182,182,182,182,182,182,182,182,182,182,182,182,182,182,182,182,1-7752,8,11,1-7752,29,1,0,2,2.3661797046661377,0.08159240360917716
103,103,103,103,103,103,103,103,103,103,103,103,103,103,103,103,103,103,103,1-8820,19,1,1-8820,83,4,0,4,6.732359409332275,0.08111276396785874
351,351,351,351,351,351,351,351,351,351,351,351,351,351,351,351,351,351,351,1-19229,10,16,1-19229,38,1,0,3,3.0492695569992065,0.08024393571050543
539,539,539,539,539,539,539,539,539,539,539,539,539,539,539,539,539,539,539,1-9436,15,18,1-9436,21,1,0,1,1.6830898523330688,0.08014713582538423
210,210,210,210,210,210,210,210,210,210,210,210,210,210,210,210,210,210,210,1-7842,7,12,1-7842,21,1,0,1,1.6830898523330688,0.08014713582538423
471,471,471,471,471,471,471,471,471,471,471,471,471,471,471,471,471,471,471,1-9794,6,4,1-9794,46,3,0,1,3.683089852333069,0.0800671707028928
188,188,188,188,188,188,188,188,188,188,188,188,188,188,188,188,188,188,188,1-20167,13,17,1-20167,56,1,0,5,4.415449261665344,0.078847308244024
358,358,358,358,358,358,358,358,358,358,358,358,358,358,358,358,358,358,358,1-9831,19,1,1-9831,132,9,0,2,10.366179704666138,0.07853166442928892
69,69,69,69,69,69,69,69,69,69,69,69,69,69,69,69,69,69,69,1-18498,12,12,1-18498,13,1,0,0,1.0,0.07692307692307693
111,111,111,111,111,111,111,111,111,111,111,111,111,111,111,111,111,111,111,1-19897,15,18,1-19897,53,2,0,3,4.0492695569992065,0.07640131239621144
173,173,173,173,173,173,173,173,173,173,173,173,173,173,173,173,173,173,173,1-9588,16,6,1-9588,14,1,0,0,1.0,0.07142857142857142
22,22,22,22,22,22,22,22,22,22,22,22,22,22,22,22,22,22,22,1-7995,1,9,1-7995,14,1,0,0,1.0,0.07142857142857142
431,431,431,431,431,431,431,431,431,431,431,431,431,431,431,431,431,431,431,1-7614,21,15,1-7614,72,1,0,6,5.098539113998413,0.07081304324997796
61,61,61,61,61,61,61,61,61,61,61,61,61,61,61,61,61,61,61,1-7341,5,14,1-7341,110,3,0,7,7.781628966331482,0.07074208151210438
45,45,45,45,45,45,45,45,45,45,45,45,45,45,45,45,45,45,45,1-9444,6,4,1-9444,24,1,0,1,1.6830898523330688,0.0701287438472112
387,387,387,387,387,387,387,387,387,387,387,387,387,387,387,387,387,387,387,1-10539,17,10,1-10539,63,1,0,5,4.415449261665344,0.07008649621691022
64,64,64,64,64,64,64,64,64,64,64,64,64,64,64,64,64,64,64,1-9674,19,1,1-9674,144,8,0,3,10.049269556999207,0.06978659414582783
220,220,220,220,220,220,220,220,220,220,220,220,220,220,220,220,220,220,220,MLG73,6,4,MLG73,10,0,0,1,0.6830898523330688,0.06830898523330689
529,529,529,529,529,529,529,529,529,529,529,529,529,529,529,529,529,529,529,1-6217,19,1,1-6217,44,3,0,0,3.0,0.06818181818181818
163,163,163,163,163,163,163,163,163,163,163,163,163,163,163,163,163,163,163,1-9137,8,11,1-9137,111,4,0,5,7.415449261665344,0.06680584920419229
70,70,70,70,70,70,70,70,70,70,70,70,70,70,70,70,70,70,70,1-2584,17,10,1-2584,36,1,0,2,2.3661797046661377,0.06572721401850383
481,481,481,481,481,481,481,481,481,481,481,481,481,481,481,481,481,481,481,1-10038,22,24,1-10038,76,0,0,7,4.781628966331482,0.06291617060962476
117,117,117,117,117,117,117,117,117,117,117,117,117,117,117,117,117,117,117,1-0358,9,24,1-0358,22,0,0,2,1.3661797046661377,0.06209907748482444
452,452,452,452,452,452,452,452,452,452,452,452,452,452,452,452,452,452,452,1-8529,16,11,1-8529,56,0,0,5,3.4154492616653442,0.060990165386881144
50,50,50,50,50,50,50,50,50,50,50,50,50,50,50,50,50,50,50,1-8174,21,15,1-8174,45,0,0,4,2.7323594093322754,0.060719097985161674
76,76,76,76,76,76,76,76,76,76,76,76,76,76,76,76,76,76,76,1-8541,6,4,1-8541,232,4,0,14,13.563257932662964,0.058462318675271394
113,113,113,113,113,113,113,113,113,113,113,113,113,113,113,113,113,113,113,1-4499,21,15,1-4499,12,0,0,1,0.6830898523330688,0.05692415436108907
460,460,460,460,460,460,460,460,460,460,460,460,460,460,460,460,460,460,460,1-7993,9,24,1-7993,24,0,0,2,1.3661797046661377,0.05692415436108907
17,17,17,17,17,17,17,17,17,17,17,17,17,17,17,17,17,17,17,1-18603,14,21,1-18603,19,1,0,0,1.0,0.05263157894736842
218,218,218,218,218,218,218,218,218,218,218,218,218,218,218,218,218,218,218,1-9416,16,13,1-9416,13,0,0,1,0.6830898523330688,0.05254537325638991
242,242,242,242,242,242,242,242,242,242,242,242,242,242,242,242,242,242,242,1-20791,9,24,1-20791,13,0,0,1,0.6830898523330688,0.05254537325638991
247,247,247,247,247,247,247,247,247,247,247,247,247,247,247,247,247,247,247,1-20467,8,11,1-20467,13,0,0,1,0.6830898523330688,0.05254537325638991
47,47,47,47,47,47,47,47,47,47,47,47,47,47,47,47,47,47,47,1-19547,4,13,1-19547,66,2,0,2,3.3661797046661377,0.051002722797971786
53,53,53,53,53,53,53,53,53,53,53,53,53,53,53,53,53,53,53,1-9850,18,22,1-9850,27,0,0,2,1.3661797046661377,0.050599248320968064
130,130,130,130,130,130,130,130,130,130,130,130,130,130,130,130,130,130,130,1-1833,9,24,1-1833,124,0,0,9,6.14780867099762,0.04957910218546467
19,19,19,19,19,19,19,19,19,19,19,19,19,19,19,19,19,19,19,1-2596,1,9,1-2596,35,1,0,1,1.6830898523330688,0.04808828149523054
532,532,532,532,532,532,532,532,532,532,532,532,532,532,532,532,532,532,532,1-19447,1,9,1-19447,15,0,0,1,0.6830898523330688,0.045539323488871256
409,409,409,409,409,409,409,409,409,409,409,409,409,409,409,409,409,409,409,1-9645,3,5,1-9645,69,3,0,0,3.0,0.043478260869565216
334,334,334,334,334,334,334,334,334,334,334,334,334,334,334,334,334,334,334,1-20641,4,24,1-20641,16,0,0,1,0.6830898523330688,0.0426931157708168
66,66,66,66,66,66,66,66,66,66,66,66,66,66,66,66,66,66,66,1-7536,18,4,1-7536,17,0,0,1,0.6830898523330688,0.040181756019592285
26,26,26,26,26,26,26,26,26,26,26,26,26,26,26,26,26,26,26,1-9907,1,9,1-9907,17,0,0,1,0.6830898523330688,0.040181756019592285
491,491,491,491,491,491,491,491,491,491,491,491,491,491,491,491,491,491,491,MLG09,2,8,MLG09,125,0,0,7,4.781628966331482,0.03825303173065186
134,134,134,134,134,134,134,134,134,134,134,134,134,134,134,134,134,134,134,1-9465,6,4,1-9465,18,0,0,1,0.6830898523330688,0.037949436240726046
34,34,34,34,34,34,34,34,34,34,34,34,34,34,34,34,34,34,34,1-6642,16,6,1-6642,36,0,0,2,1.3661797046661377,0.037949436240726046
454,454,454,454,454,454,454,454,454,454,454,454,454,454,454,454,454,454,454,1-0272,9,24,1-0272,111,0,0,6,4.098539113998413,0.0369237758017875
143,143,143,143,143,143,143,143,143,143,143,143,143,143,143,143,143,143,143,1-8928,10,7,1-8928,39,0,0,2,1.3661797046661377,0.03503024883759327
470,470,470,470,470,470,470,470,470,470,470,470,470,470,470,470,470,470,470,1-1204,9,24,1-1204,39,0,0,2,1.3661797046661377,0.03503024883759327
78,78,78,78,78,78,78,78,78,78,78,78,78,78,78,78,78,78,78,1-4088,15,18,1-4088,30,1,0,0,1.0,0.03333333333333333
355,355,355,355,355,355,355,355,355,355,355,355,355,355,355,355,355,355,355,1-9498,9,24,1-9498,64,0,0,3,2.0492695569992065,0.0320198368281126
126,126,126,126,126,126,126,126,126,126,126,126,126,126,126,126,126,126,126,1-8488,18,22,1-8488,23,0,0,1,0.6830898523330688,0.02969955879708995
195,195,195,195,195,195,195,195,195,195,195,195,195,195,195,195,195,195,195,1-2670,15,18,1-2670,104,1,0,3,3.0492695569992065,0.02931989958653083
7,7,7,7,7,7,7,7,7,7,7,7,7,7,7,7,7,7,7,1-8767,9,24,1-8767,48,0,0,2,1.3661797046661377,0.028462077180544536
38,38,38,38,38,38,38,38,38,38,38,38,38,38,38,38,38,38,38,1-2104,5,14,1-2104,36,1,0,0,1.0,0.027777777777777776
453,453,453,453,453,453,453,453,453,453,453,453,453,453,453,453,453,453,453,1-8397,9,24,1-8397,51,0,0,2,1.3661797046661377,0.026787837346394856
41,41,41,41,41,41,41,41,41,41,41,41,41,41,41,41,41,41,41,1-7509,14,21,1-7509,40,1,0,0,1.0,0.025
209,209,209,209,209,209,209,209,209,209,209,209,209,209,209,209,209,209,209,1-9938,19,1,1-9938,55,0,0,2,1.3661797046661377,0.024839630993929777
52,52,52,52,52,52,52,52,52,52,52,52,52,52,52,52,52,52,52,72-12387,7,2,72-12387,71,1,0,1,1.6830898523330688,0.023705490877930547
374,374,374,374,374,374,374,374,374,374,374,374,374,374,374,374,374,374,374,1-6919,10,13,1-6919,43,1,0,0,1.0,0.023255813953488372
48,48,48,48,48,48,48,48,48,48,48,48,48,48,48,48,48,48,48,1-0405,13,18,1-0405,64,0,0,2,1.3661797046661377,0.0213465578854084
67,67,67,67,67,67,67,67,67,67,67,67,67,67,67,67,67,67,67,1-7481,9,24,1-7481,33,0,0,1,0.6830898523330688,0.02069969249494148
507,507,507,507,507,507,507,507,507,507,507,507,507,507,507,507,507,507,507,1-6909,9,24,1-6909,36,0,0,1,0.6830898523330688,0.018974718120363023
413,413,413,413,413,413,413,413,413,413,413,413,413,413,413,413,413,413,413,1-8314,9,24,1-8314,36,0,0,1,0.6830898523330688,0.018974718120363023
373,373,373,373,373,373,373,373,373,373,373,373,373,373,373,373,373,373,373,1-6918,9,24,1-6918,43,0,0,1,0.6830898523330688,0.015885810519373694
0,0,0,0,0,0,0,0,0,0,0,0,0,0,0,0,0,0,0,72-0103,21,15,72-0103,71,1,0,0,1.0,0.014084507042253521
40,40,40,40,40,40,40,40,40,40,40,40,40,40,40,40,40,40,40,1-7722,6,4,1-7722,60,0,0,1,0.6830898523330688,0.011384830872217814
196,196,196,196,196,196,196,196,196,196,196,196,196,196,196,196,196,196,196,1-9646,16,6,1-9646,105,1,0,0,1.0,0.009523809523809525
6,6,6,6,6,6,6,6,6,6,6,6,6,6,6,6,6,6,6,1-8021,12,12,1-8021,58,0,0,0,0.0,0.0
530,530,530,530,530,530,530,530,530,530,530,530,530,530,530,530,530,530,530,1-4847,3,5,1-4847,2,0,0,0,0.0,0.0
147,147,147,147,147,147,147,147,147,147,147,147,147,147,147,147,147,147,147,1-17657,12,1,1-17657,8,0,0,0,0.0,0.0
541,541,541,541,541,541,541,541,541,541,541,541,541,541,541,541,541,541,541,1-5424,7,2,1-5424,5,0,0,0,0.0,0.0
496,496,496,496,496,496,496,496,496,496,496,496,496,496,496,496,496,496,496,1-3176,3,5,1-3176,3,0,0,0,0.0,0.0
18,18,18,18,18,18,18,18,18,18,18,18,18,18,18,18,18,18,18,1-3521,16,6,1-3521,22,0,0,0,0.0,0.0
538,538,538,538,538,538,538,538,538,538,538,538,538,538,538,538,538,538,538,1-9576,2,13,1-9576,10,0,0,0,0.0,0.0
297,297,297,297,297,297,297,297,297,297,297,297,297,297,297,297,297,297,297,1-8352,13,17,1-8352,1,0,0,0,0.0,0.0
115,115,115,115,115,115,115,115,115,115,115,115,115,115,115,115,115,115,115,1-3178,4,13,1-3178,6,0,0,0,0.0,0.0
504,504,504,504,504,504,504,504,504,504,504,504,504,504,504,504,504,504,504,1-5425,19,1,1-5425,17,0,0,0,0.0,0.0
75,75,75,75,75,75,75,75,75,75,75,75,75,75,75,75,75,75,75,1-8401,20,20,1-8401,57,0,0,0,0.0,0.0
561,561,561,561,561,561,561,561,561,561,561,561,561,561,561,561,561,561,561,1-9455,13,1,1-9455,2,0,0,0,0.0,0.0
158,158,158,158,158,158,158,158,158,158,158,158,158,158,158,158,158,158,158,1-7599,8,11,1-7599,3,0,0,0,0.0,0.0
230,230,230,230,230,230,230,230,230,230,230,230,230,230,230,230,230,230,230,1-3089,21,15,1-3089,16,0,0,0,0.0,0.0
551,551,551,551,551,551,551,551,551,551,551,551,551,551,551,551,551,551,551,1-9838,1,9,1-9838,3,0,0,0,0.0,0.0
341,341,341,341,341,341,341,341,341,341,341,341,341,341,341,341,341,341,341,1-0031,7,2,1-0031,13,0,0,0,0.0,0.0
502,502,502,502,502,502,502,502,502,502,502,502,502,502,502,502,502,502,502,1-20012,6,4,1-20012,12,0,0,0,0.0,0.0
97,97,97,97,97,97,97,97,97,97,97,97,97,97,97,97,97,97,97,1-9237,3,5,1-9237,38,0,0,0,0.0,0.0
546,546,546,546,546,546,546,546,546,546,546,546,546,546,546,546,546,546,546,1-7527,12,12,1-7527,1,0,0,0,0.0,0.0
28,28,28,28,28,28,28,28,28,28,28,28,28,28,28,28,28,28,28,1-10071,3,5,1-10071,30,0,0,0,0.0,0.0
325,325,325,325,325,325,325,325,325,325,325,325,325,325,325,325,325,325,325,1-19924,4,13,1-19924,1,0,0,0,0.0,0.0
110,110,110,110,110,110,110,110,110,110,110,110,110,110,110,110,110,110,110,72-18936,14,21,72-18936,20,0,0,0,0.0,0.0
307,307,307,307,307,307,307,307,307,307,307,307,307,307,307,307,307,307,307,1-5530,11,13,1-5530,7,0,0,0,0.0,0.0
194,194,194,194,194,194,194,194,194,194,194,194,194,194,194,194,194,194,194,1-9253,14,21,1-9253,24,0,0,0,0.0,0.0
372,372,372,372,372,372,372,372,372,372,372,372,372,372,372,372,372,372,372,1-6916,15,17,1-6916,43,0,0,0,0.0,0.0
146,146,146,146,146,146,146,146,146,146,146,146,146,146,146,146,146,146,146,1-7453,1,9,1-7453,13,0,0,0,0.0,0.0
252,252,252,252,252,252,252,252,252,252,252,252,252,252,252,252,252,252,252,1-21195,14,21,1-21195,1,0,0,0,0.0,0.0
249,249,249,249,249,249,249,249,249,249,249,249,249,249,249,249,249,249,249,1-6931,12,12,1-6931,1,0,0,0,0.0,0.0
63,63,63,63,63,63,63,63,63,63,63,63,63,63,63,63,63,63,63,1-7066,4,24,1-7066,23,0,0,0,0.0,0.0
107,107,107,107,107,107,107,107,107,107,107,107,107,107,107,107,107,107,107,1-6971,1,9,1-6971,10,0,0,0,0.0,0.0
565,565,565,565,565,565,565,565,565,565,565,565,565,565,565,565,565,565,565,1-19927,9,24,1-19927,1,0,0,0,0.0,0.0
535,535,535,535,535,535,535,535,535,535,535,535,535,535,535,535,535,535,535,1-5990,8,11,1-5990,5,0,0,0,0.0,0.0
503,503,503,503,503,503,503,503,503,503,503,503,503,503,503,503,503,503,503,1-9076,1,21,1-9076,9,0,0,0,0.0,0.0
15,15,15,15,15,15,15,15,15,15,15,15,15,15,15,15,15,15,15,1-8093,3,1,1-8093,4,0,0,0,0.0,0.0
280,280,280,280,280,280,280,280,280,280,280,280,280,280,280,280,280,280,280,1-7608,7,2,1-7608,4,0,0,0,0.0,0.0
181,181,181,181,181,181,181,181,181,181,181,181,181,181,181,181,181,181,181,1-8641,1,9,1-8641,30,0,0,0,0.0,0.0
29,29,29,29,29,29,29,29,29,29,29,29,29,29,29,29,29,29,29,1-18735,10,1,1-18735,27,0,0,0,0.0,0.0
112,112,112,112,112,112,112,112,112,112,112,112,112,112,112,112,112,112,112,1-10698,5,14,1-10698,6,0,0,0,0.0,0.0
317,317,317,317,317,317,317,317,317,317,317,317,317,317,317,317,317,317,317,1-10978,10,16,1-10978,1,0,0,0,0.0,0.0
514,514,514,514,514,514,514,514,514,514,514,514,514,514,514,514,514,514,514,1-11206,3,24,1-11206,14,0,0,0,0.0,0.0
178,178,178,178,178,178,178,178,178,178,178,178,178,178,178,178,178,178,178,1-7525,12,12,1-7525,6,0,0,0,0.0,0.0
20,20,20,20,20,20,20,20,20,20,20,20,20,20,20,20,20,20,20,1-5167,5,14,1-5167,24,0,0,0,0.0,0.0
416,416,416,416,416,416,416,416,416,416,416,416,416,416,416,416,416,416,416,1-18203,9,24,1-18203,29,0,0,0,0.0,0.0
135,135,135,135,135,135,135,135,135,135,135,135,135,135,135,135,135,135,135,1-9712,7,2,1-9712,10,0,0,0,0.0,0.0
9,9,9,9,9,9,9,9,9,9,9,9,9,9,9,9,9,9,9,1-8020,8,11,1-8020,56,0,0,0,0.0,0.0
60,60,60,60,60,60,60,60,60,60,60,60,60,60,60,60,60,60,60,1-18202,7,1,1-18202,23,0,0,0,0.0,0.0
212,212,212,212,212,212,212,212,212,212,212,212,212,212,212,212,212,212,212,1-10922,8,11,1-10922,1,0,0,0,0.0,0.0
62,62,62,62,62,62,62,62,62,62,62,62,62,62,62,62,62,62,62,1-9818,9,24,1-9818,28,0,0,0,0.0,0.0
177,177,177,177,177,177,177,177,177,177,177,177,177,177,177,177,177,177,177,1-10948,7,2,1-10948,2,0,0,0,0.0,0.0
90,90,90,90,90,90,90,90,90,90,90,90,90,90,90,90,90,90,90,1-19222,13,17,1-19222,15,0,0,0,0.0,0.0
508,508,508,508,508,508,508,508,508,508,508,508,508,508,508,508,508,508,508,1-8532,1,9,1-8532,4,0,0,0,0.0,0.0
229,229,229,229,229,229,229,229,229,229,229,229,229,229,229,229,229,229,229,1-4361,2,8,1-4361,10,0,0,0,0.0,0.0
284,284,284,284,284,284,284,284,284,284,284,284,284,284,284,284,284,284,284,1-4136,10,1,1-4136,5,0,0,0,0.0,0.0
550,550,550,550,550,550,550,550,550,550,550,550,550,550,550,550,550,550,550,1-19568,7,4,1-19568,2,0,0,0,0.0,0.0
21,21,21,21,21,21,21,21,21,21,21,21,21,21,21,21,21,21,21,1-3519,13,17,1-3519,27,0,0,0,0.0,0.0
23,23,23,23,23,23,23,23,23,23,23,23,23,23,23,23,23,23,23,1-2025,10,16,1-2025,41,0,0,0,0.0,0.0
25,25,25,25,25,25,25,25,25,25,25,25,25,25,25,25,25,25,25,1-9607,19,1,1-9607,19,0,0,0,0.0,0.0
32,32,32,32,32,32,32,32,32,32,32,32,32,32,32,32,32,32,32,1-0022,9,24,1-0022,18,0,0,0,0.0,0.0
120,120,120,120,120,120,120,120,120,120,120,120,120,120,120,120,120,120,120,1-10232,6,4,1-10232,5,0,0,0,0.0,0.0
262,262,262,262,262,262,262,262,262,262,262,262,262,262,262,262,262,262,262,1-8623,8,11,1-8623,5,0,0,0,0.0,0.0
512,512,512,512,512,512,512,512,512,512,512,512,512,512,512,512,512,512,512,1-3033,7,24,1-3033,7,0,0,0,0.0,0.0
155,155,155,155,155,155,155,155,155,155,155,155,155,155,155,155,155,155,155,1-9447,16,6,1-9447,7,0,0,0,0.0,0.0
175,175,175,175,175,175,175,175,175,175,175,175,175,175,175,175,175,175,175,1-4910,13,17,1-4910,4,0,0,0,0.0,0.0
287,287,287,287,287,287,287,287,287,287,287,287,287,287,287,287,287,287,287,1-9836,2,4,1-9836,5,0,0,0,0.0,0.0
49,49,49,49,49,49,49,49,49,49,49,49,49,49,49,49,49,49,49,1-2178,7,2,1-2178,12,0,0,0,0.0,0.0
277,277,277,277,277,277,277,277,277,277,277,277,277,277,277,277,277,277,277,1-4051,11,16,1-4051,5,0,0,0,0.0,0.0
564,564,564,564,564,564,564,564,564,564,564,564,564,564,564,564,564,564,564,1-9034,14,21,1-9034,3,0,0,0,0.0,0.0
323,323,323,323,323,323,323,323,323,323,323,323,323,323,323,323,323,323,323,1-3647,6,4,1-3647,5,0,0,0,0.0,0.0
77,77,77,77,77,77,77,77,77,77,77,77,77,77,77,77,77,77,77,1-2153,2,8,1-2153,13,0,0,0,0.0,0.0
556,556,556,556,556,556,556,556,556,556,556,556,556,556,556,556,556,556,556,1-10951,4,6,1-10951,1,0,0,0,0.0,0.0
525,525,525,525,525,525,525,525,525,525,525,525,525,525,525,525,525,525,525,1-3175,1,16,1-3175,6,0,0,0,0.0,0.0
274,274,274,274,274,274,274,274,274,274,274,274,274,274,274,274,274,274,274,1-0033,9,24,1-0033,10,0,0,0,0.0,0.0
563,563,563,563,563,563,563,563,563,563,563,563,563,563,563,563,563,563,563,1-21192,5,14,1-21192,4,0,0,0,0.0,0.0
211,211,211,211,211,211,211,211,211,211,211,211,211,211,211,211,211,211,211,1-5406,2,8,1-5406,10,0,0,0,0.0,0.0
82,82,82,82,82,82,82,82,82,82,82,82,82,82,82,82,82,82,82,1-17645,11,7,1-17645,9,0,0,0,0.0,0.0
84,84,84,84,84,84,84,84,84,84,84,84,84,84,84,84,84,84,84,1-18714,19,1,1-18714,32,0,0,0,0.0,0.0
127,127,127,127,127,127,127,127,127,127,127,127,127,127,127,127,127,127,127,1-9643,6,4,1-9643,8,0,0,0,0.0,0.0
16,16,16,16,16,16,16,16,16,16,16,16,16,16,16,16,16,16,16,1-9955,21,15,1-9955,60,0,0,0,0.0,0.0
