Unnamed: 0.24,Unnamed: 0.23,Unnamed: 0.22,Unnamed: 0.21,Unnamed: 0.20,Unnamed: 0.19,Unnamed: 0.18,Unnamed: 0.17,Unnamed: 0.16,Unnamed: 0.15,Unnamed: 0.14,Unnamed: 0.13,Unnamed: 0,Unnamed: 0.1,Unnamed: 0.12,Unnamed: 0.11,Unnamed: 0.10,Unnamed: 0.9,Unnamed: 0.8,Unnamed: 0.7,Unnamed: 0.6,Unnamed: 0.5,Unnamed: 0.4,Unnamed: 0.3,Unnamed: 0.2,Unnamed: 0.1.1,Unnamed: 0.1.1.1,Exam Group,Exam Block,slot,exam,size,b2bs,confs,2i3s,score,score_norm
191,191,191,191,191,191,191,191,191,191,191,191,191,191,191,191,191,191,191,191,191,191,191,191,191,191,191,MLG44,21,1,MLG44,59,10,1,1,1010.9671926498413,17.135037163556632
168,168,168,168,168,168,168,168,168,168,168,168,168,168,168,168,168,168,168,168,168,168,168,168,168,168,168,MLG45,7,16,MLG45,70,11,1,26,1036.147008895874,14.802100127083914
84,84,84,84,84,84,84,84,84,84,84,84,84,84,84,84,84,84,84,84,84,84,84,84,84,84,84,1-2382,21,1,1-2382,139,7,1,16,1022.4750823974609,7.35593584458605
6,6,6,6,6,6,6,6,6,6,6,6,6,6,6,6,6,6,6,6,6,6,6,6,6,6,6,MLG54,7,16,MLG54,595,25,1,93,1114.9489164352417,1.8738637251012467
267,267,267,267,267,267,267,267,267,267,267,267,267,267,267,267,267,267,267,267,267,267,267,267,267,267,267,1-5413,18,7,1-5413,39,18,0,17,34.442275047302246,0.8831352576231345
368,368,368,368,368,368,368,368,368,368,368,368,368,368,368,368,368,368,368,368,368,368,368,368,368,368,368,1-6858,11,5,1-6858,23,10,0,9,18.704733848571777,0.8132492977639904
40,40,40,40,40,40,40,40,40,40,40,40,40,40,40,40,40,40,40,40,40,40,40,40,40,40,40,1-7807,5,14,1-7807,239,138,0,41,177.65489864349365,0.7433259357468354
128,128,128,128,128,128,128,128,128,128,128,128,128,128,128,128,128,128,128,128,128,128,128,128,128,128,128,1-7897,20,20,1-7897,95,4,0,61,62.998751640319824,0.6631447541086297
54,54,54,54,54,54,54,54,54,54,54,54,54,54,54,54,54,54,54,54,54,54,54,54,54,54,54,1-1350,18,3,1-1350,195,27,0,91,115.01453113555908,0.5898181083874825
64,64,64,64,64,64,64,64,64,64,64,64,64,64,64,64,64,64,64,64,64,64,64,64,64,64,64,MLG29,6,15,MLG29,164,34,0,64,95.90032958984375,0.5847581072551448
228,228,228,228,228,228,228,228,228,228,228,228,228,228,228,228,228,228,228,228,228,228,228,228,228,228,228,MLG60,4,12,MLG60,47,6,0,22,27.27823829650879,0.5803880488618891
78,78,78,78,78,78,78,78,78,78,78,78,78,78,78,78,78,78,78,78,78,78,78,78,78,78,78,1-1570,18,3,1-1570,142,24,0,60,82.03155899047852,0.5776870351442149
217,217,217,217,217,217,217,217,217,217,217,217,217,217,217,217,217,217,217,217,217,217,217,217,217,217,217,1-9770,15,9,1-9770,50,24,0,5,28.835963249206543,0.5767192649841308
208,208,208,208,208,208,208,208,208,208,208,208,208,208,208,208,208,208,208,208,208,208,208,208,208,208,208,1-5355,18,3,1-5355,53,5,0,26,30.147008895874023,0.5688114886013966
49,49,49,49,49,49,49,49,49,49,49,49,49,49,49,49,49,49,49,49,49,49,49,49,49,49,49,1-6974,7,16,1-6974,207,62,0,56,116.16278839111328,0.561172890778325
75,75,75,75,75,75,75,75,75,75,75,75,75,75,75,75,75,75,75,75,75,75,75,75,75,75,75,1-2545,4,12,1-2545,145,29,0,54,81.22840309143066,0.560195883389177
109,109,109,109,109,109,109,109,109,109,109,109,109,109,109,109,109,109,109,109,109,109,109,109,109,109,109,1-7441,1,10,1-7441,111,3,0,61,61.998751640319824,0.5585473120749533
81,81,81,81,81,81,81,81,81,81,81,81,81,81,81,81,81,81,81,81,81,81,81,81,81,81,81,1-7682,18,3,1-7682,141,37,0,39,74.72051334381104,0.5299327187504329
129,129,129,129,129,129,129,129,129,129,129,129,129,129,129,129,129,129,129,129,129,129,129,129,129,129,129,1-4531,14,8,1-4531,94,13,0,38,49.75332069396973,0.529290645680529
46,46,46,46,46,46,46,46,46,46,46,46,46,46,46,46,46,46,46,46,46,46,46,46,46,46,46,1-2282,13,7,1-2282,219,64,0,53,115.26121044158936,0.5263068969935587
176,176,176,176,176,176,176,176,176,176,176,176,176,176,176,176,176,176,176,176,176,176,176,176,176,176,176,1-6561,18,3,1-6561,65,12,0,22,33.27823829650879,0.511972896869366
101,101,101,101,101,101,101,101,101,101,101,101,101,101,101,101,101,101,101,101,101,101,101,101,101,101,101,1-18371,20,20,1-18371,120,11,0,52,61.29401779174805,0.5107834815979004
145,145,145,145,145,145,145,145,145,145,145,145,145,145,145,145,145,145,145,145,145,145,145,145,145,145,145,1-9491,18,3,1-9491,80,16,0,25,40.179816246032715,0.5022477030754089
166,166,166,166,166,166,166,166,166,166,166,166,166,166,166,166,166,166,166,166,166,166,166,166,166,166,166,MLG58,12,6,MLG58,71,16,0,20,35.34385299682617,0.49780074643417144
1,1,1,1,1,1,1,1,1,1,1,1,1,1,1,1,1,1,1,1,1,1,1,1,1,1,1,1-9227,14,8,1-9227,801,90,0,319,398.53445529937744,0.49754613645365475
331,331,331,331,331,331,331,331,331,331,331,331,331,331,331,331,331,331,331,331,331,331,331,331,331,331,331,1-5981,3,12,1-5981,28,7,0,7,13.77034854888916,0.49179816246032715
215,215,215,215,215,215,215,215,215,215,215,215,215,215,215,215,215,215,215,215,215,215,215,215,215,215,215,MLG40,15,9,MLG40,51,17,0,8,24.73754119873047,0.4850498274260876
148,148,148,148,148,148,148,148,148,148,148,148,148,148,148,148,148,148,148,148,148,148,148,148,148,148,148,1-0278,18,3,1-0278,79,12,0,27,38.11420154571533,0.48245824741411814
7,7,7,7,7,7,7,7,7,7,7,7,7,7,7,7,7,7,7,7,7,7,7,7,7,7,7,MLG69,3,13,MLG69,576,98,0,182,274.02906227111816,0.4757448997762468
45,45,45,45,45,45,45,45,45,45,45,45,45,45,45,45,45,45,45,45,45,45,45,45,45,45,45,1-3596,3,13,1-3596,223,57,0,50,105.35963249206543,0.4724647196953607
358,358,358,358,358,358,358,358,358,358,358,358,358,358,358,358,358,358,358,358,358,358,358,358,358,358,358,1-8627,5,14,1-8627,25,6,0,6,11.803155899047852,0.47212623596191405
281,281,281,281,281,281,281,281,281,281,281,281,281,281,281,281,281,281,281,281,281,281,281,281,281,281,281,1-3312,11,5,1-3312,36,6,0,11,16.639119148254395,0.46219775411817765
57,57,57,57,57,57,57,57,57,57,57,57,57,57,57,57,57,57,57,57,57,57,57,57,57,57,57,MLG75,4,12,MLG75,185,40,0,47,85.4580545425415,0.4619354299596838
156,156,156,156,156,156,156,156,156,156,156,156,156,156,156,156,156,156,156,156,156,156,156,156,156,156,156,1-2294,8,17,1-2294,75,22,0,13,34.57350444793701,0.4609800593058268
126,126,126,126,126,126,126,126,126,126,126,126,126,126,126,126,126,126,126,126,126,126,126,126,126,126,126,1-6693,6,15,1-6693,98,19,0,26,44.14700889587402,0.45047968261095944
43,43,43,43,43,43,43,43,43,43,43,43,43,43,43,43,43,43,43,43,43,43,43,43,43,43,43,MLG14,12,6,MLG14,232,55,0,49,102.39243984222412,0.4413467234578626
143,143,143,143,143,143,143,143,143,143,143,143,143,143,143,143,143,143,143,143,143,143,143,143,143,143,143,1-9286,16,4,1-9286,81,22,0,14,35.54069709777832,0.43877403824417677
37,37,37,37,37,37,37,37,37,37,37,37,37,37,37,37,37,37,37,37,37,37,37,37,37,37,37,1-5775,12,6,1-5775,244,47,0,61,105.99875164031982,0.43442111327999927
123,123,123,123,123,123,123,123,123,123,123,123,123,123,123,123,123,123,123,123,123,123,123,123,123,123,123,1-11350,3,13,1-11350,100,18,0,26,43.14700889587402,0.4314700889587402
125,125,125,125,125,125,125,125,125,125,125,125,125,125,125,125,125,125,125,125,125,125,125,125,125,125,125,1-1390,7,16,1-1390,98,19,0,23,41.2454309463501,0.4208717443505112
130,130,130,130,130,130,130,130,130,130,130,130,130,130,130,130,130,130,130,130,130,130,130,130,130,130,130,1-3139,14,8,1-3139,93,8,0,32,38.950164794921875,0.4188189762894825
268,268,268,268,268,268,268,268,268,268,268,268,268,268,268,268,268,268,268,268,268,268,268,268,268,268,268,1-8493,12,6,1-8493,38,9,0,7,15.77034854888916,0.41500917233918844
272,272,272,272,272,272,272,272,272,272,272,272,272,272,272,272,272,272,272,272,272,272,272,272,272,272,272,1-19229,15,3,1-19229,38,8,0,8,15.737541198730469,0.41414582101922287
404,404,404,404,404,404,404,404,404,404,404,404,404,404,404,404,404,404,404,404,404,404,404,404,404,404,404,1-20578,11,5,1-20578,19,4,0,4,7.868770599365234,0.41414582101922287
300,300,300,300,300,300,300,300,300,300,300,300,300,300,300,300,300,300,300,300,300,300,300,300,300,300,300,1-18709,6,15,1-18709,33,3,0,11,13.639119148254395,0.4133066408561938
269,269,269,269,269,269,269,269,269,269,269,269,269,269,269,269,269,269,269,269,269,269,269,269,269,269,269,1-8551,14,8,1-8551,38,3,0,13,15.573504447937012,0.40982906441939504
326,326,326,326,326,326,326,326,326,326,326,326,326,326,326,326,326,326,326,326,326,326,326,326,326,326,326,1-0027,21,1,1-0027,29,7,0,5,11.835963249206543,0.40813666376574287
105,105,105,105,105,105,105,105,105,105,105,105,105,105,105,105,105,105,105,105,105,105,105,105,105,105,105,1-7042,14,8,1-7042,117,3,0,46,47.490861892700195,0.40590480250171107
381,381,381,381,381,381,381,381,381,381,381,381,381,381,381,381,381,381,381,381,381,381,381,381,381,381,381,1-9752,21,1,1-9752,22,6,0,3,8.901577949523926,0.4046171795238148
385,385,385,385,385,385,385,385,385,385,385,385,385,385,385,385,385,385,385,385,385,385,385,385,385,385,385,1-18615,16,9,1-18615,22,6,0,3,8.901577949523926,0.4046171795238148
51,51,51,51,51,51,51,51,51,51,51,51,51,51,51,51,51,51,51,51,51,51,51,51,51,51,51,MLG65,3,13,MLG65,201,28,0,55,81.19559574127197,0.40395818776752224
327,327,327,327,327,327,327,327,327,327,327,327,327,327,327,327,327,327,327,327,327,327,327,327,327,327,327,1-8988,12,6,1-8988,29,3,0,9,11.704733848571777,0.40361151201971646
80,80,80,80,80,80,80,80,80,80,80,80,80,80,80,80,80,80,80,80,80,80,80,80,80,80,80,1-0053,6,15,1-0053,142,29,0,29,57.04858684539795,0.4017506115873095
231,231,231,231,231,231,231,231,231,231,231,231,231,231,231,231,231,231,231,231,231,231,231,231,231,231,231,1-7991,1,10,1-7991,46,2,0,17,18.442275047302246,0.4009190227674401
534,534,534,534,534,534,534,534,534,534,534,534,534,534,534,534,534,534,534,534,534,534,534,534,534,534,534,1-8379,21,1,1-8379,5,2,0,0,2.0,0.4
380,380,380,380,380,380,380,380,380,380,380,380,380,380,380,380,380,380,380,380,380,380,380,380,380,380,380,1-9722,18,3,1-9722,22,2,0,7,8.77034854888916,0.3986522067676891
155,155,155,155,155,155,155,155,155,155,155,155,155,155,155,155,155,155,155,155,155,155,155,155,155,155,155,1-8157,1,12,1-8157,75,24,0,6,29.80315589904785,0.3973754119873047
354,354,354,354,354,354,354,354,354,354,354,354,354,354,354,354,354,354,354,354,354,354,354,354,354,354,354,1-7530,2,11,1-7530,25,7,0,3,9.901577949523926,0.39606311798095706
263,263,263,263,263,263,263,263,263,263,263,263,263,263,263,263,263,263,263,263,263,263,263,263,263,263,263,1-6061,6,15,1-6061,40,11,0,5,15.835963249206543,0.3958990812301636
183,183,183,183,183,183,183,183,183,183,183,183,183,183,183,183,183,183,183,183,183,183,183,183,183,183,183,1-19915,3,13,1-19915,62,11,0,14,24.54069709777832,0.3958176951254568
182,182,182,182,182,182,182,182,182,182,182,182,182,182,182,182,182,182,182,182,182,182,182,182,182,182,182,1-6647,20,20,1-6647,62,10,0,15,24.50788974761963,0.3952885443164456
238,238,238,238,238,238,238,238,238,238,238,238,238,238,238,238,238,238,238,238,238,238,238,238,238,238,238,1-4390,14,8,1-4390,45,11,0,7,17.77034854888916,0.39489663441975914
529,529,529,529,529,529,529,529,529,529,529,529,529,529,529,529,529,529,529,529,529,529,529,529,529,529,529,1-5424,21,1,1-5424,5,1,0,1,1.9671926498413086,0.39343852996826173
488,488,488,488,488,488,488,488,488,488,488,488,488,488,488,488,488,488,488,488,488,488,488,488,488,488,488,1-9576,4,12,1-9576,10,1,0,3,3.901577949523926,0.39015779495239256
299,299,299,299,299,299,299,299,299,299,299,299,299,299,299,299,299,299,299,299,299,299,299,299,299,299,299,MLG31,13,7,MLG31,33,9,0,4,12.868770599365234,0.3899627454353101
103,103,103,103,103,103,103,103,103,103,103,103,103,103,103,103,103,103,103,103,103,103,103,103,103,103,103,1-3362,5,14,1-3362,117,29,0,17,45.442275047302246,0.38839551322480553
38,38,38,38,38,38,38,38,38,38,38,38,38,38,38,38,38,38,38,38,38,38,38,38,38,38,38,1-4649,13,7,1-4649,244,22,0,75,94.53944873809814,0.38745675712335303
24,24,24,24,24,24,24,24,24,24,24,24,24,24,24,24,24,24,24,24,24,24,24,24,24,24,24,1-3535,2,11,1-3535,315,42,0,82,121.3097972869873,0.3851104675777375
30,30,30,30,30,30,30,30,30,30,30,30,30,30,30,30,30,30,30,30,30,30,30,30,30,30,30,1-10785,1,10,1-10785,279,23,0,87,107.14576053619385,0.3840349840006948
236,236,236,236,236,236,236,236,236,236,236,236,236,236,236,236,236,236,236,236,236,236,236,236,236,236,236,1-9794,20,20,1-9794,46,7,0,11,17.639119148254395,0.3834591119185738
161,161,161,161,161,161,161,161,161,161,161,161,161,161,161,161,161,161,161,161,161,161,161,161,161,161,161,1-8285,16,4,1-8285,72,16,0,12,27.606311798095703,0.38342099719577366
35,35,35,35,35,35,35,35,35,35,35,35,35,35,35,35,35,35,35,35,35,35,35,35,35,35,35,1-7496,5,14,1-7496,246,44,0,52,94.29401779174805,0.38330901541360995
48,48,48,48,48,48,48,48,48,48,48,48,48,48,48,48,48,48,48,48,48,48,48,48,48,48,48,MLG30,9,18,MLG30,208,22,0,59,79.0643663406372,0.38011714586844814
0,0,0,0,0,0,0,0,0,0,0,0,0,0,0,0,0,0,0,0,0,0,0,0,0,0,0,1-6098,6,15,1-6098,1327,192,0,323,504.4032258987427,0.3801079321015393
308,308,308,308,308,308,308,308,308,308,308,308,308,308,308,308,308,308,308,308,308,308,308,308,308,308,308,1-4700,18,3,1-4700,31,4,0,8,11.737541198730469,0.37863036124936994
466,466,466,466,466,466,466,466,466,466,466,466,466,466,466,466,466,466,466,466,466,466,466,466,466,466,466,1-9416,16,4,1-9416,13,2,0,3,4.901577949523926,0.3770444576556866
76,76,76,76,76,76,76,76,76,76,76,76,76,76,76,76,76,76,76,76,76,76,76,76,76,76,76,1-2335,20,20,1-2335,145,14,0,42,54.62209129333496,0.3767040778850687
22,22,22,22,22,22,22,22,22,22,22,22,22,22,22,22,22,22,22,22,22,22,22,22,22,22,22,MLG50,12,6,MLG50,319,54,0,68,119.76910018920898,0.37545172473106264
239,239,239,239,239,239,239,239,239,239,239,239,239,239,239,239,239,239,239,239,239,239,239,239,239,239,239,1-5002,6,15,1-5002,45,12,0,5,16.835963249206543,0.3741325166490343
295,295,295,295,295,295,295,295,295,295,295,295,295,295,295,295,295,295,295,295,295,295,295,295,295,295,295,1-1942,14,7,1-1942,34,4,0,9,12.704733848571777,0.3736686426050523
142,142,142,142,142,142,142,142,142,142,142,142,142,142,142,142,142,142,142,142,142,142,142,142,142,142,142,1-8084,6,15,1-8084,82,16,0,15,30.50788974761963,0.37204743594658085
440,440,440,440,440,440,440,440,440,440,440,440,440,440,440,440,440,440,440,440,440,440,440,440,440,440,440,1-2034,6,15,1-2034,16,3,0,3,5.901577949523926,0.36884862184524536
244,244,244,244,244,244,244,244,244,244,244,244,244,244,244,244,244,244,244,244,244,244,244,244,244,244,244,1-19448,4,12,1-19448,45,4,0,13,16.57350444793701,0.3683000988430447
31,31,31,31,31,31,31,31,31,31,31,31,31,31,31,31,31,31,31,31,31,31,31,31,31,31,31,1-9156,15,9,1-9156,268,72,0,27,98.11420154571533,0.3660977669616244
169,169,169,169,169,169,169,169,169,169,169,169,169,169,169,169,169,169,169,169,169,169,169,169,169,169,169,1-7268,16,4,1-7268,70,9,0,17,25.442275047302246,0.36346107210431783
384,384,384,384,384,384,384,384,384,384,384,384,384,384,384,384,384,384,384,384,384,384,384,384,384,384,384,1-0358,16,4,1-0358,22,7,0,1,7.967192649841309,0.3621451204473322
112,112,112,112,112,112,112,112,112,112,112,112,112,112,112,112,112,112,112,112,112,112,112,112,112,112,112,1-3447,13,7,1-3447,110,5,0,36,39.81893539428711,0.36199032176624646
343,343,343,343,343,343,343,343,343,343,343,343,343,343,343,343,343,343,343,343,343,343,343,343,343,343,343,MLG67,1,18,MLG67,27,3,0,7,9.77034854888916,0.3618647610699689
138,138,138,138,138,138,138,138,138,138,138,138,138,138,138,138,138,138,138,138,138,138,138,138,138,138,138,1-4640,7,16,1-4640,87,16,0,16,31.475082397460938,0.36178255629265443
154,154,154,154,154,154,154,154,154,154,154,154,154,154,154,154,154,154,154,154,154,154,154,154,154,154,154,1-9417,11,5,1-9417,76,12,0,16,27.475082397460938,0.36151424207185445
221,221,221,221,221,221,221,221,221,221,221,221,221,221,221,221,221,221,221,221,221,221,221,221,221,221,221,1-4355,3,13,1-4355,49,9,0,9,17.704733848571777,0.36132109895044445
319,319,319,319,319,319,319,319,319,319,319,319,319,319,319,319,319,319,319,319,319,319,319,319,319,319,319,1-18935,17,6,1-18935,30,6,0,5,10.835963249206543,0.3611987749735514
386,386,386,386,386,386,386,386,386,386,386,386,386,386,386,386,386,386,386,386,386,386,386,386,386,386,386,1-4855,16,4,1-4855,22,5,0,3,7.901577949523926,0.35916263406926935
378,378,378,378,378,378,378,378,378,378,378,378,378,378,378,378,378,378,378,378,378,378,378,378,378,378,378,1-9518,7,16,1-9518,22,4,0,4,7.868770599365234,0.3576713908802379
203,203,203,203,203,203,203,203,203,203,203,203,203,203,203,203,203,203,203,203,203,203,203,203,203,203,203,1-9938,11,5,1-9938,55,10,0,10,19.671926498413086,0.3576713908802379
357,357,357,357,357,357,357,357,357,357,357,357,357,357,357,357,357,357,357,357,357,357,357,357,357,357,357,1-9650,11,5,1-9650,25,4,0,5,8.835963249206543,0.3534385299682617
448,448,448,448,448,448,448,448,448,448,448,448,448,448,448,448,448,448,448,448,448,448,448,448,448,448,448,MLG42,16,4,MLG42,14,3,0,2,4.934385299682617,0.35245609283447266
454,454,454,454,454,454,454,454,454,454,454,454,454,454,454,454,454,454,454,454,454,454,454,454,454,454,454,1-5913,9,18,1-5913,14,2,0,3,4.901577949523926,0.35011271068028044
356,356,356,356,356,356,356,356,356,356,356,356,356,356,356,356,356,356,356,356,356,356,356,356,356,356,356,1-18613,15,9,1-18613,25,1,0,8,8.737541198730469,0.34950164794921873
420,420,420,420,420,420,420,420,420,420,420,420,420,420,420,420,420,420,420,420,420,420,420,420,420,420,420,1-8678,1,10,1-8678,17,2,0,4,5.868770599365234,0.34522179996266084
216,216,216,216,216,216,216,216,216,216,216,216,216,216,216,216,216,216,216,216,216,216,216,216,216,216,216,1-8397,19,21,1-8397,51,4,0,14,17.54069709777832,0.3439352372113396
117,117,117,117,117,117,117,117,117,117,117,117,117,117,117,117,117,117,117,117,117,117,117,117,117,117,117,1-7019,1,10,1-7019,107,8,0,29,36.04858684539795,0.3369026807981117
12,12,12,12,12,12,12,12,12,12,12,12,12,12,12,12,12,12,12,12,12,12,12,12,12,12,12,1-7024,1,10,1-7024,498,38,0,134,167.60381507873535,0.3365538455396292
102,102,102,102,102,102,102,102,102,102,102,102,102,102,102,102,102,102,102,102,102,102,102,102,102,102,102,1-17907,5,14,1-17907,119,30,0,10,39.671926498413086,0.33337753360010997
157,157,157,157,157,157,157,157,157,157,157,157,157,157,157,157,157,157,157,157,157,157,157,157,157,157,157,1-17733,11,5,1-17733,74,12,0,13,24.57350444793701,0.3320743844315812
34,34,34,34,34,34,34,34,34,34,34,34,34,34,34,34,34,34,34,34,34,34,34,34,34,34,34,MLG51,8,17,MLG51,248,46,0,37,81.78612804412842,0.32978277437148557
36,36,36,36,36,36,36,36,36,36,36,36,36,36,36,36,36,36,36,36,36,36,36,36,36,36,36,MLG64,13,7,MLG64,245,66,0,15,80.50788974761963,0.32860363162293726
518,518,518,518,518,518,518,518,518,518,518,518,518,518,518,518,518,518,518,518,518,518,518,518,518,518,518,1-4842,21,1,1-4842,6,1,0,1,1.9671926498413086,0.3278654416402181
180,180,180,180,180,180,180,180,180,180,180,180,180,180,180,180,180,180,180,180,180,180,180,180,180,180,180,1-10539,15,3,1-10539,63,9,0,12,20.606311798095703,0.32708431425548734
472,472,472,472,472,472,472,472,472,472,472,472,472,472,472,472,472,472,472,472,472,472,472,472,472,472,472,1-1935,4,12,1-1935,12,1,0,3,3.901577949523926,0.32513149579366046
470,470,470,470,470,470,470,470,470,470,470,470,470,470,470,470,470,470,470,470,470,470,470,470,470,470,470,1-9055,4,12,1-9055,12,1,0,3,3.901577949523926,0.32513149579366046
137,137,137,137,137,137,137,137,137,137,137,137,137,137,137,137,137,137,137,137,137,137,137,137,137,137,137,1-6611,5,14,1-6611,89,22,0,7,28.77034854888916,0.3232623432459456
122,122,122,122,122,122,122,122,122,122,122,122,122,122,122,122,122,122,122,122,122,122,122,122,122,122,122,1-9404,11,5,1-9404,100,12,0,21,32.31104564666748,0.3231104564666748
473,473,473,473,473,473,473,473,473,473,473,473,473,473,473,473,473,473,473,473,473,473,473,473,473,473,473,1-5161,3,13,1-5161,12,0,0,4,3.8687705993652344,0.32239754994710285
550,550,550,550,550,550,550,550,550,550,550,550,550,550,550,550,550,550,550,550,550,550,550,550,550,550,550,1-3176,1,10,1-3176,3,0,0,1,0.9671926498413086,0.32239754994710285
478,478,478,478,478,478,478,478,478,478,478,478,478,478,478,478,478,478,478,478,478,478,478,478,478,478,478,1-20012,1,10,1-20012,12,0,0,4,3.8687705993652344,0.32239754994710285
310,310,310,310,310,310,310,310,310,310,310,310,310,310,310,310,310,310,310,310,310,310,310,310,310,310,310,1-10071,18,3,1-10071,30,0,0,10,9.671926498413086,0.32239754994710285
474,474,474,474,474,474,474,474,474,474,474,474,474,474,474,474,474,474,474,474,474,474,474,474,474,474,474,1-18004,12,6,1-18004,12,0,0,4,3.8687705993652344,0.32239754994710285
546,546,546,546,546,546,546,546,546,546,546,546,546,546,546,546,546,546,546,546,546,546,546,546,546,546,546,1-9034,21,1,1-9034,3,0,0,1,0.9671926498413086,0.32239754994710285
521,521,521,521,521,521,521,521,521,521,521,521,521,521,521,521,521,521,521,521,521,521,521,521,521,521,521,1-3551,6,15,1-3551,6,0,0,2,1.9343852996826172,0.32239754994710285
67,67,67,67,67,67,67,67,67,67,67,67,67,67,67,67,67,67,67,67,67,67,67,67,67,67,67,1-3516,5,14,1-3516,156,26,0,25,50.179816246032715,0.32166548875662
111,111,111,111,111,111,111,111,111,111,111,111,111,111,111,111,111,111,111,111,111,111,111,111,111,111,111,1-0272,5,14,1-0272,111,24,0,12,35.6063117980957,0.32077758376662796
179,179,179,179,179,179,179,179,179,179,179,179,179,179,179,179,179,179,179,179,179,179,179,179,179,179,179,1-7467,12,6,1-7467,64,5,0,16,20.475082397460938,0.31992316246032715
258,258,258,258,258,258,258,258,258,258,258,258,258,258,258,258,258,258,258,258,258,258,258,258,258,258,258,1-17758,15,9,1-17758,40,6,0,7,12.77034854888916,0.319258713722229
296,296,296,296,296,296,296,296,296,296,296,296,296,296,296,296,296,296,296,296,296,296,296,296,296,296,296,1-0205,14,8,1-0205,34,4,0,7,10.77034854888916,0.3167749573202694
330,330,330,330,330,330,330,330,330,330,330,330,330,330,330,330,330,330,330,330,330,330,330,330,330,330,330,1-9818,1,10,1-9818,28,3,0,6,8.803155899047852,0.3143984249659947
406,406,406,406,406,406,406,406,406,406,406,406,406,406,406,406,406,406,406,406,406,406,406,406,406,406,406,1-3265,17,2,1-3265,19,4,0,2,5.934385299682617,0.3123360684043483
350,350,350,350,350,350,350,350,350,350,350,350,350,350,350,350,350,350,350,350,350,350,350,350,350,350,350,1-9609,9,18,1-9609,25,2,0,6,7.803155899047852,0.3121262359619141
355,355,355,355,355,355,355,355,355,355,355,355,355,355,355,355,355,355,355,355,355,355,355,355,355,355,355,1-4747,1,10,1-4747,25,1,0,7,7.77034854888916,0.3108139419555664
8,8,8,8,8,8,8,8,8,8,8,8,8,8,8,8,8,8,8,8,8,8,8,8,8,8,8,1-10468,11,5,1-10468,549,97,0,76,170.50664138793945,0.3105767602694708
50,50,50,50,50,50,50,50,50,50,50,50,50,50,50,50,50,50,50,50,50,50,50,50,50,50,50,1-7964,9,18,1-7964,202,4,0,60,62.031558990478516,0.3070869256954382
290,290,290,290,290,290,290,290,290,290,290,290,290,290,290,290,290,290,290,290,290,290,290,290,290,290,290,1-3509,9,18,1-3509,35,2,0,9,10.704733848571777,0.3058495385306222
61,61,61,61,61,61,61,61,61,61,61,61,61,61,61,61,61,61,61,61,61,61,61,61,61,61,61,1-6927,11,5,1-6927,179,28,0,27,54.11420154571533,0.3023139751157281
108,108,108,108,108,108,108,108,108,108,108,108,108,108,108,108,108,108,108,108,108,108,108,108,108,108,108,1-8328,17,2,1-8328,114,16,0,19,34.37666034698486,0.3015496521665339
19,19,19,19,19,19,19,19,19,19,19,19,19,19,19,19,19,19,19,19,19,19,19,19,19,19,19,1-7863,1,10,1-7863,351,23,0,85,105.21137523651123,0.2997475077963283
487,487,487,487,487,487,487,487,487,487,487,487,487,487,487,487,487,487,487,487,487,487,487,487,487,487,487,1-4929,11,5,1-4929,10,2,0,1,2.9671926498413086,0.29671926498413087
3,3,3,3,3,3,3,3,3,3,3,3,3,3,3,3,3,3,3,3,3,3,3,3,3,3,3,1-6181,9,18,1-6181,659,61,0,139,195.4397783279419,0.2965702250803367
71,71,71,71,71,71,71,71,71,71,71,71,71,71,71,71,71,71,71,71,71,71,71,71,71,71,71,1-4417,9,18,1-4417,151,5,0,41,44.65489864349365,0.29572780558605066
97,97,97,97,97,97,97,97,97,97,97,97,97,97,97,97,97,97,97,97,97,97,97,97,97,97,97,1-1833,2,11,1-1833,124,26,0,11,36.639119148254395,0.29547676732463224
227,227,227,227,227,227,227,227,227,227,227,227,227,227,227,227,227,227,227,227,227,227,227,227,227,227,227,1-1957,16,4,1-1957,47,10,0,4,13.868770599365234,0.29508022551840923
13,13,13,13,13,13,13,13,13,13,13,13,13,13,13,13,13,13,13,13,13,13,13,13,13,13,13,1-1258,1,10,1-1258,435,30,0,101,127.68645763397217,0.29353208651487855
41,41,41,41,41,41,41,41,41,41,41,41,41,41,41,41,41,41,41,41,41,41,41,41,41,41,41,1-9283,3,13,1-9283,235,28,0,42,68.62209129333496,0.2920088991205743
400,400,400,400,400,400,400,400,400,400,400,400,400,400,400,400,400,400,400,400,400,400,400,400,400,400,400,1-8646,6,15,1-8646,20,1,0,5,5.835963249206543,0.29179816246032714
359,359,359,359,359,359,359,359,359,359,359,359,359,359,359,359,359,359,359,359,359,359,359,359,359,359,359,1-7839,17,2,1-7839,24,7,0,0,7.0,0.2916666666666667
5,5,5,5,5,5,5,5,5,5,5,5,5,5,5,5,5,5,5,5,5,5,5,5,5,5,5,MLG57,16,4,MLG57,629,104,0,82,183.3097972869873,0.29143052032907363
89,89,89,89,89,89,89,89,89,89,89,89,89,89,89,89,89,89,89,89,89,89,89,89,89,89,89,1-9831,11,5,1-9831,132,20,0,19,38.37666034698486,0.2907322753559459
256,256,256,256,256,256,256,256,256,256,256,256,256,256,256,256,256,256,256,256,256,256,256,256,256,256,256,1-0296,2,11,1-0296,41,9,0,3,11.901577949523926,0.2902823890127787
274,274,274,274,274,274,274,274,274,274,274,274,274,274,274,274,274,274,274,274,274,274,274,274,274,274,274,1-7744,1,10,1-7744,37,2,0,9,10.704733848571777,0.28931713104248047
25,25,25,25,25,25,25,25,25,25,25,25,25,25,25,25,25,25,25,25,25,25,25,25,25,25,25,1-18028,3,13,1-18028,309,7,0,85,89.21137523651123,0.2887099522217192
77,77,77,77,77,77,77,77,77,77,77,77,77,77,77,77,77,77,77,77,77,77,77,77,77,77,77,1-9674,11,5,1-9674,144,22,0,20,41.34385299682617,0.2871100902557373
338,338,338,338,338,338,338,338,338,338,338,338,338,338,338,338,338,338,338,338,338,338,338,338,338,338,338,1-3589,13,7,1-3589,27,0,0,8,7.737541198730469,0.2865755999529803
99,99,99,99,99,99,99,99,99,99,99,99,99,99,99,99,99,99,99,99,99,99,99,99,99,99,99,1-8826,14,8,1-8826,123,13,0,23,35.2454309463501,0.2865482190760171
20,20,20,20,20,20,20,20,20,20,20,20,20,20,20,20,20,20,20,20,20,20,20,20,20,20,20,1-8067,11,5,1-8067,322,48,0,45,91.52366924285889,0.2842349976486301
334,334,334,334,334,334,334,334,334,334,334,334,334,334,334,334,334,334,334,334,334,334,334,334,334,334,334,1-18994,8,17,1-18994,28,6,0,2,7.934385299682617,0.2833709035600935
212,212,212,212,212,212,212,212,212,212,212,212,212,212,212,212,212,212,212,212,212,212,212,212,212,212,212,MLG32,21,1,MLG32,52,6,0,9,14.704733848571777,0.28278334324176496
214,214,214,214,214,214,214,214,214,214,214,214,214,214,214,214,214,214,214,214,214,214,214,214,214,214,214,1-8450,20,20,1-8450,52,5,0,10,14.671926498413086,0.28215243266179013
233,233,233,233,233,233,233,233,233,233,233,233,233,233,233,233,233,233,233,233,233,233,233,233,233,233,233,1-3587,5,14,1-3587,46,11,0,2,12.934385299682617,0.28118228912353516
458,458,458,458,458,458,458,458,458,458,458,458,458,458,458,458,458,458,458,458,458,458,458,458,458,458,458,1-9667,16,4,1-9667,14,2,0,2,3.934385299682617,0.2810275214059012
90,90,90,90,90,90,90,90,90,90,90,90,90,90,90,90,90,90,90,90,90,90,90,90,90,90,90,1-7070,18,3,1-7070,129,12,0,25,36.179816246032715,0.280463691829711
181,181,181,181,181,181,181,181,181,181,181,181,181,181,181,181,181,181,181,181,181,181,181,181,181,181,181,MLG84,4,12,MLG84,63,7,0,11,17.639119148254395,0.27998601822626024
189,189,189,189,189,189,189,189,189,189,189,189,189,189,189,189,189,189,189,189,189,189,189,189,189,189,189,MLG10,8,17,MLG10,60,9,0,8,16.73754119873047,0.27895901997884115
351,351,351,351,351,351,351,351,351,351,351,351,351,351,351,351,351,351,351,351,351,351,351,351,351,351,351,1-2324,16,4,1-2324,25,6,0,1,6.967192649841309,0.27868770599365233
53,53,53,53,53,53,53,53,53,53,53,53,53,53,53,53,53,53,53,53,53,53,53,53,53,53,53,1-8341,14,8,1-8341,197,15,0,41,54.65489864349365,0.27743603372331804
412,412,412,412,412,412,412,412,412,412,412,412,412,412,412,412,412,412,412,412,412,412,412,412,412,412,412,1-0055,16,4,1-0055,18,2,0,3,4.901577949523926,0.27230988608466256
283,283,283,283,283,283,283,283,283,283,283,283,283,283,283,283,283,283,283,283,283,283,283,283,283,283,283,1-6909,1,10,1-6909,36,3,0,7,9.77034854888916,0.27139857080247665
414,414,414,414,414,414,414,414,414,414,414,414,414,414,414,414,414,414,414,414,414,414,414,414,414,414,414,MLG06,3,13,MLG06,18,1,0,4,4.868770599365234,0.2704872555202908
410,410,410,410,410,410,410,410,410,410,410,410,410,410,410,410,410,410,410,410,410,410,410,410,410,410,410,1-3108,1,10,1-3108,18,1,0,4,4.868770599365234,0.2704872555202908
275,275,275,275,275,275,275,275,275,275,275,275,275,275,275,275,275,275,275,275,275,275,275,275,275,275,275,1-4020,15,9,1-4020,37,9,0,1,9.967192649841309,0.2693835851308462
47,47,47,47,47,47,47,47,47,47,47,47,47,47,47,47,47,47,47,47,47,47,47,47,47,47,47,1-0303,1,10,1-0303,212,21,0,37,56.78612804412842,0.26785909454777557
259,259,259,259,259,259,259,259,259,259,259,259,259,259,259,259,259,259,259,259,259,259,259,259,259,259,259,1-7509,21,1,1-7509,40,1,0,10,10.671926498413086,0.26679816246032717
124,124,124,124,124,124,124,124,124,124,124,124,124,124,124,124,124,124,124,124,124,124,124,124,124,124,124,1-0292,21,1,1-0292,99,9,0,18,26.409467697143555,0.26676229997114703
298,298,298,298,298,298,298,298,298,298,298,298,298,298,298,298,298,298,298,298,298,298,298,298,298,298,298,1-7481,15,9,1-7481,33,3,0,6,8.803155899047852,0.26676229997114703
136,136,136,136,136,136,136,136,136,136,136,136,136,136,136,136,136,136,136,136,136,136,136,136,136,136,136,1-1769,11,5,1-1769,89,12,0,12,23.606311798095703,0.2652394584055697
222,222,222,222,222,222,222,222,222,222,222,222,222,222,222,222,222,222,222,222,222,222,222,222,222,222,222,1-8705,18,3,1-8705,48,3,0,10,12.671926498413086,0.26399846871693927
276,276,276,276,276,276,276,276,276,276,276,276,276,276,276,276,276,276,276,276,276,276,276,276,276,276,276,1-2573,14,8,1-2573,37,2,0,8,9.737541198730469,0.2631767891548775
442,442,442,442,442,442,442,442,442,442,442,442,442,442,442,442,442,442,442,442,442,442,442,442,442,442,442,1-5803,17,2,1-5803,15,2,0,2,3.934385299682617,0.2622923533121745
28,28,28,28,28,28,28,28,28,28,28,28,28,28,28,28,28,28,28,28,28,28,28,28,28,28,28,1-7005,14,8,1-7005,285,34,0,42,74.62209129333496,0.2618318992748595
184,184,184,184,184,184,184,184,184,184,184,184,184,184,184,184,184,184,184,184,184,184,184,184,184,184,184,1-2701,17,2,1-2701,61,15,0,1,15.967192649841309,0.26175725655477555
346,346,346,346,346,346,346,346,346,346,346,346,346,346,346,346,346,346,346,346,346,346,346,346,346,346,346,1-9805,1,10,1-9805,26,0,0,7,6.77034854888916,0.26039802111112154
447,447,447,447,447,447,447,447,447,447,447,447,447,447,447,447,447,447,447,447,447,447,447,447,447,447,447,1-9971,1,10,1-9971,15,1,0,3,3.901577949523926,0.26010519663492837
220,220,220,220,220,220,220,220,220,220,220,220,220,220,220,220,220,220,220,220,220,220,220,220,220,220,220,MLG35,13,7,MLG35,49,5,0,8,12.737541198730469,0.25994982038225445
141,141,141,141,141,141,141,141,141,141,141,141,141,141,141,141,141,141,141,141,141,141,141,141,141,141,141,1-8820,11,5,1-8820,83,7,0,15,21.50788974761963,0.25913120177854976
60,60,60,60,60,60,60,60,60,60,60,60,60,60,60,60,60,60,60,60,60,60,60,60,60,60,60,1-3068,5,14,1-3068,180,31,0,16,46.47508239746094,0.2581949022081163
160,160,160,160,160,160,160,160,160,160,160,160,160,160,160,160,160,160,160,160,160,160,160,160,160,160,160,1-5197,11,5,1-5197,72,5,0,14,18.54069709777832,0.2575096819135878
133,133,133,133,133,133,133,133,133,133,133,133,133,133,133,133,133,133,133,133,133,133,133,133,133,133,133,MLG53,1,10,MLG53,91,5,0,19,23.376660346984863,0.2568863774393941
372,372,372,372,372,372,372,372,372,372,372,372,372,372,372,372,372,372,372,372,372,372,372,372,372,372,372,1-9553,19,21,1-9553,23,2,0,4,5.868770599365234,0.2551639391028363
370,370,370,370,370,370,370,370,370,370,370,370,370,370,370,370,370,370,370,370,370,370,370,370,370,370,370,1-7066,18,3,1-7066,23,2,0,4,5.868770599365234,0.2551639391028363
63,63,63,63,63,63,63,63,63,63,63,63,63,63,63,63,63,63,63,63,63,63,63,63,63,63,63,1-3052,14,8,1-3052,166,14,0,29,42.04858684539795,0.25330474003251774
288,288,288,288,288,288,288,288,288,288,288,288,288,288,288,288,288,288,288,288,288,288,288,288,288,288,288,1-9761,7,16,1-9761,35,4,0,5,8.835963249206543,0.2524560928344727
540,540,540,540,540,540,540,540,540,540,540,540,540,540,540,540,540,540,540,540,540,540,540,540,540,540,540,1-9733,21,1,1-9733,4,1,0,0,1.0,0.25
545,545,545,545,545,545,545,545,545,545,545,545,545,545,545,545,545,545,545,545,545,545,545,545,545,545,545,1-4926,15,1,1-4926,4,1,0,0,1.0,0.25
435,435,435,435,435,435,435,435,435,435,435,435,435,435,435,435,435,435,435,435,435,435,435,435,435,435,435,1-4494,21,1,1-4494,16,4,0,0,4.0,0.25
163,163,163,163,163,163,163,163,163,163,163,163,163,163,163,163,163,163,163,163,163,163,163,163,163,163,163,1-6692,21,1,1-6692,71,10,0,8,17.73754119873047,0.24982452392578125
289,289,289,289,289,289,289,289,289,289,289,289,289,289,289,289,289,289,289,289,289,289,289,289,289,289,289,1-5549,12,6,1-5549,35,1,0,8,8.737541198730469,0.24964403424944195
213,213,213,213,213,213,213,213,213,213,213,213,213,213,213,213,213,213,213,213,213,213,213,213,213,213,213,1-6227,17,21,1-6227,52,11,0,2,12.934385299682617,0.24873817884005034
332,332,332,332,332,332,332,332,332,332,332,332,332,332,332,332,332,332,332,332,332,332,332,332,332,332,332,P-16616,2,21,P-16616,28,4,0,3,6.901577949523926,0.24648492676871164
510,510,510,510,510,510,510,510,510,510,510,510,510,510,510,510,510,510,510,510,510,510,510,510,510,510,510,1-10444,18,18,1-10444,8,1,0,1,1.9671926498413086,0.24589908123016357
365,365,365,365,365,365,365,365,365,365,365,365,365,365,365,365,365,365,365,365,365,365,365,365,365,365,365,1-8590,13,7,1-8590,24,3,0,3,5.901577949523926,0.24589908123016357
2,2,2,2,2,2,2,2,2,2,2,2,2,2,2,2,2,2,2,2,2,2,2,2,2,2,2,1-6240,16,4,1-6240,698,99,0,75,171.53944873809814,0.24575852254741853
285,285,285,285,285,285,285,285,285,285,285,285,285,285,285,285,285,285,285,285,285,285,285,285,285,285,285,1-9887,9,18,1-9887,36,4,0,5,8.835963249206543,0.24544342358907065
257,257,257,257,257,257,257,257,257,257,257,257,257,257,257,257,257,257,257,257,257,257,257,257,257,257,257,1-19286,12,6,1-19286,40,4,0,6,9.803155899047852,0.2450788974761963
132,132,132,132,132,132,132,132,132,132,132,132,132,132,132,132,132,132,132,132,132,132,132,132,132,132,132,MLG55,20,20,MLG55,92,9,0,14,22.54069709777832,0.24500757714976434
73,73,73,73,73,73,73,73,73,73,73,73,73,73,73,73,73,73,73,73,73,73,73,73,73,73,73,MLG12,1,9,MLG12,146,27,0,9,35.70473384857178,0.2445529715655601
278,278,278,278,278,278,278,278,278,278,278,278,278,278,278,278,278,278,278,278,278,278,278,278,278,278,278,1-7845,2,11,1-7845,36,3,0,6,8.803155899047852,0.24453210830688477
224,224,224,224,224,224,224,224,224,224,224,224,224,224,224,224,224,224,224,224,224,224,224,224,224,224,224,1-9277,21,1,1-9277,48,4,0,8,11.737541198730469,0.24453210830688477
468,468,468,468,468,468,468,468,468,468,468,468,468,468,468,468,468,468,468,468,468,468,468,468,468,468,468,1-9946,16,4,1-9946,12,1,0,2,2.934385299682617,0.24453210830688477
94,94,94,94,94,94,94,94,94,94,94,94,94,94,94,94,94,94,94,94,94,94,94,94,94,94,94,1-1005,6,15,1-1005,125,17,0,14,30.54069709777832,0.24432557678222655
504,504,504,504,504,504,504,504,504,504,504,504,504,504,504,504,504,504,504,504,504,504,504,504,504,504,504,1-9861,3,13,1-9861,8,0,0,2,1.9343852996826172,0.24179816246032715
201,201,201,201,201,201,201,201,201,201,201,201,201,201,201,201,201,201,201,201,201,201,201,201,201,201,201,1-8529,1,10,1-8529,56,0,0,14,13.54069709777832,0.24179816246032715
544,544,544,544,544,544,544,544,544,544,544,544,544,544,544,544,544,544,544,544,544,544,544,544,544,544,544,1-4910,1,10,1-4910,4,0,0,1,0.9671926498413086,0.24179816246032715
501,501,501,501,501,501,501,501,501,501,501,501,501,501,501,501,501,501,501,501,501,501,501,501,501,501,501,1-18563,1,10,1-18563,8,0,0,2,1.9343852996826172,0.24179816246032715
18,18,18,18,18,18,18,18,18,18,18,18,18,18,18,18,18,18,18,18,18,18,18,18,18,18,18,MLG63,2,11,MLG63,380,36,0,57,91.12998104095459,0.23981573958145944
195,195,195,195,195,195,195,195,195,195,195,195,195,195,195,195,195,195,195,195,195,195,195,195,195,195,195,1-9379,21,1,1-9379,58,8,0,6,13.803155899047852,0.2379854465353078
83,83,83,83,83,83,83,83,83,83,83,83,83,83,83,83,83,83,83,83,83,83,83,83,83,83,83,MLG13,14,8,MLG13,140,10,0,24,33.212623596191406,0.23723302568708146
72,72,72,72,72,72,72,72,72,72,72,72,72,72,72,72,72,72,72,72,72,72,72,72,72,72,72,1-9497,6,15,1-9497,150,18,0,18,35.409467697143555,0.23606311798095703
65,65,65,65,65,65,65,65,65,65,65,65,65,65,65,65,65,65,65,65,65,65,65,65,65,65,65,1-4319,11,5,1-4319,163,21,0,18,38.409467697143555,0.23564090611744512
302,302,302,302,302,302,302,302,302,302,302,302,302,302,302,302,302,302,302,302,302,302,302,302,302,302,302,1-9500,1,10,1-9500,33,1,0,7,7.77034854888916,0.23546510754209576
4,4,4,4,4,4,4,4,4,4,4,4,4,4,4,4,4,4,4,4,4,4,4,4,4,4,4,MLG68,4,12,MLG68,642,33,0,122,150.99750328063965,0.23519860324087172
23,23,23,23,23,23,23,23,23,23,23,23,23,23,23,23,23,23,23,23,23,23,23,23,23,23,23,1-7866,17,2,1-7866,318,52,0,23,74.2454309463501,0.23347619794449717
56,56,56,56,56,56,56,56,56,56,56,56,56,56,56,56,56,56,56,56,56,56,56,56,56,56,56,1-8427,3,13,1-8427,189,16,0,29,44.04858684539795,0.23306130606030662
70,70,70,70,70,70,70,70,70,70,70,70,70,70,70,70,70,70,70,70,70,70,70,70,70,70,70,1-1224,20,20,1-1224,151,6,0,30,35.01577949523926,0.2318925794386706
387,387,387,387,387,387,387,387,387,387,387,387,387,387,387,387,387,387,387,387,387,387,387,387,387,387,387,1-9436,7,16,1-9436,21,1,0,4,4.868770599365234,0.2318462190173921
172,172,172,172,172,172,172,172,172,172,172,172,172,172,172,172,172,172,172,172,172,172,172,172,172,172,172,1-6900,1,10,1-6900,67,1,0,15,15.507889747619629,0.2314610410092482
421,421,421,421,421,421,421,421,421,421,421,421,421,421,421,421,421,421,421,421,421,421,421,421,421,421,421,1-5282,21,1,1-5282,17,2,0,2,3.934385299682617,0.23143442939309514
264,264,264,264,264,264,264,264,264,264,264,264,264,264,264,264,264,264,264,264,264,264,264,264,264,264,264,1-8928,21,1,1-8928,39,7,0,2,8.934385299682617,0.22908680255596453
32,32,32,32,32,32,32,32,32,32,32,32,32,32,32,32,32,32,32,32,32,32,32,32,32,32,32,1-7874,14,8,1-7874,258,28,0,32,58.950164794921875,0.22848901083303053
114,114,114,114,114,114,114,114,114,114,114,114,114,114,114,114,114,114,114,114,114,114,114,114,114,114,114,1-7152,5,14,1-7152,109,22,0,3,24.901577949523926,0.228454843573614
417,417,417,417,417,417,417,417,417,417,417,417,417,417,417,417,417,417,417,417,417,417,417,417,417,417,417,1-5425,12,6,1-5425,17,0,0,4,3.8687705993652344,0.22757474113913143
312,312,312,312,312,312,312,312,312,312,312,312,312,312,312,312,312,312,312,312,312,312,312,312,312,312,312,1-1850,4,12,1-1850,30,1,0,6,6.803155899047852,0.22677186330159504
27,27,27,27,27,27,27,27,27,27,27,27,27,27,27,27,27,27,27,27,27,27,27,27,27,27,27,1-1608,15,9,1-1608,307,51,0,19,69.37666034698486,0.22598260699343603
95,95,95,95,95,95,95,95,95,95,95,95,95,95,95,95,95,95,95,95,95,95,95,95,95,95,95,1-5626,1,10,1-5626,125,5,0,24,28.212623596191406,0.22570098876953126
174,174,174,174,174,174,174,174,174,174,174,174,174,174,174,174,174,174,174,174,174,174,174,174,174,174,174,MLG41,21,1,MLG41,66,10,0,5,14.835963249206543,0.2247873219576749
266,266,266,266,266,266,266,266,266,266,266,266,266,266,266,266,266,266,266,266,266,266,266,266,266,266,266,1-9496,11,5,1-9496,39,1,0,8,8.737541198730469,0.22403951791616586
309,309,309,309,309,309,309,309,309,309,309,309,309,309,309,309,309,309,309,309,309,309,309,309,309,309,309,1-9185,2,11,1-9185,31,5,0,2,6.934385299682617,0.22368984837685862
247,247,247,247,247,247,247,247,247,247,247,247,247,247,247,247,247,247,247,247,247,247,247,247,247,247,247,1-6734,1,10,1-6734,44,5,0,5,9.835963249206543,0.2235446193001487
39,39,39,39,39,39,39,39,39,39,39,39,39,39,39,39,39,39,39,39,39,39,39,39,39,39,39,1-9768,7,16,1-9768,241,17,0,38,53.75332069396973,0.2230428244563059
260,260,260,260,260,260,260,260,260,260,260,260,260,260,260,260,260,260,260,260,260,260,260,260,260,260,260,1-4760,17,2,1-4760,40,6,0,3,8.901577949523926,0.22253944873809814
26,26,26,26,26,26,26,26,26,26,26,26,26,26,26,26,26,26,26,26,26,26,26,26,26,26,26,1-18558,17,2,1-18558,307,44,0,25,68.17981624603271,0.22208409200662121
147,147,147,147,147,147,147,147,147,147,147,147,147,147,147,147,147,147,147,147,147,147,147,147,147,147,147,1-2423,9,18,1-2423,79,4,0,14,17.54069709777832,0.22203414047820658
377,377,377,377,377,377,377,377,377,377,377,377,377,377,377,377,377,377,377,377,377,377,377,377,377,377,377,1-9892,20,20,1-9892,22,1,0,4,4.868770599365234,0.22130775451660156
497,497,497,497,497,497,497,497,497,497,497,497,497,497,497,497,497,497,497,497,497,497,497,497,497,497,497,MLG72,21,1,MLG72,9,1,0,1,1.9671926498413086,0.21857696109347874
242,242,242,242,242,242,242,242,242,242,242,242,242,242,242,242,242,242,242,242,242,242,242,242,242,242,242,1-3206,8,17,1-3206,45,5,0,5,9.835963249206543,0.21857696109347874
33,33,33,33,33,33,33,33,33,33,33,33,33,33,33,33,33,33,33,33,33,33,33,33,33,33,33,1-6296,9,18,1-6296,254,6,0,51,55.32682514190674,0.2178221462279793
304,304,304,304,304,304,304,304,304,304,304,304,304,304,304,304,304,304,304,304,304,304,304,304,304,304,304,1-1592,5,14,1-1592,32,6,0,1,6.967192649841309,0.2177247703075409
369,369,369,369,369,369,369,369,369,369,369,369,369,369,369,369,369,369,369,369,369,369,369,369,369,369,369,MLG39,21,1,MLG39,23,5,0,0,5.0,0.21739130434782608
280,280,280,280,280,280,280,280,280,280,280,280,280,280,280,280,280,280,280,280,280,280,280,280,280,280,280,1-8314,1,10,1-8314,36,1,0,7,7.77034854888916,0.21584301524692112
234,234,234,234,234,234,234,234,234,234,234,234,234,234,234,234,234,234,234,234,234,234,234,234,234,234,234,1-10451,1,16,1-10451,46,5,0,5,9.835963249206543,0.2138252880262292
11,11,11,11,11,11,11,11,11,11,11,11,11,11,11,11,11,11,11,11,11,11,11,11,11,11,11,MLG56,8,17,MLG56,511,62,0,48,108.42524719238281,0.2121824798285378
451,451,451,451,451,451,451,451,451,451,451,451,451,451,451,451,451,451,451,451,451,451,451,451,451,451,451,1-11329,8,17,1-11329,14,2,0,1,2.9671926498413086,0.21194233213152205
68,68,68,68,68,68,68,68,68,68,68,68,68,68,68,68,68,68,68,68,68,68,68,68,68,68,68,1-1015,8,17,1-1015,155,21,0,12,32.6063117980957,0.21036330192319808
158,158,158,158,158,158,158,158,158,158,158,158,158,158,158,158,158,158,158,158,158,158,158,158,158,158,158,1-9808,9,18,1-9808,74,2,0,14,15.54069709777832,0.21000942024024757
449,449,449,449,449,449,449,449,449,449,449,449,449,449,449,449,449,449,449,449,449,449,449,449,449,449,449,MLG43,21,1,MLG43,14,1,0,2,2.934385299682617,0.2095989499773298
55,55,55,55,55,55,55,55,55,55,55,55,55,55,55,55,55,55,55,55,55,55,55,55,55,55,55,1-1462,14,8,1-1462,192,15,0,26,40.14700889587402,0.20909900466601053
17,17,17,17,17,17,17,17,17,17,17,17,17,17,17,17,17,17,17,17,17,17,17,17,17,17,17,1-7004,5,14,1-7004,381,30,0,51,79.32682514190674,0.20820689013623817
457,457,457,457,457,457,457,457,457,457,457,457,457,457,457,457,457,457,457,457,457,457,457,457,457,457,457,1-11330,14,8,1-11330,14,0,0,3,2.901577949523926,0.20725556782313756
329,329,329,329,329,329,329,329,329,329,329,329,329,329,329,329,329,329,329,329,329,329,329,329,329,329,329,1-5980,6,15,1-5980,29,6,0,0,6.0,0.20689655172413793
93,93,93,93,93,93,93,93,93,93,93,93,93,93,93,93,93,93,93,93,93,93,93,93,93,93,93,MLG52,8,17,MLG52,125,21,0,5,25.835963249206543,0.20668770599365235
292,292,292,292,292,292,292,292,292,292,292,292,292,292,292,292,292,292,292,292,292,292,292,292,292,292,292,1-9740,21,1,1-9740,34,7,0,0,7.0,0.20588235294117646
271,271,271,271,271,271,271,271,271,271,271,271,271,271,271,271,271,271,271,271,271,271,271,271,271,271,271,1-5508,14,8,1-5508,38,2,0,6,7.803155899047852,0.2053462078696803
405,405,405,405,405,405,405,405,405,405,405,405,405,405,405,405,405,405,405,405,405,405,405,405,405,405,405,1-9607,1,10,1-9607,19,0,0,4,3.8687705993652344,0.20361950522974917
219,219,219,219,219,219,219,219,219,219,219,219,219,219,219,219,219,219,219,219,219,219,219,219,219,219,219,1-2400,7,16,1-2400,49,8,0,2,9.934385299682617,0.20274255713637995
127,127,127,127,127,127,127,127,127,127,127,127,127,127,127,127,127,127,127,127,127,127,127,127,127,127,127,1-5891,4,12,1-5891,96,3,0,17,19.442275047302246,0.2025236984093984
190,190,190,190,190,190,190,190,190,190,190,190,190,190,190,190,190,190,190,190,190,190,190,190,190,190,190,1-7819,17,2,1-7819,59,10,0,2,11.934385299682617,0.20227771694377317
533,533,533,533,533,533,533,533,533,533,533,533,533,533,533,533,533,533,533,533,533,533,533,533,533,533,533,1-3217,21,1,1-3217,5,1,0,0,1.0,0.2
104,104,104,104,104,104,104,104,104,104,104,104,104,104,104,104,104,104,104,104,104,104,104,104,104,104,104,1-9394,20,20,1-9394,117,5,0,19,23.376660346984863,0.19980051578619543
446,446,446,446,446,446,446,446,446,446,446,446,446,446,446,446,446,446,446,446,446,446,446,446,446,446,446,1-19447,21,1,1-19447,15,2,0,1,2.9671926498413086,0.1978128433227539
489,489,489,489,489,489,489,489,489,489,489,489,489,489,489,489,489,489,489,489,489,489,489,489,489,489,489,1-7521,20,20,1-7521,10,1,0,1,1.9671926498413086,0.19671926498413086
199,199,199,199,199,199,199,199,199,199,199,199,199,199,199,199,199,199,199,199,199,199,199,199,199,199,199,1-20167,6,15,1-20167,56,7,0,4,10.868770599365234,0.19408518927437918
530,530,530,530,530,530,530,530,530,530,530,530,530,530,530,530,530,530,530,530,530,530,530,530,530,530,530,1-3647,1,10,1-3647,5,0,0,1,0.9671926498413086,0.19343852996826172
317,317,317,317,317,317,317,317,317,317,317,317,317,317,317,317,317,317,317,317,317,317,317,317,317,317,317,1-9504,8,17,1-9504,30,0,0,6,5.803155899047852,0.19343852996826172
493,493,493,493,493,493,493,493,493,493,493,493,493,493,493,493,493,493,493,493,493,493,493,493,493,493,493,1-0033,6,15,1-0033,10,0,0,2,1.9343852996826172,0.19343852996826172
526,526,526,526,526,526,526,526,526,526,526,526,526,526,526,526,526,526,526,526,526,526,526,526,526,526,526,1-9836,1,10,1-9836,5,0,0,1,0.9671926498413086,0.19343852996826172
525,525,525,525,525,525,525,525,525,525,525,525,525,525,525,525,525,525,525,525,525,525,525,525,525,525,525,1-3216,4,12,1-3216,5,0,0,1,0.9671926498413086,0.19343852996826172
532,532,532,532,532,532,532,532,532,532,532,532,532,532,532,532,532,532,532,532,532,532,532,532,532,532,532,1-4136,1,10,1-4136,5,0,0,1,0.9671926498413086,0.19343852996826172
395,395,395,395,395,395,395,395,395,395,395,395,395,395,395,395,395,395,395,395,395,395,395,395,395,395,395,1-1836,12,6,1-1836,20,0,0,4,3.8687705993652344,0.19343852996826172
531,531,531,531,531,531,531,531,531,531,531,531,531,531,531,531,531,531,531,531,531,531,531,531,531,531,531,1-4051,1,10,1-4051,5,0,0,1,0.9671926498413086,0.19343852996826172
151,151,151,151,151,151,151,151,151,151,151,151,151,151,151,151,151,151,151,151,151,151,151,151,151,151,151,MLG38,21,1,MLG38,77,11,0,4,14.868770599365234,0.19310091687487319
153,153,153,153,153,153,153,153,153,153,153,153,153,153,153,153,153,153,153,153,153,153,153,153,153,153,153,1-9516,14,8,1-9516,76,4,0,11,14.639119148254395,0.19261998879282097
14,14,14,14,14,14,14,14,14,14,14,14,14,14,14,14,14,14,14,14,14,14,14,14,14,14,14,1-1317,11,5,1-1317,414,20,0,61,78.99875164031982,0.19081824067710101
429,429,429,429,429,429,429,429,429,429,429,429,429,429,429,429,429,429,429,429,429,429,429,429,429,429,429,1-9452,21,1,1-9452,16,3,0,0,3.0,0.1875
58,58,58,58,58,58,58,58,58,58,58,58,58,58,58,58,58,58,58,58,58,58,58,58,58,58,58,MLG49,20,20,MLG49,185,8,0,27,34.11420154571533,0.1844010894362991
88,88,88,88,88,88,88,88,88,88,88,88,88,88,88,88,88,88,88,88,88,88,88,88,88,88,88,1-8267,21,1,1-8267,133,10,0,15,24.50788974761963,0.18426984772646338
98,98,98,98,98,98,98,98,98,98,98,98,98,98,98,98,98,98,98,98,98,98,98,98,98,98,98,1-5043,19,21,1-5043,123,11,0,12,22.606311798095703,0.18379115283004638
436,436,436,436,436,436,436,436,436,436,436,436,436,436,436,436,436,436,436,436,436,436,436,436,436,436,436,1-9115,18,3,1-9115,16,1,0,2,2.934385299682617,0.18339908123016357
52,52,52,52,52,52,52,52,52,52,52,52,52,52,52,52,52,52,52,52,52,52,52,52,52,52,52,1-7122,20,20,1-7122,197,7,0,30,36.01577949523926,0.1828212157118744
9,9,9,9,9,9,9,9,9,9,9,9,9,9,9,9,9,9,9,9,9,9,9,9,9,9,9,1-3523,17,2,1-3523,543,65,0,35,98.8517427444458,0.18204740836914513
432,432,432,432,432,432,432,432,432,432,432,432,432,432,432,432,432,432,432,432,432,432,432,432,432,432,432,1-3089,20,20,1-3089,16,0,0,3,2.901577949523926,0.18134862184524536
79,79,79,79,79,79,79,79,79,79,79,79,79,79,79,79,79,79,79,79,79,79,79,79,79,79,79,1-0129,19,21,1-0129,142,18,0,8,25.73754119873047,0.18125029013190472
246,246,246,246,246,246,246,246,246,246,246,246,246,246,246,246,246,246,246,246,246,246,246,246,246,246,246,1-6538,2,11,1-6538,44,7,0,1,7.967192649841309,0.1810725602236661
249,249,249,249,249,249,249,249,249,249,249,249,249,249,249,249,249,249,249,249,249,249,249,249,249,249,249,1-6916,14,8,1-6916,43,1,0,7,7.77034854888916,0.18070578020672465
16,16,16,16,16,16,16,16,16,16,16,16,16,16,16,16,16,16,16,16,16,16,16,16,16,16,16,1-7140,9,18,1-7140,397,22,0,51,71.32682514190674,0.17966454695694392
86,86,86,86,86,86,86,86,86,86,86,86,86,86,86,86,86,86,86,86,86,86,86,86,86,86,86,1-8910,19,21,1-8910,137,9,0,16,24.475082397460938,0.17865023647781705
202,202,202,202,202,202,202,202,202,202,202,202,202,202,202,202,202,202,202,202,202,202,202,202,202,202,202,1-6787,6,15,1-6787,56,6,0,4,9.868770599365234,0.17622804641723633
379,379,379,379,379,379,379,379,379,379,379,379,379,379,379,379,379,379,379,379,379,379,379,379,379,379,379,1-7182,18,3,1-7182,22,0,0,4,3.8687705993652344,0.17585320906205612
426,426,426,426,426,426,426,426,426,426,426,426,426,426,426,426,426,426,426,426,426,426,426,426,426,426,426,1-3639,17,2,1-3639,17,2,0,1,2.9671926498413086,0.17454074410831227
159,159,159,159,159,159,159,159,159,159,159,159,159,159,159,159,159,159,159,159,159,159,159,159,159,159,159,1-6914,20,20,1-6914,73,3,0,10,12.671926498413086,0.1735880342248368
423,423,423,423,423,423,423,423,423,423,423,423,423,423,423,423,423,423,423,423,423,423,423,423,423,423,423,MLG46,19,21,MLG46,17,1,0,2,2.934385299682617,0.17261089998133042
324,324,324,324,324,324,324,324,324,324,324,324,324,324,324,324,324,324,324,324,324,324,324,324,324,324,324,1-5515,17,2,1-5515,29,5,0,0,5.0,0.1724137931034483
140,140,140,140,140,140,140,140,140,140,140,140,140,140,140,140,140,140,140,140,140,140,140,140,140,140,140,1-8066,9,18,1-8066,86,4,0,11,14.639119148254395,0.17022231567737667
230,230,230,230,230,230,230,230,230,230,230,230,230,230,230,230,230,230,230,230,230,230,230,230,230,230,230,1-9345,17,2,1-9345,47,8,0,0,8.0,0.1702127659574468
320,320,320,320,320,320,320,320,320,320,320,320,320,320,320,320,320,320,320,320,320,320,320,320,320,320,320,1-18203,20,20,1-18203,29,3,0,2,4.934385299682617,0.17015121723043508
371,371,371,371,371,371,371,371,371,371,371,371,371,371,371,371,371,371,371,371,371,371,371,371,371,371,371,1-6035,19,21,1-6035,23,1,0,3,3.901577949523926,0.1696338238923446
15,15,15,15,15,15,15,15,15,15,15,15,15,15,15,15,15,15,15,15,15,15,15,15,15,15,15,1-1580,17,2,1-1580,400,60,0,8,67.73754119873047,0.16934385299682617
325,325,325,325,325,325,325,325,325,325,325,325,325,325,325,325,325,325,325,325,325,325,325,325,325,325,325,1-9338,11,5,1-9338,29,2,0,3,4.901577949523926,0.16901992929392848
210,210,210,210,210,210,210,210,210,210,210,210,210,210,210,210,210,210,210,210,210,210,210,210,210,210,210,1-1191,5,14,1-1191,53,7,0,2,8.934385299682617,0.16857330754118147
21,21,21,21,21,21,21,21,21,21,21,21,21,21,21,21,21,21,21,21,21,21,21,21,21,21,21,MLG02,9,18,MLG02,320,12,0,43,53.58928394317627,0.16746651232242585
116,116,116,116,116,116,116,116,116,116,116,116,116,116,116,116,116,116,116,116,116,116,116,116,116,116,116,MLG08,3,13,MLG08,107,6,0,12,17.606311798095703,0.16454497007566077
91,91,91,91,91,91,91,91,91,91,91,91,91,91,91,91,91,91,91,91,91,91,91,91,91,91,91,1-9270,19,21,1-9270,128,16,0,5,20.835963249206543,0.16278096288442612
360,360,360,360,360,360,360,360,360,360,360,360,360,360,360,360,360,360,360,360,360,360,360,360,360,360,360,1-7993,1,10,1-7993,24,1,0,3,3.901577949523926,0.16256574789683023
411,411,411,411,411,411,411,411,411,411,411,411,411,411,411,411,411,411,411,411,411,411,411,411,411,411,411,1-8124,12,23,1-8124,18,0,0,3,2.901577949523926,0.16119877497355142
316,316,316,316,316,316,316,316,316,316,316,316,316,316,316,316,316,316,316,316,316,316,316,316,316,316,316,1-8181,6,15,1-8181,30,0,0,5,4.835963249206543,0.16119877497355142
131,131,131,131,131,131,131,131,131,131,131,131,131,131,131,131,131,131,131,131,131,131,131,131,131,131,131,1-9925,11,5,1-9925,93,6,0,9,14.704733848571777,0.15811541772657825
10,10,10,10,10,10,10,10,10,10,10,10,10,10,10,10,10,10,10,10,10,10,10,10,10,10,10,MLG62,12,6,MLG62,525,22,0,62,81.96594429016113,0.15612560817173549
177,177,177,177,177,177,177,177,177,177,177,177,177,177,177,177,177,177,177,177,177,177,177,177,177,177,177,1-9498,19,21,1-9498,64,9,0,1,9.967192649841309,0.15573738515377045
152,152,152,152,152,152,152,152,152,152,152,152,152,152,152,152,152,152,152,152,152,152,152,152,152,152,152,1-10038,2,11,1-10038,76,6,0,6,11.803155899047852,0.15530468288220858
403,403,403,403,403,403,403,403,403,403,403,403,403,403,403,403,403,403,403,403,403,403,403,403,403,403,403,72-12171,19,21,72-12171,19,1,0,2,2.934385299682617,0.15444133156224302
401,401,401,401,401,401,401,401,401,401,401,401,401,401,401,401,401,401,401,401,401,401,401,401,401,401,401,1-8100,5,14,1-8100,19,1,0,2,2.934385299682617,0.15444133156224302
306,306,306,306,306,306,306,306,306,306,306,306,306,306,306,306,306,306,306,306,306,306,306,306,306,306,306,1-1972,21,1,1-1972,32,3,0,2,4.934385299682617,0.1541995406150818
305,305,305,305,305,305,305,305,305,305,305,305,305,305,305,305,305,305,305,305,305,305,305,305,305,305,305,1-8127,12,6,1-8127,32,2,0,3,4.901577949523926,0.15317431092262268
197,197,197,197,197,197,197,197,197,197,197,197,197,197,197,197,197,197,197,197,197,197,197,197,197,197,197,1-6006,20,20,1-6006,57,0,0,9,8.704733848571777,0.15271462892231188
29,29,29,29,29,29,29,29,29,29,29,29,29,29,29,29,29,29,29,29,29,29,29,29,29,29,29,1-3534,10,23,1-3534,279,0,0,44,42.55647659301758,0.15253217416852177
462,462,462,462,462,462,462,462,462,462,462,462,462,462,462,462,462,462,462,462,462,462,462,462,462,462,462,1-4052,19,21,1-4052,13,1,0,1,1.9671926498413086,0.1513225115262545
235,235,235,235,235,235,235,235,235,235,235,235,235,235,235,235,235,235,235,235,235,235,235,235,235,235,235,1-1989,18,20,1-1989,46,4,0,3,6.901577949523926,0.1500343032505201
237,237,237,237,237,237,237,237,237,237,237,237,237,237,237,237,237,237,237,237,237,237,237,237,237,237,237,1-8418,3,13,1-8418,46,3,0,4,6.868770599365234,0.14932109998620074
467,467,467,467,467,467,467,467,467,467,467,467,467,467,467,467,467,467,467,467,467,467,467,467,467,467,467,1-0031,11,5,1-0031,13,0,0,2,1.9343852996826172,0.14879886920635516
149,149,149,149,149,149,149,149,149,149,149,149,149,149,149,149,149,149,149,149,149,149,149,149,149,149,149,1-5877,4,12,1-5877,79,1,0,11,11.639119148254395,0.14733062212980247
294,294,294,294,294,294,294,294,294,294,294,294,294,294,294,294,294,294,294,294,294,294,294,294,294,294,294,1-3106,8,17,1-3106,34,5,0,0,5.0,0.14705882352941177
336,336,336,336,336,336,336,336,336,336,336,336,336,336,336,336,336,336,336,336,336,336,336,336,336,336,336,1-9655,5,14,1-9655,27,3,0,1,3.9671926498413086,0.14693306110523366
186,186,186,186,186,186,186,186,186,186,186,186,186,186,186,186,186,186,186,186,186,186,186,186,186,186,186,1-19004,21,1,1-19004,60,3,0,6,8.803155899047852,0.14671926498413085
399,399,399,399,399,399,399,399,399,399,399,399,399,399,399,399,399,399,399,399,399,399,399,399,399,399,399,1-19813,1,10,1-19813,20,1,0,2,2.934385299682617,0.14671926498413085
69,69,69,69,69,69,69,69,69,69,69,69,69,69,69,69,69,69,69,69,69,69,69,69,69,69,69,MLG17,3,13,MLG17,153,3,0,20,22.343852996826172,0.1460382548812168
107,107,107,107,107,107,107,107,107,107,107,107,107,107,107,107,107,107,107,107,107,107,107,107,107,107,107,MLG37,15,9,MLG37,116,15,0,2,16.934385299682617,0.14598608016967773
255,255,255,255,255,255,255,255,255,255,255,255,255,255,255,255,255,255,255,255,255,255,255,255,255,255,255,1-3564,2,11,1-3564,41,3,0,3,5.901577949523926,0.14394092559814453
456,456,456,456,456,456,456,456,456,456,456,456,456,456,456,456,456,456,456,456,456,456,456,456,456,456,456,1-7995,17,2,1-7995,14,2,0,0,2.0,0.14285714285714285
218,218,218,218,218,218,218,218,218,218,218,218,218,218,218,218,218,218,218,218,218,218,218,218,218,218,218,1-9610,2,11,1-9610,49,4,0,3,6.901577949523926,0.14084852958212093
62,62,62,62,62,62,62,62,62,62,62,62,62,62,62,62,62,62,62,62,62,62,62,62,62,62,62,1-6878,10,23,1-6878,167,0,0,24,23.212623596191406,0.13899774608497847
452,452,452,452,452,452,452,452,452,452,452,452,452,452,452,452,452,452,452,452,452,452,452,452,452,452,452,1-9588,14,8,1-9588,14,0,0,2,1.9343852996826172,0.13817037854875838
455,455,455,455,455,455,455,455,455,455,455,455,455,455,455,455,455,455,455,455,455,455,455,455,455,455,455,1-18377,10,23,1-18377,14,0,0,2,1.9343852996826172,0.13817037854875838
514,514,514,514,514,514,514,514,514,514,514,514,514,514,514,514,514,514,514,514,514,514,514,514,514,514,514,P-0009,4,12,P-0009,7,0,0,1,0.9671926498413086,0.13817037854875838
87,87,87,87,87,87,87,87,87,87,87,87,87,87,87,87,87,87,87,87,87,87,87,87,87,87,87,1-3141,19,21,1-3141,136,8,0,11,18.639119148254395,0.13705234667834112
328,328,328,328,328,328,328,328,328,328,328,328,328,328,328,328,328,328,328,328,328,328,328,328,328,328,328,1-9110,17,2,1-9110,29,3,0,1,3.9671926498413086,0.13679974654625202
251,251,251,251,251,251,251,251,251,251,251,251,251,251,251,251,251,251,251,251,251,251,251,251,251,251,251,1-6919,4,12,1-6919,43,2,0,4,5.868770599365234,0.13648303719454033
139,139,139,139,139,139,139,139,139,139,139,139,139,139,139,139,139,139,139,139,139,139,139,139,139,139,139,MLG11,11,5,MLG11,87,6,0,6,11.803155899047852,0.1356684586097454
121,121,121,121,121,121,121,121,121,121,121,121,121,121,121,121,121,121,121,121,121,121,121,121,121,121,121,1-9333,20,20,1-9333,102,8,0,6,13.803155899047852,0.13532505783380247
193,193,193,193,193,193,193,193,193,193,193,193,193,193,193,193,193,193,193,193,193,193,193,193,193,193,193,1-8094,3,13,1-8094,58,2,0,6,7.803155899047852,0.1345371706732388
82,82,82,82,82,82,82,82,82,82,82,82,82,82,82,82,82,82,82,82,82,82,82,82,82,82,82,1-8188,21,1,1-8188,140,10,0,9,18.704733848571777,0.1336052417755127
245,245,245,245,245,245,245,245,245,245,245,245,245,245,245,245,245,245,245,245,245,245,245,245,245,245,245,1-1183,21,1,1-1183,45,6,0,0,6.0,0.13333333333333333
445,445,445,445,445,445,445,445,445,445,445,445,445,445,445,445,445,445,445,445,445,445,445,445,445,445,445,1-5654,17,2,1-5654,15,2,0,0,2.0,0.13333333333333333
211,211,211,211,211,211,211,211,211,211,211,211,211,211,211,211,211,211,211,211,211,211,211,211,211,211,211,1-8042,1,20,1-8042,52,1,0,6,6.803155899047852,0.1308299211355356
376,376,376,376,376,376,376,376,376,376,376,376,376,376,376,376,376,376,376,376,376,376,376,376,376,376,376,1-18487,19,21,1-18487,23,2,0,1,2.9671926498413086,0.12900837608005689
59,59,59,59,59,59,59,59,59,59,59,59,59,59,59,59,59,59,59,59,59,59,59,59,59,59,59,1-8573,21,1,1-8573,184,14,0,10,23.671926498413086,0.12865177444789722
505,505,505,505,505,505,505,505,505,505,505,505,505,505,505,505,505,505,505,505,505,505,505,505,505,505,505,1-9855,11,18,1-9855,8,1,0,0,1.0,0.125
100,100,100,100,100,100,100,100,100,100,100,100,100,100,100,100,100,100,100,100,100,100,100,100,100,100,100,1-5172,2,11,1-5172,120,9,0,6,14.803155899047852,0.12335963249206543
433,433,433,433,433,433,433,433,433,433,433,433,433,433,433,433,433,433,433,433,433,433,433,433,433,433,433,1-20641,5,14,1-20641,16,1,0,1,1.9671926498413086,0.12294954061508179
118,118,118,118,118,118,118,118,118,118,118,118,118,118,118,118,118,118,118,118,118,118,118,118,118,118,118,MLG15,4,12,MLG15,105,5,0,8,12.737541198730469,0.12130991617838542
503,503,503,503,503,503,503,503,503,503,503,503,503,503,503,503,503,503,503,503,503,503,503,503,503,503,503,1-5531,10,23,1-5531,8,0,0,1,0.9671926498413086,0.12089908123016357
434,434,434,434,434,434,434,434,434,434,434,434,434,434,434,434,434,434,434,434,434,434,434,434,434,434,434,1-4149,14,8,1-4149,16,0,0,2,1.9343852996826172,0.12089908123016357
507,507,507,507,507,507,507,507,507,507,507,507,507,507,507,507,507,507,507,507,507,507,507,507,507,507,507,1-9643,16,4,1-9643,8,0,0,1,0.9671926498413086,0.12089908123016357
437,437,437,437,437,437,437,437,437,437,437,437,437,437,437,437,437,437,437,437,437,437,437,437,437,437,437,1-4098,9,18,1-4098,16,0,0,2,1.9343852996826172,0.12089908123016357
441,441,441,441,441,441,441,441,441,441,441,441,441,441,441,441,441,441,441,441,441,441,441,441,441,441,441,1-9997,2,23,1-9997,16,0,0,2,1.9343852996826172,0.12089908123016357
506,506,506,506,506,506,506,506,506,506,506,506,506,506,506,506,506,506,506,506,506,506,506,506,506,506,506,1-17657,1,10,1-17657,8,0,0,1,0.9671926498413086,0.12089908123016357
431,431,431,431,431,431,431,431,431,431,431,431,431,431,431,431,431,431,431,431,431,431,431,431,431,431,431,1-8503,10,23,1-8503,16,0,0,2,1.9343852996826172,0.12089908123016357
194,194,194,194,194,194,194,194,194,194,194,194,194,194,194,194,194,194,194,194,194,194,194,194,194,194,194,1-8018,21,1,1-8018,58,5,0,2,6.934385299682617,0.1195583672359072
352,352,352,352,352,352,352,352,352,352,352,352,352,352,352,352,352,352,352,352,352,352,352,352,352,352,352,1-2297,11,5,1-2297,25,2,0,1,2.9671926498413086,0.11868770599365235
425,425,425,425,425,425,425,425,425,425,425,425,425,425,425,425,425,425,425,425,425,425,425,425,425,425,425,1-0003,21,1,1-0003,17,1,0,1,1.9671926498413086,0.11571721469654757
418,418,418,418,418,418,418,418,418,418,418,418,418,418,418,418,418,418,418,418,418,418,418,418,418,418,418,1-17835,8,17,1-17835,17,0,0,2,1.9343852996826172,0.11378737056956571
416,416,416,416,416,416,416,416,416,416,416,416,416,416,416,416,416,416,416,416,416,416,416,416,416,416,416,1-9907,18,3,1-9907,17,0,0,2,1.9343852996826172,0.11378737056956571
419,419,419,419,419,419,419,419,419,419,419,419,419,419,419,419,419,419,419,419,419,419,419,419,419,419,419,1-0001,14,8,1-0001,17,0,0,2,1.9343852996826172,0.11378737056956571
348,348,348,348,348,348,348,348,348,348,348,348,348,348,348,348,348,348,348,348,348,348,348,348,348,348,348,1-3087,18,3,1-3087,26,1,0,2,2.934385299682617,0.11286097306471604
286,286,286,286,286,286,286,286,286,286,286,286,286,286,286,286,286,286,286,286,286,286,286,286,286,286,286,1-1770,19,21,1-1770,35,2,0,2,3.934385299682617,0.11241100856236048
291,291,291,291,291,291,291,291,291,291,291,291,291,291,291,291,291,291,291,291,291,291,291,291,291,291,291,1-0037,21,1,1-0037,35,2,0,2,3.934385299682617,0.11241100856236048
498,498,498,498,498,498,498,498,498,498,498,498,498,498,498,498,498,498,498,498,498,498,498,498,498,498,498,1-8113,1,10,1-8113,9,1,0,0,1.0,0.1111111111111111
496,496,496,496,496,496,496,496,496,496,496,496,496,496,496,496,496,496,496,496,496,496,496,496,496,496,496,1-9076,21,1,1-9076,9,1,0,0,1.0,0.1111111111111111
106,106,106,106,106,106,106,106,106,106,106,106,106,106,106,106,106,106,106,106,106,106,106,106,106,106,106,1-9963,19,21,1-9963,116,7,0,6,12.803155899047852,0.11037203361248148
248,248,248,248,248,248,248,248,248,248,248,248,248,248,248,248,248,248,248,248,248,248,248,248,248,248,248,1-6217,11,6,1-6217,44,0,0,5,4.835963249206543,0.10990825566378506
165,165,165,165,165,165,165,165,165,165,165,165,165,165,165,165,165,165,165,165,165,165,165,165,165,165,165,MLG59,10,23,MLG59,71,0,0,8,7.737541198730469,0.10897945350324603
500,500,500,500,500,500,500,500,500,500,500,500,500,500,500,500,500,500,500,500,500,500,500,500,500,500,500,1-2869,1,10,1-2869,9,0,0,1,0.9671926498413086,0.10746584998236762
92,92,92,92,92,92,92,92,92,92,92,92,92,92,92,92,92,92,92,92,92,92,92,92,92,92,92,1-6980,13,7,1-6980,128,4,0,10,13.671926498413086,0.10681192576885223
44,44,44,44,44,44,44,44,44,44,44,44,44,44,44,44,44,44,44,44,44,44,44,44,44,44,44,1-0008,7,16,1-0008,230,16,0,8,23.73754119873047,0.10320670086404551
175,175,175,175,175,175,175,175,175,175,175,175,175,175,175,175,175,175,175,175,175,175,175,175,175,175,175,1-19547,20,20,1-19547,66,0,0,7,6.77034854888916,0.10258103861953273
150,150,150,150,150,150,150,150,150,150,150,150,150,150,150,150,150,150,150,150,150,150,150,150,150,150,150,1-3083,17,2,1-3083,78,8,0,0,8.0,0.10256410256410256
273,273,273,273,273,273,273,273,273,273,273,273,273,273,273,273,273,273,273,273,273,273,273,273,273,273,273,1-9237,21,1,1-9237,38,0,0,4,3.8687705993652344,0.10180975261487459
96,96,96,96,96,96,96,96,96,96,96,96,96,96,96,96,96,96,96,96,96,96,96,96,96,96,96,MLG09,18,3,MLG09,125,3,0,10,12.671926498413086,0.10137541198730468
322,322,322,322,322,322,322,322,322,322,322,322,322,322,322,322,322,322,322,322,322,322,322,322,322,322,322,1-19549,2,11,1-19549,29,1,0,2,2.934385299682617,0.10118569998905577
393,393,393,393,393,393,393,393,393,393,393,393,393,393,393,393,393,393,393,393,393,393,393,393,393,393,393,1-6718,2,11,1-6718,20,2,0,0,2.0,0.1
315,315,315,315,315,315,315,315,315,315,315,315,315,315,315,315,315,315,315,315,315,315,315,315,315,315,315,1-9614,8,17,1-9614,30,3,0,0,3.0,0.1
261,261,261,261,261,261,261,261,261,261,261,261,261,261,261,261,261,261,261,261,261,261,261,261,261,261,261,1-5214,21,1,1-5214,40,2,0,2,3.934385299682617,0.09835963249206543
392,392,392,392,392,392,392,392,392,392,392,392,392,392,392,392,392,392,392,392,392,392,392,392,392,392,392,MLG33,20,20,MLG33,20,1,0,1,1.9671926498413086,0.09835963249206543
144,144,144,144,144,144,144,144,144,144,144,144,144,144,144,144,144,144,144,144,144,144,144,144,144,144,144,1-7058,2,11,1-7058,80,2,0,6,7.803155899047852,0.09753944873809814
490,490,490,490,490,490,490,490,490,490,490,490,490,490,490,490,490,490,490,490,490,490,490,490,490,490,490,1-8634,21,1,1-8634,10,0,0,1,0.9671926498413086,0.09671926498413086
492,492,492,492,492,492,492,492,492,492,492,492,492,492,492,492,492,492,492,492,492,492,492,492,492,492,492,MLG73,9,18,MLG73,10,0,0,1,0.9671926498413086,0.09671926498413086
389,389,389,389,389,389,389,389,389,389,389,389,389,389,389,389,389,389,389,389,389,389,389,389,389,389,389,1-7842,5,14,1-7842,21,1,0,1,1.9671926498413086,0.09367584046863374
253,253,253,253,253,253,253,253,253,253,253,253,253,253,253,253,253,253,253,253,253,253,253,253,253,253,253,1-9578,8,17,1-9578,42,1,0,3,3.901577949523926,0.092894713083903
209,209,209,209,209,209,209,209,209,209,209,209,209,209,209,209,209,209,209,209,209,209,209,209,209,209,209,1-19897,4,12,1-19897,53,2,0,3,4.901577949523926,0.09248260282120614
482,482,482,482,482,482,482,482,482,482,482,482,482,482,482,482,482,482,482,482,482,482,482,482,482,482,482,1-9457,13,7,1-9457,11,1,0,0,1.0,0.09090909090909091
206,206,206,206,206,206,206,206,206,206,206,206,206,206,206,206,206,206,206,206,206,206,206,206,206,206,206,1-8544,18,20,1-8544,54,2,0,3,4.901577949523926,0.09076996202822085
297,297,297,297,297,297,297,297,297,297,297,297,297,297,297,297,297,297,297,297,297,297,297,297,297,297,297,1-9630,21,1,1-9630,33,1,0,2,2.934385299682617,0.08892076665704901
243,243,243,243,243,243,243,243,243,243,243,243,243,243,243,243,243,243,243,243,243,243,243,243,243,243,243,1-19166,21,1,1-19166,45,4,0,0,4.0,0.08888888888888889
481,481,481,481,481,481,481,481,481,481,481,481,481,481,481,481,481,481,481,481,481,481,481,481,481,481,481,1-7770,18,21,1-7770,11,0,0,1,0.9671926498413086,0.08792660453102806
382,382,382,382,382,382,382,382,382,382,382,382,382,382,382,382,382,382,382,382,382,382,382,382,382,382,382,1-18409,15,9,1-18409,22,0,0,2,1.9343852996826172,0.08792660453102806
479,479,479,479,479,479,479,479,479,479,479,479,479,479,479,479,479,479,479,479,479,479,479,479,479,479,479,1-19598,4,12,1-19598,11,0,0,1,0.9671926498413086,0.08792660453102806
301,301,301,301,301,301,301,301,301,301,301,301,301,301,301,301,301,301,301,301,301,301,301,301,301,301,301,1-8400,18,23,1-8400,33,0,0,3,2.901577949523926,0.08792660453102806
146,146,146,146,146,146,146,146,146,146,146,146,146,146,146,146,146,146,146,146,146,146,146,146,146,146,146,MLG78,21,1,MLG78,80,6,0,1,6.967192649841309,0.08708990812301635
134,134,134,134,134,134,134,134,134,134,134,134,134,134,134,134,134,134,134,134,134,134,134,134,134,134,134,1-8659,21,1,1-8659,91,3,0,5,7.835963249206543,0.08610948625501695
375,375,375,375,375,375,375,375,375,375,375,375,375,375,375,375,375,375,375,375,375,375,375,375,375,375,375,1-7213,7,16,1-7213,23,0,0,2,1.9343852996826172,0.08410370868185292
471,471,471,471,471,471,471,471,471,471,471,471,471,471,471,471,471,471,471,471,471,471,471,471,471,471,471,1-19205,9,18,1-19205,12,0,0,1,0.9671926498413086,0.08059938748677571
277,277,277,277,277,277,277,277,277,277,277,277,277,277,277,277,277,277,277,277,277,277,277,277,277,277,277,1-10060,21,1,1-10060,36,0,0,3,2.901577949523926,0.08059938748677571
477,477,477,477,477,477,477,477,477,477,477,477,477,477,477,477,477,477,477,477,477,477,477,477,477,477,477,1-8222,9,18,1-8222,12,0,0,1,0.9671926498413086,0.08059938748677571
85,85,85,85,85,85,85,85,85,85,85,85,85,85,85,85,85,85,85,85,85,85,85,85,85,85,85,1-1131,10,23,1-1131,138,0,0,11,10.639119148254395,0.07709506629169852
344,344,344,344,344,344,344,344,344,344,344,344,344,344,344,344,344,344,344,344,344,344,344,344,344,344,344,1-2103,21,1,1-2103,26,2,0,0,2.0,0.07692307692307693
345,345,345,345,345,345,345,345,345,345,345,345,345,345,345,345,345,345,345,345,345,345,345,345,345,345,345,1-3584,19,21,1-3584,26,1,0,1,1.9671926498413086,0.07566125576312725
464,464,464,464,464,464,464,464,464,464,464,464,464,464,464,464,464,464,464,464,464,464,464,464,464,464,464,1-7453,4,12,1-7453,13,0,0,1,0.9671926498413086,0.07439943460317758
173,173,173,173,173,173,173,173,173,173,173,173,173,173,173,173,173,173,173,173,173,173,173,173,173,173,173,1-1207,13,7,1-1207,66,2,0,3,4.901577949523926,0.07426633256854433
66,66,66,66,66,66,66,66,66,66,66,66,66,66,66,66,66,66,66,66,66,66,66,66,66,66,66,MLG48,19,21,MLG48,159,5,0,7,11.77034854888916,0.07402734936408277
337,337,337,337,337,337,337,337,337,337,337,337,337,337,337,337,337,337,337,337,337,337,337,337,337,337,337,1-6532,21,1,1-6532,27,1,0,1,1.9671926498413086,0.07285898703115957
342,342,342,342,342,342,342,342,342,342,342,342,342,342,342,342,342,342,342,342,342,342,342,342,342,342,342,1-6531,9,18,1-6531,27,0,0,2,1.9343852996826172,0.07164389998824508
341,341,341,341,341,341,341,341,341,341,341,341,341,341,341,341,341,341,341,341,341,341,341,341,341,341,341,1-9870,6,15,1-9870,27,0,0,2,1.9343852996826172,0.07164389998824508
167,167,167,167,167,167,167,167,167,167,167,167,167,167,167,167,167,167,167,167,167,167,167,167,167,167,167,72-12387,1,10,72-12387,71,3,0,2,4.934385299682617,0.06949838450257208
453,453,453,453,453,453,453,453,453,453,453,453,453,453,453,453,453,453,453,453,453,453,453,453,453,453,453,1-5036,9,18,1-5036,14,0,0,1,0.9671926498413086,0.06908518927437919
321,321,321,321,321,321,321,321,321,321,321,321,321,321,321,321,321,321,321,321,321,321,321,321,321,321,321,1-7752,21,1,1-7752,29,2,0,0,2.0,0.06896551724137931
323,323,323,323,323,323,323,323,323,323,323,323,323,323,323,323,323,323,323,323,323,323,323,323,323,323,323,1-13247,19,21,1-13247,29,0,0,2,1.9343852996826172,0.0667029413683661
443,443,443,443,443,443,443,443,443,443,443,443,443,443,443,443,443,443,443,443,443,443,443,443,443,443,443,1-19222,1,10,1-19222,15,1,0,0,1.0,0.06666666666666667
318,318,318,318,318,318,318,318,318,318,318,318,318,318,318,318,318,318,318,318,318,318,318,318,318,318,318,1-9902,9,18,1-9902,30,1,0,1,1.9671926498413086,0.06557308832804362
311,311,311,311,311,311,311,311,311,311,311,311,311,311,311,311,311,311,311,311,311,311,311,311,311,311,311,1-8938,10,23,1-8938,30,0,0,2,1.9343852996826172,0.06447950998942058
444,444,444,444,444,444,444,444,444,444,444,444,444,444,444,444,444,444,444,444,444,444,444,444,444,444,444,1-8906,14,8,1-8906,15,0,0,1,0.9671926498413086,0.06447950998942058
229,229,229,229,229,229,229,229,229,229,229,229,229,229,229,229,229,229,229,229,229,229,229,229,229,229,229,1-18423,13,7,1-18423,47,2,0,1,2.9671926498413086,0.06313175850726188
428,428,428,428,428,428,428,428,428,428,428,428,428,428,428,428,428,428,428,428,428,428,428,428,428,428,428,1-9606,6,15,1-9606,16,1,0,0,1.0,0.0625
427,427,427,427,427,427,427,427,427,427,427,427,427,427,427,427,427,427,427,427,427,427,427,427,427,427,427,1-3104,13,7,1-3104,16,0,0,1,0.9671926498413086,0.06044954061508179
438,438,438,438,438,438,438,438,438,438,438,438,438,438,438,438,438,438,438,438,438,438,438,438,438,438,438,1-5163,21,1,1-5163,16,0,0,1,0.9671926498413086,0.06044954061508179
42,42,42,42,42,42,42,42,42,42,42,42,42,42,42,42,42,42,42,42,42,42,42,42,42,42,42,1-8541,13,7,1-8541,232,4,0,10,13.671926498413086,0.058930717665573645
293,293,293,293,293,293,293,293,293,293,293,293,293,293,293,293,293,293,293,293,293,293,293,293,293,293,293,1-1250,2,11,1-1250,34,1,0,1,1.9671926498413086,0.057858607348273784
115,115,115,115,115,115,115,115,115,115,115,115,115,115,115,115,115,115,115,115,115,115,115,115,115,115,115,1-8421,19,21,1-8421,109,5,0,1,5.967192649841309,0.05474488669579182
135,135,135,135,135,135,135,135,135,135,135,135,135,135,135,135,135,135,135,135,135,135,135,135,135,135,135,MLG07,14,8,MLG07,90,2,0,3,4.901577949523926,0.05446197721693251
415,415,415,415,415,415,415,415,415,415,415,415,415,415,415,415,415,415,415,415,415,415,415,415,415,415,415,1-9465,5,14,1-9465,18,0,0,1,0.9671926498413086,0.05373292499118381
407,407,407,407,407,407,407,407,407,407,407,407,407,407,407,407,407,407,407,407,407,407,407,407,407,407,407,1-9549,10,23,1-9549,18,0,0,1,0.9671926498413086,0.05373292499118381
409,409,409,409,409,409,409,409,409,409,409,409,409,409,409,409,409,409,409,409,409,409,409,409,409,409,409,1-5744,9,18,1-5744,18,0,0,1,0.9671926498413086,0.05373292499118381
279,279,279,279,279,279,279,279,279,279,279,279,279,279,279,279,279,279,279,279,279,279,279,279,279,279,279,1-6642,6,15,1-6642,36,0,0,2,1.9343852996826172,0.05373292499118381
402,402,402,402,402,402,402,402,402,402,402,402,402,402,402,402,402,402,402,402,402,402,402,402,402,402,402,1-18603,1,10,1-18603,19,0,0,1,0.9671926498413086,0.05090487630743729
265,265,265,265,265,265,265,265,265,265,265,265,265,265,265,265,265,265,265,265,265,265,265,265,265,265,265,1-1204,21,1,1-1204,39,1,0,1,1.9671926498413086,0.05044083717541817
398,398,398,398,398,398,398,398,398,398,398,398,398,398,398,398,398,398,398,398,398,398,398,398,398,398,398,1-20047,5,14,1-20047,20,1,0,0,1.0,0.05
262,262,262,262,262,262,262,262,262,262,262,262,262,262,262,262,262,262,262,262,262,262,262,262,262,262,262,1-8172,18,23,1-8172,40,0,0,2,1.9343852996826172,0.04835963249206543
397,397,397,397,397,397,397,397,397,397,397,397,397,397,397,397,397,397,397,397,397,397,397,397,397,397,397,1-9839,2,11,1-9839,20,0,0,1,0.9671926498413086,0.04835963249206543
250,250,250,250,250,250,250,250,250,250,250,250,250,250,250,250,250,250,250,250,250,250,250,250,250,250,250,1-18234,9,18,1-18234,43,1,0,1,1.9671926498413086,0.04574866627537927
252,252,252,252,252,252,252,252,252,252,252,252,252,252,252,252,252,252,252,252,252,252,252,252,252,252,252,1-6918,7,16,1-6918,43,0,0,2,1.9343852996826172,0.04498570464378179
110,110,110,110,110,110,110,110,110,110,110,110,110,110,110,110,110,110,110,110,110,110,110,110,110,110,110,1-9137,20,20,1-9137,111,3,0,2,4.934385299682617,0.04445392161876232
113,113,113,113,113,113,113,113,113,113,113,113,113,113,113,113,113,113,113,113,113,113,113,113,113,113,113,1-7341,6,15,1-7341,110,1,0,4,4.868770599365234,0.04426155090332031
241,241,241,241,241,241,241,241,241,241,241,241,241,241,241,241,241,241,241,241,241,241,241,241,241,241,241,1-6216,14,8,1-6216,45,1,0,1,1.9671926498413086,0.04371539221869575
240,240,240,240,240,240,240,240,240,240,240,240,240,240,240,240,240,240,240,240,240,240,240,240,240,240,240,1-8174,1,10,1-8174,45,0,0,2,1.9343852996826172,0.04298633999294705
373,373,373,373,373,373,373,373,373,373,373,373,373,373,373,373,373,373,373,373,373,373,373,373,373,373,373,1-8488,21,1,1-8488,23,0,0,1,0.9671926498413086,0.04205185434092646
225,225,225,225,225,225,225,225,225,225,225,225,225,225,225,225,225,225,225,225,225,225,225,225,225,225,225,1-8767,21,1,1-8767,48,2,0,0,2.0,0.041666666666666664
361,361,361,361,361,361,361,361,361,361,361,361,361,361,361,361,361,361,361,361,361,361,361,361,361,361,361,1-10696,21,1,1-10696,24,1,0,0,1.0,0.041666666666666664
362,362,362,362,362,362,362,362,362,362,362,362,362,362,362,362,362,362,362,362,362,362,362,362,362,362,362,1-1827,21,1,1-1827,24,1,0,0,1.0,0.041666666666666664
164,164,164,164,164,164,164,164,164,164,164,164,164,164,164,164,164,164,164,164,164,164,164,164,164,164,164,72-0103,14,8,72-0103,71,1,0,2,2.934385299682617,0.04132937041806503
162,162,162,162,162,162,162,162,162,162,162,162,162,162,162,162,162,162,162,162,162,162,162,162,162,162,162,1-7614,13,7,1-7614,72,2,0,1,2.9671926498413086,0.04121100902557373
74,74,74,74,74,74,74,74,74,74,74,74,74,74,74,74,74,74,74,74,74,74,74,74,74,74,74,1-8074,20,20,1-8074,145,3,0,3,5.901577949523926,0.04070053758292363
349,349,349,349,349,349,349,349,349,349,349,349,349,349,349,349,349,349,349,349,349,349,349,349,349,349,349,1-8186,17,21,1-8186,26,0,0,1,0.9671926498413086,0.03719971730158879
339,339,339,339,339,339,339,339,339,339,339,339,339,339,339,339,339,339,339,339,339,339,339,339,339,339,339,1-9850,21,1,1-9850,27,1,0,0,1.0,0.037037037037037035
204,204,204,204,204,204,204,204,204,204,204,204,204,204,204,204,204,204,204,204,204,204,204,204,204,204,204,1-8576,20,20,1-8576,55,2,0,0,2.0,0.03636363636363636
313,313,313,313,313,313,313,313,313,313,313,313,313,313,313,313,313,313,313,313,313,313,313,313,313,313,313,1-8641,5,14,1-8641,30,0,0,1,0.9671926498413086,0.03223975499471029
178,178,178,178,178,178,178,178,178,178,178,178,178,178,178,178,178,178,178,178,178,178,178,178,178,178,178,1-0405,8,17,1-0405,64,2,0,0,2.0,0.03125
307,307,307,307,307,307,307,307,307,307,307,307,307,307,307,307,307,307,307,307,307,307,307,307,307,307,307,1-9739,18,3,1-9739,31,0,0,1,0.9671926498413086,0.03119976289810673
303,303,303,303,303,303,303,303,303,303,303,303,303,303,303,303,303,303,303,303,303,303,303,303,303,303,303,1-18714,8,17,1-18714,32,0,0,1,0.9671926498413086,0.030224770307540894
287,287,287,287,287,287,287,287,287,287,287,287,287,287,287,287,287,287,287,287,287,287,287,287,287,287,287,1-2596,17,2,1-2596,35,1,0,0,1.0,0.02857142857142857
171,171,171,171,171,171,171,171,171,171,171,171,171,171,171,171,171,171,171,171,171,171,171,171,171,171,171,1-9645,21,1,1-9645,69,1,0,1,1.9671926498413086,0.028510038403497227
270,270,270,270,270,270,270,270,270,270,270,270,270,270,270,270,270,270,270,270,270,270,270,270,270,270,270,1-9651,10,23,1-9651,38,0,0,1,0.9671926498413086,0.025452438153718646
232,232,232,232,232,232,232,232,232,232,232,232,232,232,232,232,232,232,232,232,232,232,232,232,232,232,232,1-8095,14,8,1-8095,46,0,0,1,0.9671926498413086,0.02102592717046323
226,226,226,226,226,226,226,226,226,226,226,226,226,226,226,226,226,226,226,226,226,226,226,226,226,226,226,1-4634,7,16,1-4634,48,1,0,0,1.0,0.020833333333333332
223,223,223,223,223,223,223,223,223,223,223,223,223,223,223,223,223,223,223,223,223,223,223,223,223,223,223,1-6228,14,23,1-6228,48,0,0,1,0.9671926498413086,0.020149846871693928
205,205,205,205,205,205,205,205,205,205,205,205,205,205,205,205,205,205,205,205,205,205,205,205,205,205,205,1-8398,21,1,1-8398,54,1,0,0,1.0,0.018518518518518517
207,207,207,207,207,207,207,207,207,207,207,207,207,207,207,207,207,207,207,207,207,207,207,207,207,207,207,1-8622,9,18,1-8622,54,0,0,1,0.9671926498413086,0.01791097499706127
196,196,196,196,196,196,196,196,196,196,196,196,196,196,196,196,196,196,196,196,196,196,196,196,196,196,196,1-6743,19,21,1-6743,58,0,0,1,0.9671926498413086,0.016675735342091526
187,187,187,187,187,187,187,187,187,187,187,187,187,187,187,187,187,187,187,187,187,187,187,187,187,187,187,1-9955,5,14,1-9955,60,0,0,1,0.9671926498413086,0.016119877497355144
185,185,185,185,185,185,185,185,185,185,185,185,185,185,185,185,185,185,185,185,185,185,185,185,185,185,185,1-2714,21,1,1-2714,61,0,0,1,0.9671926498413086,0.015855617210513255
511,511,511,511,511,511,511,511,511,511,511,511,511,511,511,511,511,511,511,511,511,511,511,511,511,511,511,1-3033,17,2,1-3033,7,0,0,0,0.0,0.0
450,450,450,450,450,450,450,450,450,450,450,450,450,450,450,450,450,450,450,450,450,450,450,450,450,450,450,1-11206,4,23,1-11206,14,0,0,0,0.0,0.0
520,520,520,520,520,520,520,520,520,520,520,520,520,520,520,520,520,520,520,520,520,520,520,520,520,520,520,1-10698,11,5,1-10698,6,0,0,0,0.0,0.0
388,388,388,388,388,388,388,388,388,388,388,388,388,388,388,388,388,388,388,388,388,388,388,388,388,388,388,1-8125,13,7,1-8125,21,0,0,0,0.0,0.0
515,515,515,515,515,515,515,515,515,515,515,515,515,515,515,515,515,515,515,515,515,515,515,515,515,515,515,1-3646,17,2,1-3646,7,0,0,0,0.0,0.0
484,484,484,484,484,484,484,484,484,484,484,484,484,484,484,484,484,484,484,484,484,484,484,484,484,484,484,1-9731,16,4,1-9731,11,0,0,0,0.0,0.0
495,495,495,495,495,495,495,495,495,495,495,495,495,495,495,495,495,495,495,495,495,495,495,495,495,495,495,1-9712,10,23,1-9712,10,0,0,0,0.0,0.0
459,459,459,459,459,459,459,459,459,459,459,459,459,459,459,459,459,459,459,459,459,459,459,459,459,459,459,1-19839,5,14,1-19839,13,0,0,0,0.0,0.0
347,347,347,347,347,347,347,347,347,347,347,347,347,347,347,347,347,347,347,347,347,347,347,347,347,347,347,1-7204,18,23,1-7204,26,0,0,0,0.0,0.0
366,366,366,366,366,366,366,366,366,366,366,366,366,366,366,366,366,366,366,366,366,366,366,366,366,366,366,1-9444,7,16,1-9444,24,0,0,0,0.0,0.0
284,284,284,284,284,284,284,284,284,284,284,284,284,284,284,284,284,284,284,284,284,284,284,284,284,284,284,1-2584,11,5,1-2584,36,0,0,0,0.0,0.0
512,512,512,512,512,512,512,512,512,512,512,512,512,512,512,512,512,512,512,512,512,512,512,512,512,512,512,1-5799,18,23,1-5799,7,0,0,0,0.0,0.0
439,439,439,439,439,439,439,439,439,439,439,439,439,439,439,439,439,439,439,439,439,439,439,439,439,439,439,1-4682,2,23,1-4682,16,0,0,0,0.0,0.0
170,170,170,170,170,170,170,170,170,170,170,170,170,170,170,170,170,170,170,170,170,170,170,170,170,170,170,1-6594,14,8,1-6594,70,0,0,0,0.0,0.0
513,513,513,513,513,513,513,513,513,513,513,513,513,513,513,513,513,513,513,513,513,513,513,513,513,513,513,1-5530,21,23,1-5530,7,0,0,0,0.0,0.0
551,551,551,551,551,551,551,551,551,551,551,551,551,551,551,551,551,551,551,551,551,551,551,551,551,551,551,1-19567,14,21,1-19567,2,0,0,0,0.0,0.0
340,340,340,340,340,340,340,340,340,340,340,340,340,340,340,340,340,340,340,340,340,340,340,340,340,340,340,1-3519,9,18,1-3519,27,0,0,0,0.0,0.0
553,553,553,553,553,553,553,553,553,553,553,553,553,553,553,553,553,553,553,553,553,553,553,553,553,553,553,1-4847,1,1,1-4847,2,0,0,0,0.0,0.0
555,555,555,555,555,555,555,555,555,555,555,555,555,555,555,555,555,555,555,555,555,555,555,555,555,555,555,1-6028,5,14,1-6028,2,0,0,0,0.0,0.0
483,483,483,483,483,483,483,483,483,483,483,483,483,483,483,483,483,483,483,483,483,483,483,483,483,483,483,1-8578,15,9,1-8578,11,0,0,0,0.0,0.0
516,516,516,516,516,516,516,516,516,516,516,516,516,516,516,516,516,516,516,516,516,516,516,516,516,516,516,1-9447,1,10,1-9447,7,0,0,0,0.0,0.0
390,390,390,390,390,390,390,390,390,390,390,390,390,390,390,390,390,390,390,390,390,390,390,390,390,390,390,1-20003,7,16,1-20003,21,0,0,0,0.0,0.0
538,538,538,538,538,538,538,538,538,538,538,538,538,538,538,538,538,538,538,538,538,538,538,538,538,538,538,1-5929,1,10,1-5929,4,0,0,0,0.0,0.0
536,536,536,536,536,536,536,536,536,536,536,536,536,536,536,536,536,536,536,536,536,536,536,536,536,536,536,1-10232,8,17,1-10232,5,0,0,0,0.0,0.0
422,422,422,422,422,422,422,422,422,422,422,422,422,422,422,422,422,422,422,422,422,422,422,422,422,422,422,1-7536,18,21,1-7536,17,0,0,0,0.0,0.0
517,517,517,517,517,517,517,517,517,517,517,517,517,517,517,517,517,517,517,517,517,517,517,517,517,517,517,1-7321,8,17,1-7321,7,0,0,0,0.0,0.0
548,548,548,548,548,548,548,548,548,548,548,548,548,548,548,548,548,548,548,548,548,548,548,548,548,548,548,1-5914,19,21,1-5914,3,0,0,0,0.0,0.0
502,502,502,502,502,502,502,502,502,502,502,502,502,502,502,502,502,502,502,502,502,502,502,502,502,502,502,72-11994,9,18,72-11994,8,0,0,0,0.0,0.0
254,254,254,254,254,254,254,254,254,254,254,254,254,254,254,254,254,254,254,254,254,254,254,254,254,254,254,1-2025,13,7,1-2025,41,0,0,0,0.0,0.0
509,509,509,509,509,509,509,509,509,509,509,509,509,509,509,509,509,509,509,509,509,509,509,509,509,509,509,P-16454,1,10,P-16454,8,0,0,0,0.0,0.0
535,535,535,535,535,535,535,535,535,535,535,535,535,535,535,535,535,535,535,535,535,535,535,535,535,535,535,1-8566,5,14,1-8566,5,0,0,0,0.0,0.0
424,424,424,424,424,424,424,424,424,424,424,424,424,424,424,424,424,424,424,424,424,424,424,424,424,424,424,1-1177,8,17,1-1177,17,0,0,0,0.0,0.0
480,480,480,480,480,480,480,480,480,480,480,480,480,480,480,480,480,480,480,480,480,480,480,480,480,480,480,1-5653,9,18,1-5653,11,0,0,0,0.0,0.0
559,559,559,559,559,559,559,559,559,559,559,559,559,559,559,559,559,559,559,559,559,559,559,559,559,559,559,1-10978,1,10,1-10978,1,0,0,0,0.0,0.0
469,469,469,469,469,469,469,469,469,469,469,469,469,469,469,469,469,469,469,469,469,469,469,469,469,469,469,1-6543,21,1,1-6543,12,0,0,0,0.0,0.0
188,188,188,188,188,188,188,188,188,188,188,188,188,188,188,188,188,188,188,188,188,188,188,188,188,188,188,1-7722,19,21,1-7722,60,0,0,0,0.0,0.0
557,557,557,557,557,557,557,557,557,557,557,557,557,557,557,557,557,557,557,557,557,557,557,557,557,557,557,1-19927,1,10,1-19927,1,0,0,0,0.0,0.0
465,465,465,465,465,465,465,465,465,465,465,465,465,465,465,465,465,465,465,465,465,465,465,465,465,465,465,1-18498,21,1,1-18498,13,0,0,0,0.0,0.0
556,556,556,556,556,556,556,556,556,556,556,556,556,556,556,556,556,556,556,556,556,556,556,556,556,556,556,1-9455,1,1,1-9455,2,0,0,0,0.0,0.0
353,353,353,353,353,353,353,353,353,353,353,353,353,353,353,353,353,353,353,353,353,353,353,353,353,353,353,1-9331,1,10,1-9331,25,0,0,0,0.0,0.0
491,491,491,491,491,491,491,491,491,491,491,491,491,491,491,491,491,491,491,491,491,491,491,491,491,491,491,1-5555,21,21,1-5555,10,0,0,0,0.0,0.0
562,562,562,562,562,562,562,562,562,562,562,562,562,562,562,562,562,562,562,562,562,562,562,562,562,562,562,1-6931,1,10,1-6931,1,0,0,0,0.0,0.0
314,314,314,314,314,314,314,314,314,314,314,314,314,314,314,314,314,314,314,314,314,314,314,314,314,314,314,1-4088,11,20,1-4088,30,0,0,0,0.0,0.0
391,391,391,391,391,391,391,391,391,391,391,391,391,391,391,391,391,391,391,391,391,391,391,391,391,391,391,72-18936,5,14,72-18936,20,0,0,0,0.0,0.0
192,192,192,192,192,192,192,192,192,192,192,192,192,192,192,192,192,192,192,192,192,192,192,192,192,192,192,1-8021,21,1,1-8021,58,0,0,0,0.0,0.0
561,561,561,561,561,561,561,561,561,561,561,561,561,561,561,561,561,561,561,561,561,561,561,561,561,561,561,1-21195,1,10,1-21195,1,0,0,0,0.0,0.0
554,554,554,554,554,554,554,554,554,554,554,554,554,554,554,554,554,554,554,554,554,554,554,554,554,554,554,1-10948,1,10,1-10948,2,0,0,0,0.0,0.0
547,547,547,547,547,547,547,547,547,547,547,547,547,547,547,547,547,547,547,547,547,547,547,547,547,547,547,1-9838,20,20,1-9838,3,0,0,0,0.0,0.0
519,519,519,519,519,519,519,519,519,519,519,519,519,519,519,519,519,519,519,519,519,519,519,519,519,519,519,1-10762,20,20,1-10762,6,0,0,0,0.0,0.0
408,408,408,408,408,408,408,408,408,408,408,408,408,408,408,408,408,408,408,408,408,408,408,408,408,408,408,1-9495,11,5,1-9495,18,0,0,0,0.0,0.0
198,198,198,198,198,198,198,198,198,198,198,198,198,198,198,198,198,198,198,198,198,198,198,198,198,198,198,1-8401,5,14,1-8401,57,0,0,0,0.0,0.0
485,485,485,485,485,485,485,485,485,485,485,485,485,485,485,485,485,485,485,485,485,485,485,485,485,485,485,1-4361,1,10,1-4361,10,0,0,0,0.0,0.0
523,523,523,523,523,523,523,523,523,523,523,523,523,523,523,523,523,523,523,523,523,523,523,523,523,523,523,1-3175,14,20,1-3175,6,0,0,0,0.0,0.0
363,363,363,363,363,363,363,363,363,363,363,363,363,363,363,363,363,363,363,363,363,363,363,363,363,363,363,1-5167,13,7,1-5167,24,0,0,0,0.0,0.0
537,537,537,537,537,537,537,537,537,537,537,537,537,537,537,537,537,537,537,537,537,537,537,537,537,537,537,1-5990,5,14,1-5990,5,0,0,0,0.0,0.0
413,413,413,413,413,413,413,413,413,413,413,413,413,413,413,413,413,413,413,413,413,413,413,413,413,413,413,1-0022,1,10,1-0022,18,0,0,0,0.0,0.0
119,119,119,119,119,119,119,119,119,119,119,119,119,119,119,119,119,119,119,119,119,119,119,119,119,119,119,1-9646,17,2,1-9646,105,0,0,0,0.0,0.0
524,524,524,524,524,524,524,524,524,524,524,524,524,524,524,524,524,524,524,524,524,524,524,524,524,524,524,1-7525,13,7,1-7525,6,0,0,0,0.0,0.0
549,549,549,549,549,549,549,549,549,549,549,549,549,549,549,549,549,549,549,549,549,549,549,549,549,549,549,1-7599,15,9,1-7599,3,0,0,0,0.0,0.0
508,508,508,508,508,508,508,508,508,508,508,508,508,508,508,508,508,508,508,508,508,508,508,508,508,508,508,1-9806,9,18,1-9806,8,0,0,0,0.0,0.0
460,460,460,460,460,460,460,460,460,460,460,460,460,460,460,460,460,460,460,460,460,460,460,460,460,460,460,1-20791,11,5,1-20791,13,0,0,0,0.0,0.0
461,461,461,461,461,461,461,461,461,461,461,461,461,461,461,461,461,461,461,461,461,461,461,461,461,461,461,1-2153,12,6,1-2153,13,0,0,0,0.0,0.0
200,200,200,200,200,200,200,200,200,200,200,200,200,200,200,200,200,200,200,200,200,200,200,200,200,200,200,1-8020,1,10,1-8020,56,0,0,0,0.0,0.0
374,374,374,374,374,374,374,374,374,374,374,374,374,374,374,374,374,374,374,374,374,374,374,374,374,374,374,1-18202,1,10,1-18202,23,0,0,0,0.0,0.0
394,394,394,394,394,394,394,394,394,394,394,394,394,394,394,394,394,394,394,394,394,394,394,394,394,394,394,1-9697,19,21,1-9697,20,0,0,0,0.0,0.0
522,522,522,522,522,522,522,522,522,522,522,522,522,522,522,522,522,522,522,522,522,522,522,522,522,522,522,1-3178,1,10,1-3178,6,0,0,0,0.0,0.0
528,528,528,528,528,528,528,528,528,528,528,528,528,528,528,528,528,528,528,528,528,528,528,528,528,528,528,1-8623,1,10,1-8623,5,0,0,0,0.0,0.0
396,396,396,396,396,396,396,396,396,396,396,396,396,396,396,396,396,396,396,396,396,396,396,396,396,396,396,1-7721,7,16,1-7721,20,0,0,0,0.0,0.0
494,494,494,494,494,494,494,494,494,494,494,494,494,494,494,494,494,494,494,494,494,494,494,494,494,494,494,1-6971,1,10,1-6971,10,0,0,0,0.0,0.0
430,430,430,430,430,430,430,430,430,430,430,430,430,430,430,430,430,430,430,430,430,430,430,430,430,430,430,1-8023,10,23,1-8023,16,0,0,0,0.0,0.0
475,475,475,475,475,475,475,475,475,475,475,475,475,475,475,475,475,475,475,475,475,475,475,475,475,475,475,1-4499,10,23,1-4499,12,0,0,0,0.0,0.0
560,560,560,560,560,560,560,560,560,560,560,560,560,560,560,560,560,560,560,560,560,560,560,560,560,560,560,1-19924,1,10,1-19924,1,0,0,0,0.0,0.0
543,543,543,543,543,543,543,543,543,543,543,543,543,543,543,543,543,543,543,543,543,543,543,543,543,543,543,1-7608,9,18,1-7608,4,0,0,0,0.0,0.0
527,527,527,527,527,527,527,527,527,527,527,527,527,527,527,527,527,527,527,527,527,527,527,527,527,527,527,1-17790,11,20,1-17790,5,0,0,0,0.0,0.0
564,564,564,564,564,564,564,564,564,564,564,564,564,564,564,564,564,564,564,564,564,564,564,564,564,564,564,1-7527,4,1,1-7527,1,0,0,0,0.0,0.0
542,542,542,542,542,542,542,542,542,542,542,542,542,542,542,542,542,542,542,542,542,542,542,542,542,542,542,1-8093,8,17,1-8093,4,0,0,0,0.0,0.0
486,486,486,486,486,486,486,486,486,486,486,486,486,486,486,486,486,486,486,486,486,486,486,486,486,486,486,1-5406,2,11,1-5406,10,0,0,0,0.0,0.0
383,383,383,383,383,383,383,383,383,383,383,383,383,383,383,383,383,383,383,383,383,383,383,383,383,383,383,1-3521,21,1,1-3521,22,0,0,0,0.0,0.0
333,333,333,333,333,333,333,333,333,333,333,333,333,333,333,333,333,333,333,333,333,333,333,333,333,333,333,1-9996,21,1,1-9996,28,0,0,0,0.0,0.0
558,558,558,558,558,558,558,558,558,558,558,558,558,558,558,558,558,558,558,558,558,558,558,558,558,558,558,1-10951,14,8,1-10951,1,0,0,0,0.0,0.0
552,552,552,552,552,552,552,552,552,552,552,552,552,552,552,552,552,552,552,552,552,552,552,552,552,552,552,1-19568,4,1,1-19568,2,0,0,0,0.0,0.0
282,282,282,282,282,282,282,282,282,282,282,282,282,282,282,282,282,282,282,282,282,282,282,282,282,282,282,1-2104,1,10,1-2104,36,0,0,0,0.0,0.0
364,364,364,364,364,364,364,364,364,364,364,364,364,364,364,364,364,364,364,364,364,364,364,364,364,364,364,1-9253,1,10,1-9253,24,0,0,0,0.0,0.0
335,335,335,335,335,335,335,335,335,335,335,335,335,335,335,335,335,335,335,335,335,335,335,335,335,335,335,1-18735,7,16,1-18735,27,0,0,0,0.0,0.0
367,367,367,367,367,367,367,367,367,367,367,367,367,367,367,367,367,367,367,367,367,367,367,367,367,367,367,1-9995,9,18,1-9995,24,0,0,0,0.0,0.0
120,120,120,120,120,120,120,120,120,120,120,120,120,120,120,120,120,120,120,120,120,120,120,120,120,120,120,1-2670,11,5,1-2670,104,0,0,0,0.0,0.0
539,539,539,539,539,539,539,539,539,539,539,539,539,539,539,539,539,539,539,539,539,539,539,539,539,539,539,1-21192,14,1,1-21192,4,0,0,0,0.0,0.0
463,463,463,463,463,463,463,463,463,463,463,463,463,463,463,463,463,463,463,463,463,463,463,463,463,463,463,1-20467,5,14,1-20467,13,0,0,0,0.0,0.0
563,563,563,563,563,563,563,563,563,563,563,563,563,563,563,563,563,563,563,563,563,563,563,563,563,563,563,1-8352,1,10,1-8352,1,0,0,0,0.0,0.0
476,476,476,476,476,476,476,476,476,476,476,476,476,476,476,476,476,476,476,476,476,476,476,476,476,476,476,1-2178,2,11,1-2178,12,0,0,0,0.0,0.0
499,499,499,499,499,499,499,499,499,499,499,499,499,499,499,499,499,499,499,499,499,499,499,499,499,499,499,1-17645,18,3,1-17645,9,0,0,0,0.0,0.0
541,541,541,541,541,541,541,541,541,541,541,541,541,541,541,541,541,541,541,541,541,541,541,541,541,541,541,1-8532,20,21,1-8532,4,0,0,0,0.0,0.0
565,565,565,565,565,565,565,565,565,565,565,565,565,565,565,565,565,565,565,565,565,565,565,565,565,565,565,1-10922,1,10,1-10922,1,0,0,0,0.0,0.0
