Unnamed: 0.12,Unnamed: 0.11,Unnamed: 0.10,Unnamed: 0.9,Unnamed: 0.8,Unnamed: 0.7,Unnamed: 0.6,Unnamed: 0.5,Unnamed: 0.4,Unnamed: 0.3,Unnamed: 0.2,Unnamed: 0.1,Unnamed: 0,Exam Group,Exam Block,slot,exam,size,b2bs,confs,2i3s,score,score_norm
141,141,141,141,141,141,141,141,141,141,141,141,141,MLG45,20,17,MLG45,70,10,1,10,1017.8934305906296,14.54133472272328
4,4,4,4,4,4,4,4,4,4,4,4,4,1-6240,20,17,1-6240,698,70,1,131,1173.4039407372475,1.6810944709702687
399,399,399,399,399,399,399,399,399,399,399,399,399,MLG60,15,6,MLG60,47,25,0,8,31.314744472503662,0.6662711589894397
499,499,499,499,499,499,499,499,499,499,499,499,499,1-8627,20,17,1-8627,25,5,0,13,15.261459767818451,0.610458390712738
394,394,394,394,394,394,394,394,394,394,394,394,394,1-2423,3,11,1-2423,79,14,0,42,47.152408480644226,0.596865930134737
457,457,457,457,457,457,457,457,457,457,457,457,457,1-8503,11,20,1-8503,16,0,0,11,8.682773649692535,0.5426733531057835
166,166,166,166,166,166,166,166,166,166,166,166,166,MLG40,14,8,MLG40,51,18,0,12,27.472116708755493,0.5386689550736371
190,190,190,190,190,190,190,190,190,190,190,190,190,1-2382,8,16,1-2382,139,28,0,59,74.57124048471451,0.536483744494349
526,526,526,526,526,526,526,526,526,526,526,526,526,1-5002,11,7,1-5002,45,6,0,22,23.36554729938507,0.5192343844307794
251,251,251,251,251,251,251,251,251,251,251,251,251,1-7268,6,13,1-7268,70,12,0,30,35.68029177188873,0.5097184538841247
322,322,322,322,322,322,322,322,322,322,322,322,322,1-0296,18,18,1-0296,41,12,0,10,19.893430590629578,0.485205624161697
346,346,346,346,346,346,346,346,346,346,346,346,346,MLG32,14,8,MLG32,52,7,0,22,24.36554729938507,0.46856821729586673
345,345,345,345,345,345,345,345,345,345,345,345,345,1-1131,3,11,1-1131,138,37,0,35,64.62700706720352,0.46831164541451825
161,161,161,161,161,161,161,161,161,161,161,161,161,MLG41,14,8,MLG41,66,14,0,21,30.576204240322113,0.4632758218230623
485,485,485,485,485,485,485,485,485,485,485,485,485,1-5980,8,12,1-5980,29,7,0,8,13.314744472503662,0.4591291197415056
106,106,106,106,106,106,106,106,106,106,106,106,106,MLG69,18,18,MLG69,576,106,0,198,262.28992569446564,0.4553644543306695
474,474,474,474,474,474,474,474,474,474,474,474,474,1-8400,10,20,1-8400,33,0,0,19,14.997518122196198,0.4544702461271575
217,217,217,217,217,217,217,217,217,217,217,217,217,1-9630,7,19,1-9630,33,10,0,6,14.736058354377747,0.4465472228599317
300,300,300,300,300,300,300,300,300,300,300,300,300,1-4020,17,14,1-4020,37,10,0,8,16.314744472503662,0.4409390397973963
367,367,367,367,367,367,367,367,367,367,367,367,367,1-8544,7,10,1-8544,54,7,0,21,23.576204240322113,0.4365963748207799
422,422,422,422,422,422,422,422,422,422,422,422,422,1-6878,17,15,1-6878,167,8,0,82,72.72613084316254,0.435485813432111
329,329,329,329,329,329,329,329,329,329,329,329,329,1-1317,10,20,1-1317,414,15,0,208,179.18335628509521,0.4328100393359788
140,140,140,140,140,140,140,140,140,140,140,140,140,1-2294,4,6,1-2294,75,30,0,3,32.36802917718887,0.4315737223625183
390,390,390,390,390,390,390,390,390,390,390,390,390,MLG64,14,8,MLG64,245,27,0,98,104.35561978816986,0.4259413052578362
437,437,437,437,437,437,437,437,437,437,437,437,437,1-6980,6,13,1-6980,128,11,0,55,54.41386824846268,0.42510834569111466
237,237,237,237,237,237,237,237,237,237,237,237,237,1-9667,13,9,1-9667,14,2,0,5,5.946715295314789,0.42476537823677063
404,404,404,404,404,404,404,404,404,404,404,404,404,1-4682,16,12,1-4682,16,6,0,1,6.789343059062958,0.42433394119143486
486,486,486,486,486,486,486,486,486,486,486,486,486,1-8678,2,22,1-8678,17,4,0,4,7.157372236251831,0.4210218962501077
281,281,281,281,281,281,281,281,281,281,281,281,281,1-9995,13,9,1-9995,24,3,0,9,10.10408753156662,0.42100364714860916
234,234,234,234,234,234,234,234,234,234,234,234,234,MLG29,11,7,MLG29,164,35,0,43,68.94175153970718,0.4203765337787023
199,199,199,199,199,199,199,199,199,199,199,199,199,MLG39,8,16,MLG39,23,4,0,7,9.525401413440704,0.4141478875409002
552,552,552,552,552,552,552,552,552,552,552,552,552,MLG46,7,19,MLG46,17,7,0,0,7.0,0.4117647058823529
171,171,171,171,171,171,171,171,171,171,171,171,171,1-8100,7,19,1-8100,19,7,0,1,7.789343059062958,0.4099654241612083
464,464,464,464,464,464,464,464,464,464,464,464,464,1-10060,20,10,1-10060,36,10,0,6,14.736058354377747,0.4093349542882707
153,153,153,153,153,153,153,153,153,153,153,153,153,1-1350,20,17,1-1350,195,41,0,49,79.67780989408493,0.40860415330299965
446,446,446,446,446,446,446,446,446,446,446,446,446,1-3534,9,10,1-3534,279,69,0,55,112.41386824846268,0.402917090496282
452,452,452,452,452,452,452,452,452,452,452,452,452,1-8529,15,6,1-8529,56,5,0,22,22.36554729938507,0.39938477320330484
350,350,350,350,350,350,350,350,350,350,350,350,350,1-2282,8,16,1-2282,219,51,0,46,87.30978071689606,0.3986747977940459
353,353,353,353,353,353,353,353,353,353,353,353,353,MLG50,7,19,MLG50,319,109,0,23,127.15489035844803,0.3986046719700565
279,279,279,279,279,279,279,279,279,279,279,279,279,MLG43,1,15,MLG43,14,4,0,2,5.5786861181259155,0.3984775798661368
544,544,544,544,544,544,544,544,544,544,544,544,544,1-5799,8,16,1-5799,7,2,0,1,2.7893430590629578,0.3984775798661368
505,505,505,505,505,505,505,505,505,505,505,505,505,1-4747,6,13,1-4747,25,6,0,5,9.946715295314789,0.39786861181259153
550,550,550,550,550,550,550,550,550,550,550,550,550,1-19568,18,18,1-19568,2,0,0,1,0.7893430590629578,0.3946715295314789
508,508,508,508,508,508,508,508,508,508,508,508,508,1-8532,3,11,1-8532,4,0,0,2,1.5786861181259155,0.3946715295314789
403,403,403,403,403,403,403,403,403,403,403,403,403,1-1770,7,19,1-1770,35,13,0,1,13.789343059062958,0.39398123025894166
216,216,216,216,216,216,216,216,216,216,216,216,216,1-9887,2,22,1-9887,36,7,0,9,14.10408753156662,0.39178020921018386
536,536,536,536,536,536,536,536,536,536,536,536,536,1-9971,18,19,1-9971,15,5,0,1,5.789343059062958,0.3859562039375305
62,62,62,62,62,62,62,62,62,62,62,62,62,1-9818,3,11,1-9818,28,10,0,1,10.789343059062958,0.3853336806808199
398,398,398,398,398,398,398,398,398,398,398,398,398,1-0303,16,12,1-0303,212,19,0,79,81.35810166597366,0.38376463049987575
483,483,483,483,483,483,483,483,483,483,483,483,483,1-9491,20,17,1-9491,80,18,0,16,30.629488945007324,0.3828686118125916
263,263,263,263,263,263,263,263,263,263,263,263,263,1-6927,14,8,1-6927,179,45,0,29,67.89094871282578,0.37927904308841215
219,219,219,219,219,219,219,219,219,219,219,219,219,1-5653,1,15,1-5653,11,1,0,4,4.157372236251831,0.37794293056834827
298,298,298,298,298,298,298,298,298,298,298,298,298,1-7019,20,17,1-7019,107,8,0,41,40.36306542158127,0.3772249104820679
13,13,13,13,13,13,13,13,13,13,13,13,13,1-9805,16,12,1-9805,26,5,0,6,9.736058354377747,0.37446378286068255
293,293,293,293,293,293,293,293,293,293,293,293,293,1-8066,1,15,1-8066,86,14,0,23,32.15489035844803,0.3738940739354422
400,400,400,400,400,400,400,400,400,400,400,400,400,1-18709,11,7,1-18709,33,2,0,13,12.261459767818451,0.3715593869035894
524,524,524,524,524,524,524,524,524,524,524,524,524,1-9338,10,20,1-9338,29,6,0,6,10.736058354377747,0.3702089087716464
128,128,128,128,128,128,128,128,128,128,128,128,128,1-19286,13,9,1-19286,40,10,0,6,14.736058354377747,0.36840145885944364
512,512,512,512,512,512,512,512,512,512,512,512,512,1-3033,2,22,1-3033,7,1,0,2,2.5786861181259155,0.36838373116084505
264,264,264,264,264,264,264,264,264,264,264,264,264,P-0009,3,11,P-0009,7,1,0,2,2.5786861181259155,0.36838373116084505
208,208,208,208,208,208,208,208,208,208,208,208,208,1-10468,10,20,1-10468,549,46,0,197,201.50058263540268,0.36703202665829265
332,332,332,332,332,332,332,332,332,332,332,332,332,MLG78,20,17,MLG78,80,22,0,9,29.10408753156662,0.3638010941445827
466,466,466,466,466,466,466,466,466,466,466,466,466,1-5981,3,11,1-5981,28,7,0,4,10.157372236251831,0.3627632941518511
149,149,149,149,149,149,149,149,149,149,149,149,149,MLG58,13,9,MLG58,71,13,0,16,25.629488945007324,0.3609787175353144
302,302,302,302,302,302,302,302,302,302,302,302,302,MLG51,13,9,MLG51,248,54,0,45,89.5204376578331,0.36096950668481087
423,423,423,423,423,423,423,423,423,423,423,423,423,1-7122,13,9,1-7122,197,22,0,62,70.93926966190338,0.36009781554265674
392,392,392,392,392,392,392,392,392,392,392,392,392,1-9609,11,1,1-9609,25,9,0,0,9.0,0.36
253,253,253,253,253,253,253,253,253,253,253,253,253,1-4649,18,18,1-4649,244,38,0,63,87.72861272096634,0.35954349475805875
86,86,86,86,86,86,86,86,86,86,86,86,86,1-9345,2,22,1-9345,47,9,0,10,16.893430590629578,0.3594346934176506
369,369,369,369,369,369,369,369,369,369,369,369,369,1-6594,3,11,1-6594,70,22,0,4,25.15737223625183,0.3593910319464547
331,331,331,331,331,331,331,331,331,331,331,331,331,MLG75,15,6,MLG75,185,56,0,13,66.26145976781845,0.35817005279901865
528,528,528,528,528,528,528,528,528,528,528,528,528,1-6718,14,8,1-6718,20,4,0,4,7.157372236251831,0.35786861181259155
277,277,277,277,277,277,277,277,277,277,277,277,277,1-4051,18,18,1-4051,5,1,0,1,1.7893430590629578,0.35786861181259155
514,514,514,514,514,514,514,514,514,514,514,514,514,1-11206,4,1,1-11206,14,5,0,0,5.0,0.35714285714285715
122,122,122,122,122,122,122,122,122,122,122,122,122,MLG42,20,17,MLG42,14,1,0,5,4.946715295314789,0.3533368068081992
183,183,183,183,183,183,183,183,183,183,183,183,183,1-9496,11,7,1-9496,39,9,0,6,13.736058354377747,0.35220662447122425
294,294,294,294,294,294,294,294,294,294,294,294,294,1-3509,16,15,1-3509,35,6,0,8,12.314744472503662,0.3518498420715332
126,126,126,126,126,126,126,126,126,126,126,126,126,1-8488,16,12,1-8488,23,8,0,0,8.0,0.34782608695652173
154,154,154,154,154,154,154,154,154,154,154,154,154,1-18994,2,22,1-18994,28,5,0,6,9.736058354377747,0.3477163697992052
443,443,443,443,443,443,443,443,443,443,443,443,443,1-3447,8,16,1-3447,110,24,0,18,38.20817506313324,0.347347046028484
311,311,311,311,311,311,311,311,311,311,311,311,311,1-20578,2,10,1-20578,19,5,0,2,6.5786861181259155,0.3462466377961008
416,416,416,416,416,416,416,416,416,416,416,416,416,1-18203,4,1,1-18203,29,10,0,0,10.0,0.3448275862068966
494,494,494,494,494,494,494,494,494,494,494,494,494,1-3265,1,15,1-3265,19,1,0,7,6.525401413440704,0.3434421796547739
513,513,513,513,513,513,513,513,513,513,513,513,513,1-8094,2,22,1-8094,58,8,0,15,19.840145885944366,0.3420714807921442
454,454,454,454,454,454,454,454,454,454,454,454,454,1-0272,9,10,1-0272,111,11,0,34,37.837664008140564,0.3408798559291943
97,97,97,97,97,97,97,97,97,97,97,97,97,1-9237,7,19,1-9237,38,9,0,5,12.946715295314789,0.3407030340872313
427,427,427,427,427,427,427,427,427,427,427,427,427,1-9379,8,16,1-9379,58,11,0,11,19.682773649692535,0.33935816637400923
207,207,207,207,207,207,207,207,207,207,207,207,207,1-7058,12,5,1-7058,80,16,0,14,27.05080282688141,0.33813503533601763
31,31,31,31,31,31,31,31,31,31,31,31,31,1-8938,11,7,1-8938,30,3,0,9,10.10408753156662,0.3368029177188873
91,91,91,91,91,91,91,91,91,91,91,91,91,72-12171,14,17,72-12171,19,4,0,3,6.368029177188873,0.33515943037836177
214,214,214,214,214,214,214,214,214,214,214,214,214,1-0053,11,7,1-0053,142,16,0,40,47.57372236251831,0.3350262138205515
327,327,327,327,327,327,327,327,327,327,327,327,327,P-16616,8,8,P-16616,28,7,0,3,9.368029177188873,0.33457247061388834
490,490,490,490,490,490,490,490,490,490,490,490,490,1-3551,1,15,1-3551,6,2,0,0,2.0,0.3333333333333333
543,543,543,543,543,543,543,543,543,543,543,543,543,1-5803,2,16,1-5803,15,5,0,0,5.0,0.3333333333333333
496,496,496,496,496,496,496,496,496,496,496,496,496,1-3176,1,15,1-3176,3,1,0,0,1.0,0.3333333333333333
39,39,39,39,39,39,39,39,39,39,39,39,39,1-7467,14,8,1-7467,64,15,0,8,21.314744472503662,0.3330428823828697
450,450,450,450,450,450,450,450,450,450,450,450,450,1-2297,10,20,1-2297,25,2,0,8,8.314744472503662,0.33258977890014646
347,347,347,347,347,347,347,347,347,347,347,347,347,1-8188,16,12,1-8188,140,11,0,45,46.5204376578331,0.3322888404130936
540,540,540,540,540,540,540,540,540,540,540,540,540,1-5413,3,11,1-5413,39,9,0,5,12.946715295314789,0.33196705885422534
162,162,162,162,162,162,162,162,162,162,162,162,162,1-8067,10,20,1-8067,322,35,0,90,106.0408753156662,0.32931948855796955
176,176,176,176,176,176,176,176,176,176,176,176,176,1-8042,14,8,1-8042,52,10,0,9,17.10408753156662,0.328924760222435
159,159,159,159,159,159,159,159,159,159,159,159,159,1-10696,12,5,1-10696,24,0,0,10,7.893430590629578,0.3288929412762324
340,340,340,340,340,340,340,340,340,340,340,340,340,1-3362,9,10,1-3362,117,25,0,17,38.41883200407028,0.3283660855048742
562,562,562,562,562,562,562,562,562,562,562,562,562,1-0003,20,17,1-0003,17,4,0,2,5.5786861181259155,0.32815800694858327
391,391,391,391,391,391,391,391,391,391,391,391,391,MLG30,17,14,MLG30,208,16,0,66,68.09664189815521,0.32738770143343854
206,206,206,206,206,206,206,206,206,206,206,206,206,1-9752,1,15,1-9752,22,4,0,4,7.157372236251831,0.3253351016478105
81,81,81,81,81,81,81,81,81,81,81,81,81,1-7770,20,17,1-7770,11,2,0,2,3.5786861181259155,0.3253351016478105
103,103,103,103,103,103,103,103,103,103,103,103,103,1-8820,6,13,1-8820,83,12,0,19,26.997518122196198,0.3252713026770626
414,414,414,414,414,414,414,414,414,414,414,414,414,1-8285,8,16,1-8285,72,10,0,17,23.418832004070282,0.32526155561208725
291,291,291,291,291,291,291,291,291,291,291,291,291,MLG02,1,15,MLG02,320,27,0,97,103.5662767291069,0.32364461477845907
554,554,554,554,554,554,554,554,554,554,554,554,554,1-10444,2,22,1-10444,8,1,0,2,2.5786861181259155,0.32233576476573944
558,558,558,558,558,558,558,558,558,558,558,558,558,1-0055,20,19,1-0055,18,5,0,1,5.789343059062958,0.3216301699479421
388,388,388,388,388,388,388,388,388,388,388,388,388,MLG49,13,9,MLG49,185,35,0,31,59.46963483095169,0.32145748557271187
498,498,498,498,498,498,498,498,498,498,498,498,498,1-19915,14,8,1-19915,62,12,0,10,19.893430590629578,0.3208617837198319
389,389,389,389,389,389,389,389,389,389,389,389,389,1-0278,8,16,1-0278,79,19,0,8,25.314744472503662,0.3204398034494134
459,459,459,459,459,459,459,459,459,459,459,459,459,1-2545,15,6,1-2545,145,23,0,29,45.890948712825775,0.31648930146776394
1,1,1,1,1,1,1,1,1,1,1,1,1,1-9185,8,16,1-9185,31,9,0,1,9.789343059062958,0.31578525996977286
285,285,285,285,285,285,285,285,285,285,285,285,285,1-18615,8,16,1-18615,22,3,0,5,6.946715295314789,0.31575978615067224
553,553,553,553,553,553,553,553,553,553,553,553,553,1-5555,20,17,1-5555,10,0,0,4,3.157372236251831,0.3157372236251831
455,455,455,455,455,455,455,455,455,455,455,455,455,1-17790,17,14,1-17790,5,0,0,2,1.5786861181259155,0.3157372236251831
500,500,500,500,500,500,500,500,500,500,500,500,500,1-0292,17,14,1-0292,99,24,0,9,31.10408753156662,0.31418270233905676
351,351,351,351,351,351,351,351,351,351,351,351,351,1-19229,16,12,1-19229,38,4,0,10,11.893430590629578,0.3129850155428836
371,371,371,371,371,371,371,371,371,371,371,371,371,1-1580,2,22,1-1580,400,68,0,72,124.83270025253296,0.3120817506313324
270,270,270,270,270,270,270,270,270,270,270,270,270,1-1390,8,16,1-1390,98,13,0,22,30.36554729938507,0.309852523463113
451,451,451,451,451,451,451,451,451,451,451,451,451,1-4098,17,14,1-4098,16,1,0,5,4.946715295314789,0.3091697059571743
241,241,241,241,241,241,241,241,241,241,241,241,241,1-19448,16,12,1-19448,45,6,0,10,13.893430590629578,0.3087429020139906
179,179,179,179,179,179,179,179,179,179,179,179,179,1-4052,7,1,1-4052,13,4,0,0,4.0,0.3076923076923077
382,382,382,382,382,382,382,382,382,382,382,382,382,1-18558,2,22,1-18558,307,47,0,60,94.36058354377747,0.3073634643119787
14,14,14,14,14,14,14,14,14,14,14,14,14,1-6098,11,7,1-6098,1327,147,0,328,405.90452337265015,0.30588132884148467
304,304,304,304,304,304,304,304,304,304,304,304,304,1-19004,1,15,1-19004,60,8,0,13,18.26145976781845,0.3043576627969742
375,375,375,375,375,375,375,375,375,375,375,375,375,MLG14,3,11,MLG14,232,54,0,21,70.57620424032211,0.30420777689794015
364,364,364,364,364,364,364,364,364,364,364,364,364,1-7682,20,17,1-7682,141,6,0,46,42.30978071689606,0.30006936678649687
434,434,434,434,434,434,434,434,434,434,434,434,434,MLG59,17,14,MLG59,71,11,0,13,21.26145976781845,0.2994571798284289
143,143,143,143,143,143,143,143,143,143,143,143,143,1-8928,16,12,1-8928,39,10,0,2,11.578686118125916,0.29688938764425427
339,339,339,339,339,339,339,339,339,339,339,339,339,1-3523,2,22,1-3523,543,72,0,113,161.19576567411423,0.2968614469136542
397,397,397,397,397,397,397,397,397,397,397,397,397,1-9808,1,15,1-9808,74,3,0,24,21.944233417510986,0.29654369483122955
497,497,497,497,497,497,497,497,497,497,497,497,497,1-8493,10,20,1-8493,38,1,0,13,11.261459767818451,0.296354204416275
527,527,527,527,527,527,527,527,527,527,527,527,527,1-5531,13,9,1-5531,8,0,0,3,2.3680291771888733,0.29600364714860916
209,209,209,209,209,209,209,209,209,209,209,209,209,1-9938,15,20,1-9938,55,6,0,13,16.26145976781845,0.29566290486942637
533,533,533,533,533,533,533,533,533,533,533,533,533,1-7530,9,10,1-7530,25,5,0,3,7.368029177188873,0.2947211670875549
268,268,268,268,268,268,268,268,268,268,268,268,268,MLG44,14,8,MLG44,59,7,0,13,17.26145976781845,0.2925671147087873
244,244,244,244,244,244,244,244,244,244,244,244,244,MLG57,6,13,MLG57,629,75,0,138,183.92934215068817,0.29241548831587943
172,172,172,172,172,172,172,172,172,172,172,172,172,1-8573,1,8,1-8573,184,20,0,42,53.152408480644226,0.2888717852208925
328,328,328,328,328,328,328,328,328,328,328,328,328,1-9497,11,7,1-9497,150,14,0,37,43.20569318532944,0.28803795456886294
315,315,315,315,315,315,315,315,315,315,315,315,315,1-1769,14,8,1-1769,89,5,0,26,25.522919535636902,0.286774376804909
448,448,448,448,448,448,448,448,448,448,448,448,448,1-3106,6,13,1-3106,34,5,0,6,9.736058354377747,0.2863546574816984
518,518,518,518,518,518,518,518,518,518,518,518,518,1-1850,3,11,1-1850,30,7,0,2,8.578686118125916,0.2859562039375305
465,465,465,465,465,465,465,465,465,465,465,465,465,1-5913,20,23,1-5913,14,4,0,0,4.0,0.2857142857142857
309,309,309,309,309,309,309,309,309,309,309,309,309,1-3516,9,10,1-3516,156,20,0,31,44.46963483095169,0.2850617617368698
517,517,517,517,517,517,517,517,517,517,517,517,517,1-18028,18,18,1-18028,309,9,0,100,87.93430590629578,0.2845770417679475
357,357,357,357,357,357,357,357,357,357,357,357,357,1-4760,2,22,1-4760,40,5,0,8,11.314744472503662,0.28286861181259154
123,123,123,123,123,123,123,123,123,123,123,123,123,MLG55,1,15,MLG55,92,18,0,10,25.893430590629578,0.28145033250684326
3,3,3,3,3,3,3,3,3,3,3,3,3,1-8222,1,15,1-8222,12,1,0,3,3.3680291771888733,0.28066909809907276
313,313,313,313,313,313,313,313,313,313,313,313,313,1-7521,1,15,1-7521,10,2,0,1,2.7893430590629578,0.27893430590629575
226,226,226,226,226,226,226,226,226,226,226,226,226,1-9996,3,11,1-9996,28,3,0,6,7.736058354377747,0.27628779837063383
184,184,184,184,184,184,184,184,184,184,184,184,184,1-8074,19,23,1-8074,145,40,0,0,40.0,0.27586206896551724
203,203,203,203,203,203,203,203,203,203,203,203,203,1-1250,18,18,1-1250,34,7,0,3,9.368029177188873,0.2755302699173198
267,267,267,267,267,267,267,267,267,267,267,267,267,1-6181,1,15,1-6181,659,48,0,169,181.39897698163986,0.27526400148959007
259,259,259,259,259,259,259,259,259,259,259,259,259,1-3596,18,18,1-3596,223,28,0,42,61.152408480644226,0.2742260469984046
537,537,537,537,537,537,537,537,537,537,537,537,537,1-4494,20,17,1-4494,16,2,0,3,4.368029177188873,0.2730018235743046
473,473,473,473,473,473,473,473,473,473,473,473,473,1-9452,3,17,1-9452,16,2,0,3,4.368029177188873,0.2730018235743046
201,201,201,201,201,201,201,201,201,201,201,201,201,1-9902,1,15,1-9902,30,5,0,4,8.157372236251831,0.27191240787506105
243,243,243,243,243,243,243,243,243,243,243,243,243,1-1015,9,10,1-1015,155,5,0,47,42.099123775959015,0.2716072501674775
205,205,205,205,205,205,205,205,205,205,205,205,205,1-8018,16,12,1-8018,58,10,0,7,15.525401413440704,0.2676793347144949
92,92,92,92,92,92,92,92,92,92,92,92,92,1-7807,9,10,1-7807,239,39,0,31,63.46963483095169,0.26556332565251756
45,45,45,45,45,45,45,45,45,45,45,45,45,1-9444,16,12,1-9444,24,4,0,3,6.368029177188873,0.2653345490495364
393,393,393,393,393,393,393,393,393,393,393,393,393,1-7819,20,17,1-7819,59,10,0,7,15.525401413440704,0.263142396837978
125,125,125,125,125,125,125,125,125,125,125,125,125,1-8622,1,15,1-8622,54,0,0,18,14.20817506313324,0.2631143530209859
114,114,114,114,114,114,114,114,114,114,114,114,114,1-7496,3,11,1-7496,246,22,0,54,64.62452518939972,0.26270132190812895
94,94,94,94,94,94,94,94,94,94,94,94,94,1-3083,2,22,1-3083,78,10,0,13,20.26145976781845,0.2597623047156212
384,384,384,384,384,384,384,384,384,384,384,384,384,1-9270,12,5,1-9270,128,15,0,23,33.15489035844803,0.2590225809253752
538,538,538,538,538,538,538,538,538,538,538,538,538,1-9576,1,15,1-9576,10,1,0,2,2.5786861181259155,0.2578686118125916
504,504,504,504,504,504,504,504,504,504,504,504,504,1-5425,14,8,1-5425,17,2,0,3,4.368029177188873,0.25694289277581606
539,539,539,539,539,539,539,539,539,539,539,539,539,1-9436,6,13,1-9436,21,3,0,3,5.368029177188873,0.25562043700899395
555,555,555,555,555,555,555,555,555,555,555,555,555,1-3646,3,11,1-3646,7,1,0,1,1.7893430590629578,0.25562043700899395
333,333,333,333,333,333,333,333,333,333,333,333,333,1-11329,8,16,1-11329,14,2,0,2,3.5786861181259155,0.25562043700899395
489,489,489,489,489,489,489,489,489,489,489,489,489,1-9578,2,22,1-9578,42,6,0,6,10.736058354377747,0.25562043700899395
368,368,368,368,368,368,368,368,368,368,368,368,368,1-5197,10,20,1-5197,72,1,0,22,18.36554729938507,0.2550770458247926
85,85,85,85,85,85,85,85,85,85,85,85,85,1-8084,11,7,1-8084,82,9,0,15,20.840145885944366,0.2541481205602972
560,560,560,560,560,560,560,560,560,560,560,560,560,1-0027,11,7,1-0027,29,1,0,8,7.314744472503662,0.25223256801736765
343,343,343,343,343,343,343,343,343,343,343,343,343,1-4319,10,20,1-4319,163,11,0,38,40.995036244392395,0.2515032898428981
99,99,99,99,99,99,99,99,99,99,99,99,99,1-5775,13,9,1-5775,244,32,0,37,61.20569318532944,0.2508430048579075
164,164,164,164,164,164,164,164,164,164,164,164,164,1-9740,3,11,1-9740,34,3,0,7,8.525401413440704,0.25074710039531484
80,80,80,80,80,80,80,80,80,80,80,80,80,1-9115,4,1,1-9115,16,4,0,0,4.0,0.25
15,15,15,15,15,15,15,15,15,15,15,15,15,1-8093,10,20,1-8093,4,1,0,0,1.0,0.25
221,221,221,221,221,221,221,221,221,221,221,221,221,1-8023,9,1,1-8023,16,4,0,0,4.0,0.25
487,487,487,487,487,487,487,487,487,487,487,487,487,1-6900,6,13,1-6900,67,8,0,11,16.682773649692535,0.24899662163720201
228,228,228,228,228,228,228,228,228,228,228,228,228,1-17835,13,9,1-17835,17,1,0,4,4.157372236251831,0.2445513080148136
43,43,43,43,43,43,43,43,43,43,43,43,43,1-8705,15,6,1-8705,48,7,0,6,11.736058354377747,0.24450121571620306
406,406,406,406,406,406,406,406,406,406,406,406,406,1-17907,9,10,1-17907,119,18,0,14,29.05080282688141,0.2441243935032051
236,236,236,236,236,236,236,236,236,236,236,236,236,1-7024,16,12,1-7024,498,59,0,79,121.35810166597366,0.24369096720075034
547,547,547,547,547,547,547,547,547,547,547,547,547,MLG67,16,12,MLG67,27,5,0,2,6.5786861181259155,0.24365504141207095
276,276,276,276,276,276,276,276,276,276,276,276,276,1-9495,1,15,1-9495,18,2,0,3,4.368029177188873,0.24266828762160408
402,402,402,402,402,402,402,402,402,402,402,402,402,1-5744,1,15,1-5744,18,2,0,3,4.368029177188873,0.24266828762160408
421,421,421,421,421,421,421,421,421,421,421,421,421,1-8398,15,6,1-8398,54,6,0,9,13.10408753156662,0.24266828762160408
379,379,379,379,379,379,379,379,379,379,379,379,379,1-4640,9,10,1-4640,87,14,0,9,21.10408753156662,0.2425757187536393
152,152,152,152,152,152,152,152,152,152,152,152,152,1-9500,8,16,1-9500,33,4,0,5,7.946715295314789,0.24080955440347845
33,33,33,33,33,33,33,33,33,33,33,33,33,1-7991,4,1,1-7991,46,11,0,0,11.0,0.2391304347826087
58,58,58,58,58,58,58,58,58,58,58,58,58,1-17733,10,20,1-17733,74,5,0,16,17.629488945007324,0.23823633709469358
378,378,378,378,378,378,378,378,378,378,378,378,378,1-6561,12,5,1-6561,65,6,0,12,15.472116708755493,0.2380325647500845
296,296,296,296,296,296,296,296,296,296,296,296,296,1-9404,10,20,1-9404,100,8,0,20,23.786861181259155,0.23786861181259156
102,102,102,102,102,102,102,102,102,102,102,102,102,1-3564,2,22,1-3564,41,5,0,6,9.736058354377747,0.23746483791165235
429,429,429,429,429,429,429,429,429,429,429,429,429,1-6693,11,7,1-6693,98,9,0,18,23.20817506313324,0.2368181128891147
168,168,168,168,168,168,168,168,168,168,168,168,168,1-9655,8,9,1-9655,27,4,0,3,6.368029177188873,0.2358529324884768
174,174,174,174,174,174,174,174,174,174,174,174,174,MLG38,8,16,MLG38,77,11,0,9,18.10408753156662,0.2351180198904756
380,380,380,380,380,380,380,380,380,380,380,380,380,1-7004,9,10,1-7004,381,36,0,67,88.88598495721817,0.2332965484441422
118,118,118,118,118,118,118,118,118,118,118,118,118,1-6543,1,15,1-6543,12,2,0,1,2.7893430590629578,0.23244525492191315
74,74,74,74,74,74,74,74,74,74,74,74,74,1-8124,16,12,1-8124,18,1,0,4,4.157372236251831,0.23096512423621285
341,341,341,341,341,341,341,341,341,341,341,341,341,1-0031,2,22,1-0031,13,3,0,0,3.0,0.23076923076923078
338,338,338,338,338,338,338,338,338,338,338,338,338,1-6296,17,14,1-6296,254,27,0,40,58.57372236251831,0.2306052061516469
383,383,383,383,383,383,383,383,383,383,383,383,383,1-8551,9,10,1-8551,38,4,0,6,8.736058354377747,0.2298962724836249
240,240,240,240,240,240,240,240,240,240,240,240,240,MLG33,8,16,MLG33,20,3,0,2,4.5786861181259155,0.22893430590629577
484,484,484,484,484,484,484,484,484,484,484,484,484,MLG31,6,13,MLG31,33,2,0,7,7.525401413440704,0.22804246707396073
68,68,68,68,68,68,68,68,68,68,68,68,68,1-7845,13,16,1-7845,36,5,0,4,8.157372236251831,0.22659367322921753
488,488,488,488,488,488,488,488,488,488,488,488,488,1-11350,2,22,1-11350,100,10,0,16,22.629488945007324,0.22629488945007326
157,157,157,157,157,157,157,157,157,157,157,157,157,1-6061,4,1,1-6061,40,9,0,0,9.0,0.225
472,472,472,472,472,472,472,472,472,472,472,472,472,1-9518,1,15,1-9518,22,1,0,5,4.946715295314789,0.2248506952415813
386,386,386,386,386,386,386,386,386,386,386,386,386,MLG68,15,6,MLG68,642,119,0,32,144.25897789001465,0.2247024577726085
412,412,412,412,412,412,412,412,412,412,412,412,412,1-6858,14,20,1-6858,23,2,0,4,5.157372236251831,0.22423357548921005
292,292,292,292,292,292,292,292,292,292,292,292,292,1-9997,3,11,1-9997,16,2,0,2,3.5786861181259155,0.22366788238286972
336,336,336,336,336,336,336,336,336,336,336,336,336,1-1827,20,17,1-1827,24,3,0,3,5.368029177188873,0.22366788238286972
213,213,213,213,213,213,213,213,213,213,213,213,213,1-18563,7,19,1-18563,8,1,0,1,1.7893430590629578,0.22366788238286972
522,522,522,522,522,522,522,522,522,522,522,522,522,1-5282,14,8,1-5282,17,3,0,1,3.7893430590629578,0.22290253288605633
408,408,408,408,408,408,408,408,408,408,408,408,408,MLG53,13,9,MLG53,91,10,0,13,20.26145976781845,0.222653404041961
95,95,95,95,95,95,95,95,95,95,95,95,95,1-3312,4,1,1-3312,36,8,0,0,8.0,0.2222222222222222
503,503,503,503,503,503,503,503,503,503,503,503,503,1-9076,4,1,1-9076,9,2,0,0,2.0,0.2222222222222222
440,440,440,440,440,440,440,440,440,440,440,440,440,MLG52,7,19,MLG52,125,23,0,6,27.736058354377747,0.22188846683502197
308,308,308,308,308,308,308,308,308,308,308,308,308,1-6743,6,13,1-6743,58,1,0,15,12.840145885944366,0.22138182561973047
356,356,356,356,356,356,356,356,356,356,356,356,356,1-9761,6,13,1-9761,35,3,0,6,7.736058354377747,0.22103023869650704
272,272,272,272,272,272,272,272,272,272,272,272,272,1-1570,12,5,1-1570,142,17,0,18,31.20817506313324,0.21977588072629042
360,360,360,360,360,360,360,360,360,360,360,360,360,1-6611,9,10,1-6611,89,10,0,12,19.472116708755493,0.21878782818826398
248,248,248,248,248,248,248,248,248,248,248,248,248,1-2400,1,8,1-2400,49,9,0,2,10.578686118125916,0.21589155343114114
453,453,453,453,453,453,453,453,453,453,453,453,453,1-8397,4,1,1-8397,51,11,0,0,11.0,0.21568627450980393
436,436,436,436,436,436,436,436,436,436,436,436,436,1-5161,18,11,1-5161,12,1,0,2,2.5786861181259155,0.2148905098438263
449,449,449,449,449,449,449,449,449,449,449,449,449,1-1935,3,11,1-1935,12,1,0,2,2.5786861181259155,0.2148905098438263
265,265,265,265,265,265,265,265,265,265,265,265,265,1-11330,5,2,1-11330,14,3,0,0,3.0,0.21428571428571427
462,462,462,462,462,462,462,462,462,462,462,462,462,1-1183,13,9,1-1183,45,4,0,7,9.525401413440704,0.211675586965349
222,222,222,222,222,222,222,222,222,222,222,222,222,1-4149,18,18,1-4149,16,1,0,3,3.3680291771888733,0.21050182357430458
424,424,424,424,424,424,424,424,424,424,424,424,424,1-4700,9,10,1-4700,31,1,0,7,6.525401413440704,0.2104968197884098
51,51,51,51,51,51,51,51,51,51,51,51,51,1-9925,10,20,1-9925,93,3,0,21,19.576204240322113,0.2104968197884098
185,185,185,185,185,185,185,185,185,185,185,185,185,1-8906,13,9,1-8906,15,0,0,4,3.157372236251831,0.21049148241678875
5,5,5,5,5,5,5,5,5,5,5,5,5,1-5549,10,20,1-5549,35,1,0,8,7.314744472503662,0.20899269921439034
481,481,481,481,481,481,481,481,481,481,481,481,481,1-10038,6,13,1-10038,76,4,0,15,15.840145885944366,0.2084229721834785
202,202,202,202,202,202,202,202,202,202,202,202,202,1-8988,4,1,1-8988,29,6,0,0,6.0,0.20689655172413793
137,137,137,137,137,137,137,137,137,137,137,137,137,1-1972,8,16,1-1972,32,1,0,7,6.525401413440704,0.203918794170022
342,342,342,342,342,342,342,342,342,342,342,342,342,MLG65,7,19,MLG65,201,9,0,40,40.57372236251831,0.20185931523640951
535,535,535,535,535,535,535,535,535,535,535,535,535,1-5990,7,19,1-5990,5,1,0,0,1.0,0.2
532,532,532,532,532,532,532,532,532,532,532,532,532,1-19447,15,6,1-19447,15,3,0,0,3.0,0.2
381,381,381,381,381,381,381,381,381,381,381,381,381,1-2335,19,23,1-2335,145,29,0,0,29.0,0.2
46,46,46,46,46,46,46,46,46,46,46,46,46,1-8566,1,15,1-8566,5,1,0,0,1.0,0.2
318,318,318,318,318,318,318,318,318,318,318,318,318,1-2324,15,1,1-2324,25,5,0,0,5.0,0.2
17,17,17,17,17,17,17,17,17,17,17,17,17,1-18603,16,12,1-18603,19,3,0,1,3.7893430590629578,0.19943910837173462
480,480,480,480,480,480,480,480,480,480,480,480,480,1-1005,11,7,1-1005,125,13,0,15,24.840145885944366,0.19872116708755494
11,11,11,11,11,11,11,11,11,11,11,11,11,1-9722,3,11,1-9722,22,2,0,3,4.368029177188873,0.1985467807813124
479,479,479,479,479,479,479,479,479,479,479,479,479,1-9286,4,1,1-9286,81,16,0,0,16.0,0.19753086419753085
531,531,531,531,531,531,531,531,531,531,531,531,531,1-5891,6,13,1-5891,96,15,0,5,18.94671529531479,0.19736161765952906
119,119,119,119,119,119,119,119,119,119,119,119,119,1-5929,1,15,1-5929,4,0,0,1,0.7893430590629578,0.19733576476573944
476,476,476,476,476,476,476,476,476,476,476,476,476,1-19205,1,15,1-19205,12,0,0,3,2.3680291771888733,0.19733576476573944
519,519,519,519,519,519,519,519,519,519,519,519,519,1-4926,16,12,1-4926,4,0,0,1,0.7893430590629578,0.19733576476573944
471,471,471,471,471,471,471,471,471,471,471,471,471,1-9794,15,23,1-9794,46,9,0,0,9.0,0.1956521739130435
475,475,475,475,475,475,475,475,475,475,475,475,475,1-18234,1,15,1-18234,43,2,0,8,8.314744472503662,0.19336615052334097
67,67,67,67,67,67,67,67,67,67,67,67,67,1-7481,18,18,1-7481,33,4,0,3,6.368029177188873,0.19297058112693555
64,64,64,64,64,64,64,64,64,64,64,64,64,1-9674,10,20,1-9674,144,4,0,30,27.680291771888733,0.19222424841589397
8,8,8,8,8,8,8,8,8,8,8,8,8,1-8181,11,7,1-8181,30,1,0,6,5.736058354377747,0.1912019451459249
266,266,266,266,266,266,266,266,266,266,266,266,266,1-2103,12,5,1-2103,26,1,0,5,4.946715295314789,0.19025828058903033
63,63,63,63,63,63,63,63,63,63,63,63,63,1-7066,3,11,1-7066,23,2,0,3,4.368029177188873,0.18991431205169015
507,507,507,507,507,507,507,507,507,507,507,507,507,1-6909,18,19,1-6909,36,6,0,1,6.789343059062958,0.18859286275174883
355,355,355,355,355,355,355,355,355,355,355,355,355,1-9498,12,5,1-9498,64,1,0,14,12.050802826881409,0.188293794170022
470,470,470,470,470,470,470,470,470,470,470,470,470,1-1204,2,22,1-1204,39,1,0,8,7.314744472503662,0.18755755057701698
230,230,230,230,230,230,230,230,230,230,230,230,230,1-3089,19,23,1-3089,16,3,0,0,3.0,0.1875
169,169,169,169,169,169,169,169,169,169,169,169,169,1-9606,2,22,1-9606,16,3,0,0,3.0,0.1875
305,305,305,305,305,305,305,305,305,305,305,305,305,1-7866,2,22,1-7866,318,28,0,40,59.57372236251831,0.18733874956766763
145,145,145,145,145,145,145,145,145,145,145,145,145,MLG06,12,5,MLG06,18,1,0,3,3.3680291771888733,0.1871127320660485
295,295,295,295,295,295,295,295,295,295,295,295,295,1-3639,10,20,1-3639,17,0,0,4,3.157372236251831,0.1857277786030489
273,273,273,273,273,273,273,273,273,273,273,273,273,1-3589,5,2,1-3589,27,5,0,0,5.0,0.18518518518518517
132,132,132,132,132,132,132,132,132,132,132,132,132,1-9110,17,14,1-9110,29,3,0,3,5.368029177188873,0.1851044543858232
337,337,337,337,337,337,337,337,337,337,337,337,337,1-18613,3,11,1-18613,25,3,0,2,4.5786861181259155,0.18314744472503663
410,410,410,410,410,410,410,410,410,410,410,410,410,MLG12,13,9,MLG12,146,10,0,21,26.576204240322113,0.18202879616658982
352,352,352,352,352,352,352,352,352,352,352,352,352,MLG63,6,13,MLG63,380,12,0,72,68.83270025253296,0.18113868487508675
188,188,188,188,188,188,188,188,188,188,188,188,188,1-20167,11,7,1-20167,56,3,0,9,10.10408753156662,0.18043013449226106
246,246,246,246,246,246,246,246,246,246,246,246,246,MLG56,4,1,MLG56,511,92,0,0,92.0,0.18003913894324852
191,191,191,191,191,191,191,191,191,191,191,191,191,1-8328,2,22,1-8328,114,11,0,12,20.472116708755493,0.17957997112943416
458,458,458,458,458,458,458,458,458,458,458,458,458,1-7182,20,17,1-7182,22,0,0,5,3.946715295314789,0.17939614978703586
167,167,167,167,167,167,167,167,167,167,167,167,167,1-4929,20,17,1-4929,10,1,0,1,1.7893430590629578,0.17893430590629578
220,220,220,220,220,220,220,220,220,220,220,220,220,MLG73,1,15,MLG73,10,1,0,1,1.7893430590629578,0.17893430590629578
426,426,426,426,426,426,426,426,426,426,426,426,426,1-4355,18,22,1-4355,49,4,0,6,8.736058354377747,0.17828690519138257
521,521,521,521,521,521,521,521,521,521,521,521,521,1-19549,1,15,1-19549,29,2,0,4,5.157372236251831,0.1778404219397183
24,24,24,24,24,24,24,24,24,24,24,24,24,1-7140,16,12,1-7140,397,38,0,40,69.57372236251831,0.17524867093833327
420,420,420,420,420,420,420,420,420,420,420,420,420,1-8172,19,23,1-8172,40,7,0,0,7.0,0.175
139,139,139,139,139,139,139,139,139,139,139,139,139,1-7863,12,5,1-7863,351,23,0,48,60.88846683502197,0.17347141548439307
396,396,396,396,396,396,396,396,396,396,396,396,396,1-9963,12,5,1-9963,116,9,0,14,20.05080282688141,0.17285174850759835
131,131,131,131,131,131,131,131,131,131,131,131,131,1-9283,18,18,1-9283,235,5,0,45,40.5204376578331,0.17242739428865148
170,170,170,170,170,170,170,170,170,170,170,170,170,1-5043,12,5,1-5043,123,7,0,18,21.20817506313324,0.1724241875051483
407,407,407,407,407,407,407,407,407,407,407,407,407,1-8421,12,5,1-8421,109,3,0,20,18.786861181259155,0.17235652459870784
101,101,101,101,101,101,101,101,101,101,101,101,101,1-9892,3,11,1-9892,22,3,0,1,3.7893430590629578,0.17224286632104355
117,117,117,117,117,117,117,117,117,117,117,117,117,1-0358,16,12,1-0358,22,3,0,1,3.7893430590629578,0.17224286632104355
72,72,72,72,72,72,72,72,72,72,72,72,72,1-9614,18,18,1-9614,30,2,0,4,5.157372236251831,0.17191240787506104
354,354,354,354,354,354,354,354,354,354,354,354,354,1-9417,10,20,1-9417,76,2,0,14,13.050802826881409,0.17172108982738696
438,438,438,438,438,438,438,438,438,438,438,438,438,MLG10,17,16,MLG10,60,7,0,4,10.157372236251831,0.16928953727086385
516,516,516,516,516,516,516,516,516,516,516,516,516,1-5036,11,14,1-5036,14,0,0,3,2.3680291771888733,0.16914494122777665
419,419,419,419,419,419,419,419,419,419,419,419,419,1-6692,19,23,1-6692,71,12,0,0,12.0,0.16901408450704225
73,73,73,73,73,73,73,73,73,73,73,73,73,1-5355,12,5,1-5355,53,1,0,10,8.893430590629578,0.16780057718169014
37,37,37,37,37,37,37,37,37,37,37,37,37,1-5508,9,10,1-5508,38,4,0,3,6.368029177188873,0.16757971518918088
525,525,525,525,525,525,525,525,525,525,525,525,525,1-3175,1,15,1-3175,6,1,0,0,1.0,0.16666666666666666
430,430,430,430,430,430,430,430,430,430,430,430,430,1-3141,12,5,1-3141,136,6,0,21,22.576204240322113,0.16600150176707437
387,387,387,387,387,387,387,387,387,387,387,387,387,1-10539,20,17,1-10539,63,4,0,8,10.314744472503662,0.16372610273815336
108,108,108,108,108,108,108,108,108,108,108,108,108,1-9731,7,19,1-9731,11,1,0,1,1.7893430590629578,0.16266755082390524
534,534,534,534,534,534,534,534,534,534,534,534,534,1-9457,13,9,1-9457,11,1,0,1,1.7893430590629578,0.16266755082390524
299,299,299,299,299,299,299,299,299,299,299,299,299,MLG54,7,19,MLG54,595,56,0,51,96.25649601221085,0.1617756235499342
366,366,366,366,366,366,366,366,366,366,366,366,366,1-5163,18,18,1-5163,16,1,0,2,2.5786861181259155,0.16116788238286972
197,197,197,197,197,197,197,197,197,197,197,197,197,1-8646,10,20,1-8646,20,0,0,4,3.157372236251831,0.15786861181259154
444,444,444,444,444,444,444,444,444,444,444,444,444,1-3217,3,20,1-3217,5,0,0,1,0.7893430590629578,0.15786861181259154
287,287,287,287,287,287,287,287,287,287,287,287,287,1-9836,3,11,1-9836,5,0,0,1,0.7893430590629578,0.15786861181259154
482,482,482,482,482,482,482,482,482,482,482,482,482,1-4390,5,2,1-4390,45,7,0,0,7.0,0.15555555555555556
12,12,12,12,12,12,12,12,12,12,12,12,12,MLG84,15,6,MLG84,63,9,0,1,9.789343059062958,0.15538639776290408
144,144,144,144,144,144,144,144,144,144,144,144,144,1-7744,17,14,1-7744,37,1,0,6,5.736058354377747,0.15502860417237152
413,413,413,413,413,413,413,413,413,413,413,413,413,1-8314,16,5,1-8314,36,4,0,2,5.5786861181259155,0.15496350328127542
401,401,401,401,401,401,401,401,401,401,401,401,401,1-7204,15,6,1-7204,26,4,0,0,4.0,0.15384615384615385
372,372,372,372,372,372,372,372,372,372,372,372,372,1-6916,8,16,1-6916,43,5,0,2,6.5786861181259155,0.15299270042153293
463,463,463,463,463,463,463,463,463,463,463,463,463,1-1989,19,23,1-1989,46,7,0,0,7.0,0.15217391304347827
66,66,66,66,66,66,66,66,66,66,66,66,66,1-7536,2,22,1-7536,17,1,0,2,2.5786861181259155,0.15168741871328914
225,225,225,225,225,225,225,225,225,225,225,225,225,1-9650,3,11,1-9650,25,3,0,1,3.7893430590629578,0.15157372236251831
286,286,286,286,286,286,286,286,286,286,286,286,286,1-3587,3,11,1-3587,46,3,0,5,6.946715295314789,0.15101554989814758
283,283,283,283,283,283,283,283,283,283,283,283,283,1-3535,19,23,1-3535,315,47,0,0,47.0,0.1492063492063492
200,200,200,200,200,200,200,200,200,200,200,200,200,1-4634,11,7,1-4634,48,4,0,4,7.157372236251831,0.1491119215885798
255,255,255,255,255,255,255,255,255,255,255,255,255,1-9946,10,5,1-9946,12,1,0,1,1.7893430590629578,0.1491119215885798
113,113,113,113,113,113,113,113,113,113,113,113,113,1-4499,10,20,1-4499,12,1,0,1,1.7893430590629578,0.1491119215885798
359,359,359,359,359,359,359,359,359,359,359,359,359,1-4417,17,14,1-4417,151,5,0,22,22.36554729938507,0.14811620728069583
30,30,30,30,30,30,30,30,30,30,30,30,30,1-8418,17,14,1-8418,46,6,0,1,6.789343059062958,0.1475944143274556
271,271,271,271,271,271,271,271,271,271,271,271,271,1-7897,19,23,1-7897,95,14,0,0,14.0,0.14736842105263157
25,25,25,25,25,25,25,25,25,25,25,25,25,1-9607,13,9,1-9607,19,2,0,1,2.7893430590629578,0.1468075294243662
478,478,478,478,478,478,478,478,478,478,478,478,478,1-9394,19,23,1-9394,117,17,0,0,17.0,0.1452991452991453
510,510,510,510,510,510,510,510,510,510,510,510,510,1-3206,2,22,1-3206,45,1,0,7,6.525401413440704,0.14500892029868231
529,529,529,529,529,529,529,529,529,529,529,529,529,1-6217,17,14,1-6217,44,4,0,3,6.368029177188873,0.14472793584520166
306,306,306,306,306,306,306,306,306,306,306,306,306,1-18377,5,2,1-18377,14,2,0,0,2.0,0.14285714285714285
187,187,187,187,187,187,187,187,187,187,187,187,187,1-7321,4,1,1-7321,7,1,0,0,1.0,0.14285714285714285
22,22,22,22,22,22,22,22,22,22,22,22,22,1-7995,7,19,1-7995,14,2,0,0,2.0,0.14285714285714285
2,2,2,2,2,2,2,2,2,2,2,2,2,MLG17,13,9,MLG17,153,2,0,25,21.733576476573944,0.14204951945473165
411,411,411,411,411,411,411,411,411,411,411,411,411,MLG15,8,13,MLG15,105,3,0,15,14.840145885944366,0.14133472272327968
425,425,425,425,425,425,425,425,425,425,425,425,425,1-6006,3,2,1-6006,57,8,0,0,8.0,0.14035087719298245
56,56,56,56,56,56,56,56,56,56,56,56,56,1-5877,9,10,1-5877,79,7,0,5,10.946715295314789,0.13856601639638974
330,330,330,330,330,330,330,330,330,330,330,330,330,1-4531,5,2,1-4531,94,13,0,0,13.0,0.13829787234042554
467,467,467,467,467,467,467,467,467,467,467,467,467,1-13247,13,23,1-13247,29,4,0,0,4.0,0.13793103448275862
146,146,146,146,146,146,146,146,146,146,146,146,146,1-7453,9,10,1-7453,13,1,0,1,1.7893430590629578,0.13764177377407366
310,310,310,310,310,310,310,310,310,310,310,310,310,1-4855,4,1,1-4855,22,3,0,0,3.0,0.13636363636363635
461,461,461,461,461,461,461,461,461,461,461,461,461,1-9651,6,13,1-9651,38,2,0,4,5.157372236251831,0.13572032200662712
358,358,358,358,358,358,358,358,358,358,358,358,358,1-9831,10,20,1-9831,132,2,0,20,17.786861181259155,0.13474894834287238
231,231,231,231,231,231,231,231,231,231,231,231,231,1-8450,19,23,1-8450,52,7,0,0,7.0,0.1346153846153846
7,7,7,7,7,7,7,7,7,7,7,7,7,1-8767,6,13,1-8767,48,4,0,3,6.368029177188873,0.1326672745247682
71,71,71,71,71,71,71,71,71,71,71,71,71,1-6532,2,22,1-6532,27,2,0,2,3.5786861181259155,0.13254393030095984
542,542,542,542,542,542,542,542,542,542,542,542,542,1-1191,19,23,1-1191,53,7,0,0,7.0,0.1320754716981132
316,316,316,316,316,316,316,316,316,316,316,316,316,1-7441,12,5,1-7441,111,2,0,16,14.629488945007324,0.13179719770276868
112,112,112,112,112,112,112,112,112,112,112,112,112,1-10698,8,16,1-10698,6,0,0,1,0.7893430590629578,0.13155717651049295
278,278,278,278,278,278,278,278,278,278,278,278,278,1-10762,18,18,1-10762,6,0,0,1,0.7893430590629578,0.13155717651049295
89,89,89,89,89,89,89,89,89,89,89,89,89,1-18004,11,20,1-18004,12,0,0,2,1.5786861181259155,0.13155717651049295
409,409,409,409,409,409,409,409,409,409,409,409,409,1-9645,18,18,1-9645,69,5,0,5,8.946715295314789,0.12966254051180853
548,548,548,548,548,548,548,548,548,548,548,548,548,1-3087,3,19,1-3087,26,1,0,3,3.3680291771888733,0.1295395837380336
511,511,511,511,511,511,511,511,511,511,511,511,511,1-9697,8,16,1-9697,20,1,0,2,2.5786861181259155,0.1289343059062958
57,57,57,57,57,57,57,57,57,57,57,57,57,1-1224,10,20,1-1224,151,5,0,18,19.20817506313324,0.1272064573717433
150,150,150,150,150,150,150,150,150,150,150,150,150,1-7005,5,2,1-7005,285,36,0,0,36.0,0.12631578947368421
87,87,87,87,87,87,87,87,87,87,87,87,87,MLG35,6,13,MLG35,49,3,0,4,6.157372236251831,0.12566065788269043
523,523,523,523,523,523,523,523,523,523,523,523,523,1-9861,17,14,1-9861,8,1,0,0,1.0,0.125
289,289,289,289,289,289,289,289,289,289,289,289,289,1-1592,5,2,1-1592,32,4,0,0,4.0,0.125
288,288,288,288,288,288,288,288,288,288,288,288,288,1-8590,4,1,1-8590,24,3,0,0,3.0,0.125
557,557,557,557,557,557,557,557,557,557,557,557,557,1-9806,8,16,1-9806,8,1,0,0,1.0,0.125
256,256,256,256,256,256,256,256,256,256,256,256,256,1-9277,5,2,1-9277,48,6,0,0,6.0,0.125
84,84,84,84,84,84,84,84,84,84,84,84,84,1-18714,9,10,1-18714,32,4,0,0,4.0,0.125
186,186,186,186,186,186,186,186,186,186,186,186,186,72-11994,1,15,72-11994,8,1,0,0,1.0,0.125
104,104,104,104,104,104,104,104,104,104,104,104,104,1-8267,9,10,1-8267,133,15,0,2,16.578686118125916,0.124651775324255
109,109,109,109,109,109,109,109,109,109,109,109,109,1-9768,19,23,1-9768,241,30,0,0,30.0,0.12448132780082988
54,54,54,54,54,54,54,54,54,54,54,54,54,1-8125,3,11,1-8125,21,1,0,2,2.5786861181259155,0.12279457705361503
88,88,88,88,88,88,88,88,88,88,88,88,88,1-5626,12,5,1-5626,125,5,0,13,15.261459767818451,0.12209167814254761
124,124,124,124,124,124,124,124,124,124,124,124,124,1-8427,20,17,1-8427,189,5,0,22,22.36554729938507,0.11833622909727551
223,223,223,223,223,223,223,223,223,223,223,223,223,1-0205,5,2,1-0205,34,4,0,0,4.0,0.11764705882352941
261,261,261,261,261,261,261,261,261,261,261,261,261,1-1942,5,2,1-1942,34,4,0,0,4.0,0.11764705882352941
61,61,61,61,61,61,61,61,61,61,61,61,61,1-7341,1,15,1-7341,110,1,0,15,12.840145885944366,0.1167285989631306
232,232,232,232,232,232,232,232,232,232,232,232,232,1-18371,19,23,1-18371,120,14,0,0,14.0,0.11666666666666667
363,363,363,363,363,363,363,363,363,363,363,363,363,1-10785,12,5,1-10785,279,12,0,26,32.5229195356369,0.11656960407038316
138,138,138,138,138,138,138,138,138,138,138,138,138,1-5515,2,22,1-5515,29,1,0,3,3.3680291771888733,0.11613893714444391
189,189,189,189,189,189,189,189,189,189,189,189,189,1-9156,19,23,1-9156,268,31,0,0,31.0,0.11567164179104478
155,155,155,155,155,155,155,155,155,155,155,155,155,1-9447,12,5,1-9447,7,0,0,1,0.7893430590629578,0.11276329415185112
257,257,257,257,257,257,257,257,257,257,257,257,257,1-9504,17,14,1-9504,30,1,0,3,3.3680291771888733,0.11226763923962911
501,501,501,501,501,501,501,501,501,501,501,501,501,1-18487,17,5,1-18487,23,1,0,2,2.5786861181259155,0.11211678774460503
405,405,405,405,405,405,405,405,405,405,405,405,405,1-3104,18,18,1-3104,16,1,0,1,1.7893430590629578,0.11183394119143486
520,520,520,520,520,520,520,520,520,520,520,520,520,1-2034,11,12,1-2034,16,1,0,1,1.7893430590629578,0.11183394119143486
134,134,134,134,134,134,134,134,134,134,134,134,134,1-9465,4,1,1-9465,18,2,0,0,2.0,0.1111111111111111
373,373,373,373,373,373,373,373,373,373,373,373,373,1-6918,11,7,1-6918,43,0,0,6,4.736058354377747,0.11014089196227318
442,442,442,442,442,442,442,442,442,442,442,442,442,MLG11,6,5,MLG11,87,0,0,12,9.472116708755493,0.108874904698339
10,10,10,10,10,10,10,10,10,10,10,10,10,1-7964,17,14,1-7964,202,12,0,12,21.472116708755493,0.1062976074690866
98,98,98,98,98,98,98,98,98,98,98,98,98,1-8127,13,9,1-8127,32,1,0,3,3.3680291771888733,0.10525091178715229
468,468,468,468,468,468,468,468,468,468,468,468,468,1-6228,3,2,1-6228,48,5,0,0,5.0,0.10416666666666667
324,324,324,324,324,324,324,324,324,324,324,324,324,1-6734,12,5,1-6734,44,3,0,2,4.5786861181259155,0.10406104813922536
377,377,377,377,377,377,377,377,377,377,377,377,377,1-7213,14,8,1-7213,23,0,0,3,2.3680291771888733,0.10295779031255971
321,321,321,321,321,321,321,321,321,321,321,321,321,1-5172,12,5,1-5172,120,2,0,13,12.261459767818451,0.10217883139848709
83,83,83,83,83,83,83,83,83,83,83,83,83,1-18423,2,22,1-18423,47,4,0,1,4.789343059062958,0.1019009161502757
121,121,121,121,121,121,121,121,121,121,121,121,121,1-7070,20,17,1-7070,129,6,0,9,13.10408753156662,0.10158207388811333
509,509,509,509,509,509,509,509,509,509,509,509,509,1-18935,4,1,1-18935,30,3,0,0,3.0,0.1
362,362,362,362,362,362,362,362,362,362,362,362,362,1-1462,5,2,1-1462,192,19,0,0,19.0,0.09895833333333333
65,65,65,65,65,65,65,65,65,65,65,65,65,1-8659,4,1,1-8659,91,9,0,0,9.0,0.0989010989010989
260,260,260,260,260,260,260,260,260,260,260,260,260,1-0129,12,5,1-0129,142,6,0,10,13.893430590629578,0.09784106049739139
365,365,365,365,365,365,365,365,365,365,365,365,365,MLG48,8,16,MLG48,159,10,0,7,15.525401413440704,0.09764403404679688
395,395,395,395,395,395,395,395,395,395,395,395,395,1-6787,18,18,1-6787,56,3,0,3,5.368029177188873,0.09585766387837273
76,76,76,76,76,76,76,76,76,76,76,76,76,1-8541,3,11,1-8541,232,8,0,18,22.20817506313324,0.09572489251350534
151,151,151,151,151,151,151,151,151,151,151,151,151,1-9870,20,17,1-9870,27,1,0,2,2.5786861181259155,0.0955068932639228
93,93,93,93,93,93,93,93,93,93,93,93,93,1-20003,14,8,1-20003,21,2,0,0,2.0,0.09523809523809523
370,370,370,370,370,370,370,370,370,370,370,370,370,MLG62,13,9,MLG62,525,36,0,17,49.41883200407028,0.09413110857918149
495,495,495,495,495,495,495,495,495,495,495,495,495,MLG08,3,11,MLG08,107,6,0,5,9.946715295314789,0.09295995603097934
445,445,445,445,445,445,445,445,445,445,445,445,445,1-6538,19,23,1-6538,44,4,0,0,4.0,0.09090909090909091
41,41,41,41,41,41,41,41,41,41,41,41,41,1-7509,7,19,1-7509,40,2,0,2,3.5786861181259155,0.08946715295314789
160,160,160,160,160,160,160,160,160,160,160,160,160,1-19813,15,6,1-19813,20,1,0,1,1.7893430590629578,0.08946715295314789
198,198,198,198,198,198,198,198,198,198,198,198,198,1-9839,16,12,1-9839,20,1,0,1,1.7893430590629578,0.08946715295314789
493,493,493,493,493,493,493,493,493,493,493,493,493,1-1836,15,6,1-1836,20,1,0,1,1.7893430590629578,0.08946715295314789
506,506,506,506,506,506,506,506,506,506,506,506,506,1-6227,14,22,1-6227,52,3,0,2,4.5786861181259155,0.08805165611780606
439,439,439,439,439,439,439,439,439,439,439,439,439,MLG72,6,13,MLG72,9,0,0,1,0.7893430590629578,0.08770478434032863
312,312,312,312,312,312,312,312,312,312,312,312,312,1-3108,20,5,1-3108,18,0,0,2,1.5786861181259155,0.08770478434032863
133,133,133,133,133,133,133,133,133,133,133,133,133,1-8576,17,14,1-8576,55,4,0,1,4.789343059062958,0.0870789647102356
290,290,290,290,290,290,290,290,290,290,290,290,290,1-8341,5,2,1-8341,197,17,0,0,17.0,0.08629441624365482
180,180,180,180,180,180,180,180,180,180,180,180,180,1-0037,4,1,1-0037,35,3,0,0,3.0,0.08571428571428572
415,415,415,415,415,415,415,415,415,415,415,415,415,1-1957,19,23,1-1957,47,4,0,0,4.0,0.0851063829787234
460,460,460,460,460,460,460,460,460,460,460,460,460,1-7993,13,1,1-7993,24,2,0,0,2.0,0.08333333333333333
79,79,79,79,79,79,79,79,79,79,79,79,79,1-9739,6,13,1-9739,31,1,0,2,2.5786861181259155,0.08318342316535211
245,245,245,245,245,245,245,245,245,245,245,245,245,1-6647,7,19,1-6647,62,2,0,4,5.157372236251831,0.08318342316535211
432,432,432,432,432,432,432,432,432,432,432,432,432,1-6914,10,20,1-6914,73,2,0,5,5.946715295314789,0.08146185336047657
129,129,129,129,129,129,129,129,129,129,129,129,129,1-2573,5,2,1-2573,37,3,0,0,3.0,0.08108108108108109
130,130,130,130,130,130,130,130,130,130,130,130,130,1-1833,19,23,1-1833,124,10,0,0,10.0,0.08064516129032258
192,192,192,192,192,192,192,192,192,192,192,192,192,1-9770,19,23,1-9770,50,4,0,0,4.0,0.08
40,40,40,40,40,40,40,40,40,40,40,40,40,1-7722,6,13,1-7722,60,4,0,1,4.789343059062958,0.07982238431771596
116,116,116,116,116,116,116,116,116,116,116,116,116,1-20047,3,11,1-20047,20,0,0,2,1.5786861181259155,0.07893430590629577
320,320,320,320,320,320,320,320,320,320,320,320,320,MLG13,5,2,MLG13,140,11,0,0,11.0,0.07857142857142857
282,282,282,282,282,282,282,282,282,282,282,282,282,1-1608,4,1,1-1608,307,24,0,0,24.0,0.0781758957654723
344,344,344,344,344,344,344,344,344,344,344,344,344,1-6035,11,7,1-6035,23,1,0,1,1.7893430590629578,0.07779752430708511
233,233,233,233,233,233,233,233,233,233,233,233,233,MLG07,5,2,MLG07,90,7,0,0,7.0,0.07777777777777778
348,348,348,348,348,348,348,348,348,348,348,348,348,1-17758,2,22,1-17758,40,3,0,0,3.0,0.075
195,195,195,195,195,195,195,195,195,195,195,195,195,1-2670,3,11,1-2670,104,6,0,2,7.5786861181259155,0.07287198190505688
239,239,239,239,239,239,239,239,239,239,239,239,239,1-7042,3,11,1-7042,117,3,0,7,8.525401413440704,0.07286667874735644
105,105,105,105,105,105,105,105,105,105,105,105,105,1-1258,12,5,1-1258,435,11,0,26,31.522919535636902,0.07246648169111931
111,111,111,111,111,111,111,111,111,111,111,111,111,1-19897,2,22,1-19897,53,3,0,1,3.7893430590629578,0.07149703885024448
16,16,16,16,16,16,16,16,16,16,16,16,16,1-9955,14,8,1-9955,60,1,0,4,4.157372236251831,0.06928953727086386
182,182,182,182,182,182,182,182,182,182,182,182,182,1-7752,19,23,1-7752,29,2,0,0,2.0,0.06896551724137931
224,224,224,224,224,224,224,224,224,224,224,224,224,1-9227,5,2,1-9227,801,55,0,0,55.0,0.0686641697877653
250,250,250,250,250,250,250,250,250,250,250,250,250,1-9333,19,23,1-9333,102,7,0,0,7.0,0.06862745098039216
441,441,441,441,441,441,441,441,441,441,441,441,441,1-19166,5,2,1-19166,45,3,0,0,3.0,0.06666666666666667
90,90,90,90,90,90,90,90,90,90,90,90,90,1-19222,7,19,1-19222,15,1,0,0,1.0,0.06666666666666667
433,433,433,433,433,433,433,433,433,433,433,433,433,1-5654,4,1,1-5654,15,1,0,0,1.0,0.06666666666666667
502,502,502,502,502,502,502,502,502,502,502,502,502,1-20012,6,13,1-20012,12,0,0,1,0.7893430590629578,0.06577858825524648
428,428,428,428,428,428,428,428,428,428,428,428,428,1-2701,19,23,1-2701,61,4,0,0,4.0,0.06557377049180328
314,314,314,314,314,314,314,314,314,314,314,314,314,1-3139,5,2,1-3139,93,6,0,0,6.0,0.06451612903225806
361,361,361,361,361,361,361,361,361,361,361,361,361,1-0008,17,14,1-0008,230,2,0,16,14.629488945007324,0.06360647367394488
435,435,435,435,435,435,435,435,435,435,435,435,435,1-9610,19,23,1-9610,49,3,0,0,3.0,0.061224489795918366
77,77,77,77,77,77,77,77,77,77,77,77,77,1-2153,17,14,1-2153,13,0,0,1,0.7893430590629578,0.06071869685099675
215,215,215,215,215,215,215,215,215,215,215,215,215,1-19839,1,15,1-19839,13,0,0,1,0.7893430590629578,0.06071869685099675
28,28,28,28,28,28,28,28,28,28,28,28,28,1-10071,6,13,1-10071,30,1,0,1,1.7893430590629578,0.05964476863543192
26,26,26,26,26,26,26,26,26,26,26,26,26,1-9907,1,15,1-9907,17,1,0,0,1.0,0.058823529411764705
491,491,491,491,491,491,491,491,491,491,491,491,491,MLG09,18,18,MLG09,125,1,0,8,7.314744472503662,0.058517955780029295
515,515,515,515,515,515,515,515,515,515,515,515,515,1-6531,9,10,1-6531,27,0,0,2,1.5786861181259155,0.05846985622688576
418,418,418,418,418,418,418,418,418,418,418,418,418,1-6216,2,22,1-6216,45,1,0,2,2.5786861181259155,0.05730413595835368
50,50,50,50,50,50,50,50,50,50,50,50,50,1-8174,8,16,1-8174,45,1,0,2,2.5786861181259155,0.05730413595835368
326,326,326,326,326,326,326,326,326,326,326,326,326,1-8826,5,2,1-8826,123,7,0,0,7.0,0.056910569105691054
173,173,173,173,173,173,173,173,173,173,173,173,173,1-9588,6,13,1-9588,14,0,0,1,0.7893430590629578,0.05638164707592556
163,163,163,163,163,163,163,163,163,163,163,163,163,1-9137,17,14,1-9137,111,3,0,4,6.157372236251831,0.05547182194821469
258,258,258,258,258,258,258,258,258,258,258,258,258,1-9516,5,2,1-9516,76,4,0,0,4.0,0.05263157894736842
44,44,44,44,44,44,44,44,44,44,44,44,44,1-5214,5,2,1-5214,40,2,0,0,2.0,0.05
349,349,349,349,349,349,349,349,349,349,349,349,349,1-3052,5,2,1-3052,166,8,0,0,8.0,0.04819277108433735
376,376,376,376,376,376,376,376,376,376,376,376,376,1-7874,5,2,1-7874,258,12,0,0,12.0,0.046511627906976744
42,42,42,42,42,42,42,42,42,42,42,42,42,1-1207,5,2,1-1207,66,3,0,0,3.0,0.045454545454545456
19,19,19,19,19,19,19,19,19,19,19,19,19,1-2596,6,13,1-2596,35,0,0,2,1.5786861181259155,0.04510531766074044
52,52,52,52,52,52,52,52,52,52,52,52,52,72-12387,13,9,72-12387,71,0,0,4,3.157372236251831,0.044470031496504664
96,96,96,96,96,96,96,96,96,96,96,96,96,MLG37,2,22,MLG37,116,2,0,4,5.157372236251831,0.044460105484929575
34,34,34,34,34,34,34,34,34,34,34,34,34,1-6642,7,19,1-6642,36,0,0,2,1.5786861181259155,0.04385239217016432
417,417,417,417,417,417,417,417,417,417,417,417,417,1-10451,16,8,1-10451,46,1,0,1,1.7893430590629578,0.03889876215354256
210,210,210,210,210,210,210,210,210,210,210,210,210,1-7842,13,11,1-7842,21,0,0,1,0.7893430590629578,0.0375877647172837
53,53,53,53,53,53,53,53,53,53,53,53,53,1-9850,5,2,1-9850,27,1,0,0,1.0,0.037037037037037035
447,447,447,447,447,447,447,447,447,447,447,447,447,1-7152,4,1,1-7152,109,4,0,0,4.0,0.03669724770642202
27,27,27,27,27,27,27,27,27,27,27,27,27,1-18409,2,22,1-18409,22,0,0,1,0.7893430590629578,0.03587922995740717
6,6,6,6,6,6,6,6,6,6,6,6,6,1-8021,14,8,1-8021,58,2,0,0,2.0,0.034482758620689655
193,193,193,193,193,193,193,193,193,193,193,193,193,1-9553,9,5,1-9553,23,0,0,1,0.7893430590629578,0.034319263437519905
385,385,385,385,385,385,385,385,385,385,385,385,385,1-6974,19,23,1-6974,207,7,0,0,7.0,0.033816425120772944
59,59,59,59,59,59,59,59,59,59,59,59,59,1-9331,15,6,1-9331,25,0,0,1,0.7893430590629578,0.03157372236251831
303,303,303,303,303,303,303,303,303,303,303,303,303,1-8157,19,23,1-8157,75,2,0,0,2.0,0.02666666666666667
227,227,227,227,227,227,227,227,227,227,227,227,227,1-3068,4,1,1-3068,180,4,0,0,4.0,0.022222222222222223
196,196,196,196,196,196,196,196,196,196,196,196,196,1-9646,15,6,1-9646,105,1,0,1,1.7893430590629578,0.017041362467266265
36,36,36,36,36,36,36,36,36,36,36,36,36,1-2714,4,1,1-2714,61,1,0,0,1.0,0.01639344262295082
48,48,48,48,48,48,48,48,48,48,48,48,48,1-0405,11,5,1-0405,64,1,0,0,1.0,0.015625
47,47,47,47,47,47,47,47,47,47,47,47,47,1-19547,4,1,1-19547,66,1,0,0,1.0,0.015151515151515152
431,431,431,431,431,431,431,431,431,431,431,431,431,1-7614,5,2,1-7614,72,1,0,0,1.0,0.013888888888888888
75,75,75,75,75,75,75,75,75,75,75,75,75,1-8401,18,18,1-8401,57,0,0,1,0.7893430590629578,0.013848123843209785
335,335,335,335,335,335,335,335,335,335,335,335,335,1-8910,5,2,1-8910,137,1,0,0,1.0,0.0072992700729927005
178,178,178,178,178,178,178,178,178,178,178,178,178,1-7525,14,8,1-7525,6,0,0,0,0.0,0.0
565,565,565,565,565,565,565,565,565,565,565,565,565,1-19927,15,6,1-19927,1,0,0,0,0.0,0.0
29,29,29,29,29,29,29,29,29,29,29,29,29,1-18735,2,22,1-18735,27,0,0,0,0.0,0.0
319,319,319,319,319,319,319,319,319,319,319,319,319,1-3584,11,23,1-3584,26,0,0,0,0.0,0.0
107,107,107,107,107,107,107,107,107,107,107,107,107,1-6971,9,10,1-6971,10,0,0,0,0.0,0.0
254,254,254,254,254,254,254,254,254,254,254,254,254,1-8379,5,2,1-8379,5,0,0,0,0.0,0.0
35,35,35,35,35,35,35,35,35,35,35,35,35,1-2869,5,2,1-2869,9,0,0,0,0.0,0.0
262,262,262,262,262,262,262,262,262,262,262,262,262,1-8623,7,19,1-8623,5,0,0,0,0.0,0.0
530,530,530,530,530,530,530,530,530,530,530,530,530,1-4847,6,1,1-4847,2,0,0,0,0.0,0.0
242,242,242,242,242,242,242,242,242,242,242,242,242,1-20791,10,20,1-20791,13,0,0,0,0.0,0.0
211,211,211,211,211,211,211,211,211,211,211,211,211,1-5406,17,14,1-5406,10,0,0,0,0.0,0.0
110,110,110,110,110,110,110,110,110,110,110,110,110,72-18936,5,2,72-18936,20,0,0,0,0.0,0.0
546,546,546,546,546,546,546,546,546,546,546,546,546,1-7527,9,1,1-7527,1,0,0,0,0.0,0.0
0,0,0,0,0,0,0,0,0,0,0,0,0,72-0103,4,1,72-0103,71,0,0,0,0.0,0.0
549,549,549,549,549,549,549,549,549,549,549,549,549,1-4842,1,15,1-4842,6,0,0,0,0.0,0.0
238,238,238,238,238,238,238,238,238,238,238,238,238,1-9855,2,22,1-9855,8,0,0,0,0.0,0.0
9,9,9,9,9,9,9,9,9,9,9,9,9,1-8020,15,6,1-8020,56,0,0,0,0.0,0.0
317,317,317,317,317,317,317,317,317,317,317,317,317,1-10978,15,6,1-10978,1,0,0,0,0.0,0.0
252,252,252,252,252,252,252,252,252,252,252,252,252,1-21195,15,6,1-21195,1,0,0,0,0.0,0.0
477,477,477,477,477,477,477,477,477,477,477,477,477,1-9055,4,1,1-9055,12,0,0,0,0.0,0.0
307,307,307,307,307,307,307,307,307,307,307,307,307,1-5530,5,2,1-5530,7,0,0,0,0.0,0.0
284,284,284,284,284,284,284,284,284,284,284,284,284,1-4136,6,13,1-4136,5,0,0,0,0.0,0.0
247,247,247,247,247,247,247,247,247,247,247,247,247,1-20467,7,5,1-20467,13,0,0,0,0.0,0.0
456,456,456,456,456,456,456,456,456,456,456,456,456,1-8186,19,23,1-8186,26,0,0,0,0.0,0.0
142,142,142,142,142,142,142,142,142,142,142,142,142,P-16454,4,1,P-16454,8,0,0,0,0.0,0.0
165,165,165,165,165,165,165,165,165,165,165,165,165,1-7721,7,19,1-7721,20,0,0,0,0.0,0.0
158,158,158,158,158,158,158,158,158,158,158,158,158,1-7599,18,18,1-7599,3,0,0,0,0.0,0.0
49,49,49,49,49,49,49,49,49,49,49,49,49,1-2178,15,6,1-2178,12,0,0,0,0.0,0.0
334,334,334,334,334,334,334,334,334,334,334,334,334,1-20641,4,1,1-20641,16,0,0,0,0.0,0.0
194,194,194,194,194,194,194,194,194,194,194,194,194,1-9253,15,6,1-9253,24,0,0,0,0.0,0.0
325,325,325,325,325,325,325,325,325,325,325,325,325,1-19924,16,12,1-19924,1,0,0,0,0.0,0.0
563,563,563,563,563,563,563,563,563,563,563,563,563,1-21192,1,1,1-21192,4,0,0,0,0.0,0.0
541,541,541,541,541,541,541,541,541,541,541,541,541,1-5424,5,2,1-5424,5,0,0,0,0.0,0.0
269,269,269,269,269,269,269,269,269,269,269,269,269,1-7839,3,23,1-7839,24,0,0,0,0.0,0.0
100,100,100,100,100,100,100,100,100,100,100,100,100,1-19598,14,8,1-19598,11,0,0,0,0.0,0.0
177,177,177,177,177,177,177,177,177,177,177,177,177,1-10948,16,12,1-10948,2,0,0,0,0.0,0.0
147,147,147,147,147,147,147,147,147,147,147,147,147,1-17657,2,22,1-17657,8,0,0,0,0.0,0.0
204,204,204,204,204,204,204,204,204,204,204,204,204,1-9733,7,19,1-9733,4,0,0,0,0.0,0.0
229,229,229,229,229,229,229,229,229,229,229,229,229,1-4361,17,14,1-4361,10,0,0,0,0.0,0.0
280,280,280,280,280,280,280,280,280,280,280,280,280,1-7608,14,10,1-7608,4,0,0,0,0.0,0.0
78,78,78,78,78,78,78,78,78,78,78,78,78,1-4088,14,8,1-4088,30,0,0,0,0.0,0.0
181,181,181,181,181,181,181,181,181,181,181,181,181,1-8641,18,18,1-8641,30,0,0,0,0.0,0.0
38,38,38,38,38,38,38,38,38,38,38,38,38,1-2104,1,15,1-2104,36,0,0,0,0.0,0.0
20,20,20,20,20,20,20,20,20,20,20,20,20,1-5167,10,20,1-5167,24,0,0,0,0.0,0.0
212,212,212,212,212,212,212,212,212,212,212,212,212,1-10922,4,1,1-10922,1,0,0,0,0.0,0.0
275,275,275,275,275,275,275,275,275,275,275,275,275,1-3216,7,19,1-3216,5,0,0,0,0.0,0.0
148,148,148,148,148,148,148,148,148,148,148,148,148,1-0001,14,8,1-0001,17,0,0,0,0.0,0.0
297,297,297,297,297,297,297,297,297,297,297,297,297,1-8352,8,16,1-8352,1,0,0,0,0.0,0.0
559,559,559,559,559,559,559,559,559,559,559,559,559,1-5914,9,10,1-5914,3,0,0,0,0.0,0.0
21,21,21,21,21,21,21,21,21,21,21,21,21,1-3519,15,6,1-3519,27,0,0,0,0.0,0.0
323,323,323,323,323,323,323,323,323,323,323,323,323,1-3647,12,5,1-3647,5,0,0,0,0.0,0.0
374,374,374,374,374,374,374,374,374,374,374,374,374,1-6919,4,1,1-6919,43,0,0,0,0.0,0.0
301,301,301,301,301,301,301,301,301,301,301,301,301,1-1177,4,5,1-1177,17,0,0,0,0.0,0.0
551,551,551,551,551,551,551,551,551,551,551,551,551,1-9838,1,15,1-9838,3,0,0,0,0.0,0.0
32,32,32,32,32,32,32,32,32,32,32,32,32,1-0022,11,7,1-0022,18,0,0,0,0.0,0.0
23,23,23,23,23,23,23,23,23,23,23,23,23,1-2025,12,5,1-2025,41,0,0,0,0.0,0.0
469,469,469,469,469,469,469,469,469,469,469,469,469,1-8578,11,23,1-8578,11,0,0,0,0.0,0.0
18,18,18,18,18,18,18,18,18,18,18,18,18,1-3521,9,10,1-3521,22,0,0,0,0.0,0.0
70,70,70,70,70,70,70,70,70,70,70,70,70,1-2584,7,19,1-2584,36,0,0,0,0.0,0.0
235,235,235,235,235,235,235,235,235,235,235,235,235,1-8113,5,2,1-8113,9,0,0,0,0.0,0.0
218,218,218,218,218,218,218,218,218,218,218,218,218,1-9416,9,1,1-9416,13,0,0,0,0.0,0.0
274,274,274,274,274,274,274,274,274,274,274,274,274,1-0033,4,23,1-0033,10,0,0,0,0.0,0.0
82,82,82,82,82,82,82,82,82,82,82,82,82,1-17645,5,2,1-17645,9,0,0,0,0.0,0.0
545,545,545,545,545,545,545,545,545,545,545,545,545,1-19567,3,1,1-19567,2,0,0,0,0.0,0.0
156,156,156,156,156,156,156,156,156,156,156,156,156,1-8634,10,20,1-8634,10,0,0,0,0.0,0.0
120,120,120,120,120,120,120,120,120,120,120,120,120,1-10232,15,6,1-10232,5,0,0,0,0.0,0.0
564,564,564,564,564,564,564,564,564,564,564,564,564,1-9034,6,13,1-9034,3,0,0,0,0.0,0.0
561,561,561,561,561,561,561,561,561,561,561,561,561,1-9455,6,13,1-9455,2,0,0,0,0.0,0.0
175,175,175,175,175,175,175,175,175,175,175,175,175,1-4910,17,14,1-4910,4,0,0,0,0.0,0.0
136,136,136,136,136,136,136,136,136,136,136,136,136,1-9549,7,23,1-9549,18,0,0,0,0.0,0.0
127,127,127,127,127,127,127,127,127,127,127,127,127,1-9643,2,22,1-9643,8,0,0,0,0.0,0.0
135,135,135,135,135,135,135,135,135,135,135,135,135,1-9712,7,19,1-9712,10,0,0,0,0.0,0.0
249,249,249,249,249,249,249,249,249,249,249,249,249,1-6931,16,12,1-6931,1,0,0,0,0.0,0.0
60,60,60,60,60,60,60,60,60,60,60,60,60,1-18202,9,1,1-18202,23,0,0,0,0.0,0.0
69,69,69,69,69,69,69,69,69,69,69,69,69,1-18498,12,5,1-18498,13,0,0,0,0.0,0.0
492,492,492,492,492,492,492,492,492,492,492,492,492,1-6028,10,11,1-6028,2,0,0,0,0.0,0.0
556,556,556,556,556,556,556,556,556,556,556,556,556,1-10951,13,9,1-10951,1,0,0,0,0.0,0.0
115,115,115,115,115,115,115,115,115,115,115,115,115,1-3178,16,12,1-3178,6,0,0,0,0.0,0.0
55,55,55,55,55,55,55,55,55,55,55,55,55,1-8095,4,1,1-8095,46,0,0,0,0.0,0.0
