Unnamed: 0.10,Unnamed: 0.9,Unnamed: 0.8,Unnamed: 0.7,Unnamed: 0.6,Unnamed: 0.5,Unnamed: 0.4,Unnamed: 0.3,Unnamed: 0.2,Unnamed: 0.1,Unnamed: 0,Exam Group,Exam Block,slot,exam,size,b2bs,confs,2i3s,score,score_norm
191,191,191,191,191,191,191,191,191,191,191,MLG44,21,1,MLG44,59,10,1,3,1011.3630903959274,17.141747294846226
168,168,168,168,168,168,168,168,168,168,168,MLG45,7,16,MLG45,70,11,1,26,1022.8134500980377,14.611620715686254
84,84,84,84,84,84,84,84,84,84,84,1-2382,21,1,1-2382,139,7,1,6,1009.7261807918549,7.264217127998956
6,6,6,6,6,6,6,6,6,6,6,MLG54,7,16,MLG54,595,25,1,93,1067.2558022737503,1.7937072307121853
49,49,49,49,49,49,49,49,49,49,49,1-6974,7,16,1-6974,207,62,0,56,87.44435405731201,0.4224364930304928
75,75,75,75,75,75,75,75,75,75,75,1-2545,4,8,1-2545,145,29,0,68,59.89671564102173,0.4130807975242878
145,145,145,145,145,145,145,145,145,145,145,1-9491,18,20,1-9491,80,21,0,26,32.81345009803772,0.4101681262254715
36,36,36,36,36,36,36,36,36,36,36,MLG64,13,6,MLG64,245,79,0,44,98.9919924736023,0.4040489488718461
332,332,332,332,332,332,332,332,332,332,332,P-16616,2,9,P-16616,28,10,0,2,10.908726930618286,0.38959739037922453
60,60,60,60,60,60,60,60,60,60,60,1-3068,5,14,1-3068,180,39,0,68,69.89671564102173,0.3883150868945652
156,156,156,156,156,156,156,156,156,156,156,1-2294,8,17,1-2294,75,21,0,15,27.815451979637146,0.37087269306182863
239,239,239,239,239,239,239,239,239,239,239,1-5002,6,15,1-5002,45,13,0,8,16.634907722473145,0.36966461605495876
43,43,43,43,43,43,43,43,43,43,43,MLG14,12,13,MLG14,232,65,0,44,84.9919924736023,0.3663447951448375
295,295,295,295,295,295,295,295,295,295,295,1-1942,14,5,1-1942,34,2,0,23,12.45035970211029,0.36618705006206737
29,29,29,29,29,29,29,29,29,29,29,1-3534,10,19,1-3534,279,65,0,81,101.80344069004059,0.36488688419369386
228,228,228,228,228,228,228,228,228,228,228,MLG60,4,8,MLG60,47,6,0,23,16.45035970211029,0.35000765323638916
57,57,57,57,57,57,57,57,57,57,57,MLG75,4,8,MLG75,185,40,0,53,64.08126366138458,0.3463852089804572
102,102,102,102,102,102,102,102,102,102,102,1-17907,5,14,1-17907,119,28,0,29,41.17654049396515,0.34602134868878276
40,40,40,40,40,40,40,40,40,40,40,1-7807,5,14,1-7807,239,55,0,60,82.26180791854858,0.3441916649311656
22,22,22,22,22,22,22,22,22,22,22,MLG50,12,13,MLG50,319,79,0,64,108.07926177978516,0.3388064632595146
299,299,299,299,299,299,299,299,299,299,299,MLG31,13,6,MLG31,33,8,0,7,11.180544257164001,0.33880437142921216
368,368,368,368,368,368,368,368,368,368,368,1-6858,11,12,1-6858,23,0,0,17,7.724178910255432,0.33583386566327966
166,166,166,166,166,166,166,166,166,166,166,MLG58,12,13,MLG58,71,20,0,7,23.180544257164,0.3264865388332958
35,35,35,35,35,35,35,35,35,35,35,1-7496,5,14,1-7496,246,52,0,62,80.17053484916687,0.3258964831266946
67,67,67,67,67,67,67,67,67,67,67,1-3516,5,14,1-3516,156,32,0,40,50.17453861236572,0.32163165777157515
263,263,263,263,263,263,263,263,263,263,263,1-6061,6,6,1-6061,40,11,0,4,12.817453861236572,0.3204363465309143
51,51,51,51,51,51,51,51,51,51,51,MLG65,3,7,MLG65,201,41,0,51,64.1725367307663,0.3192663518943597
78,78,78,78,78,78,78,78,78,78,78,1-1570,18,20,1-1570,142,7,0,84,45.16653108596802,0.3180741625772396
114,114,114,114,114,114,114,114,114,114,114,1-7152,5,14,1-7152,109,25,0,21,34.541632771492004,0.3168957134999266
319,319,319,319,319,319,319,319,319,319,319,1-18935,17,2,1-18935,30,9,0,1,9.454363465309143,0.3151454488436381
137,137,137,137,137,137,137,137,137,137,137,1-6611,5,14,1-6611,89,18,0,22,27.995996236801147,0.3145617554696758
55,55,55,55,55,55,55,55,55,55,55,1-1462,14,5,1-1462,192,14,0,99,58.981983065605164,0.3071978284666936
31,31,31,31,31,31,31,31,31,31,31,1-9156,15,4,1-9156,268,65,0,36,81.35708475112915,0.3035712117579446
155,155,155,155,155,155,155,155,155,155,155,1-8157,1,10,1-8157,75,17,0,12,22.452361583709717,0.29936482111612955
46,46,46,46,46,46,46,46,46,46,46,1-2282,13,6,1-2282,219,56,0,21,65.541632771492,0.29927686197028314
103,103,103,103,103,103,103,103,103,103,103,1-3362,5,14,1-3362,117,24,0,24,34.904723167419434,0.29833096724290115
165,165,165,165,165,165,165,165,165,165,165,MLG59,10,19,MLG59,71,17,0,9,21.089271187782288,0.29703198856031393
129,129,129,129,129,129,129,129,129,129,129,1-4531,14,5,1-4531,94,12,0,35,27.902721285820007,0.2968374604874469
34,34,34,34,34,34,34,34,34,34,34,MLG51,8,17,MLG51,248,45,0,62,73.17053484916687,0.2950424792305116
64,64,64,64,64,64,64,64,64,64,64,MLG29,6,15,MLG29,164,34,0,31,48.085267424583435,0.293202850149899
257,257,257,257,257,257,257,257,257,257,257,1-19286,12,13,1-19286,40,11,0,1,11.454363465309143,0.2863590866327286
331,331,331,331,331,331,331,331,331,331,331,1-5981,3,7,1-5981,28,3,0,11,7.997998118400574,0.2856427899428776
81,81,81,81,81,81,81,81,81,81,81,1-7682,18,20,1-7682,141,13,0,60,40.261807918548584,0.2855447370109829
329,329,329,329,329,329,329,329,329,329,329,1-5980,6,15,1-5980,29,6,0,5,8.271817326545715,0.2852350802257143
92,92,92,92,92,92,92,92,92,92,92,1-6980,13,6,1-6980,128,34,0,5,36.271817326545715,0.2833735728636384
385,385,385,385,385,385,385,385,385,385,385,1-18615,16,3,1-18615,22,3,0,7,6.1805442571640015,0.280933829871091
28,28,28,28,28,28,28,28,28,28,28,1-7005,14,5,1-7005,285,33,0,103,79.79943692684174,0.2799980243047078
179,179,179,179,179,179,179,179,179,179,179,1-7467,12,13,1-7467,64,12,0,13,17.90672504901886,0.2797925788909197
448,448,448,448,448,448,448,448,448,448,448,MLG42,16,4,MLG42,14,3,0,2,3.908726930618286,0.279194780758449
108,108,108,108,108,108,108,108,108,108,108,1-8328,17,2,1-8328,114,30,0,4,31.817453861236572,0.2791004724669875
227,227,227,227,227,227,227,227,227,227,227,1-1957,16,3,1-1957,47,4,0,20,13.087269306182861,0.2784525384294226
354,354,354,354,354,354,354,354,354,354,354,1-7530,2,9,1-7530,25,6,0,2,6.908726930618286,0.27634907722473145
80,80,80,80,80,80,80,80,80,80,80,1-0053,6,15,1-0053,142,29,0,22,38.99599623680115,0.2746196918084588
169,169,169,169,169,169,169,169,169,169,169,1-7268,16,3,1-7268,70,11,0,18,19.178542375564575,0.27397917679377964
326,326,326,326,326,326,326,326,326,326,326,1-0027,21,1,1-0027,29,7,0,2,7.908726930618286,0.27271472174545813
143,143,143,143,143,143,143,143,143,143,143,1-9286,16,3,1-9286,81,13,0,20,22.08726930618286,0.27268233711336864
473,473,473,473,473,473,473,473,473,473,473,1-5161,3,7,1-5161,12,1,0,5,3.2718173265457153,0.27265144387880963
281,281,281,281,281,281,281,281,281,281,281,1-3312,11,12,1-3312,36,3,0,15,9.815451979637146,0.27265144387880963
238,238,238,238,238,238,238,238,238,238,238,1-4390,14,5,1-4390,45,9,0,7,12.180544257164001,0.27067876127031115
176,176,176,176,176,176,176,176,176,176,176,1-6561,18,20,1-6561,65,3,0,32,17.539630889892578,0.2698404752291166
358,358,358,358,358,358,358,358,358,358,358,1-8627,5,14,1-8627,25,4,0,6,6.726180791854858,0.2690472316741943
431,431,431,431,431,431,431,431,431,431,431,1-8503,10,22,1-8503,16,2,0,5,4.271817326545715,0.2669885829091072
125,125,125,125,125,125,125,125,125,125,125,1-1390,7,16,1-1390,98,17,0,20,26.08726930618286,0.2661966255732945
215,215,215,215,215,215,215,215,215,215,215,MLG40,15,4,MLG40,51,9,0,10,13.54363465309143,0.2655614637861065
161,161,161,161,161,161,161,161,161,161,161,1-8285,16,3,1-8285,72,10,0,20,19.08726930618286,0.26510096258587307
233,233,233,233,233,233,233,233,233,233,233,1-3587,5,14,1-3587,46,9,0,7,12.180544257164001,0.2647944403731305
378,378,378,378,378,378,378,378,378,378,378,1-9518,7,16,1-9518,22,4,0,4,5.817453861236572,0.26442972096529876
45,45,45,45,45,45,45,45,45,45,45,1-3596,3,7,1-3596,223,33,0,57,58.898717522621155,0.2641198095184805
5,5,5,5,5,5,5,5,5,5,5,MLG57,16,3,MLG57,629,63,0,226,165.68614315986633,0.2634119923050339
496,496,496,496,496,496,496,496,496,496,496,1-9076,21,1,1-9076,9,1,0,3,2.363090395927429,0.26256559954749215
406,406,406,406,406,406,406,406,406,406,406,1-3265,17,2,1-3265,19,4,0,2,4.908726930618286,0.2583540489799098
138,138,138,138,138,138,138,138,138,138,138,1-4640,7,16,1-4640,87,16,0,14,22.361088514328003,0.2570240059118161
216,216,216,216,216,216,216,216,216,216,216,1-8397,19,21,1-8397,51,9,0,9,13.089271187782288,0.25665237623102527
54,54,54,54,54,54,54,54,54,54,54,1-1350,18,20,1-1350,195,23,0,59,49.80744445323944,0.2554227920678946
148,148,148,148,148,148,148,148,148,148,148,1-0278,18,20,1-0278,79,6,0,31,20.085267424583435,0.25424389145042325
272,272,272,272,272,272,272,272,272,272,272,1-19229,15,4,1-19229,38,6,0,8,9.634907722473145,0.2535502032229775
217,217,217,217,217,217,217,217,217,217,217,1-9770,15,4,1-9770,50,9,0,8,12.634907722473145,0.25269815444946286
63,63,63,63,63,63,63,63,63,63,63,1-3052,14,5,1-3052,166,16,0,57,41.898717522621155,0.2524019127868744
296,296,296,296,296,296,296,296,296,296,296,1-0205,14,5,1-0205,34,4,0,10,8.54363465309143,0.25128337214974794
542,542,542,542,542,542,542,542,542,542,542,1-8093,8,17,1-8093,4,1,0,0,1.0,0.25
435,435,435,435,435,435,435,435,435,435,435,1-4494,21,1,1-4494,16,4,0,0,4.0,0.25
474,474,474,474,474,474,474,474,474,474,474,1-18004,12,13,1-18004,12,3,0,0,3.0,0.25
545,545,545,545,545,545,545,545,545,545,545,1-4926,15,1,1-4926,4,1,0,0,1.0,0.25
540,540,540,540,540,540,540,540,540,540,540,1-9733,21,1,1-9733,4,1,0,0,1.0,0.25
430,430,430,430,430,430,430,430,430,430,430,1-8023,10,19,1-8023,16,4,0,0,4.0,0.25
264,264,264,264,264,264,264,264,264,264,264,1-8928,21,1,1-8928,39,7,0,6,9.726180791854858,0.2493892510732015
7,7,7,7,7,7,7,7,7,7,7,MLG69,3,7,MLG69,576,31,0,246,142.7734124660492,0.24787050775355762
17,17,17,17,17,17,17,17,17,17,17,1-7004,5,14,1-7004,381,48,0,102,94.34507346153259,0.247624864728432
334,334,334,334,334,334,334,334,334,334,334,1-18994,8,17,1-18994,28,6,0,2,6.908726930618286,0.24674024752208165
97,97,97,97,97,97,97,97,97,97,97,1-1833,2,9,1-1833,124,26,0,10,30.54363465309143,0.24631963429912443
292,292,292,292,292,292,292,292,292,292,292,1-9740,21,1,1-9740,34,7,0,3,8.36309039592743,0.24597324693904205
41,41,41,41,41,41,41,41,41,41,41,1-9283,3,7,1-9283,235,21,0,81,57.80344069004059,0.2459720880427259
85,85,85,85,85,85,85,85,85,85,85,1-1131,10,19,1-1131,138,28,0,13,33.90672504901886,0.24570090615231058
24,24,24,24,24,24,24,24,24,24,24,1-3535,2,9,1-3535,315,46,0,69,77.35107910633087,0.24555898128993928
142,142,142,142,142,142,142,142,142,142,142,1-8084,6,15,1-8084,82,16,0,9,20.089271187782288,0.24499111204612545
77,77,77,77,77,77,77,77,77,77,77,1-9674,11,12,1-9674,144,13,0,49,35.26380980014801,0.2448875680565834
433,433,433,433,433,433,433,433,433,433,433,1-20641,5,14,1-20641,16,3,0,2,3.908726930618286,0.24429543316364288
381,381,381,381,381,381,381,381,381,381,381,1-9752,21,16,1-9752,22,4,0,3,5.363090395927429,0.2437768361785195
350,350,350,350,350,350,350,350,350,350,350,1-9609,9,18,1-9609,25,2,0,9,6.089271187782288,0.24357084751129152
468,468,468,468,468,468,468,468,468,468,468,1-9946,16,3,1-9946,12,2,0,2,2.908726930618286,0.24239391088485718
256,256,256,256,256,256,256,256,256,256,256,1-0296,2,9,1-0296,41,9,0,2,9.908726930618286,0.241676266600446
275,275,275,275,275,275,275,275,275,275,275,1-4020,15,4,1-4020,37,8,0,2,8.908726930618286,0.24077640353022395
126,126,126,126,126,126,126,126,126,126,126,1-6693,6,15,1-6693,98,19,0,10,23.54363465309143,0.2402411699295044
48,48,48,48,48,48,48,48,48,48,48,MLG30,9,18,MLG30,208,32,0,39,49.72017514705658,0.23903930359161818
441,441,441,441,441,441,441,441,441,441,441,1-9997,2,9,1-9997,16,2,0,4,3.8174538612365723,0.23859086632728577
414,414,414,414,414,414,414,414,414,414,414,MLG06,3,7,MLG06,18,2,0,5,4.271817326545715,0.2373231848080953
369,369,369,369,369,369,369,369,369,369,369,MLG39,21,1,MLG39,23,5,0,1,5.454363465309143,0.23714623762213666
32,32,32,32,32,32,32,32,32,32,32,1-7874,14,5,1-7874,258,28,0,73,61.168532967567444,0.23708733708359475
208,208,208,208,208,208,208,208,208,208,208,1-5355,18,20,1-5355,53,3,0,21,12.541632771492004,0.23663458059418876
180,180,180,180,180,180,180,180,180,180,180,1-10539,15,4,1-10539,63,8,0,15,14.815451979637146,0.23516590443868485
304,304,304,304,304,304,304,304,304,304,304,1-1592,5,2,1-1592,32,7,0,1,7.454363465309143,0.23294885829091072
412,412,412,412,412,412,412,412,412,412,412,1-0055,16,20,1-0055,18,1,0,7,4.1805442571640015,0.2322524587313334
37,37,37,37,37,37,37,37,37,37,37,1-5775,12,13,1-5775,244,44,0,27,56.26781356334686,0.2306057932924052
184,184,184,184,184,184,184,184,184,184,184,1-2701,17,2,1-2701,61,14,0,0,14.0,0.22950819672131148
359,359,359,359,359,359,359,359,359,359,359,1-7839,17,2,1-7839,24,5,0,1,5.454363465309143,0.22726514438788095
154,154,154,154,154,154,154,154,154,154,154,1-9417,11,12,1-9417,76,5,0,27,17.267813563346863,0.2272080732019324
122,122,122,122,122,122,122,122,122,122,122,1-9404,11,12,1-9404,100,5,0,39,22.72017514705658,0.2272017514705658
543,543,543,543,543,543,543,543,543,543,543,1-7608,9,18,1-7608,4,0,0,2,0.9087269306182861,0.22718173265457153
556,556,556,556,556,556,556,556,556,556,556,1-9455,1,10,1-9455,2,0,0,1,0.45436346530914307,0.22718173265457153
502,502,502,502,502,502,502,502,502,502,502,72-11994,9,18,72-11994,8,0,0,4,1.8174538612365723,0.22718173265457153
552,552,552,552,552,552,552,552,552,552,552,1-19568,4,8,1-19568,2,0,0,1,0.45436346530914307,0.22718173265457153
555,555,555,555,555,555,555,555,555,555,555,1-6028,5,14,1-6028,2,0,0,1,0.45436346530914307,0.22718173265457153
553,553,553,553,553,553,553,553,553,553,553,1-4847,1,10,1-4847,2,0,0,1,0.45436346530914307,0.22718173265457153
181,181,181,181,181,181,181,181,181,181,181,MLG84,4,8,MLG84,63,7,0,16,14.269815444946289,0.2265050070626395
224,224,224,224,224,224,224,224,224,224,224,1-9277,21,1,1-9277,48,4,0,15,10.815451979637146,0.22532191624244055
91,91,91,91,91,91,91,91,91,91,91,1-9270,19,21,1-9270,128,27,0,4,28.817453861236572,0.22513635829091072
203,203,203,203,203,203,203,203,203,203,203,1-9938,11,12,1-9938,55,6,0,14,12.361088514328003,0.22474706389687277
222,222,222,222,222,222,222,222,222,222,222,1-8705,18,20,1-8705,48,8,0,6,10.726180791854858,0.22346209983030954
351,351,351,351,351,351,351,351,351,351,351,1-2324,16,3,1-2324,25,1,0,10,5.543634653091431,0.22174538612365724
348,348,348,348,348,348,348,348,348,348,348,1-3087,18,20,1-3087,26,3,0,6,5.726180791854858,0.2202377227636484
404,404,404,404,404,404,404,404,404,404,404,1-20578,11,12,1-20578,19,1,0,7,4.1805442571640015,0.2200286451138948
93,93,93,93,93,93,93,93,93,93,93,MLG52,8,17,MLG52,125,21,0,14,27.361088514328003,0.21888870811462402
160,160,160,160,160,160,160,160,160,160,160,1-5197,11,12,1-5197,72,3,0,28,15.722177028656006,0.21836356984244454
352,352,352,352,352,352,352,352,352,352,352,1-2297,11,12,1-2297,25,0,0,12,5.452361583709717,0.21809446334838867
111,111,111,111,111,111,111,111,111,111,111,1-0272,5,14,1-0272,111,16,0,18,24.178542375564575,0.21782470608616736
210,210,210,210,210,210,210,210,210,210,210,1-1191,5,14,1-1191,53,7,0,10,11.54363465309143,0.21780442741681943
429,429,429,429,429,429,429,429,429,429,429,1-9452,21,1,1-9452,16,3,0,1,3.454363465309143,0.21589771658182144
53,53,53,53,53,53,53,53,53,53,53,1-8341,14,5,1-8341,197,15,0,60,42.261807918548584,0.21452694374897757
450,450,450,450,450,450,450,450,450,450,450,1-11206,4,21,1-11206,14,3,0,0,3.0,0.21428571428571427
3,3,3,3,3,3,3,3,3,3,3,1-6181,9,18,1-6181,659,88,0,117,141.16052544116974,0.21420413572256408
189,189,189,189,189,189,189,189,189,189,189,MLG10,8,7,MLG10,60,6,0,15,12.815451979637146,0.21359086632728577
8,8,8,8,8,8,8,8,8,8,8,1-10468,11,12,1-10468,549,47,0,154,116.97197365760803,0.213063704294368
147,147,147,147,147,147,147,147,147,147,147,1-2423,9,18,1-2423,79,5,0,26,16.81345009803772,0.212828482253642
157,157,157,157,157,157,157,157,157,157,157,1-17733,11,12,1-17733,74,3,0,28,15.722177028656006,0.21246185173859466
447,447,447,447,447,447,447,447,447,447,447,1-9971,1,10,1-9971,15,0,0,7,3.1805442571640015,0.21203628381093342
0,0,0,0,0,0,0,0,0,0,0,1-6098,6,15,1-6098,1327,192,0,194,280.14651226997375,0.21111266938204504
269,269,269,269,269,269,269,269,269,269,269,1-8551,14,5,1-8551,38,3,0,11,7.997998118400574,0.21047363469475194
65,65,65,65,65,65,65,65,65,65,65,1-4319,11,12,1-4319,163,12,0,49,34.26380980014801,0.2102074220867976
244,244,244,244,244,244,244,244,244,244,244,1-19448,4,8,1-19448,45,4,0,12,9.452361583709717,0.2100524796379937
345,345,345,345,345,345,345,345,345,345,345,1-3584,19,21,1-3584,26,5,0,1,5.454363465309143,0.20978321020419782
513,513,513,513,513,513,513,513,513,513,513,1-5530,21,6,1-5530,7,1,0,1,1.454363465309143,0.20776620932987758
136,136,136,136,136,136,136,136,136,136,136,1-1769,11,12,1-1769,89,3,0,34,18.448357820510864,0.20728491933158275
123,123,123,123,123,123,123,123,123,123,123,1-11350,3,7,1-11350,100,7,0,30,20.630903959274292,0.2063090395927429
268,268,268,268,268,268,268,268,268,268,268,1-8493,12,13,1-8493,38,6,0,4,7.817453861236572,0.20572247003254138
439,439,439,439,439,439,439,439,439,439,439,1-4682,2,8,1-4682,16,1,0,5,3.2718173265457153,0.2044885829091072
124,124,124,124,124,124,124,124,124,124,124,1-0292,21,1,1-0292,99,10,0,22,19.995996236801147,0.20197975996768835
1,1,1,1,1,1,1,1,1,1,1,1-9227,14,5,1-9227,801,64,0,214,161.23378157615662,0.20129061370306695
458,458,458,458,458,458,458,458,458,458,458,1-9667,16,3,1-9667,14,1,0,4,2.8174538612365723,0.20124670437404088
300,300,300,300,300,300,300,300,300,300,300,1-18709,6,15,1-18709,33,3,0,8,6.6349077224731445,0.20105780977191348
327,327,327,327,327,327,327,327,327,327,327,1-8988,12,13,1-8988,29,4,0,4,5.817453861236572,0.20060185728401975
533,533,533,533,533,533,533,533,533,533,533,1-3217,21,22,1-3217,5,1,0,0,1.0,0.2
442,442,442,442,442,442,442,442,442,442,442,1-5803,17,2,1-5803,15,3,0,0,3.0,0.2
174,174,174,174,174,174,174,174,174,174,174,MLG41,21,1,MLG41,66,10,0,7,13.180544257164001,0.19970521601763638
274,274,274,274,274,274,274,274,274,274,274,1-7744,1,10,1-7744,37,1,0,14,7.361088514328003,0.19894833822508115
130,130,130,130,130,130,130,130,130,130,130,1-3139,14,5,1-3139,93,8,0,23,18.45035970211029,0.19839096453882032
421,421,421,421,421,421,421,421,421,421,421,1-5282,21,1,1-5282,17,2,0,3,3.363090395927429,0.19782884681926055
472,472,472,472,472,472,472,472,472,472,472,1-1935,4,8,1-1935,12,1,0,3,2.363090395927429,0.1969241996606191
302,302,302,302,302,302,302,302,302,302,302,1-9500,1,10,1-9500,33,1,0,12,6.452361583709717,0.19552610859726416
512,512,512,512,512,512,512,512,512,512,512,1-5799,18,20,1-5799,7,0,0,3,1.3630903959274292,0.19472719941820418
236,236,236,236,236,236,236,236,236,236,236,1-9794,20,22,1-9794,46,8,0,2,8.908726930618286,0.19366797675257144
407,407,407,407,407,407,407,407,407,407,407,1-9549,10,19,1-9549,18,3,0,1,3.454363465309143,0.1919090814060635
325,325,325,325,325,325,325,325,325,325,325,1-9338,11,12,1-9338,29,1,0,10,5.543634653091431,0.19115981562384243
153,153,153,153,153,153,153,153,153,153,153,1-9516,14,5,1-9516,76,4,0,23,14.45035970211029,0.19013631186987223
372,372,372,372,372,372,372,372,372,372,372,1-9553,19,21,1-9553,23,3,0,3,4.363090395927429,0.18969958243162735
477,477,477,477,477,477,477,477,477,477,477,1-8222,9,18,1-8222,12,0,0,5,2.2718173265457153,0.1893181105454763
462,462,462,462,462,462,462,462,462,462,462,1-4052,19,21,1-4052,13,2,0,1,2.454363465309143,0.18879718963916486
58,58,58,58,58,58,58,58,58,58,58,MLG49,20,22,MLG49,185,8,0,59,34.80744445323944,0.18814834839588887
61,61,61,61,61,61,61,61,61,61,61,1-6927,11,12,1-6927,179,5,0,63,33.62489831447601,0.18784859393562017
98,98,98,98,98,98,98,98,98,98,98,1-5043,19,21,1-5043,123,17,0,13,22.90672504901886,0.18623353698389317
11,11,11,11,11,11,11,11,11,11,11,MLG56,8,17,MLG56,511,61,0,75,95.07725989818573,0.1860611739690523
86,86,86,86,86,86,86,86,86,86,86,1-8910,19,21,1-8910,137,18,0,16,25.26981544494629,0.18445120762734518
109,109,109,109,109,109,109,109,109,109,109,1-7441,1,10,1-7441,111,9,0,25,20.359086632728577,0.18341519488944663
2,2,2,2,2,2,2,2,2,2,2,1-6240,16,3,1-6240,698,53,0,165,127.9699717760086,0.18333806844700373
25,25,25,25,25,25,25,25,25,25,25,1-18028,3,7,1-18028,309,2,0,120,56.52361583709717,0.18292432309740184
94,94,94,94,94,94,94,94,94,94,94,1-1005,6,15,1-1005,125,16,0,15,22.815451979637146,0.18252361583709717
311,311,311,311,311,311,311,311,311,311,311,1-8938,10,19,1-8938,30,5,0,1,5.454363465309143,0.18181211551030477
219,219,219,219,219,219,219,219,219,219,219,1-2400,7,16,1-2400,49,8,0,2,8.908726930618286,0.18181075368608748
403,403,403,403,403,403,403,403,403,403,403,72-12171,19,21,72-12171,19,3,0,1,3.454363465309143,0.18180860343732333
510,510,510,510,510,510,510,510,510,510,510,1-10444,18,20,1-10444,8,1,0,1,1.454363465309143,0.18179543316364288
267,267,267,267,267,267,267,267,267,267,267,1-5413,18,20,1-5413,39,3,0,9,7.089271187782288,0.18177618430210993
491,491,491,491,491,491,491,491,491,491,491,1-5555,21,22,1-5555,10,0,0,4,1.8174538612365723,0.18174538612365723
526,526,526,526,526,526,526,526,526,526,526,1-9836,1,10,1-9836,5,0,0,2,0.9087269306182861,0.18174538612365723
118,118,118,118,118,118,118,118,118,118,118,MLG15,4,17,MLG15,105,14,0,11,18.997998118400574,0.1809333154133388
9,9,9,9,9,9,9,9,9,9,9,1-3523,17,2,1-3523,543,85,0,29,98.17654049396515,0.18080394197783636
163,163,163,163,163,163,163,163,163,163,163,1-6692,21,1,1-6692,71,11,0,4,12.817453861236572,0.18052751917234608
79,79,79,79,79,79,79,79,79,79,79,1-0129,19,21,1-0129,142,22,0,8,25.634907722473145,0.18052751917234608
288,288,288,288,288,288,288,288,288,288,288,1-9761,7,16,1-9761,35,4,0,5,6.271817326545715,0.179194780758449
195,195,195,195,195,195,195,195,195,195,195,1-9379,21,1,1-9379,58,9,0,3,10.36309039592743,0.17867397234357638
213,213,213,213,213,213,213,213,213,213,213,1-6227,17,20,1-6227,52,2,0,16,9.269815444946289,0.17826568163358247
436,436,436,436,436,436,436,436,436,436,436,1-9115,18,20,1-9115,16,1,0,4,2.8174538612365723,0.17609086632728577
20,20,20,20,20,20,20,20,20,20,20,1-8067,11,12,1-8067,322,27,0,65,56.5336252450943,0.1755702647363177
454,454,454,454,454,454,454,454,454,454,454,1-5913,9,18,1-5913,14,2,0,1,2.454363465309143,0.17531167609351023
451,451,451,451,451,451,451,451,451,451,451,1-11329,8,17,1-11329,14,2,0,1,2.454363465309143,0.17531167609351023
199,199,199,199,199,199,199,199,199,199,199,1-20167,6,15,1-20167,56,7,0,6,9.726180791854858,0.17368179985455104
386,386,386,386,386,386,386,386,386,386,386,1-4855,16,3,1-4855,22,2,0,4,3.8174538612365723,0.17352063005620783
482,482,482,482,482,482,482,482,482,482,482,1-9457,13,6,1-9457,11,1,0,2,1.9087269306182861,0.17352063005620783
62,62,62,62,62,62,62,62,62,62,62,1-6878,10,19,1-6878,167,8,0,46,28.90071940422058,0.17305820002527295
324,324,324,324,324,324,324,324,324,324,324,1-5515,17,2,1-5515,29,5,0,0,5.0,0.1724137931034483
158,158,158,158,158,158,158,158,158,158,158,1-9808,9,18,1-9808,74,5,0,17,12.724178910255432,0.17194836365210042
426,426,426,426,426,426,426,426,426,426,426,1-3639,17,2,1-3639,17,2,0,2,2.908726930618286,0.17110158415401683
23,23,23,23,23,23,23,23,23,23,23,1-7866,17,2,1-7866,318,52,0,5,54.271817326545715,0.17066609222184187
437,437,437,437,437,437,437,437,437,437,437,1-4098,9,18,1-4098,16,0,0,6,2.7261807918548584,0.17038629949092865
503,503,503,503,503,503,503,503,503,503,503,1-5531,10,12,1-5531,8,0,0,3,1.3630903959274292,0.17038629949092865
290,290,290,290,290,290,290,290,290,290,290,1-3509,9,18,1-3509,35,5,0,2,5.908726930618286,0.16882076944623675
221,221,221,221,221,221,221,221,221,221,221,1-4355,3,7,1-4355,49,6,0,5,8.271817326545715,0.16881259850093297
121,121,121,121,121,121,121,121,121,121,121,1-9333,20,22,1-9333,102,4,0,29,17.17654049396515,0.16839745582318774
26,26,26,26,26,26,26,26,26,26,26,1-18558,17,2,1-18558,307,47,0,10,51.54363465309143,0.16789457541723593
72,72,72,72,72,72,72,72,72,72,72,1-9497,6,15,1-9497,150,17,0,18,25.178542375564575,0.1678569491704305
68,68,68,68,68,68,68,68,68,68,68,1-1015,8,17,1-1015,155,21,0,11,25.997998118400574,0.16772902011871338
270,270,270,270,270,270,270,270,270,270,270,1-9651,10,19,1-9651,38,5,0,3,6.363090395927429,0.16744974726124814
524,524,524,524,524,524,524,524,524,524,524,1-7525,13,6,1-7525,6,1,0,0,1.0,0.16666666666666666
518,518,518,518,518,518,518,518,518,518,518,1-4842,21,1,1-4842,6,1,0,0,1.0,0.16666666666666666
83,83,83,83,83,83,83,83,83,83,83,MLG13,14,5,MLG13,140,11,0,27,23.267813563346863,0.16619866830962046
12,12,12,12,12,12,12,12,12,12,12,1-7024,1,10,1-7024,498,24,0,129,82.61288702487946,0.16588933137525996
417,417,417,417,417,417,417,417,417,417,417,1-5425,12,13,1-5425,17,1,0,4,2.8174538612365723,0.16573258007273955
27,27,27,27,27,27,27,27,27,27,27,1-1608,15,4,1-1608,307,33,0,38,50.26581168174744,0.16373228560829783
47,47,47,47,47,47,47,47,47,47,47,1-0303,1,10,1-0303,212,10,0,54,34.535627126693726,0.16290390154100814
133,133,133,133,133,133,133,133,133,133,133,MLG53,1,10,MLG53,91,3,0,26,14.81345009803772,0.16278516591250242
338,338,338,338,338,338,338,338,338,338,338,1-3589,13,6,1-3589,27,3,0,3,4.363090395927429,0.16159594058990479
285,285,285,285,285,285,285,285,285,285,285,1-9887,9,18,1-9887,36,4,0,4,5.817453861236572,0.16159594058990479
309,309,309,309,309,309,309,309,309,309,309,1-9185,2,9,1-9185,31,5,0,0,5.0,0.16129032258064516
151,151,151,151,151,151,151,151,151,151,151,MLG38,21,1,MLG38,77,11,0,3,12.36309039592743,0.16055961553152506
422,422,422,422,422,422,422,422,422,422,422,1-7536,18,20,1-7536,17,0,0,6,2.7261807918548584,0.16036357599146225
235,235,235,235,235,235,235,235,235,235,235,1-1989,18,20,1-1989,46,6,0,3,7.363090395927429,0.1600671825201615
242,242,242,242,242,242,242,242,242,242,242,1-3206,8,17,1-3206,45,4,0,7,7.1805442571640015,0.15956765015920002
347,347,347,347,347,347,347,347,347,347,347,1-7204,18,20,1-7204,26,0,0,9,4.089271187782288,0.15727966106854951
260,260,260,260,260,260,260,260,260,260,260,1-4760,17,2,1-4760,40,4,0,5,6.271817326545715,0.1567954331636429
177,177,177,177,177,177,177,177,177,177,177,1-9498,19,21,1-9498,64,10,0,0,10.0,0.15625
286,286,286,286,286,286,286,286,286,286,286,1-1770,19,21,1-1770,35,5,0,1,5.454363465309143,0.1558389561516898
202,202,202,202,202,202,202,202,202,202,202,1-6787,6,15,1-6787,56,6,0,6,8.726180791854858,0.1558246569974082
16,16,16,16,16,16,16,16,16,16,16,1-7140,9,18,1-7140,397,40,0,48,61.80944633483887,0.15569130059153366
297,297,297,297,297,297,297,297,297,297,297,1-9630,21,1,1-9630,33,1,0,9,5.089271187782288,0.1542203390237057
466,466,466,466,466,466,466,466,466,466,466,1-9416,16,22,1-9416,13,2,0,0,2.0,0.15384615384615385
245,245,245,245,245,245,245,245,245,245,245,1-1183,21,1,1-1183,45,6,0,2,6.908726930618286,0.1535272651248508
401,401,401,401,401,401,401,401,401,401,401,1-8100,5,15,1-8100,19,2,0,2,2.908726930618286,0.15309089108517296
56,56,56,56,56,56,56,56,56,56,56,1-8427,3,7,1-8427,189,13,0,35,28.902721285820007,0.1529244512477249
262,262,262,262,262,262,262,262,262,262,262,1-8172,18,20,1-8172,40,2,0,9,6.089271187782288,0.1522317796945572
89,89,89,89,89,89,89,89,89,89,89,1-9831,11,12,1-9831,132,5,0,33,19.99399435520172,0.15146965420607364
131,131,131,131,131,131,131,131,131,131,131,1-9925,11,12,1-9925,93,0,0,31,14.085267424583435,0.151454488436381
478,478,478,478,478,478,478,478,478,478,478,1-20012,1,10,1-20012,12,0,0,4,1.8174538612365723,0.151454488436381
376,376,376,376,376,376,376,376,376,376,376,1-18487,19,21,1-18487,23,3,0,1,3.454363465309143,0.15018971588300623
99,99,99,99,99,99,99,99,99,99,99,1-8826,14,5,1-8826,123,13,0,12,18.452361583709717,0.15001919986755868
76,76,76,76,76,76,76,76,76,76,76,1-2335,20,22,1-2335,145,14,0,17,21.724178910255432,0.14982192351900298
355,355,355,355,355,355,355,355,355,355,355,1-4747,1,10,1-4747,25,1,0,6,3.7261807918548584,0.14904723167419434
21,21,21,21,21,21,21,21,21,21,21,MLG02,9,18,MLG02,320,28,0,43,47.53762900829315,0.1485550906509161
294,294,294,294,294,294,294,294,294,294,294,1-3106,8,17,1-3106,34,5,0,0,5.0,0.14705882352941177
246,246,246,246,246,246,246,246,246,246,246,1-6538,2,9,1-6538,44,6,0,1,6.454363465309143,0.14669007875702597
371,371,371,371,371,371,371,371,371,371,371,1-6035,19,21,1-6035,23,2,0,3,3.363090395927429,0.14622132156206213
398,398,398,398,398,398,398,398,398,398,398,1-20047,5,14,1-20047,20,2,0,2,2.908726930618286,0.1454363465309143
489,489,489,489,489,489,489,489,489,489,489,1-7521,20,22,1-7521,10,1,0,1,1.454363465309143,0.1454363465309143
356,356,356,356,356,356,356,356,356,356,356,1-18613,15,4,1-18613,25,0,0,8,3.6349077224731445,0.14539630889892577
456,456,456,456,456,456,456,456,456,456,456,1-7995,17,2,1-7995,14,2,0,0,2.0,0.14285714285714285
117,117,117,117,117,117,117,117,117,117,117,1-7019,1,10,1-7019,107,3,0,27,15.267813563346863,0.14268984638641927
39,39,39,39,39,39,39,39,39,39,39,1-9768,7,16,1-9768,241,17,0,38,34.26581168174744,0.14218179121057029
212,212,212,212,212,212,212,212,212,212,212,MLG32,21,1,MLG32,52,6,0,3,7.363090395927429,0.14159789222937363
343,343,343,343,343,343,343,343,343,343,343,MLG67,1,20,MLG67,27,2,0,4,3.8174538612365723,0.14138718004579898
243,243,243,243,243,243,243,243,243,243,243,1-19166,21,1,1-19166,45,4,0,5,6.271817326545715,0.13937371836768256
312,312,312,312,312,312,312,312,312,312,312,1-1850,4,8,1-1850,30,1,0,7,4.1805442571640015,0.13935147523880004
18,18,18,18,18,18,18,18,18,18,18,MLG63,2,9,MLG63,380,36,0,37,52.81144821643829,0.13897749530641657
280,280,280,280,280,280,280,280,280,280,280,1-8314,1,10,1-8314,36,0,0,11,4.997998118400574,0.1388332810666826
328,328,328,328,328,328,328,328,328,328,328,1-9110,17,2,1-9110,29,4,0,0,4.0,0.13793103448275862
30,30,30,30,30,30,30,30,30,30,30,1-10785,1,10,1-10785,279,9,0,64,38.079261779785156,0.13648480924654177
455,455,455,455,455,455,455,455,455,455,455,1-18377,10,19,1-18377,14,1,0,2,1.9087269306182861,0.13633763790130615
487,487,487,487,487,487,487,487,487,487,487,1-4929,11,20,1-4929,10,0,0,3,1.3630903959274292,0.13630903959274293
308,308,308,308,308,308,308,308,308,308,308,1-4700,18,20,1-4700,31,1,0,7,4.1805442571640015,0.13485626636012907
141,141,141,141,141,141,141,141,141,141,141,1-8820,11,12,1-8820,83,3,0,18,11.178542375564575,0.13468123344053706
387,387,387,387,387,387,387,387,387,387,387,1-9436,7,16,1-9436,21,1,0,4,2.8174538612365723,0.13416446958269393
389,389,389,389,389,389,389,389,389,389,389,1-7842,5,14,1-7842,21,1,0,4,2.8174538612365723,0.13416446958269393
445,445,445,445,445,445,445,445,445,445,445,1-5654,17,2,1-5654,15,2,0,0,2.0,0.13333333333333333
446,446,446,446,446,446,446,446,446,446,446,1-19447,21,1,1-19447,15,2,0,0,2.0,0.13333333333333333
38,38,38,38,38,38,38,38,38,38,38,1-4649,13,6,1-4649,244,22,0,23,32.45035970211029,0.13299327746766512
258,258,258,258,258,258,258,258,258,258,258,1-17758,15,4,1-17758,40,3,0,5,5.271817326545715,0.1317954331636429
265,265,265,265,265,265,265,265,265,265,265,1-1204,21,1,1-1204,39,1,0,9,5.089271187782288,0.13049413302005866
318,318,318,318,318,318,318,318,318,318,318,1-9902,9,18,1-9902,30,3,0,2,3.908726930618286,0.1302908976872762
344,344,344,344,344,344,344,344,344,344,344,1-2103,21,1,1-2103,26,2,0,3,3.363090395927429,0.12934963061259344
172,172,172,172,172,172,172,172,172,172,172,1-6900,1,10,1-6900,67,0,0,19,8.632905840873718,0.12884934090856295
234,234,234,234,234,234,234,234,234,234,234,1-10451,1,10,1-10451,46,0,0,13,5.90672504901886,0.1284070662830187
384,384,384,384,384,384,384,384,384,384,384,1-0358,16,3,1-0358,22,1,0,4,2.8174538612365723,0.12806608460166238
146,146,146,146,146,146,146,146,146,146,146,MLG78,21,1,MLG78,80,7,0,7,10.180544257164001,0.12725680321455002
15,15,15,15,15,15,15,15,15,15,15,1-1580,17,2,1-1580,400,43,0,17,50.72417891025543,0.1268104472756386
190,190,190,190,190,190,190,190,190,190,190,1-7819,17,2,1-7819,59,7,0,1,7.454363465309143,0.12634514347981599
410,410,410,410,410,410,410,410,410,410,410,1-3108,1,10,1-3108,18,0,0,5,2.2718173265457153,0.12621207369698417
283,283,283,283,283,283,283,283,283,283,283,1-6909,1,10,1-6909,36,0,0,10,4.543634653091431,0.12621207369698417
19,19,19,19,19,19,19,19,19,19,19,1-7863,1,10,1-7863,351,8,0,79,43.8947137594223,0.1250561645567587
504,504,504,504,504,504,504,504,504,504,504,1-9861,3,7,1-9861,8,1,0,0,1.0,0.125
336,336,336,336,336,336,336,336,336,336,336,1-9655,5,14,1-9655,27,2,0,3,3.363090395927429,0.12455890355286775
88,88,88,88,88,88,88,88,88,88,88,1-8267,21,1,1-8267,133,12,0,10,16.54363465309143,0.12438823047437166
96,96,96,96,96,96,96,96,96,96,96,MLG09,18,20,MLG09,125,1,0,32,15.539630889892578,0.12431704711914063
206,206,206,206,206,206,206,206,206,206,206,1-8544,18,20,1-8544,54,3,0,8,6.6349077224731445,0.12286866152728046
14,14,14,14,14,14,14,14,14,14,14,1-1317,11,12,1-1317,414,9,0,92,50.80143880844116,0.12270878939236995
132,132,132,132,132,132,132,132,132,132,132,MLG55,20,22,MLG55,92,9,0,5,11.271817326545715,0.12251975354940994
306,306,306,306,306,306,306,306,306,306,306,1-1972,21,1,1-1972,32,3,0,2,3.908726930618286,0.12214771658182144
291,291,291,291,291,291,291,291,291,291,291,1-0037,21,1,1-0037,35,2,0,5,4.271817326545715,0.12205192361559186
101,101,101,101,101,101,101,101,101,101,101,1-18371,20,22,1-18371,120,11,0,8,14.634907722473145,0.12195756435394287
278,278,278,278,278,278,278,278,278,278,278,1-7845,2,9,1-7845,36,3,0,3,4.363090395927429,0.12119695544242859
365,365,365,365,365,365,365,365,365,365,365,1-8590,13,6,1-8590,24,2,0,2,2.908726930618286,0.12119695544242859
231,231,231,231,231,231,231,231,231,231,231,1-7991,1,10,1-7991,46,1,0,10,5.543634653091431,0.12051379680633545
140,140,140,140,140,140,140,140,140,140,140,1-8066,9,18,1-8066,86,4,0,14,10.361088514328003,0.12047777342241864
90,90,90,90,90,90,90,90,90,90,90,1-7070,18,20,1-7070,129,6,0,21,15.541632771492004,0.12047777342241864
183,183,183,183,183,183,183,183,183,183,183,1-19915,3,21,1-19915,62,7,0,1,7.454363465309143,0.12023166879530876
440,440,440,440,440,440,440,440,440,440,440,1-2034,6,15,1-2034,16,1,0,2,1.9087269306182861,0.11929543316364288
13,13,13,13,13,13,13,13,13,13,13,1-1258,1,10,1-1258,435,17,0,76,51.53162336349487,0.11846350198504568
186,186,186,186,186,186,186,186,186,186,186,1-19004,21,1,1-19004,60,3,0,9,7.089271187782288,0.11815451979637145
87,87,87,87,87,87,87,87,87,87,87,1-3141,19,21,1-3141,136,11,0,11,15.997998118400574,0.11763233910588657
112,112,112,112,112,112,112,112,112,112,112,1-3447,13,6,1-3447,110,7,0,13,12.90672504901886,0.11733386408198963
230,230,230,230,230,230,230,230,230,230,230,1-9345,17,2,1-9345,47,5,0,1,5.454363465309143,0.11605028649593921
4,4,4,4,4,4,4,4,4,4,4,MLG68,4,8,MLG68,642,34,0,89,74.43834841251373,0.11594758319706189
298,298,298,298,298,298,298,298,298,298,298,1-7481,15,4,1-7481,33,2,0,4,3.8174538612365723,0.11568042003747189
214,214,214,214,214,214,214,214,214,214,214,1-8450,20,22,1-8450,52,6,0,0,6.0,0.11538461538461539
105,105,105,105,105,105,105,105,105,105,105,1-7042,14,5,1-7042,117,3,0,23,13.45035970211029,0.11496033933427599
470,470,470,470,470,470,470,470,470,470,470,1-9055,4,19,1-9055,12,0,0,3,1.3630903959274292,0.11359086632728577
508,508,508,508,508,508,508,508,508,508,508,1-9806,9,18,1-9806,8,0,0,2,0.9087269306182861,0.11359086632728577
539,539,539,539,539,539,539,539,539,539,539,1-21192,14,5,1-21192,4,0,0,1,0.45436346530914307,0.11359086632728577
330,330,330,330,330,330,330,330,330,330,330,1-9818,1,10,1-9818,28,0,0,7,3.1805442571640015,0.11359086632728577
357,357,357,357,357,357,357,357,357,357,357,1-9650,11,12,1-9650,25,1,0,4,2.8174538612365723,0.11269815444946289
420,420,420,420,420,420,420,420,420,420,420,1-8678,1,10,1-8678,17,1,0,2,1.9087269306182861,0.11227805474225212
423,423,423,423,423,423,423,423,423,423,423,MLG46,19,21,MLG46,17,1,0,2,1.9087269306182861,0.11227805474225212
220,220,220,220,220,220,220,220,220,220,220,MLG35,13,6,MLG35,49,5,0,1,5.454363465309143,0.11131354010834986
497,497,497,497,497,497,497,497,497,497,497,MLG72,21,1,MLG72,9,1,0,0,1.0,0.1111111111111111
106,106,106,106,106,106,106,106,106,106,106,1-9963,19,21,1-9963,116,11,0,4,12.817453861236572,0.11049529190721183
33,33,33,33,33,33,33,33,33,33,33,1-6296,9,18,1-6296,254,13,0,33,27.99399435520172,0.11021257620158158
194,194,194,194,194,194,194,194,194,194,194,1-8018,21,1,1-8018,58,5,0,3,6.363090395927429,0.10970845510219705
305,305,305,305,305,305,305,305,305,305,305,1-8127,12,13,1-8127,32,3,0,1,3.454363465309143,0.10794885829091072
379,379,379,379,379,379,379,379,379,379,379,1-7182,18,20,1-7182,22,1,0,3,2.363090395927429,0.10741319981488315
182,182,182,182,182,182,182,182,182,182,182,1-6647,20,22,1-6647,62,3,0,8,6.6349077224731445,0.10701464068505072
418,418,418,418,418,418,418,418,418,418,418,1-17835,8,17,1-17835,17,0,0,4,1.8174538612365723,0.10690905066097484
59,59,59,59,59,59,59,59,59,59,59,1-8573,21,1,1-8573,184,14,0,12,19.452361583709717,0.10571935643320499
247,247,247,247,247,247,247,247,247,247,247,1-6734,1,10,1-6734,44,1,0,8,4.6349077224731445,0.10533881187438965
467,467,467,467,467,467,467,467,467,467,467,1-0031,11,12,1-0031,13,0,0,3,1.3630903959274292,0.10485310737903301
301,301,301,301,301,301,301,301,301,301,301,1-8400,18,20,1-8400,33,3,0,1,3.454363465309143,0.10467768076694373
223,223,223,223,223,223,223,223,223,223,223,1-6228,14,5,1-6228,48,0,0,11,4.997998118400574,0.10412496080001195
116,116,116,116,116,116,116,116,116,116,116,MLG08,3,8,MLG08,107,6,0,11,10.997998118400574,0.10278502914393059
10,10,10,10,10,10,10,10,10,10,10,MLG62,12,13,MLG62,525,47,0,15,53.815451979637146,0.10250562281835647
500,500,500,500,500,500,500,500,500,500,500,1-2869,1,10,1-2869,9,0,0,2,0.9087269306182861,0.10096965895758735
237,237,237,237,237,237,237,237,237,237,237,1-8418,3,7,1-8418,46,1,0,8,4.6349077224731445,0.10075886353202489
393,393,393,393,393,393,393,393,393,393,393,1-6718,2,9,1-6718,20,2,0,0,2.0,0.1
315,315,315,315,315,315,315,315,315,315,315,1-9614,8,17,1-9614,30,3,0,0,3.0,0.1
361,361,361,361,361,361,361,361,361,361,361,1-10696,21,1,1-10696,24,1,0,3,2.363090395927429,0.09846209983030955
211,211,211,211,211,211,211,211,211,211,211,1-8042,1,22,1-8042,52,1,0,9,5.089271187782288,0.09787059976504399
402,402,402,402,402,402,402,402,402,402,402,1-18603,1,10,1-18603,19,0,0,4,1.8174538612365723,0.09565546638087223
392,392,392,392,392,392,392,392,392,392,392,MLG33,20,22,MLG33,20,1,0,2,1.9087269306182861,0.0954363465309143
255,255,255,255,255,255,255,255,255,255,255,1-3564,2,9,1-3564,41,3,0,2,3.908726930618286,0.09533480318581186
95,95,95,95,95,95,95,95,95,95,95,1-5626,1,10,1-5626,125,2,0,21,11.541632771492004,0.09233306217193603
317,317,317,317,317,317,317,317,317,317,317,1-9504,8,17,1-9504,30,0,0,6,2.7261807918548584,0.09087269306182862
531,531,531,531,531,531,531,531,531,531,531,1-4051,1,10,1-4051,5,0,0,1,0.45436346530914307,0.09087269306182862
525,525,525,525,525,525,525,525,525,525,525,1-3216,4,8,1-3216,5,0,0,1,0.45436346530914307,0.09087269306182862
353,353,353,353,353,353,353,353,353,353,353,1-9331,1,10,1-9331,25,0,0,5,2.2718173265457153,0.09087269306182862
537,537,537,537,537,537,537,537,537,537,537,1-5990,5,14,1-5990,5,0,0,1,0.45436346530914307,0.09087269306182862
485,485,485,485,485,485,485,485,485,485,485,1-4361,1,10,1-4361,10,0,0,2,0.9087269306182861,0.09087269306182862
201,201,201,201,201,201,201,201,201,201,201,1-8529,1,10,1-8529,56,0,0,11,4.997998118400574,0.08924996640001025
218,218,218,218,218,218,218,218,218,218,218,1-9610,2,9,1-9610,49,3,0,3,4.363090395927429,0.0890426611413761
251,251,251,251,251,251,251,251,251,251,251,1-6919,4,8,1-6919,43,2,0,4,3.8174538612365723,0.08877799677294354
127,127,127,127,127,127,127,127,127,127,127,1-5891,4,8,1-5891,96,3,0,12,8.452361583709717,0.08804543316364288
346,346,346,346,346,346,346,346,346,346,346,1-9805,1,10,1-9805,26,0,0,5,2.2718173265457153,0.08737758948252751
104,104,104,104,104,104,104,104,104,104,104,1-9394,20,22,1-9394,117,5,0,11,9.997998118400574,0.08545297537094508
44,44,44,44,44,44,44,44,44,44,44,1-0008,7,16,1-0008,230,16,0,8,19.634907722473145,0.0853691640107528
427,427,427,427,427,427,427,427,427,427,427,1-3104,13,6,1-3104,16,0,0,3,1.3630903959274292,0.08519314974546432
71,71,71,71,71,71,71,71,71,71,71,1-4417,9,18,1-4417,151,6,0,15,12.815451979637146,0.08487054291150428
261,261,261,261,261,261,261,261,261,261,261,1-5214,21,1,1-5214,40,2,0,3,3.363090395927429,0.08407725989818574
362,362,362,362,362,362,362,362,362,362,362,1-1827,21,1,1-1827,24,2,0,0,2.0,0.08333333333333333
367,367,367,367,367,367,367,367,367,367,367,1-9995,9,18,1-9995,24,2,0,0,2.0,0.08333333333333333
370,370,370,370,370,370,370,370,370,370,370,1-7066,18,20,1-7066,23,1,0,2,1.9087269306182861,0.08298812741818636
481,481,481,481,481,481,481,481,481,481,481,1-7770,18,20,1-7770,11,0,0,2,0.9087269306182861,0.08261153914711693
248,248,248,248,248,248,248,248,248,248,248,1-6217,11,12,1-6217,44,0,0,8,3.6349077224731445,0.08261153914711693
480,480,480,480,480,480,480,480,480,480,480,1-5653,9,18,1-5653,11,0,0,2,0.9087269306182861,0.08261153914711693
150,150,150,150,150,150,150,150,150,150,150,1-3083,17,2,1-3083,78,4,0,5,6.271817326545715,0.08040791444289379
360,360,360,360,360,360,360,360,360,360,360,1-7993,1,10,1-7993,24,1,0,2,1.9087269306182861,0.07953028877576192
232,232,232,232,232,232,232,232,232,232,232,1-8095,14,5,1-8095,46,0,0,8,3.6349077224731445,0.07901973309724228
152,152,152,152,152,152,152,152,152,152,152,1-10038,2,9,1-10038,76,6,0,0,6.0,0.07894736842105263
276,276,276,276,276,276,276,276,276,276,276,1-2573,14,5,1-2573,37,2,0,2,2.908726930618286,0.07861424136806179
159,159,159,159,159,159,159,159,159,159,159,1-6914,20,22,1-6914,73,3,0,6,5.726180791854858,0.07844083276513504
82,82,82,82,82,82,82,82,82,82,82,1-8188,21,1,1-8188,140,10,0,2,10.908726930618286,0.0779194780758449
115,115,115,115,115,115,115,115,115,115,115,1-8421,19,21,1-8421,109,8,0,1,8.454363465309143,0.07756296757164352
461,461,461,461,461,461,461,461,461,461,461,1-2153,12,13,1-2153,13,1,0,0,1.0,0.07692307692307693
415,415,415,415,415,415,415,415,415,415,415,1-9465,5,14,1-9465,18,0,0,3,1.3630903959274292,0.0757272442181905
277,277,277,277,277,277,277,277,277,277,277,1-10060,21,12,1-10060,36,0,0,6,2.7261807918548584,0.0757272442181905
409,409,409,409,409,409,409,409,409,409,409,1-5744,9,18,1-5744,18,0,0,3,1.3630903959274292,0.0757272442181905
70,70,70,70,70,70,70,70,70,70,70,1-1224,20,22,1-1224,151,7,0,9,11.089271187782288,0.0734388820382933
134,134,134,134,134,134,134,134,134,134,134,1-8659,21,1,1-8659,91,3,0,8,6.6349077224731445,0.07291107387333126
209,209,209,209,209,209,209,209,209,209,209,1-19897,4,8,1-19897,53,2,0,4,3.8174538612365723,0.07202743134408626
449,449,449,449,449,449,449,449,449,449,449,MLG43,21,1,MLG43,14,1,0,0,1.0,0.07142857142857142
337,337,337,337,337,337,337,337,337,337,337,1-6532,21,1,1-6532,27,1,0,2,1.9087269306182861,0.07069359002289949
66,66,66,66,66,66,66,66,66,66,66,MLG48,19,21,MLG48,159,8,0,7,11.180544257164001,0.0703178884098365
149,149,149,149,149,149,149,149,149,149,149,1-5877,4,8,1-5877,79,1,0,10,5.543634653091431,0.07017259054546114
52,52,52,52,52,52,52,52,52,52,52,1-7122,20,22,1-7122,197,7,0,15,13.815451979637146,0.07012919786617841
459,459,459,459,459,459,459,459,459,459,459,1-19839,5,14,1-19839,13,0,0,2,0.9087269306182861,0.069902071586022
460,460,460,460,460,460,460,460,460,460,460,1-20791,11,12,1-20791,13,0,0,2,0.9087269306182861,0.069902071586022
463,463,463,463,463,463,463,463,463,463,463,1-20467,5,14,1-20467,13,0,0,2,0.9087269306182861,0.069902071586022
69,69,69,69,69,69,69,69,69,69,69,MLG17,3,7,MLG17,153,7,0,8,10.634907722473145,0.06950920080047807
321,321,321,321,321,321,321,321,321,321,321,1-7752,21,1,1-7752,29,2,0,0,2.0,0.06896551724137931
289,289,289,289,289,289,289,289,289,289,289,1-5549,12,13,1-5549,35,1,0,3,2.363090395927429,0.0675168684550694
341,341,341,341,341,341,341,341,341,341,341,1-9870,6,15,1-9870,27,0,0,4,1.8174538612365723,0.0673131059717249
253,253,253,253,253,253,253,253,253,253,253,1-9578,8,17,1-9578,42,1,0,4,2.8174538612365723,0.06708223479134696
323,323,323,323,323,323,323,323,323,323,323,1-13247,19,21,1-13247,29,1,0,2,1.9087269306182861,0.0658181700213202
193,193,193,193,193,193,193,193,193,193,193,1-8094,3,7,1-8094,58,2,0,4,3.8174538612365723,0.0658181700213202
74,74,74,74,74,74,74,74,74,74,74,1-8074,20,22,1-8074,145,5,0,10,9.54363465309143,0.0658181700213202
50,50,50,50,50,50,50,50,50,50,50,1-7964,9,18,1-7964,202,6,0,16,13.269815444946289,0.06569215566805094
457,457,457,457,457,457,457,457,457,457,457,1-11330,14,5,1-11330,14,0,0,2,0.9087269306182861,0.06490906647273473
514,514,514,514,514,514,514,514,514,514,514,P-0009,4,8,P-0009,7,0,0,1,0.45436346530914307,0.06490906647273473
452,452,452,452,452,452,452,452,452,452,452,1-9588,14,5,1-9588,14,0,0,2,0.9087269306182861,0.06490906647273473
171,171,171,171,171,171,171,171,171,171,171,1-9645,21,1,1-9645,69,3,0,3,4.363090395927429,0.06323319414387578
428,428,428,428,428,428,428,428,428,428,428,1-9606,6,15,1-9606,16,1,0,0,1.0,0.0625
207,207,207,207,207,207,207,207,207,207,207,1-8622,9,18,1-8622,54,2,0,3,3.363090395927429,0.062279451776433875
380,380,380,380,380,380,380,380,380,380,380,1-9722,18,20,1-9722,22,0,0,3,1.3630903959274292,0.06195865436033769
100,100,100,100,100,100,100,100,100,100,100,1-5172,2,9,1-5172,120,3,0,9,7.089271187782288,0.05907725989818573
144,144,144,144,144,144,144,144,144,144,144,1-7058,2,9,1-7058,80,2,0,6,4.726180791854858,0.05907725989818573
424,424,424,424,424,424,424,424,424,424,424,1-1177,8,17,1-1177,17,1,0,0,1.0,0.058823529411764705
425,425,425,425,425,425,425,425,425,425,425,1-0003,21,1,1-0003,17,1,0,0,1.0,0.058823529411764705
416,416,416,416,416,416,416,416,416,416,416,1-9907,18,20,1-9907,17,1,0,0,1.0,0.058823529411764705
266,266,266,266,266,266,266,266,266,266,266,1-9496,11,12,1-9496,39,0,0,5,2.2718173265457153,0.05825172632168501
139,139,139,139,139,139,139,139,139,139,139,MLG11,11,13,MLG11,87,0,0,11,4.997998118400574,0.057448254234489356
505,505,505,505,505,505,505,505,505,505,505,1-9855,11,12,1-9855,8,0,0,1,0.45436346530914307,0.05679543316364288
501,501,501,501,501,501,501,501,501,501,501,1-18563,1,10,1-18563,8,0,0,1,0.45436346530914307,0.05679543316364288
128,128,128,128,128,128,128,128,128,128,128,1-7897,20,22,1-7897,95,4,0,3,5.363090395927429,0.05645358311502557
187,187,187,187,187,187,187,187,187,187,187,1-9955,5,14,1-9955,60,2,0,3,3.363090395927429,0.05605150659879048
204,204,204,204,204,204,204,204,204,204,204,1-8576,20,22,1-8576,55,3,0,0,3.0,0.05454545454545454
339,339,339,339,339,339,339,339,339,339,339,1-9850,21,1,1-9850,27,1,0,1,1.454363465309143,0.05386531352996826
164,164,164,164,164,164,164,164,164,164,164,72-0103,14,20,72-0103,71,1,0,6,3.7261807918548584,0.052481419603589555
225,225,225,225,225,225,225,225,225,225,225,1-8767,21,1,1-8767,48,2,0,1,2.454363465309143,0.05113257219394048
322,322,322,322,322,322,322,322,322,322,322,1-19549,2,9,1-19549,29,1,0,1,1.454363465309143,0.05015046432100494
400,400,400,400,400,400,400,400,400,400,400,1-8646,6,15,1-8646,20,1,0,0,1.0,0.05
42,42,42,42,42,42,42,42,42,42,42,1-8541,13,6,1-8541,232,4,0,16,11.269815444946289,0.048576790710975384
259,259,259,259,259,259,259,259,259,259,259,1-7509,21,1,1-7509,40,1,0,2,1.9087269306182861,0.04771817326545715
320,320,320,320,320,320,320,320,320,320,320,1-18203,20,22,1-18203,29,0,0,3,1.3630903959274292,0.04700311710094583
377,377,377,377,377,377,377,377,377,377,377,1-9892,20,22,1-9892,22,1,0,0,1.0,0.045454545454545456
399,399,399,399,399,399,399,399,399,399,399,1-19813,1,10,1-19813,20,0,0,2,0.9087269306182861,0.04543634653091431
391,391,391,391,391,391,391,391,391,391,391,72-18936,5,14,72-18936,20,0,0,2,0.9087269306182861,0.04543634653091431
314,314,314,314,314,314,314,314,314,314,314,1-4088,11,12,1-4088,30,0,0,3,1.3630903959274292,0.04543634653091431
249,249,249,249,249,249,249,249,249,249,249,1-6916,14,5,1-6916,43,1,0,2,1.9087269306182861,0.04438899838647177
250,250,250,250,250,250,250,250,250,250,250,1-18234,9,18,1-18234,43,1,0,2,1.9087269306182861,0.04438899838647177
135,135,135,135,135,135,135,135,135,135,135,MLG07,14,5,MLG07,90,3,0,2,3.908726930618286,0.04343029922909207
479,479,479,479,479,479,479,479,479,479,479,1-19598,4,8,1-19598,11,0,0,1,0.45436346530914307,0.041305769573558464
373,373,373,373,373,373,373,373,373,373,373,1-8488,21,1,1-8488,23,0,0,2,0.9087269306182861,0.03950986654862114
284,284,284,284,284,284,284,284,284,284,284,1-2584,11,12,1-2584,36,0,0,3,1.3630903959274292,0.03786362210909525
471,471,471,471,471,471,471,471,471,471,471,1-19205,9,18,1-19205,12,0,0,1,0.45436346530914307,0.03786362210909525
475,475,475,475,475,475,475,475,475,475,475,1-4499,10,19,1-4499,12,0,0,1,0.45436346530914307,0.03786362210909525
469,469,469,469,469,469,469,469,469,469,469,1-6543,21,1,1-6543,12,0,0,1,0.45436346530914307,0.03786362210909525
464,464,464,464,464,464,464,464,464,464,464,1-7453,4,8,1-7453,13,0,0,1,0.45436346530914307,0.034951035793011
120,120,120,120,120,120,120,120,120,120,120,1-2670,11,12,1-2670,104,0,0,8,3.6349077224731445,0.034951035793011
196,196,196,196,196,196,196,196,196,196,196,1-6743,19,21,1-6743,58,2,0,0,2.0,0.034482758620689655
175,175,175,175,175,175,175,175,175,175,175,1-19547,20,22,1-19547,66,0,0,5,2.2718173265457153,0.03442147464463205
342,342,342,342,342,342,342,342,342,342,342,1-6531,9,18,1-6531,27,0,0,2,0.9087269306182861,0.03365655298586245
162,162,162,162,162,162,162,162,162,162,162,1-7614,13,6,1-7614,72,1,0,3,2.363090395927429,0.03282069994343652
453,453,453,453,453,453,453,453,453,453,453,1-5036,9,18,1-5036,14,0,0,1,0.45436346530914307,0.032454533236367364
241,241,241,241,241,241,241,241,241,241,241,1-6216,14,5,1-6216,45,1,0,1,1.454363465309143,0.03231918811798096
178,178,178,178,178,178,178,178,178,178,178,1-0405,8,17,1-0405,64,2,0,0,2.0,0.03125
110,110,110,110,110,110,110,110,110,110,110,1-9137,20,22,1-9137,111,2,0,3,3.363090395927429,0.030298111675021885
444,444,444,444,444,444,444,444,444,444,444,1-8906,14,5,1-8906,15,0,0,1,0.45436346530914307,0.030290897687276205
293,293,293,293,293,293,293,293,293,293,293,1-1250,2,9,1-1250,34,1,0,0,1.0,0.029411764705882353
307,307,307,307,307,307,307,307,307,307,307,1-9739,18,20,1-9739,31,0,0,2,0.9087269306182861,0.029313771955428586
73,73,73,73,73,73,73,73,73,73,73,MLG12,1,10,MLG12,146,1,0,7,4.1805442571640015,0.0286338647750959
287,287,287,287,287,287,287,287,287,287,287,1-2596,17,2,1-2596,35,1,0,0,1.0,0.02857142857142857
438,438,438,438,438,438,438,438,438,438,438,1-5163,21,1,1-5163,16,0,0,1,0.45436346530914307,0.02839771658182144
432,432,432,432,432,432,432,432,432,432,432,1-3089,20,22,1-3089,16,0,0,1,0.45436346530914307,0.02839771658182144
303,303,303,303,303,303,303,303,303,303,303,1-18714,8,17,1-18714,32,0,0,2,0.9087269306182861,0.02839771658182144
205,205,205,205,205,205,205,205,205,205,205,1-8398,21,1,1-8398,54,1,0,1,1.454363465309143,0.02693265676498413
167,167,167,167,167,167,167,167,167,167,167,72-12387,1,10,72-12387,71,1,0,2,1.9087269306182861,0.0268834778960322
271,271,271,271,271,271,271,271,271,271,271,1-5508,14,5,1-5508,38,1,0,0,1.0,0.02631578947368421
107,107,107,107,107,107,107,107,107,107,107,MLG37,15,4,MLG37,116,3,0,0,3.0,0.02586206896551724
411,411,411,411,411,411,411,411,411,411,411,1-8124,12,13,1-8124,18,0,0,1,0.45436346530914307,0.025242414739396837
408,408,408,408,408,408,408,408,408,408,408,1-9495,11,12,1-9495,18,0,0,1,0.45436346530914307,0.025242414739396837
405,405,405,405,405,405,405,405,405,405,405,1-9607,1,10,1-9607,19,0,0,1,0.45436346530914307,0.023913866595218058
273,273,273,273,273,273,273,273,273,273,273,1-9237,21,1,1-9237,38,0,0,2,0.9087269306182861,0.023913866595218058
395,395,395,395,395,395,395,395,395,395,395,1-1836,12,13,1-1836,20,0,0,1,0.45436346530914307,0.022718173265457154
185,185,185,185,185,185,185,185,185,185,185,1-2714,21,1,1-2714,61,0,0,3,1.3630903959274292,0.022345744195531626
173,173,173,173,173,173,173,173,173,173,173,1-1207,13,6,1-1207,66,1,0,1,1.454363465309143,0.022035810080441563
229,229,229,229,229,229,229,229,229,229,229,1-18423,13,6,1-18423,47,1,0,0,1.0,0.02127659574468085
252,252,252,252,252,252,252,252,252,252,252,1-6918,7,16,1-6918,43,0,0,2,0.9087269306182861,0.0211331844329834
226,226,226,226,226,226,226,226,226,226,226,1-4634,7,16,1-4634,48,1,0,0,1.0,0.020833333333333332
382,382,382,382,382,382,382,382,382,382,382,1-18409,15,4,1-18409,22,0,0,1,0.45436346530914307,0.020652884786779232
240,240,240,240,240,240,240,240,240,240,240,1-8174,1,10,1-8174,45,0,0,2,0.9087269306182861,0.020193931791517468
375,375,375,375,375,375,375,375,375,375,375,1-7213,7,16,1-7213,23,0,0,1,0.45436346530914307,0.01975493327431057
349,349,349,349,349,349,349,349,349,349,349,1-8186,17,22,1-8186,26,0,0,1,0.45436346530914307,0.0174755178965055
113,113,113,113,113,113,113,113,113,113,113,1-7341,6,15,1-7341,110,1,0,2,1.9087269306182861,0.017352063005620783
188,188,188,188,188,188,188,188,188,188,188,1-7722,19,21,1-7722,60,1,0,0,1.0,0.016666666666666666
310,310,310,310,310,310,310,310,310,310,310,1-10071,18,20,1-10071,30,0,0,1,0.45436346530914307,0.015145448843638103
316,316,316,316,316,316,316,316,316,316,316,1-8181,6,15,1-8181,30,0,0,1,0.45436346530914307,0.015145448843638103
170,170,170,170,170,170,170,170,170,170,170,1-6594,14,5,1-6594,70,0,0,2,0.9087269306182861,0.012981813294546944
374,374,374,374,374,374,374,374,374,374,374,1-18202,1,10,1-18202,23,0,0,0,0.0,0.0
520,520,520,520,520,520,520,520,520,520,520,1-10698,11,12,1-10698,6,0,0,0,0.0,0.0
335,335,335,335,335,335,335,335,335,335,335,1-18735,7,16,1-18735,27,0,0,0,0.0,0.0
561,561,561,561,561,561,561,561,561,561,561,1-21195,1,10,1-21195,1,0,0,0,0.0,0.0
465,465,465,465,465,465,465,465,465,465,465,1-18498,21,1,1-18498,13,0,0,0,0.0,0.0
541,541,541,541,541,541,541,541,541,541,541,1-8532,20,22,1-8532,4,0,0,0,0.0,0.0
534,534,534,534,534,534,534,534,534,534,534,1-8379,21,20,1-8379,5,0,0,0,0.0,0.0
476,476,476,476,476,476,476,476,476,476,476,1-2178,2,9,1-2178,12,0,0,0,0.0,0.0
507,507,507,507,507,507,507,507,507,507,507,1-9643,16,3,1-9643,8,0,0,0,0.0,0.0
364,364,364,364,364,364,364,364,364,364,364,1-9253,1,10,1-9253,24,0,0,0,0.0,0.0
198,198,198,198,198,198,198,198,198,198,198,1-8401,5,14,1-8401,57,0,0,0,0.0,0.0
530,530,530,530,530,530,530,530,530,530,530,1-3647,1,10,1-3647,5,0,0,0,0.0,0.0
394,394,394,394,394,394,394,394,394,394,394,1-9697,19,21,1-9697,20,0,0,0,0.0,0.0
522,522,522,522,522,522,522,522,522,522,522,1-3178,1,10,1-3178,6,0,0,0,0.0,0.0
532,532,532,532,532,532,532,532,532,532,532,1-4136,1,10,1-4136,5,0,0,0,0.0,0.0
192,192,192,192,192,192,192,192,192,192,192,1-8021,21,1,1-8021,58,0,0,0,0.0,0.0
443,443,443,443,443,443,443,443,443,443,443,1-19222,1,10,1-19222,15,0,0,0,0.0,0.0
492,492,492,492,492,492,492,492,492,492,492,MLG73,9,18,MLG73,10,0,0,0,0.0,0.0
511,511,511,511,511,511,511,511,511,511,511,1-3033,17,2,1-3033,7,0,0,0,0.0,0.0
551,551,551,551,551,551,551,551,551,551,551,1-19567,14,5,1-19567,2,0,0,0,0.0,0.0
434,434,434,434,434,434,434,434,434,434,434,1-4149,14,5,1-4149,16,0,0,0,0.0,0.0
366,366,366,366,366,366,366,366,366,366,366,1-9444,7,16,1-9444,24,0,0,0,0.0,0.0
549,549,549,549,549,549,549,549,549,549,549,1-7599,15,4,1-7599,3,0,0,0,0.0,0.0
498,498,498,498,498,498,498,498,498,498,498,1-8113,1,10,1-8113,9,0,0,0,0.0,0.0
564,564,564,564,564,564,564,564,564,564,564,1-7527,4,1,1-7527,1,0,0,0,0.0,0.0
340,340,340,340,340,340,340,340,340,340,340,1-3519,9,18,1-3519,27,0,0,0,0.0,0.0
506,506,506,506,506,506,506,506,506,506,506,1-17657,1,10,1-17657,8,0,0,0,0.0,0.0
515,515,515,515,515,515,515,515,515,515,515,1-3646,17,2,1-3646,7,0,0,0,0.0,0.0
493,493,493,493,493,493,493,493,493,493,493,1-0033,6,15,1-0033,10,0,0,0,0.0,0.0
495,495,495,495,495,495,495,495,495,495,495,1-9712,10,19,1-9712,10,0,0,0,0.0,0.0
509,509,509,509,509,509,509,509,509,509,509,P-16454,1,10,P-16454,8,0,0,0,0.0,0.0
119,119,119,119,119,119,119,119,119,119,119,1-9646,17,2,1-9646,105,0,0,0,0.0,0.0
484,484,484,484,484,484,484,484,484,484,484,1-9731,16,3,1-9731,11,0,0,0,0.0,0.0
523,523,523,523,523,523,523,523,523,523,523,1-3175,14,5,1-3175,6,0,0,0,0.0,0.0
560,560,560,560,560,560,560,560,560,560,560,1-19924,1,10,1-19924,1,0,0,0,0.0,0.0
563,563,563,563,563,563,563,563,563,563,563,1-8352,1,10,1-8352,1,0,0,0,0.0,0.0
488,488,488,488,488,488,488,488,488,488,488,1-9576,4,6,1-9576,10,0,0,0,0.0,0.0
333,333,333,333,333,333,333,333,333,333,333,1-9996,21,1,1-9996,28,0,0,0,0.0,0.0
554,554,554,554,554,554,554,554,554,554,554,1-10948,1,10,1-10948,2,0,0,0,0.0,0.0
548,548,548,548,548,548,548,548,548,548,548,1-5914,19,21,1-5914,3,0,0,0,0.0,0.0
388,388,388,388,388,388,388,388,388,388,388,1-8125,13,6,1-8125,21,0,0,0,0.0,0.0
413,413,413,413,413,413,413,413,413,413,413,1-0022,1,10,1-0022,18,0,0,0,0.0,0.0
527,527,527,527,527,527,527,527,527,527,527,1-17790,11,12,1-17790,5,0,0,0,0.0,0.0
396,396,396,396,396,396,396,396,396,396,396,1-7721,7,16,1-7721,20,0,0,0,0.0,0.0
197,197,197,197,197,197,197,197,197,197,197,1-6006,20,22,1-6006,57,0,0,0,0.0,0.0
486,486,486,486,486,486,486,486,486,486,486,1-5406,2,9,1-5406,10,0,0,0,0.0,0.0
282,282,282,282,282,282,282,282,282,282,282,1-2104,1,10,1-2104,36,0,0,0,0.0,0.0
558,558,558,558,558,558,558,558,558,558,558,1-10951,14,5,1-10951,1,0,0,0,0.0,0.0
279,279,279,279,279,279,279,279,279,279,279,1-6642,6,15,1-6642,36,0,0,0,0.0,0.0
516,516,516,516,516,516,516,516,516,516,516,1-9447,1,10,1-9447,7,0,0,0,0.0,0.0
254,254,254,254,254,254,254,254,254,254,254,1-2025,13,6,1-2025,41,0,0,0,0.0,0.0
200,200,200,200,200,200,200,200,200,200,200,1-8020,1,10,1-8020,56,0,0,0,0.0,0.0
562,562,562,562,562,562,562,562,562,562,562,1-6931,1,10,1-6931,1,0,0,0,0.0,0.0
521,521,521,521,521,521,521,521,521,521,521,1-3551,6,15,1-3551,6,0,0,0,0.0,0.0
517,517,517,517,517,517,517,517,517,517,517,1-7321,8,17,1-7321,7,0,0,0,0.0,0.0
390,390,390,390,390,390,390,390,390,390,390,1-20003,7,16,1-20003,21,0,0,0,0.0,0.0
547,547,547,547,547,547,547,547,547,547,547,1-9838,20,22,1-9838,3,0,0,0,0.0,0.0
557,557,557,557,557,557,557,557,557,557,557,1-19927,1,10,1-19927,1,0,0,0,0.0,0.0
546,546,546,546,546,546,546,546,546,546,546,1-9034,21,1,1-9034,3,0,0,0,0.0,0.0
538,538,538,538,538,538,538,538,538,538,538,1-5929,1,10,1-5929,4,0,0,0,0.0,0.0
528,528,528,528,528,528,528,528,528,528,528,1-8623,1,10,1-8623,5,0,0,0,0.0,0.0
419,419,419,419,419,419,419,419,419,419,419,1-0001,14,5,1-0001,17,0,0,0,0.0,0.0
550,550,550,550,550,550,550,550,550,550,550,1-3176,1,10,1-3176,3,0,0,0,0.0,0.0
519,519,519,519,519,519,519,519,519,519,519,1-10762,20,22,1-10762,6,0,0,0,0.0,0.0
483,483,483,483,483,483,483,483,483,483,483,1-8578,15,4,1-8578,11,0,0,0,0.0,0.0
313,313,313,313,313,313,313,313,313,313,313,1-8641,5,14,1-8641,30,0,0,0,0.0,0.0
494,494,494,494,494,494,494,494,494,494,494,1-6971,1,10,1-6971,10,0,0,0,0.0,0.0
397,397,397,397,397,397,397,397,397,397,397,1-9839,2,9,1-9839,20,0,0,0,0.0,0.0
499,499,499,499,499,499,499,499,499,499,499,1-17645,18,20,1-17645,9,0,0,0,0.0,0.0
363,363,363,363,363,363,363,363,363,363,363,1-5167,13,6,1-5167,24,0,0,0,0.0,0.0
529,529,529,529,529,529,529,529,529,529,529,1-5424,21,21,1-5424,5,0,0,0,0.0,0.0
383,383,383,383,383,383,383,383,383,383,383,1-3521,21,1,1-3521,22,0,0,0,0.0,0.0
565,565,565,565,565,565,565,565,565,565,565,1-10922,1,10,1-10922,1,0,0,0,0.0,0.0
536,536,536,536,536,536,536,536,536,536,536,1-10232,8,17,1-10232,5,0,0,0,0.0,0.0
544,544,544,544,544,544,544,544,544,544,544,1-4910,1,10,1-4910,4,0,0,0,0.0,0.0
490,490,490,490,490,490,490,490,490,490,490,1-8634,21,1,1-8634,10,0,0,0,0.0,0.0
559,559,559,559,559,559,559,559,559,559,559,1-10978,1,10,1-10978,1,0,0,0,0.0,0.0
535,535,535,535,535,535,535,535,535,535,535,1-8566,5,14,1-8566,5,0,0,0,0.0,0.0
