Unnamed: 0,Unnamed: 0.1,Unnamed: 0.1.1,Unnamed: 0.17,Unnamed: 0.16,Unnamed: 0.15,Unnamed: 0.14,Unnamed: 0.13,Unnamed: 0.12,Unnamed: 0.11,Unnamed: 0.10,Unnamed: 0.9,Unnamed: 0.8,Unnamed: 0.7,Unnamed: 0.6,Unnamed: 0.5,Unnamed: 0.4,Unnamed: 0.3,Unnamed: 0.2,Unnamed: 0.1.1.1,Unnamed: 0.1.1.1.1,Exam Group,Exam Block,slot,exam,size,b2bs,confs,2i3s,score,score_norm
517,517,517,517,517,517,517,517,517,517,517,517,517,517,517,517,517,517,517,517,517,1-18028,21,3,1-18028,309,81,0,160,174.34400177001953,0.5642200704531376
412,412,412,412,412,412,412,412,412,412,412,412,412,412,412,412,412,412,412,412,412,1-6858,19,10,1-6858,23,7,0,10,12.83400011062622,0.5580000048098357
345,345,345,345,345,345,345,345,345,345,345,345,345,345,345,345,345,345,345,345,345,1-1131,7,2,1-1131,138,64,0,12,71.00080013275146,0.5144985516866049
123,123,123,123,123,123,123,123,123,123,123,123,123,123,123,123,123,123,123,123,123,MLG55,13,15,MLG55,92,39,0,14,47.16760015487671,0.5126913060312686
124,124,124,124,124,124,124,124,124,124,124,124,124,124,124,124,124,124,124,124,124,1-8427,18,13,1-8427,189,42,0,82,89.83880090713501,0.4753375709372223
427,427,427,427,427,427,427,427,427,427,427,427,427,427,427,427,427,427,427,427,427,1-9379,19,10,1-9379,58,20,0,11,26.417400121688843,0.4554724158911869
483,483,483,483,483,483,483,483,483,483,483,483,483,483,483,483,483,483,483,483,483,1-9491,4,12,1-9491,80,25,0,19,36.08460021018982,0.45105750262737276
234,234,234,234,234,234,234,234,234,234,234,234,234,234,234,234,234,234,234,234,234,MLG29,22,9,MLG29,164,52,0,35,72.41900038719177,0.44157927065360836
361,361,361,361,361,361,361,361,361,361,361,361,361,361,361,361,361,361,361,361,361,1-0008,8,1,1-0008,230,10,0,155,100.42700171470642,0.4366391378900279
399,399,399,399,399,399,399,399,399,399,399,399,399,399,399,399,399,399,399,399,399,MLG60,17,17,MLG60,47,17,0,5,19.91700005531311,0.4237659586236832
149,149,149,149,149,149,149,149,149,149,149,149,149,149,149,149,149,149,149,149,149,MLG58,4,15,MLG58,71,25,0,7,29.083800077438354,0.409630987006174
141,141,141,141,141,141,141,141,141,141,141,141,141,141,141,141,141,141,141,141,141,MLG45,4,12,MLG45,70,16,0,21,28.251400232315063,0.4035914318902152
150,150,150,150,150,150,150,150,150,150,150,150,150,150,150,150,150,150,150,150,150,1-7005,10,16,1-7005,285,32,0,141,114.25940155982971,0.4009101809116832
375,375,375,375,375,375,375,375,375,375,375,375,375,375,375,375,375,375,375,375,375,MLG14,19,10,MLG14,232,72,0,35,92.41900038719177,0.3983577602896197
526,526,526,526,526,526,526,526,526,526,526,526,526,526,526,526,526,526,526,526,526,1-5002,22,9,1-5002,45,7,0,18,17.501200199127197,0.3889155599806044
390,390,390,390,390,390,390,390,390,390,390,390,390,390,390,390,390,390,390,390,390,MLG64,18,13,MLG64,245,69,0,45,95.253000497818,0.388787757133951
331,331,331,331,331,331,331,331,331,331,331,331,331,331,331,331,331,331,331,331,331,MLG75,17,17,MLG75,185,63,0,15,71.75100016593933,0.3878432441402126
268,268,268,268,268,268,268,268,268,268,268,268,268,268,268,268,268,268,268,268,268,MLG44,18,13,MLG44,59,14,0,15,22.75100016593933,0.3856101723040565
302,302,302,302,302,302,302,302,302,302,302,302,302,302,302,302,302,302,302,302,302,MLG51,5,5,MLG51,248,68,0,47,95.41980051994324,0.38475726016106143
347,347,347,347,347,347,347,347,347,347,347,347,347,347,347,347,347,347,347,347,347,1-8188,1,21,1-8188,140,47,0,10,52.83400011062622,0.3773857150759016
270,270,270,270,270,270,270,270,270,270,270,270,270,270,270,270,270,270,270,270,270,1-1390,19,10,1-1390,98,20,0,29,36.91860032081604,0.3767204114368984
166,166,166,166,166,166,166,166,166,166,166,166,166,166,166,166,166,166,166,166,166,MLG40,9,7,MLG40,51,11,0,14,19.16760015487671,0.37583529715444525
365,365,365,365,365,365,365,365,365,365,365,365,365,365,365,365,365,365,365,365,365,MLG48,15,8,MLG48,159,12,0,81,59.25540089607239,0.3726754773337886
422,422,422,422,422,422,422,422,422,422,422,422,422,422,422,422,422,422,422,422,422,1-6878,6,18,1-6878,167,5,0,98,62.17320108413696,0.37229461727028124
349,349,349,349,349,349,349,349,349,349,349,349,349,349,349,349,349,349,349,349,349,1-3052,10,16,1-3052,166,18,0,74,61.17160081863403,0.36850361938936166
497,497,497,497,497,497,497,497,497,497,497,497,497,497,497,497,497,497,497,497,497,1-8493,19,10,1-8493,38,4,0,17,13.917800188064575,0.3662578996859099
424,424,424,424,424,424,424,424,424,424,424,424,424,424,424,424,424,424,424,424,424,1-4700,17,17,1-4700,31,9,0,4,11.333600044250488,0.3656000014274351
57,57,57,57,57,57,57,57,57,57,57,57,57,57,57,57,57,57,57,57,57,1-1224,20,4,1-1224,151,46,0,15,54.75100016593933,0.3625894050724459
346,346,346,346,346,346,346,346,346,346,346,346,346,346,346,346,346,346,346,346,346,MLG32,1,21,MLG32,52,17,0,3,18.750200033187866,0.36058076986899745
359,359,359,359,359,359,359,359,359,359,359,359,359,359,359,359,359,359,359,359,359,1-4417,6,18,1-4417,151,7,0,81,54.25540089607239,0.35930729070246614
319,319,319,319,319,319,319,319,319,319,319,319,319,319,319,319,319,319,319,319,319,1-3584,22,9,1-3584,26,7,0,4,9.333600044250488,0.35898461708655727
400,400,400,400,400,400,400,400,400,400,400,400,400,400,400,400,400,400,400,400,400,1-18709,17,9,1-18709,33,6,0,10,11.83400011062622,0.3586060639583703
279,279,279,279,279,279,279,279,279,279,279,279,279,279,279,279,279,279,279,279,279,MLG43,19,10,MLG43,14,5,0,0,5.0,0.35714285714285715
305,305,305,305,305,305,305,305,305,305,305,305,305,305,305,305,305,305,305,305,305,1-7866,11,14,1-7866,318,55,0,98,112.17320108413696,0.35274591535892125
350,350,350,350,350,350,350,350,350,350,350,350,350,350,350,350,350,350,350,350,350,1-2282,15,8,1-2282,219,58,0,32,76.6688003540039,0.35008584636531465
225,225,225,225,225,225,225,225,225,225,225,225,225,225,225,225,225,225,225,225,225,1-9650,15,8,1-9650,25,7,0,3,8.750200033187866,0.35000800132751464
459,459,459,459,459,459,459,459,459,459,459,459,459,459,459,459,459,459,459,459,459,1-2545,11,14,1-2545,145,36,0,25,50.58500027656555,0.34886207087286586
273,273,273,273,273,273,273,273,273,273,273,273,273,273,273,273,273,273,273,273,273,1-3589,7,2,1-3589,27,7,0,4,9.333600044250488,0.3456888905277959
143,143,143,143,143,143,143,143,143,143,143,143,143,143,143,143,143,143,143,143,143,1-8928,9,7,1-8928,39,8,0,9,13.250600099563599,0.33975897691188717
314,314,314,314,314,314,314,314,314,314,314,314,314,314,314,314,314,314,314,314,314,1-3139,10,16,1-3139,93,14,0,30,31.502000331878662,0.3387311863642867
353,353,353,353,353,353,353,353,353,353,353,353,353,353,353,353,353,353,353,353,353,MLG50,21,3,MLG50,319,68,0,68,107.6712007522583,0.3375272750854492
320,320,320,320,320,320,320,320,320,320,320,320,320,320,320,320,320,320,320,320,320,MLG13,10,16,MLG13,140,14,0,57,47.25380063056946,0.3375271473612104
501,501,501,501,501,501,501,501,501,501,501,501,501,501,501,501,501,501,501,501,501,1-18487,17,17,1-18487,23,6,0,3,7.750200033187866,0.33696521883425506
479,479,479,479,479,479,479,479,479,479,479,479,479,479,479,479,479,479,479,479,479,1-9286,13,15,1-9286,81,22,0,9,27.2506000995636,0.3364271617230074
329,329,329,329,329,329,329,329,329,329,329,329,329,329,329,329,329,329,329,329,329,1-1317,20,4,1-1317,414,95,0,74,138.17160081863403,0.3337478280643334
460,460,460,460,460,460,460,460,460,460,460,460,460,460,460,460,460,460,460,460,460,1-7993,10,16,1-7993,24,1,0,12,8.000800132751465,0.3333666721979777
185,185,185,185,185,185,185,185,185,185,185,185,185,185,185,185,185,185,185,185,185,1-8906,15,8,1-8906,15,5,0,0,5.0,0.3333333333333333
536,536,536,536,536,536,536,536,536,536,536,536,536,536,536,536,536,536,536,536,536,1-9971,21,3,1-9971,15,5,0,0,5.0,0.3333333333333333
343,343,343,343,343,343,343,343,343,343,343,343,343,343,343,343,343,343,343,343,343,1-4319,20,4,1-4319,163,32,0,38,54.16920042037964,0.33232638294711436
39,39,39,39,39,39,39,39,39,39,39,39,39,39,39,39,39,39,39,39,39,1-7467,19,10,1-7467,64,16,0,9,21.2506000995636,0.33204062655568123
116,116,116,116,116,116,116,116,116,116,116,116,116,116,116,116,116,116,116,116,116,1-20047,17,17,1-20047,20,6,0,1,6.583400011062622,0.3291700005531311
263,263,263,263,263,263,263,263,263,263,263,263,263,263,263,263,263,263,263,263,263,1-6927,20,4,1-6927,179,28,0,53,58.92020058631897,0.32916313176714507
351,351,351,351,351,351,351,351,351,351,351,351,351,351,351,351,351,351,351,351,351,1-19229,20,4,1-19229,38,9,0,6,12.500400066375732,0.32895789648357193
188,188,188,188,188,188,188,188,188,188,188,188,188,188,188,188,188,188,188,188,188,1-20167,22,9,1-20167,56,12,0,11,18.417400121688843,0.3288821450301579
122,122,122,122,122,122,122,122,122,122,122,122,122,122,122,122,122,122,122,122,122,MLG42,14,6,MLG42,14,4,0,1,4.583400011062622,0.3273857150759016
172,172,172,172,172,172,172,172,172,172,172,172,172,172,172,172,172,172,172,172,172,1-8573,15,8,1-8573,184,32,0,48,60.00320053100586,0.32610435071198834
241,241,241,241,241,241,241,241,241,241,241,241,241,241,241,241,241,241,241,241,241,1-19448,17,12,1-19448,45,10,0,8,14.667200088500977,0.32593777974446614
285,285,285,285,285,285,285,285,285,285,285,285,285,285,285,285,285,285,285,285,285,1-18615,21,5,1-18615,22,6,0,2,7.166800022125244,0.3257636373693293
95,95,95,95,95,95,95,95,95,95,95,95,95,95,95,95,95,95,95,95,95,1-3312,20,4,1-3312,36,7,0,8,11.667200088500977,0.32408889134724933
478,478,478,478,478,478,478,478,478,478,478,478,478,478,478,478,478,478,478,478,478,1-9394,15,8,1-9394,117,28,0,17,37.917800188064575,0.3240837622911502
261,261,261,261,261,261,261,261,261,261,261,261,261,261,261,261,261,261,261,261,261,1-1942,7,12,1-1942,34,4,0,12,11.000800132751465,0.3235529450809254
404,404,404,404,404,404,404,404,404,404,404,404,404,404,404,404,404,404,404,404,404,1-4682,1,21,1-4682,16,4,0,2,5.166800022125244,0.32292500138282776
523,523,523,523,523,523,523,523,523,523,523,523,523,523,523,523,523,523,523,523,523,1-9861,19,10,1-9861,8,2,0,1,2.583400011062622,0.32292500138282776
333,333,333,333,333,333,333,333,333,333,333,333,333,333,333,333,333,333,333,333,333,1-11329,14,6,1-11329,14,1,0,6,4.500400066375732,0.3214571475982666
466,466,466,466,466,466,466,466,466,466,466,466,466,466,466,466,466,466,466,466,466,1-5981,18,13,1-5981,28,2,0,12,9.000800132751465,0.3214571475982666
209,209,209,209,209,209,209,209,209,209,209,209,209,209,209,209,209,209,209,209,209,1-9938,20,4,1-9938,55,13,0,8,17.667200088500977,0.32122181979092684
164,164,164,164,164,164,164,164,164,164,164,164,164,164,164,164,164,164,164,164,164,1-9740,21,3,1-9740,34,8,0,5,10.91700005531311,0.3210882369209738
243,243,243,243,243,243,243,243,243,243,243,243,243,243,243,243,243,243,243,243,243,1-1015,12,20,1-1015,155,39,0,18,49.5012001991272,0.3193625819298529
433,433,433,433,433,433,433,433,433,433,433,433,433,433,433,433,433,433,433,433,433,1-5654,7,2,1-5654,15,3,0,3,4.750200033187866,0.3166800022125244
240,240,240,240,240,240,240,240,240,240,240,240,240,240,240,240,240,240,240,240,240,MLG33,18,13,MLG33,20,4,0,4,6.333600044250488,0.3166800022125244
156,156,156,156,156,156,156,156,156,156,156,156,156,156,156,156,156,156,156,156,156,1-8634,11,14,1-8634,10,2,0,2,3.166800022125244,0.3166800022125244
415,415,415,415,415,415,415,415,415,415,415,415,415,415,415,415,415,415,415,415,415,1-1957,9,7,1-1957,47,9,0,10,14.83400011062622,0.3156170236303451
420,420,420,420,420,420,420,420,420,420,420,420,420,420,420,420,420,420,420,420,420,1-8172,9,7,1-8172,40,5,0,13,12.584200143814087,0.31460500359535215
388,388,388,388,388,388,388,388,388,388,388,388,388,388,388,388,388,388,388,388,388,MLG49,13,15,MLG49,185,29,0,50,58.1700005531311,0.3144324354223303
201,201,201,201,201,201,201,201,201,201,201,201,201,201,201,201,201,201,201,201,201,1-9902,6,18,1-9902,30,3,0,11,9.417400121688843,0.31391333738962807
153,153,153,153,153,153,153,153,153,153,153,153,153,153,153,153,153,153,153,153,153,1-1350,4,12,1-1350,195,42,0,32,60.668800354003906,0.31112205309745594
429,429,429,429,429,429,429,429,429,429,429,429,429,429,429,429,429,429,429,429,429,1-6693,22,9,1-6693,98,14,0,28,30.335200309753418,0.3095428603036063
414,414,414,414,414,414,414,414,414,414,414,414,414,414,414,414,414,414,414,414,414,1-8285,18,13,1-8285,72,10,0,21,22.251400232315063,0.30904722544882035
105,105,105,105,105,105,105,105,105,105,105,105,105,105,105,105,105,105,105,105,105,1-1258,16,11,1-1258,435,100,0,57,133.25380063056946,0.30633057616222864
500,500,500,500,500,500,500,500,500,500,500,500,500,500,500,500,500,500,500,500,500,1-0292,6,18,1-0292,99,4,0,45,30.253000497817993,0.30558586361432316
309,309,309,309,309,309,309,309,309,309,309,309,309,309,309,309,309,309,309,309,309,1-3516,12,20,1-3516,156,5,0,73,47.58820080757141,0.3050525692793039
311,311,311,311,311,311,311,311,311,311,311,311,311,311,311,311,311,311,311,311,311,1-20578,1,21,1-20578,19,4,0,3,5.750200033187866,0.3026421070098877
539,539,539,539,539,539,539,539,539,539,539,539,539,539,539,539,539,539,539,539,539,1-9436,7,2,1-9436,21,4,0,4,6.333600044250488,0.3016000021071661
510,510,510,510,510,510,510,510,510,510,510,510,510,510,510,510,510,510,510,510,510,1-3206,1,21,1-3206,45,10,0,6,13.500400066375732,0.30000889036390516
398,398,398,398,398,398,398,398,398,398,398,398,398,398,398,398,398,398,398,398,398,1-0303,13,15,1-0303,212,49,0,25,63.58500027656555,0.29992924658757336
31,31,31,31,31,31,31,31,31,31,31,31,31,31,31,31,31,31,31,31,31,1-8938,19,10,1-8938,30,6,0,5,8.91700005531311,0.29723333517710365
292,292,292,292,292,292,292,292,292,292,292,292,292,292,292,292,292,292,292,292,292,1-9997,22,2,1-9997,16,3,0,3,4.750200033187866,0.29688750207424164
457,457,457,457,457,457,457,457,457,457,457,457,457,457,457,457,457,457,457,457,457,1-8503,4,12,1-8503,16,3,0,3,4.750200033187866,0.29688750207424164
169,169,169,169,169,169,169,169,169,169,169,169,169,169,169,169,169,169,169,169,169,1-9606,21,3,1-9606,16,3,0,3,4.750200033187866,0.29688750207424164
419,419,419,419,419,419,419,419,419,419,419,419,419,419,419,419,419,419,419,419,419,1-6692,9,7,1-6692,71,7,0,24,21.00160026550293,0.29579718683806944
11,11,11,11,11,11,11,11,11,11,11,11,11,11,11,11,11,11,11,11,11,1-9722,11,14,1-9722,22,3,0,6,6.500400066375732,0.29547273028980603
62,62,62,62,62,62,62,62,62,62,62,62,62,62,62,62,62,62,62,62,62,1-9818,9,7,1-9818,28,3,0,9,8.250600099563599,0.2946642892701285
550,550,550,550,550,550,550,550,550,550,550,550,550,550,550,550,550,550,550,550,550,1-19568,14,6,1-19568,2,0,0,1,0.5834000110626221,0.29170000553131104
384,384,384,384,384,384,384,384,384,384,384,384,384,384,384,384,384,384,384,384,384,1-9270,16,11,1-9270,128,21,0,28,37.33520030975342,0.2916812524199486
385,385,385,385,385,385,385,385,385,385,385,385,385,385,385,385,385,385,385,385,385,1-6974,13,15,1-6974,207,55,0,9,60.2506000995636,0.29106570096407536
487,487,487,487,487,487,487,487,487,487,487,487,487,487,487,487,487,487,487,487,487,1-6900,19,10,1-6900,67,16,0,6,19.500400066375732,0.29105074725933927
435,435,435,435,435,435,435,435,435,435,435,435,435,435,435,435,435,435,435,435,435,1-9610,9,7,1-9610,49,2,0,21,14.251400232315063,0.29084490270030744
391,391,391,391,391,391,391,391,391,391,391,391,391,391,391,391,391,391,391,391,391,MLG30,6,18,MLG30,208,20,0,69,60.25460076332092,0.28968558059288907
458,458,458,458,458,458,458,458,458,458,458,458,458,458,458,458,458,458,458,458,458,1-7182,19,10,1-7182,22,4,0,4,6.333600044250488,0.2878909111022949
208,208,208,208,208,208,208,208,208,208,208,208,208,208,208,208,208,208,208,208,208,1-10468,20,4,1-10468,549,108,0,85,157.58900094032288,0.2870473605470362
192,192,192,192,192,192,192,192,192,192,192,192,192,192,192,192,192,192,192,192,192,1-9770,9,7,1-9770,50,12,0,4,14.333600044250488,0.28667200088500977
376,376,376,376,376,376,376,376,376,376,376,376,376,376,376,376,376,376,376,376,376,1-7874,16,11,1-7874,258,22,0,89,73.92260098457336,0.2865217092425324
451,451,451,451,451,451,451,451,451,451,451,451,451,451,451,451,451,451,451,451,451,1-4098,17,17,1-4098,16,4,0,1,4.583400011062622,0.2864625006914139
294,294,294,294,294,294,294,294,294,294,294,294,294,294,294,294,294,294,294,294,294,1-3509,6,18,1-3509,35,3,0,12,10.000800132751465,0.28573714665004185
224,224,224,224,224,224,224,224,224,224,224,224,224,224,224,224,224,224,224,224,224,1-9227,10,16,1-9227,801,73,0,266,228.18440294265747,0.2848744106649906
322,322,322,322,322,322,322,322,322,322,322,322,322,322,322,322,322,322,322,322,322,1-0296,7,14,1-0296,41,7,0,8,11.667200088500977,0.284565855817097
370,370,370,370,370,370,370,370,370,370,370,370,370,370,370,370,370,370,370,370,370,MLG62,19,10,MLG62,525,102,0,80,148.67200088500977,0.28318476359049477
214,214,214,214,214,214,214,214,214,214,214,214,214,214,214,214,214,214,214,214,214,1-0053,22,9,1-0053,142,15,0,43,40.08620047569275,0.28229718644854046
489,489,489,489,489,489,489,489,489,489,489,489,489,489,489,489,489,489,489,489,489,1-9578,5,5,1-9578,42,6,0,10,11.83400011062622,0.2817619073958624
197,197,197,197,197,197,197,197,197,197,197,197,197,197,197,197,197,197,197,197,197,1-8646,1,13,1-8646,20,5,0,1,5.583400011062622,0.2791700005531311
255,255,255,255,255,255,255,255,255,255,255,255,255,255,255,255,255,255,255,255,255,1-9946,5,5,1-9946,12,1,0,4,3.3336000442504883,0.2778000036875407
207,207,207,207,207,207,207,207,207,207,207,207,207,207,207,207,207,207,207,207,207,1-7058,15,8,1-7058,80,21,0,2,22.166800022125244,0.2770850002765656
338,338,338,338,338,338,338,338,338,338,338,338,338,338,338,338,338,338,338,338,338,1-6296,6,18,1-6296,254,18,0,89,69.92260098457336,0.2752858306479266
413,413,413,413,413,413,413,413,413,413,413,413,413,413,413,413,413,413,413,413,413,1-8314,2,23,1-8314,36,4,0,10,9.83400011062622,0.27316666973961723
300,300,300,300,300,300,300,300,300,300,300,300,300,300,300,300,300,300,300,300,300,1-4020,15,8,1-4020,37,6,0,7,10.083800077438354,0.27253513722806366
425,425,425,425,425,425,425,425,425,425,425,425,425,425,425,425,425,425,425,425,425,1-6006,10,16,1-6006,57,5,0,18,15.501200199127197,0.2719508806864421
547,547,547,547,547,547,547,547,547,547,547,547,547,547,547,547,547,547,547,547,547,MLG67,18,13,MLG67,27,5,0,4,7.333600044250488,0.27161481645372176
290,290,290,290,290,290,290,290,290,290,290,290,290,290,290,290,290,290,290,290,290,1-8341,10,16,1-8341,197,22,0,54,53.50360059738159,0.2715918812049827
51,51,51,51,51,51,51,51,51,51,51,51,51,51,51,51,51,51,51,51,51,1-9925,19,10,1-9925,93,13,0,21,25.251400232315063,0.2715204326055383
488,488,488,488,488,488,488,488,488,488,488,488,488,488,488,488,488,488,488,488,488,1-11350,11,14,1-11350,100,9,0,31,27.085400342941284,0.27085400342941285
520,520,520,520,520,520,520,520,520,520,520,520,520,520,520,520,520,520,520,520,520,1-2034,14,6,1-2034,16,2,0,4,4.333600044250488,0.2708500027656555
486,486,486,486,486,486,486,486,486,486,486,486,486,486,486,486,486,486,486,486,486,1-8678,17,17,1-8678,17,4,0,1,4.583400011062622,0.26961176535662484
231,231,231,231,231,231,231,231,231,231,231,231,231,231,231,231,231,231,231,231,231,1-8450,21,3,1-8450,52,7,0,12,14.000800132751465,0.2692461563990666
356,356,356,356,356,356,356,356,356,356,356,356,356,356,356,356,356,356,356,356,356,1-9761,10,16,1-9761,35,3,0,11,9.417400121688843,0.2690685749053955
12,12,12,12,12,12,12,12,12,12,12,12,12,12,12,12,12,12,12,12,12,MLG84,4,12,MLG84,63,11,0,10,16.83400011062622,0.267206350962321
540,540,540,540,540,540,540,540,540,540,540,540,540,540,540,540,540,540,540,540,540,1-5413,4,23,1-5413,39,8,0,4,10.333600044250488,0.26496410369873047
416,416,416,416,416,416,416,416,416,416,416,416,416,416,416,416,416,416,416,416,416,1-18203,4,12,1-18203,29,3,0,8,7.667200088500977,0.2643862099483095
113,113,113,113,113,113,113,113,113,113,113,113,113,113,113,113,113,113,113,113,113,1-4499,5,5,1-4499,12,2,0,2,3.166800022125244,0.2639000018437703
330,330,330,330,330,330,330,330,330,330,330,330,330,330,330,330,330,330,330,330,330,1-4531,10,16,1-4531,94,9,0,27,24.751800298690796,0.2633170244541574
471,471,471,471,471,471,471,471,471,471,471,471,471,471,471,471,471,471,471,471,471,1-9794,14,6,1-9794,46,1,0,19,12.08460021018982,0.2627087002215178
524,524,524,524,524,524,524,524,524,524,524,524,524,524,524,524,524,524,524,524,524,1-9338,17,17,1-9338,29,7,0,1,7.583400011062622,0.2614965521056077
293,293,293,293,293,293,293,293,293,293,293,293,293,293,293,293,293,293,293,293,293,1-8066,6,18,1-8066,86,2,0,35,22.419000387191772,0.26068605101385783
366,366,366,366,366,366,366,366,366,366,366,366,366,366,366,366,366,366,366,366,366,1-5163,4,12,1-5163,16,3,0,2,4.166800022125244,0.26042500138282776
428,428,428,428,428,428,428,428,428,428,428,428,428,428,428,428,428,428,428,428,428,1-2701,4,12,1-2701,61,10,0,10,15.83400011062622,0.2595737723053479
494,494,494,494,494,494,494,494,494,494,494,494,494,494,494,494,494,494,494,494,494,1-3265,11,14,1-3265,19,2,0,5,4.91700005531311,0.25878947659542684
538,538,538,538,538,538,538,538,538,538,538,538,538,538,538,538,538,538,538,538,538,1-9576,8,1,1-9576,10,2,0,1,2.583400011062622,0.2583400011062622
4,4,4,4,4,4,4,4,4,4,4,4,4,4,4,4,4,4,4,4,4,1-6240,5,5,1-6240,698,128,0,89,179.92260098457336,0.257768769318873
407,407,407,407,407,407,407,407,407,407,407,407,407,407,407,407,407,407,407,407,407,1-8421,16,11,1-8421,109,10,0,31,28.085400342941284,0.25766422332973654
94,94,94,94,94,94,94,94,94,94,94,94,94,94,94,94,94,94,94,94,94,1-3083,11,14,1-3083,78,9,0,19,20.08460021018982,0.25749487448961306
362,362,362,362,362,362,362,362,362,362,362,362,362,362,362,362,362,362,362,362,362,1-1462,10,16,1-1462,192,19,0,52,49.33680057525635,0.25696250299612683
269,269,269,269,269,269,269,269,269,269,269,269,269,269,269,269,269,269,269,269,269,1-7839,4,12,1-7839,24,5,0,2,6.166800022125244,0.2569500009218852
37,37,37,37,37,37,37,37,37,37,37,37,37,37,37,37,37,37,37,37,37,1-5508,5,5,1-5508,38,8,0,3,9.750200033187866,0.2565842113996807
328,328,328,328,328,328,328,328,328,328,328,328,328,328,328,328,328,328,328,328,328,1-9497,22,9,1-9497,150,18,0,35,38.41900038719177,0.25612666924794514
250,250,250,250,250,250,250,250,250,250,250,250,250,250,250,250,250,250,250,250,250,1-9333,3,24,1-9333,102,26,0,0,26.0,0.2549019607843137
14,14,14,14,14,14,14,14,14,14,14,14,14,14,14,14,14,14,14,14,14,1-6098,22,9,1-6098,1327,141,0,336,337.022403717041,0.253973175370792
190,190,190,190,190,190,190,190,190,190,190,190,190,190,190,190,190,190,190,190,190,1-2382,1,21,1-2382,139,28,0,12,35.000800132751465,0.2518043175018091
283,283,283,283,283,283,283,283,283,283,283,283,283,283,283,283,283,283,283,283,283,1-3535,9,7,1-3535,315,37,0,72,79.00480079650879,0.25080889141748824
139,139,139,139,139,139,139,139,139,139,139,139,139,139,139,139,139,139,139,139,139,1-7863,16,11,1-7863,351,29,0,101,87.92340111732483,0.25049402027727874
245,245,245,245,245,245,245,245,245,245,245,245,245,245,245,245,245,245,245,245,245,1-6647,2,7,1-6647,62,5,0,18,15.501200199127197,0.2500193580504387
171,171,171,171,171,171,171,171,171,171,171,171,171,171,171,171,171,171,171,171,171,1-8100,21,20,1-8100,19,3,0,3,4.750200033187866,0.2500105280625193
175,175,175,175,175,175,175,175,175,175,175,175,175,175,175,175,175,175,175,175,175,1-4910,1,21,1-4910,4,1,0,0,1.0,0.25
119,119,119,119,119,119,119,119,119,119,119,119,119,119,119,119,119,119,119,119,119,1-5929,1,21,1-5929,4,1,0,0,1.0,0.25
15,15,15,15,15,15,15,15,15,15,15,15,15,15,15,15,15,15,15,15,15,1-8093,13,15,1-8093,4,1,0,0,1.0,0.25
280,280,280,280,280,280,280,280,280,280,280,280,280,280,280,280,280,280,280,280,280,1-7608,8,1,1-7608,4,1,0,0,1.0,0.25
528,528,528,528,528,528,528,528,528,528,528,528,528,528,528,528,528,528,528,528,528,1-6718,5,5,1-6718,20,5,0,0,5.0,0.25
335,335,335,335,335,335,335,335,335,335,335,335,335,335,335,335,335,335,335,335,335,1-8910,10,16,1-8910,137,13,0,36,34.002400398254395,0.24819270363689339
267,267,267,267,267,267,267,267,267,267,267,267,267,267,267,267,267,267,267,267,267,1-6181,6,18,1-6181,659,33,0,218,160.1812024116516,0.24306707497974447
68,68,68,68,68,68,68,68,68,68,68,68,68,68,68,68,68,68,68,68,68,1-7845,1,13,1-7845,36,7,0,3,8.750200033187866,0.2430611120329963
360,360,360,360,360,360,360,360,360,360,360,360,360,360,360,360,360,360,360,360,360,1-6611,12,20,1-6611,89,7,0,25,21.58500027656555,0.24252809299511857
339,339,339,339,339,339,339,339,339,339,339,339,339,339,339,339,339,339,339,339,339,1-3523,11,14,1-3523,543,58,0,126,131.50840139389038,0.24218858451913514
397,397,397,397,397,397,397,397,397,397,397,397,397,397,397,397,397,397,397,397,397,1-9808,6,18,1-9808,74,5,0,22,17.834800243377686,0.24101081409969846
246,246,246,246,246,246,246,246,246,246,246,246,246,246,246,246,246,246,246,246,246,MLG56,21,3,MLG56,511,74,0,84,123.00560092926025,0.2407154617010964
448,448,448,448,448,448,448,448,448,448,448,448,448,448,448,448,448,448,448,448,448,1-3106,13,15,1-3106,34,7,0,2,8.166800022125244,0.24020000065074248
336,336,336,336,336,336,336,336,336,336,336,336,336,336,336,336,336,336,336,336,336,1-1827,10,16,1-1827,24,4,0,3,5.750200033187866,0.23959166804949442
296,296,296,296,296,296,296,296,296,296,296,296,296,296,296,296,296,296,296,296,296,1-9404,20,4,1-9404,100,15,0,15,23.75100016593933,0.23751000165939332
318,318,318,318,318,318,318,318,318,318,318,318,318,318,318,318,318,318,318,318,318,1-2324,14,6,1-2324,25,3,0,5,5.91700005531311,0.23668000221252442
316,316,316,316,316,316,316,316,316,316,316,316,316,316,316,316,316,316,316,316,316,1-7441,7,2,1-7441,111,21,0,9,26.2506000995636,0.23649189278886124
382,382,382,382,382,382,382,382,382,382,382,382,382,382,382,382,382,382,382,382,382,1-18558,11,14,1-18558,307,35,0,64,72.33760070800781,0.2356273638697323
482,482,482,482,482,482,482,482,482,482,482,482,482,482,482,482,482,482,482,482,482,1-4390,10,16,1-4390,45,3,0,13,10.584200143814087,0.23520444764031304
534,534,534,534,534,534,534,534,534,534,534,534,534,534,534,534,534,534,534,534,534,1-9457,15,8,1-9457,11,2,0,1,2.583400011062622,0.23485454646023837
537,537,537,537,537,537,537,537,537,537,537,537,537,537,537,537,537,537,537,537,537,1-4494,2,23,1-4494,16,2,0,3,3.750200033187866,0.23438750207424164
137,137,137,137,137,137,137,137,137,137,137,137,137,137,137,137,137,137,137,137,137,1-1972,18,13,1-1972,32,4,0,6,7.500400066375732,0.23438750207424164
542,542,542,542,542,542,542,542,542,542,542,542,542,542,542,542,542,542,542,542,542,1-1191,15,8,1-1191,53,6,0,11,12.417400121688843,0.23429056833375175
354,354,354,354,354,354,354,354,354,354,354,354,354,354,354,354,354,354,354,354,354,1-9417,1,21,1-9417,76,16,0,3,17.750200033187866,0.23355526359457718
327,327,327,327,327,327,327,327,327,327,327,327,327,327,327,327,327,327,327,327,327,P-16616,9,12,P-16616,28,3,0,6,6.500400066375732,0.23215714522770473
558,558,558,558,558,558,558,558,558,558,558,558,558,558,558,558,558,558,558,558,558,1-0055,5,13,1-0055,18,3,0,2,4.166800022125244,0.2314888901180691
253,253,253,253,253,253,253,253,253,253,253,253,253,253,253,253,253,253,253,253,253,1-4649,7,2,1-4649,244,22,0,59,56.4206006526947,0.23123196988809305
101,101,101,101,101,101,101,101,101,101,101,101,101,101,101,101,101,101,101,101,101,1-9892,9,7,1-9892,22,1,0,7,5.0838000774383545,0.23108182170174338
183,183,183,183,183,183,183,183,183,183,183,183,183,183,183,183,183,183,183,183,183,1-9496,3,24,1-9496,39,9,0,0,9.0,0.23076923076923078
368,368,368,368,368,368,368,368,368,368,368,368,368,368,368,368,368,368,368,368,368,1-5197,20,4,1-5197,72,9,0,13,16.584200143814087,0.23033611310852897
24,24,24,24,24,24,24,24,24,24,24,24,24,24,24,24,24,24,24,24,24,1-7140,6,18,1-7140,397,8,0,143,91.42620158195496,0.230292699198879
449,449,449,449,449,449,449,449,449,449,449,449,449,449,449,449,449,449,449,449,449,1-1935,21,3,1-1935,12,1,0,3,2.750200033187866,0.22918333609898886
436,436,436,436,436,436,436,436,436,436,436,436,436,436,436,436,436,436,436,436,436,1-5161,13,21,1-5161,12,1,0,3,2.750200033187866,0.22918333609898886
76,76,76,76,76,76,76,76,76,76,76,76,76,76,76,76,76,76,76,76,76,1-8541,21,3,1-8541,232,38,0,26,53.168400287628174,0.2291741391708111
128,128,128,128,128,128,128,128,128,128,128,128,128,128,128,128,128,128,128,128,128,1-19286,15,8,1-19286,40,8,0,2,9.166800022125244,0.2291700005531311
236,236,236,236,236,236,236,236,236,236,236,236,236,236,236,236,236,236,236,236,236,1-7024,14,6,1-7024,498,64,0,85,113.58900094032288,0.22809036333398167
91,91,91,91,91,91,91,91,91,91,91,91,91,91,91,91,91,91,91,91,91,72-12171,15,16,72-12171,19,2,0,4,4.333600044250488,0.22808421285528885
47,47,47,47,47,47,47,47,47,47,47,47,47,47,47,47,47,47,47,47,47,1-19547,10,16,1-19547,66,8,0,12,15.000800132751465,0.22728485049623431
73,73,73,73,73,73,73,73,73,73,73,73,73,73,73,73,73,73,73,73,73,1-5355,2,23,1-5355,53,5,0,12,12.000800132751465,0.2264301911839899
465,465,465,465,465,465,465,465,465,465,465,465,465,465,465,465,465,465,465,465,465,1-5913,9,7,1-5913,14,2,0,2,3.166800022125244,0.2262000015803746
514,514,514,514,514,514,514,514,514,514,514,514,514,514,514,514,514,514,514,514,514,1-11206,20,4,1-11206,14,2,0,2,3.166800022125244,0.2262000015803746
216,216,216,216,216,216,216,216,216,216,216,216,216,216,216,216,216,216,216,216,216,1-9887,6,18,1-9887,36,4,0,7,8.083800077438354,0.2245500021510654
189,189,189,189,189,189,189,189,189,189,189,189,189,189,189,189,189,189,189,189,189,1-9156,9,7,1-9156,268,15,0,77,59.9218008518219,0.22358880914858917
452,452,452,452,452,452,452,452,452,452,452,452,452,452,452,452,452,452,452,452,452,1-8529,14,6,1-8529,56,2,0,18,12.501200199127197,0.2232357178415571
217,217,217,217,217,217,217,217,217,217,217,217,217,217,217,217,217,217,217,217,217,1-9630,1,21,1-9630,33,5,0,4,7.333600044250488,0.22223030437122693
484,484,484,484,484,484,484,484,484,484,484,484,484,484,484,484,484,484,484,484,484,MLG31,1,3,MLG31,33,5,0,4,7.333600044250488,0.22223030437122693
367,367,367,367,367,367,367,367,367,367,367,367,367,367,367,367,367,367,367,367,367,1-8544,13,15,1-8544,54,12,0,0,12.0,0.2222222222222222
10,10,10,10,10,10,10,10,10,10,10,10,10,10,10,10,10,10,10,10,10,1-7964,7,2,1-7964,202,32,0,22,44.834800243377686,0.22195445665038457
357,357,357,357,357,357,357,357,357,357,357,357,357,357,357,357,357,357,357,357,357,1-4760,7,14,1-4760,40,3,0,10,8.83400011062622,0.22085000276565553
378,378,378,378,378,378,378,378,378,378,378,378,378,378,378,378,378,378,378,378,378,1-6561,16,11,1-6561,65,5,0,16,14.334400177001953,0.22052923349233775
493,493,493,493,493,493,493,493,493,493,493,493,493,493,493,493,493,493,493,493,493,1-1836,1,21,1-1836,20,2,0,4,4.333600044250488,0.21668000221252443
531,531,531,531,531,531,531,531,531,531,531,531,531,531,531,531,531,531,531,531,531,1-5891,17,17,1-5891,96,19,0,3,20.750200033187866,0.2161479170123736
291,291,291,291,291,291,291,291,291,291,291,291,291,291,291,291,291,291,291,291,291,MLG02,6,18,MLG02,320,15,0,92,68.67280101776123,0.21460250318050383
282,282,282,282,282,282,282,282,282,282,282,282,282,282,282,282,282,282,282,282,282,1-1608,15,8,1-1608,307,53,0,21,65.25140023231506,0.21254527762969075
176,176,176,176,176,176,176,176,176,176,176,176,176,176,176,176,176,176,176,176,176,1-8042,5,12,1-8042,52,4,0,12,11.000800132751465,0.21155384870675895
17,17,17,17,17,17,17,17,17,17,17,17,17,17,17,17,17,17,17,17,17,1-18603,16,11,1-18603,19,4,0,0,4.0,0.21052631578947367
237,237,237,237,237,237,237,237,237,237,237,237,237,237,237,237,237,237,237,237,237,1-9667,6,18,1-9667,14,0,0,5,2.9170000553131104,0.20835714680807932
222,222,222,222,222,222,222,222,222,222,222,222,222,222,222,222,222,222,222,222,222,1-4149,4,12,1-4149,16,1,0,4,3.3336000442504883,0.20835000276565552
321,321,321,321,321,321,321,321,321,321,321,321,321,321,321,321,321,321,321,321,321,1-5172,16,11,1-5172,120,13,0,20,24.66800022125244,0.205566668510437
481,481,481,481,481,481,481,481,481,481,481,481,481,481,481,481,481,481,481,481,481,1-10038,14,6,1-10038,76,8,0,13,15.584200143814087,0.20505526505018534
232,232,232,232,232,232,232,232,232,232,232,232,232,232,232,232,232,232,232,232,232,1-18371,14,6,1-18371,120,17,0,13,24.584200143814087,0.20486833453178405
286,286,286,286,286,286,286,286,286,286,286,286,286,286,286,286,286,286,286,286,286,1-3587,12,20,1-3587,46,3,0,11,9.417400121688843,0.20472608960193137
152,152,152,152,152,152,152,152,152,152,152,152,152,152,152,152,152,152,152,152,152,1-9500,15,8,1-9500,33,5,0,3,6.750200033187866,0.20455151615720807
174,174,174,174,174,174,174,174,174,174,174,174,174,174,174,174,174,174,174,174,174,MLG38,2,23,MLG38,77,14,0,3,15.750200033187866,0.2045480523790632
180,180,180,180,180,180,180,180,180,180,180,180,180,180,180,180,180,180,180,180,180,1-0037,16,11,1-0037,35,3,0,7,7.0838000774383545,0.20239428792681013
426,426,426,426,426,426,426,426,426,426,426,426,426,426,426,426,426,426,426,426,426,1-4355,11,14,1-4355,49,7,0,5,9.91700005531311,0.2023877562308798
443,443,443,443,443,443,443,443,443,443,443,443,443,443,443,443,443,443,443,443,443,1-3447,7,2,1-3447,110,8,0,24,22.00160026550293,0.20001454786820846
461,461,461,461,461,461,461,461,461,461,461,461,461,461,461,461,461,461,461,461,461,1-9651,7,2,1-9651,38,7,0,1,7.583400011062622,0.19956315818585849
396,396,396,396,396,396,396,396,396,396,396,396,396,396,396,396,396,396,396,396,396,1-9963,16,11,1-9963,116,12,0,19,23.08460021018982,0.1990051742257743
341,341,341,341,341,341,341,341,341,341,341,341,341,341,341,341,341,341,341,341,341,1-0031,18,13,1-0031,13,2,0,1,2.583400011062622,0.19872307777404785
266,266,266,266,266,266,266,266,266,266,266,266,266,266,266,266,266,266,266,266,266,1-2103,18,13,1-2103,26,4,0,2,5.166800022125244,0.19872307777404785
203,203,203,203,203,203,203,203,203,203,203,203,203,203,203,203,203,203,203,203,203,1-1250,15,8,1-1250,34,5,0,3,6.750200033187866,0.19853529509376078
272,272,272,272,272,272,272,272,272,272,272,272,272,272,272,272,272,272,272,272,272,1-1570,16,11,1-1570,142,10,0,31,28.085400342941284,0.19778450945733297
55,55,55,55,55,55,55,55,55,55,55,55,55,55,55,55,55,55,55,55,55,1-8095,15,8,1-8095,46,5,0,7,9.083800077438354,0.19747391472692075
72,72,72,72,72,72,72,72,72,72,72,72,72,72,72,72,72,72,72,72,72,1-9614,5,5,1-9614,30,3,0,5,5.91700005531311,0.19723333517710367
219,219,219,219,219,219,219,219,219,219,219,219,219,219,219,219,219,219,219,219,219,1-5653,2,23,1-5653,11,1,0,2,2.166800022125244,0.196981820193204
67,67,67,67,67,67,67,67,67,67,67,67,67,67,67,67,67,67,67,67,67,1-7481,7,2,1-7481,33,3,0,6,6.500400066375732,0.196981820193204
65,65,65,65,65,65,65,65,65,65,65,65,65,65,65,65,65,65,65,65,65,1-8659,15,8,1-8659,91,12,0,10,17.83400011062622,0.19597802319369473
389,389,389,389,389,389,389,389,389,389,389,389,389,389,389,389,389,389,389,389,389,1-0278,7,2,1-0278,79,9,0,11,15.417400121688843,0.19515696356568155
502,502,502,502,502,502,502,502,502,502,502,502,502,502,502,502,502,502,502,502,502,1-20012,11,14,1-20012,12,0,0,4,2.3336000442504883,0.19446667035420737
496,496,496,496,496,496,496,496,496,496,496,496,496,496,496,496,496,496,496,496,496,1-3176,16,11,1-3176,3,0,0,1,0.5834000110626221,0.19446667035420737
205,205,205,205,205,205,205,205,205,205,205,205,205,205,205,205,205,205,205,205,205,1-8018,4,12,1-8018,58,6,0,9,11.250600099563599,0.1939758637855793
364,364,364,364,364,364,364,364,364,364,364,364,364,364,364,364,364,364,364,364,364,1-7682,2,23,1-7682,141,26,0,2,27.166800022125244,0.19267234058244853
33,33,33,33,33,33,33,33,33,33,33,33,33,33,33,33,33,33,33,33,33,1-7991,4,12,1-7991,46,3,0,10,8.83400011062622,0.1920434806657874
445,445,445,445,445,445,445,445,445,445,445,445,445,445,445,445,445,445,445,445,445,1-6538,9,7,1-6538,44,2,0,11,8.417400121688843,0.19130454822020096
430,430,430,430,430,430,430,430,430,430,430,430,430,430,430,430,430,430,430,430,430,1-3141,16,11,1-3141,136,12,0,24,26.00160026550293,0.19118823724634507
315,315,315,315,315,315,315,315,315,315,315,315,315,315,315,315,315,315,315,315,315,1-1769,1,21,1-1769,89,11,0,10,16.83400011062622,0.18914606865872158
332,332,332,332,332,332,332,332,332,332,332,332,332,332,332,332,332,332,332,332,332,MLG78,18,13,MLG78,80,11,0,7,15.083800077438354,0.18854750096797943
403,403,403,403,403,403,403,403,403,403,403,403,403,403,403,403,403,403,403,403,403,1-1770,5,5,1-1770,35,6,0,1,6.583400011062622,0.18809714317321777
106,106,106,106,106,106,106,106,106,106,106,106,106,106,106,106,106,106,106,106,106,MLG69,8,1,MLG69,576,76,0,55,108.08700060844421,0.18765104272299343
352,352,352,352,352,352,352,352,352,352,352,352,352,352,352,352,352,352,352,352,352,MLG63,18,13,MLG63,380,14,0,98,71.17320108413696,0.18729789758983412
66,66,66,66,66,66,66,66,66,66,66,66,66,66,66,66,66,66,66,66,66,1-7536,4,12,1-7536,17,2,0,2,3.166800022125244,0.18628235424266143
379,379,379,379,379,379,379,379,379,379,379,379,379,379,379,379,379,379,379,379,379,1-4640,12,20,1-4640,87,8,0,14,16.16760015487671,0.18583448453881274
467,467,467,467,467,467,467,467,467,467,467,467,467,467,467,467,467,467,467,467,467,1-13247,4,12,1-13247,29,3,0,4,5.333600044250488,0.18391724290518924
162,162,162,162,162,162,162,162,162,162,162,162,162,162,162,162,162,162,162,162,162,1-8067,20,4,1-8067,322,49,0,17,58.917800188064575,0.18297453474554215
202,202,202,202,202,202,202,202,202,202,202,202,202,202,202,202,202,202,202,202,202,1-8988,6,18,1-8988,29,0,0,9,5.250600099563599,0.18105517584702063
86,86,86,86,86,86,86,86,86,86,86,86,86,86,86,86,86,86,86,86,86,1-9345,5,5,1-9345,47,5,0,6,8.500400066375732,0.18085957588033474
437,437,437,437,437,437,437,437,437,437,437,437,437,437,437,437,437,437,437,437,437,1-6980,16,11,1-6980,128,5,0,31,23.085400342941284,0.18035469017922878
340,340,340,340,340,340,340,340,340,340,340,340,340,340,340,340,340,340,340,340,340,1-3362,12,20,1-3362,117,10,0,19,21.08460021018982,0.1802102582067506
480,480,480,480,480,480,480,480,480,480,480,480,480,480,480,480,480,480,480,480,480,1-1005,22,9,1-1005,125,12,0,18,22.501200199127197,0.18000960159301757
88,88,88,88,88,88,88,88,88,88,88,88,88,88,88,88,88,88,88,88,88,1-5626,16,11,1-5626,125,9,0,23,22.418200254440308,0.17934560203552247
170,170,170,170,170,170,170,170,170,170,170,170,170,170,170,170,170,170,170,170,170,1-5043,16,11,1-5043,123,8,0,24,22.00160026550293,0.17887479890652788
406,406,406,406,406,406,406,406,406,406,406,406,406,406,406,406,406,406,406,406,406,1-17907,12,20,1-17907,119,6,0,26,21.168400287628174,0.17788571670275777
504,504,504,504,504,504,504,504,504,504,504,504,504,504,504,504,504,504,504,504,504,1-5425,8,1,1-5425,17,3,0,0,3.0,0.17647058823529413
111,111,111,111,111,111,111,111,111,111,111,111,111,111,111,111,111,111,111,111,111,1-19897,9,7,1-19897,53,7,0,4,9.333600044250488,0.17610566121227336
244,244,244,244,244,244,244,244,244,244,244,244,244,244,244,244,244,244,244,244,244,MLG57,5,5,MLG57,629,81,0,51,110.75340056419373,0.17607853825785966
168,168,168,168,168,168,168,168,168,168,168,168,168,168,168,168,168,168,168,168,168,1-9655,12,20,1-9655,27,3,0,3,4.750200033187866,0.17593333456251356
439,439,439,439,439,439,439,439,439,439,439,439,439,439,439,439,439,439,439,439,439,MLG72,1,6,MLG72,9,1,0,1,1.583400011062622,0.17593333456251356
402,402,402,402,402,402,402,402,402,402,402,402,402,402,402,402,402,402,402,402,402,1-5744,10,16,1-5744,18,2,0,2,3.166800022125244,0.17593333456251356
30,30,30,30,30,30,30,30,30,30,30,30,30,30,30,30,30,30,30,30,30,1-8418,4,12,1-8418,46,4,0,7,8.083800077438354,0.17573478429213815
25,25,25,25,25,25,25,25,25,25,25,25,25,25,25,25,25,25,25,25,25,1-9607,9,7,1-9607,19,1,0,4,3.3336000442504883,0.17545263390792043
383,383,383,383,383,383,383,383,383,383,383,383,383,383,383,383,383,383,383,383,383,1-8551,12,20,1-8551,38,2,0,8,6.667200088500977,0.17545263390792043
220,220,220,220,220,220,220,220,220,220,220,220,220,220,220,220,220,220,220,220,220,MLG73,6,18,MLG73,10,0,0,3,1.7502000331878662,0.17502000331878662
363,363,363,363,363,363,363,363,363,363,363,363,363,363,363,363,363,363,363,363,363,1-10785,16,11,1-10785,279,16,0,56,48.670400619506836,0.17444588035665531
109,109,109,109,109,109,109,109,109,109,109,109,109,109,109,109,109,109,109,109,109,1-9768,14,6,1-9768,241,25,0,29,41.91860032081604,0.17393610091624914
103,103,103,103,103,103,103,103,103,103,103,103,103,103,103,103,103,103,103,103,103,1-8820,20,4,1-8820,83,8,0,11,14.417400121688843,0.17370361592396197
193,193,193,193,193,193,193,193,193,193,193,193,193,193,193,193,193,193,193,193,193,1-9553,19,10,1-9553,23,1,0,5,3.9170000553131104,0.1703043502310048
393,393,393,393,393,393,393,393,393,393,393,393,393,393,393,393,393,393,393,393,393,1-7819,14,6,1-7819,59,3,0,12,10.000800132751465,0.16950508699578754
92,92,92,92,92,92,92,92,92,92,92,92,92,92,92,92,92,92,92,92,92,1-7807,12,20,1-7807,239,23,0,30,40.50200033187866,0.16946443653505716
99,99,99,99,99,99,99,99,99,99,99,99,99,99,99,99,99,99,99,99,99,1-5775,14,6,1-5775,244,15,0,45,41.25300049781799,0.16906967417138521
64,64,64,64,64,64,64,64,64,64,64,64,64,64,64,64,64,64,64,64,64,1-9674,20,4,1-9674,144,13,0,19,24.08460021018982,0.1672541681263182
218,218,218,218,218,218,218,218,218,218,218,218,218,218,218,218,218,218,218,218,218,1-9416,10,20,1-9416,13,1,0,2,2.166800022125244,0.16667692477886492
470,470,470,470,470,470,470,470,470,470,470,470,470,470,470,470,470,470,470,470,470,1-1204,1,21,1-1204,39,3,0,6,6.500400066375732,0.16667692477886492
450,450,450,450,450,450,450,450,450,450,450,450,450,450,450,450,450,450,450,450,450,1-2297,20,4,1-2297,25,3,0,2,4.166800022125244,0.16667200088500977
490,490,490,490,490,490,490,490,490,490,490,490,490,490,490,490,490,490,490,490,490,1-3551,18,24,1-3551,6,1,0,0,1.0,0.16666666666666666
260,260,260,260,260,260,260,260,260,260,260,260,260,260,260,260,260,260,260,260,260,1-0129,16,11,1-0129,142,16,0,13,23.584200143814087,0.166085916505733
5,5,5,5,5,5,5,5,5,5,5,5,5,5,5,5,5,5,5,5,5,1-5549,20,4,1-5549,35,4,0,3,5.750200033187866,0.1642914295196533
1,1,1,1,1,1,1,1,1,1,1,1,1,1,1,1,1,1,1,1,1,1-9185,14,6,1-9185,31,1,0,7,5.0838000774383545,0.1639935508851082
408,408,408,408,408,408,408,408,408,408,408,408,408,408,408,408,408,408,408,408,408,MLG53,13,15,MLG53,91,9,0,10,14.83400011062622,0.16301099022666177
154,154,154,154,154,154,154,154,154,154,154,154,154,154,154,154,154,154,154,154,154,1-18994,11,14,1-18994,28,1,0,6,4.500400066375732,0.1607285737991333
485,485,485,485,485,485,485,485,485,485,485,485,485,485,485,485,485,485,485,485,485,1-5980,1,21,1-5980,29,4,0,1,4.583400011062622,0.1580482762435387
371,371,371,371,371,371,371,371,371,371,371,371,371,371,371,371,371,371,371,371,371,1-1580,11,14,1-1580,400,35,0,47,62.41980051994324,0.1560495012998581
242,242,242,242,242,242,242,242,242,242,242,242,242,242,242,242,242,242,242,242,242,1-20791,7,2,1-20791,13,2,0,0,2.0,0.15384615384615385
85,85,85,85,85,85,85,85,85,85,85,85,85,85,85,85,85,85,85,85,85,1-8084,22,9,1-8084,82,9,0,6,12.500400066375732,0.15244390324848453
295,295,295,295,295,295,295,295,295,295,295,295,295,295,295,295,295,295,295,295,295,1-3639,15,8,1-3639,17,2,0,1,2.583400011062622,0.1519647065330954
2,2,2,2,2,2,2,2,2,2,2,2,2,2,2,2,2,2,2,2,2,MLG17,14,6,MLG17,153,18,0,9,23.2506000995636,0.1519647065330954
206,206,206,206,206,206,206,206,206,206,206,206,206,206,206,206,206,206,206,206,206,1-9752,6,18,1-9752,22,1,0,4,3.3336000442504883,0.15152727473865857
251,251,251,251,251,251,251,251,251,251,251,251,251,251,251,251,251,251,251,251,251,1-7268,2,23,1-7268,70,7,0,6,10.500400066375732,0.15000571523393905
446,446,446,446,446,446,446,446,446,446,446,446,446,446,446,446,446,446,446,446,446,1-3534,12,20,1-3534,279,12,0,51,41.753400564193726,0.14965376546305995
132,132,132,132,132,132,132,132,132,132,132,132,132,132,132,132,132,132,132,132,132,1-9110,4,12,1-9110,29,2,0,4,4.333600044250488,0.1494344842844996
326,326,326,326,326,326,326,326,326,326,326,326,326,326,326,326,326,326,326,326,326,1-8826,12,20,1-8826,123,9,0,16,18.334400177001953,0.1490601640406663
348,348,348,348,348,348,348,348,348,348,348,348,348,348,348,348,348,348,348,348,348,1-17758,20,4,1-17758,40,3,0,5,5.91700005531311,0.14792500138282777
200,200,200,200,200,200,200,200,200,200,200,200,200,200,200,200,200,200,200,200,200,1-4634,6,18,1-4634,48,3,0,7,7.0838000774383545,0.14757916827996573
395,395,395,395,395,395,395,395,395,395,395,395,395,395,395,395,395,395,395,395,395,1-6787,18,13,1-6787,56,3,0,9,8.250600099563599,0.14733214463506425
271,271,271,271,271,271,271,271,271,271,271,271,271,271,271,271,271,271,271,271,271,1-7897,9,7,1-7897,95,4,0,17,13.917800188064575,0.14650315987436394
213,213,213,213,213,213,213,213,213,213,213,213,213,213,213,213,213,213,213,213,213,1-18563,6,18,1-18563,8,0,0,2,1.1668000221252441,0.14585000276565552
519,519,519,519,519,519,519,519,519,519,519,519,519,519,519,519,519,519,519,519,519,1-4926,18,1,1-4926,4,0,0,1,0.5834000110626221,0.14585000276565552
221,221,221,221,221,221,221,221,221,221,221,221,221,221,221,221,221,221,221,221,221,1-8023,14,6,1-8023,16,0,0,4,2.3336000442504883,0.14585000276565552
468,468,468,468,468,468,468,468,468,468,468,468,468,468,468,468,468,468,468,468,468,1-6228,17,17,1-6228,48,7,0,0,7.0,0.14583333333333334
469,469,469,469,469,469,469,469,469,469,469,469,469,469,469,469,469,469,469,469,469,1-8578,20,21,1-8578,11,1,0,1,1.583400011062622,0.14394545555114746
136,136,136,136,136,136,136,136,136,136,136,136,136,136,136,136,136,136,136,136,136,1-9549,13,15,1-9549,18,2,0,1,2.583400011062622,0.14352222283681235
74,74,74,74,74,74,74,74,74,74,74,74,74,74,74,74,74,74,74,74,74,1-8124,13,15,1-8124,18,2,0,1,2.583400011062622,0.14352222283681235
373,373,373,373,373,373,373,373,373,373,373,373,373,373,373,373,373,373,373,373,373,1-6918,12,20,1-6918,43,5,0,2,6.166800022125244,0.14341395400291265
130,130,130,130,130,130,130,130,130,130,130,130,130,130,130,130,130,130,130,130,130,1-1833,14,7,1-1833,124,2,0,27,17.751800298690796,0.1431596798281516
304,304,304,304,304,304,304,304,304,304,304,304,304,304,304,304,304,304,304,304,304,1-19004,13,15,1-19004,60,8,0,1,8.583400011062622,0.1430566668510437
516,516,516,516,516,516,516,516,516,516,516,516,516,516,516,516,516,516,516,516,516,1-5036,7,2,1-5036,14,2,0,0,2.0,0.14285714285714285
155,155,155,155,155,155,155,155,155,155,155,155,155,155,155,155,155,155,155,155,155,1-9447,9,7,1-9447,7,1,0,0,1.0,0.14285714285714285
173,173,173,173,173,173,173,173,173,173,173,173,173,173,173,173,173,173,173,173,173,1-9588,7,2,1-9588,14,2,0,0,2.0,0.14285714285714285
258,258,258,258,258,258,258,258,258,258,258,258,258,258,258,258,258,258,258,258,258,1-9516,12,20,1-9516,76,3,0,13,10.584200143814087,0.13926579136597483
161,161,161,161,161,161,161,161,161,161,161,161,161,161,161,161,161,161,161,161,161,MLG41,19,23,MLG41,66,8,0,2,9.166800022125244,0.13889090942614007
70,70,70,70,70,70,70,70,70,70,70,70,70,70,70,70,70,70,70,70,70,1-2584,8,1,1-2584,36,5,0,0,5.0,0.1388888888888889
401,401,401,401,401,401,401,401,401,401,401,401,401,401,401,401,401,401,401,401,401,1-7204,15,15,1-7204,26,3,0,1,3.583400011062622,0.1378230773485624
199,199,199,199,199,199,199,199,199,199,199,199,199,199,199,199,199,199,199,199,199,MLG39,2,23,MLG39,23,2,0,2,3.166800022125244,0.13768695748370627
157,157,157,157,157,157,157,157,157,157,157,157,157,157,157,157,157,157,157,157,157,1-6061,15,8,1-6061,40,2,0,6,5.500400066375732,0.1375100016593933
405,405,405,405,405,405,405,405,405,405,405,405,405,405,405,405,405,405,405,405,405,1-3104,21,3,1-3104,16,1,0,2,2.166800022125244,0.13542500138282776
230,230,230,230,230,230,230,230,230,230,230,230,230,230,230,230,230,230,230,230,230,1-3089,15,8,1-3089,16,1,0,2,2.166800022125244,0.13542500138282776
239,239,239,239,239,239,239,239,239,239,239,239,239,239,239,239,239,239,239,239,239,1-7042,12,20,1-7042,117,3,0,22,15.834800243377686,0.13534017302032209
386,386,386,386,386,386,386,386,386,386,386,386,386,386,386,386,386,386,386,386,386,MLG68,17,17,MLG68,642,70,0,27,85.7518002986908,0.13356978239671463
532,532,532,532,532,532,532,532,532,532,532,532,532,532,532,532,532,532,532,532,532,1-19447,5,5,1-19447,15,2,0,0,2.0,0.13333333333333333
129,129,129,129,129,129,129,129,129,129,129,129,129,129,129,129,129,129,129,129,129,1-2573,10,16,1-2573,37,2,0,5,4.91700005531311,0.13289189338684082
48,48,48,48,48,48,48,48,48,48,48,48,48,48,48,48,48,48,48,48,48,1-0405,7,2,1-0405,64,5,0,6,8.500400066375732,0.13281875103712082
442,442,442,442,442,442,442,442,442,442,442,442,442,442,442,442,442,442,442,442,442,MLG11,20,4,MLG11,87,5,0,11,11.417400121688843,0.131234484157343
191,191,191,191,191,191,191,191,191,191,191,191,191,191,191,191,191,191,191,191,191,1-8328,12,20,1-8328,114,5,0,17,14.917800188064575,0.13085789638653136
344,344,344,344,344,344,344,344,344,344,344,344,344,344,344,344,344,344,344,344,344,1-6035,3,24,1-6035,23,3,0,0,3.0,0.13043478260869565
44,44,44,44,44,44,44,44,44,44,44,44,44,44,44,44,44,44,44,44,44,1-5214,12,20,1-5214,40,4,0,2,5.166800022125244,0.1291700005531311
374,374,374,374,374,374,374,374,374,374,374,374,374,374,374,374,374,374,374,374,374,1-6919,22,9,1-6919,43,2,0,6,5.500400066375732,0.12791628061338914
495,495,495,495,495,495,495,495,495,495,495,495,495,495,495,495,495,495,495,495,495,MLG08,19,10,MLG08,107,9,0,8,13.667200088500977,0.12773084194860726
498,498,498,498,498,498,498,498,498,498,498,498,498,498,498,498,498,498,498,498,498,1-19915,2,23,1-19915,62,5,0,5,7.91700005531311,0.12769354927924373
434,434,434,434,434,434,434,434,434,434,434,434,434,434,434,434,434,434,434,434,434,MLG59,3,24,MLG59,71,9,0,0,9.0,0.1267605633802817
114,114,114,114,114,114,114,114,114,114,114,114,114,114,114,114,114,114,114,114,114,1-7496,12,20,1-7496,246,10,0,36,31.002400398254395,0.1260260178790829
140,140,140,140,140,140,140,140,140,140,140,140,140,140,140,140,140,140,140,140,140,1-2294,21,3,1-2294,75,3,0,11,9.417400121688843,0.12556533495585123
22,22,22,22,22,22,22,22,22,22,22,22,22,22,22,22,22,22,22,22,22,1-7995,12,20,1-7995,14,0,0,3,1.7502000331878662,0.12501428808484757
557,557,557,557,557,557,557,557,557,557,557,557,557,557,557,557,557,557,557,557,557,1-9806,7,2,1-9806,8,1,0,0,1.0,0.125
159,159,159,159,159,159,159,159,159,159,159,159,159,159,159,159,159,159,159,159,159,1-10696,8,1,1-10696,24,3,0,0,3.0,0.125
238,238,238,238,238,238,238,238,238,238,238,238,238,238,238,238,238,238,238,238,238,1-9855,13,24,1-9855,8,1,0,0,1.0,0.125
342,342,342,342,342,342,342,342,342,342,342,342,342,342,342,342,342,342,342,342,342,MLG65,8,1,MLG65,201,11,0,24,25.00160026550293,0.12438607097265139
560,560,560,560,560,560,560,560,560,560,560,560,560,560,560,560,560,560,560,560,560,1-0027,22,23,1-0027,29,3,0,1,3.583400011062622,0.12356551762284904
179,179,179,179,179,179,179,179,179,179,179,179,179,179,179,179,179,179,179,179,179,1-4052,2,23,1-4052,13,1,0,1,1.583400011062622,0.12180000085097092
228,228,228,228,228,228,228,228,228,228,228,228,228,228,228,228,228,228,228,228,228,1-17835,12,20,1-17835,17,2,0,0,2.0,0.11764705882352941
324,324,324,324,324,324,324,324,324,324,324,324,324,324,324,324,324,324,324,324,324,1-6734,2,23,1-6734,44,4,0,2,5.166800022125244,0.11742727323011919
144,144,144,144,144,144,144,144,144,144,144,144,144,144,144,144,144,144,144,144,144,1-7744,16,11,1-7744,37,2,0,4,4.333600044250488,0.11712432552028347
541,541,541,541,541,541,541,541,541,541,541,541,541,541,541,541,541,541,541,541,541,1-5424,5,5,1-5424,5,0,0,1,0.5834000110626221,0.11668000221252442
227,227,227,227,227,227,227,227,227,227,227,227,227,227,227,227,227,227,227,227,227,1-3068,3,24,1-3068,180,21,0,0,21.0,0.11666666666666667
381,381,381,381,381,381,381,381,381,381,381,381,381,381,381,381,381,381,381,381,381,1-2335,2,23,1-2335,145,11,0,10,16.83400011062622,0.11609655248707738
288,288,288,288,288,288,288,288,288,288,288,288,288,288,288,288,288,288,288,288,288,1-8590,4,12,1-8590,24,1,0,3,2.750200033187866,0.11459166804949443
265,265,265,265,265,265,265,265,265,265,265,265,265,265,265,265,265,265,265,265,265,1-11330,17,7,1-11330,14,1,0,1,1.583400011062622,0.1131000007901873
63,63,63,63,63,63,63,63,63,63,63,63,63,63,63,63,63,63,63,63,63,1-7066,11,14,1-7066,23,2,0,1,2.583400011062622,0.11232173961141835
248,248,248,248,248,248,248,248,248,248,248,248,248,248,248,248,248,248,248,248,248,1-2400,4,20,1-2400,49,2,0,6,5.500400066375732,0.11225306257909658
19,19,19,19,19,19,19,19,19,19,19,19,19,19,19,19,19,19,19,19,19,1-2596,20,4,1-2596,35,1,0,5,3.9170000553131104,0.1119142872946603
533,533,533,533,533,533,533,533,533,533,533,533,533,533,533,533,533,533,533,533,533,1-7530,12,20,1-7530,25,1,0,3,2.750200033187866,0.11000800132751465
505,505,505,505,505,505,505,505,505,505,505,505,505,505,505,505,505,505,505,505,505,1-4747,4,12,1-4747,25,1,0,3,2.750200033187866,0.11000800132751465
387,387,387,387,387,387,387,387,387,387,387,387,387,387,387,387,387,387,387,387,387,1-10539,8,1,1-10539,63,4,0,5,6.91700005531311,0.10979365167163667
102,102,102,102,102,102,102,102,102,102,102,102,102,102,102,102,102,102,102,102,102,1-3564,11,14,1-3564,41,1,0,6,4.500400066375732,0.10976585527745689
259,259,259,259,259,259,259,259,259,259,259,259,259,259,259,259,259,259,259,259,259,1-3596,8,1,1-3596,223,15,0,16,24.334400177001953,0.10912287074888768
160,160,160,160,160,160,160,160,160,160,160,160,160,160,160,160,160,160,160,160,160,1-19813,7,2,1-19813,20,1,0,2,2.166800022125244,0.10834000110626221
104,104,104,104,104,104,104,104,104,104,104,104,104,104,104,104,104,104,104,104,104,1-8267,12,20,1-8267,133,2,0,21,14.251400232315063,0.10715338520537641
233,233,233,233,233,233,233,233,233,233,233,233,233,233,233,233,233,233,233,233,233,MLG07,12,20,MLG07,90,2,0,13,9.584200143814087,0.1064911127090454
87,87,87,87,87,87,87,87,87,87,87,87,87,87,87,87,87,87,87,87,87,MLG35,8,1,MLG35,49,4,0,2,5.166800022125244,0.10544489841071927
380,380,380,380,380,380,380,380,380,380,380,380,380,380,380,380,380,380,380,380,380,1-7004,12,20,1-7004,381,10,0,51,39.753400564193726,0.10433963402675518
98,98,98,98,98,98,98,98,98,98,98,98,98,98,98,98,98,98,98,98,98,1-8127,10,16,1-8127,32,1,0,4,3.3336000442504883,0.10417500138282776
43,43,43,43,43,43,43,43,43,43,43,43,43,43,43,43,43,43,43,43,43,1-8705,3,24,1-8705,48,5,0,0,5.0,0.10416666666666667
303,303,303,303,303,303,303,303,303,303,303,303,303,303,303,303,303,303,303,303,303,1-8157,2,23,1-8157,75,6,0,3,7.750200033187866,0.10333600044250488
337,337,337,337,337,337,337,337,337,337,337,337,337,337,337,337,337,337,337,337,337,1-18613,2,23,1-18613,25,2,0,1,2.583400011062622,0.10333600044250488
463,463,463,463,463,463,463,463,463,463,463,463,463,463,463,463,463,463,463,463,463,1-1989,9,7,1-1989,46,3,0,3,4.750200033187866,0.1032652181127797
355,355,355,355,355,355,355,355,355,355,355,355,355,355,355,355,355,355,355,355,355,1-9498,18,13,1-9498,64,6,0,1,6.583400011062622,0.10286562517285347
79,79,79,79,79,79,79,79,79,79,79,79,79,79,79,79,79,79,79,79,79,1-9739,1,21,1-9739,31,2,0,2,3.166800022125244,0.10215483942339497
474,474,474,474,474,474,474,474,474,474,474,474,474,474,474,474,474,474,474,474,474,1-8400,18,13,1-8400,33,1,0,4,3.3336000442504883,0.10101818315910571
167,167,167,167,167,167,167,167,167,167,167,167,167,167,167,167,167,167,167,167,167,1-4929,3,24,1-4929,10,1,0,0,1.0,0.1
274,274,274,274,274,274,274,274,274,274,274,274,274,274,274,274,274,274,274,274,274,1-0033,3,24,1-0033,10,1,0,0,1.0,0.1
211,211,211,211,211,211,211,211,211,211,211,211,211,211,211,211,211,211,211,211,211,1-5406,5,5,1-5406,10,1,0,0,1.0,0.1
313,313,313,313,313,313,313,313,313,313,313,313,313,313,313,313,313,313,313,313,313,1-7521,4,23,1-7521,10,1,0,0,1.0,0.1
454,454,454,454,454,454,454,454,454,454,454,454,454,454,454,454,454,454,454,454,454,1-0272,12,20,1-0272,111,0,0,19,11.08460021018982,0.09986126315486324
456,456,456,456,456,456,456,456,456,456,456,456,456,456,456,456,456,456,456,456,456,1-8186,13,15,1-8186,26,2,0,1,2.583400011062622,0.09936153888702393
473,473,473,473,473,473,473,473,473,473,473,473,473,473,473,473,473,473,473,473,473,1-9452,4,1,1-9452,16,1,0,1,1.583400011062622,0.09896250069141388
27,27,27,27,27,27,27,27,27,27,27,27,27,27,27,27,27,27,27,27,27,1-18409,14,6,1-18409,22,1,0,2,2.166800022125244,0.098490910096602
358,358,358,358,358,358,358,358,358,358,358,358,358,358,358,358,358,358,358,358,358,1-9831,3,24,1-9831,132,13,0,0,13.0,0.09848484848484848
278,278,278,278,278,278,278,278,278,278,278,278,278,278,278,278,278,278,278,278,278,1-10762,21,3,1-10762,6,0,0,1,0.5834000110626221,0.09723333517710368
133,133,133,133,133,133,133,133,133,133,133,133,133,133,133,133,133,133,133,133,133,1-8576,6,18,1-8576,55,0,0,9,5.250600099563599,0.09546545635570179
210,210,210,210,210,210,210,210,210,210,210,210,210,210,210,210,210,210,210,210,210,1-7842,13,5,1-7842,21,2,0,0,2.0,0.09523809523809523
513,513,513,513,513,513,513,513,513,513,513,513,513,513,513,513,513,513,513,513,513,1-8094,1,21,1-8094,58,2,0,6,5.500400066375732,0.09483448390302987
453,453,453,453,453,453,453,453,453,453,453,453,453,453,453,453,453,453,453,453,453,1-8397,16,11,1-8397,51,3,0,3,4.750200033187866,0.09314117712133071
26,26,26,26,26,26,26,26,26,26,26,26,26,26,26,26,26,26,26,26,26,1-9907,5,5,1-9907,17,1,0,1,1.583400011062622,0.09314117712133071
81,81,81,81,81,81,81,81,81,81,81,81,81,81,81,81,81,81,81,81,81,1-7770,2,23,1-7770,11,1,0,0,1.0,0.09090909090909091
529,529,529,529,529,529,529,529,529,529,529,529,529,529,529,529,529,529,529,529,529,1-6217,3,24,1-6217,44,4,0,0,4.0,0.09090909090909091
394,394,394,394,394,394,394,394,394,394,394,394,394,394,394,394,394,394,394,394,394,1-2423,6,18,1-2423,79,0,0,12,7.000800132751465,0.08861772319938563
223,223,223,223,223,223,223,223,223,223,223,223,223,223,223,223,223,223,223,223,223,1-0205,10,24,1-0205,34,3,0,0,3.0,0.08823529411764706
440,440,440,440,440,440,440,440,440,440,440,440,440,440,440,440,440,440,440,440,440,MLG52,3,24,MLG52,125,11,0,0,11.0,0.088
145,145,145,145,145,145,145,145,145,145,145,145,145,145,145,145,145,145,145,145,145,MLG06,1,21,MLG06,18,1,0,1,1.583400011062622,0.08796666728125678
96,96,96,96,96,96,96,96,96,96,96,96,96,96,96,96,96,96,96,96,96,MLG37,13,15,MLG37,116,9,0,2,10.166800022125244,0.08764482777694176
509,509,509,509,509,509,509,509,509,509,509,509,509,509,509,509,509,509,509,509,509,1-18935,19,15,1-18935,30,2,0,1,2.583400011062622,0.0861133337020874
187,187,187,187,187,187,187,187,187,187,187,187,187,187,187,187,187,187,187,187,187,1-7321,11,14,1-7321,7,0,0,1,0.5834000110626221,0.08334285872323173
477,477,477,477,477,477,477,477,477,477,477,477,477,477,477,477,477,477,477,477,477,1-9055,10,16,1-9055,12,1,0,0,1.0,0.08333333333333333
476,476,476,476,476,476,476,476,476,476,476,476,476,476,476,476,476,476,476,476,476,1-19205,5,24,1-19205,12,1,0,0,1.0,0.08333333333333333
464,464,464,464,464,464,464,464,464,464,464,464,464,464,464,464,464,464,464,464,464,1-10060,1,21,1-10060,36,3,0,0,3.0,0.08333333333333333
423,423,423,423,423,423,423,423,423,423,423,423,423,423,423,423,423,423,423,423,423,1-7122,4,12,1-7122,197,6,0,17,15.917800188064575,0.08080101618306891
59,59,59,59,59,59,59,59,59,59,59,59,59,59,59,59,59,59,59,59,59,1-9331,5,5,1-9331,25,2,0,0,2.0,0.08
299,299,299,299,299,299,299,299,299,299,299,299,299,299,299,299,299,299,299,299,299,MLG54,7,2,MLG54,595,22,0,43,47.08620047569275,0.07913647138771891
42,42,42,42,42,42,42,42,42,42,42,42,42,42,42,42,42,42,42,42,42,1-1207,14,6,1-1207,66,4,0,2,5.166800022125244,0.07828484882007945
410,410,410,410,410,410,410,410,410,410,410,410,410,410,410,410,410,410,410,410,410,MLG12,1,21,MLG12,146,9,0,4,11.333600044250488,0.07762739756335951
548,548,548,548,548,548,548,548,548,548,548,548,548,548,548,548,548,548,548,548,548,1-3087,2,23,1-3087,26,2,0,0,2.0,0.07692307692307693
13,13,13,13,13,13,13,13,13,13,13,13,13,13,13,13,13,13,13,13,13,1-9805,13,15,1-9805,26,2,0,0,2.0,0.07692307692307693
247,247,247,247,247,247,247,247,247,247,247,247,247,247,247,247,247,247,247,247,247,1-20467,14,6,1-20467,13,1,0,0,1.0,0.07692307692307693
36,36,36,36,36,36,36,36,36,36,36,36,36,36,36,36,36,36,36,36,36,1-2714,11,14,1-2714,61,4,0,1,4.583400011062622,0.07513770509938725
515,515,515,515,515,515,515,515,515,515,515,515,515,515,515,515,515,515,515,515,515,1-6531,4,12,1-6531,27,2,0,0,2.0,0.07407407407407407
475,475,475,475,475,475,475,475,475,475,475,475,475,475,475,475,475,475,475,475,475,1-18234,8,1,1-18234,43,2,0,2,3.166800022125244,0.07364651214244754
554,554,554,554,554,554,554,554,554,554,554,554,554,554,554,554,554,554,554,554,554,1-10444,6,18,1-10444,8,0,0,1,0.5834000110626221,0.07292500138282776
80,80,80,80,80,80,80,80,80,80,80,80,80,80,80,80,80,80,80,80,80,1-9115,1,21,1-9115,16,0,0,2,1.1668000221252441,0.07292500138282776
306,306,306,306,306,306,306,306,306,306,306,306,306,306,306,306,306,306,306,306,306,1-18377,7,24,1-18377,14,1,0,0,1.0,0.07142857142857142
226,226,226,226,226,226,226,226,226,226,226,226,226,226,226,226,226,226,226,226,226,1-9996,8,1,1-9996,28,2,0,0,2.0,0.07142857142857142
50,50,50,50,50,50,50,50,50,50,50,50,50,50,50,50,50,50,50,50,50,1-8174,5,5,1-8174,45,2,0,2,3.166800022125244,0.07037333382500542
163,163,163,163,163,163,163,163,163,163,163,163,163,163,163,163,163,163,163,163,163,1-9137,9,7,1-9137,111,6,0,3,7.750200033187866,0.0698216219206114
506,506,506,506,506,506,506,506,506,506,506,506,506,506,506,506,506,506,506,506,506,1-6227,18,13,1-6227,52,3,0,1,3.583400011062622,0.0689115386742812
131,131,131,131,131,131,131,131,131,131,131,131,131,131,131,131,131,131,131,131,131,1-9283,8,1,1-9283,235,8,0,14,16.16760015487671,0.06879829853139025
148,148,148,148,148,148,148,148,148,148,148,148,148,148,148,148,148,148,148,148,148,1-0001,11,14,1-0001,17,0,0,2,1.1668000221252441,0.068635295419132
84,84,84,84,84,84,84,84,84,84,84,84,84,84,84,84,84,84,84,84,84,1-18714,2,23,1-18714,32,1,0,2,2.166800022125244,0.06771250069141388
289,289,289,289,289,289,289,289,289,289,289,289,289,289,289,289,289,289,289,289,289,1-1592,17,23,1-1592,32,1,0,2,2.166800022125244,0.06771250069141388
308,308,308,308,308,308,308,308,308,308,308,308,308,308,308,308,308,308,308,308,308,1-6743,2,23,1-6743,58,1,0,5,3.9170000553131104,0.06753448371229501
184,184,184,184,184,184,184,184,184,184,184,184,184,184,184,184,184,184,184,184,184,1-8074,2,23,1-8074,145,5,0,8,9.667200088500977,0.06667034543793778
90,90,90,90,90,90,90,90,90,90,90,90,90,90,90,90,90,90,90,90,90,1-19222,1,21,1-19222,15,1,0,0,1.0,0.06666666666666667
543,543,543,543,543,543,543,543,543,543,543,543,543,543,543,543,543,543,543,543,543,1-5803,3,24,1-5803,15,1,0,0,1.0,0.06666666666666667
438,438,438,438,438,438,438,438,438,438,438,438,438,438,438,438,438,438,438,438,438,MLG10,3,24,MLG10,60,4,0,0,4.0,0.06666666666666667
8,8,8,8,8,8,8,8,8,8,8,8,8,8,8,8,8,8,8,8,8,1-8181,1,21,1-8181,30,2,0,0,2.0,0.06666666666666667
281,281,281,281,281,281,281,281,281,281,281,281,281,281,281,281,281,281,281,281,281,1-9995,2,23,1-9995,24,1,0,1,1.583400011062622,0.06597500046094258
125,125,125,125,125,125,125,125,125,125,125,125,125,125,125,125,125,125,125,125,125,1-8622,6,18,1-8622,54,0,0,6,3.5004000663757324,0.06482222345140246
431,431,431,431,431,431,431,431,431,431,431,431,431,431,431,431,431,431,431,431,431,1-7614,2,23,1-7614,72,2,0,4,4.333600044250488,0.060188889503479004
552,552,552,552,552,552,552,552,552,552,552,552,552,552,552,552,552,552,552,552,552,MLG46,3,24,MLG46,17,1,0,0,1.0,0.058823529411764705
257,257,257,257,257,257,257,257,257,257,257,257,257,257,257,257,257,257,257,257,257,1-9504,14,6,1-9504,30,0,0,3,1.7502000331878662,0.05834000110626221
411,411,411,411,411,411,411,411,411,411,411,411,411,411,411,411,411,411,411,411,411,MLG15,21,1,MLG15,105,6,0,0,6.0,0.05714285714285714
32,32,32,32,32,32,32,32,32,32,32,32,32,32,32,32,32,32,32,32,32,1-0022,5,5,1-0022,18,1,0,0,1.0,0.05555555555555555
421,421,421,421,421,421,421,421,421,421,421,421,421,421,421,421,421,421,421,421,421,1-8398,5,24,1-8398,54,3,0,0,3.0,0.05555555555555555
134,134,134,134,134,134,134,134,134,134,134,134,134,134,134,134,134,134,134,134,134,1-9465,3,24,1-9465,18,1,0,0,1.0,0.05555555555555555
182,182,182,182,182,182,182,182,182,182,182,182,182,182,182,182,182,182,182,182,182,1-7752,16,23,1-7752,29,1,0,1,1.583400011062622,0.05460000038146973
521,521,521,521,521,521,521,521,521,521,521,521,521,521,521,521,521,521,521,521,521,1-19549,1,21,1-19549,29,1,0,1,1.583400011062622,0.05460000038146973
138,138,138,138,138,138,138,138,138,138,138,138,138,138,138,138,138,138,138,138,138,1-5515,11,14,1-5515,29,1,0,1,1.583400011062622,0.05460000038146973
418,418,418,418,418,418,418,418,418,418,418,418,418,418,418,418,418,418,418,418,418,1-6216,11,14,1-6216,45,0,0,4,2.3336000442504883,0.051857778761121964
58,58,58,58,58,58,58,58,58,58,58,58,58,58,58,58,58,58,58,58,58,1-17733,2,23,1-17733,74,2,0,3,3.750200033187866,0.05067837882686306
61,61,61,61,61,61,61,61,61,61,61,61,61,61,61,61,61,61,61,61,61,1-7341,22,9,1-7341,110,2,0,6,5.500400066375732,0.050003636967052116
511,511,511,511,511,511,511,511,511,511,511,511,511,511,511,511,511,511,511,511,511,1-9697,16,23,1-9697,20,1,0,0,1.0,0.05
372,372,372,372,372,372,372,372,372,372,372,372,372,372,372,372,372,372,372,372,372,1-6916,17,17,1-6916,43,2,0,0,2.0,0.046511627906976744
472,472,472,472,472,472,472,472,472,472,472,472,472,472,472,472,472,472,472,472,472,1-9518,8,1,1-9518,22,1,0,0,1.0,0.045454545454545456
117,117,117,117,117,117,117,117,117,117,117,117,117,117,117,117,117,117,117,117,117,1-0358,3,24,1-0358,22,1,0,0,1.0,0.045454545454545456
69,69,69,69,69,69,69,69,69,69,69,69,69,69,69,69,69,69,69,69,69,1-18498,13,15,1-18498,13,0,0,1,0.5834000110626221,0.044876923927894004
377,377,377,377,377,377,377,377,377,377,377,377,377,377,377,377,377,377,377,377,377,1-7213,3,24,1-7213,23,1,0,0,1.0,0.043478260869565216
256,256,256,256,256,256,256,256,256,256,256,256,256,256,256,256,256,256,256,256,256,1-9277,10,24,1-9277,48,2,0,0,2.0,0.041666666666666664
499,499,499,499,499,499,499,499,499,499,499,499,499,499,499,499,499,499,499,499,499,1-8627,3,24,1-8627,25,1,0,0,1.0,0.04
52,52,52,52,52,52,52,52,52,52,52,52,52,52,52,52,52,52,52,52,52,72-12387,7,2,72-12387,71,1,0,3,2.750200033187866,0.03873521173504037
121,121,121,121,121,121,121,121,121,121,121,121,121,121,121,121,121,121,121,121,121,1-7070,8,1,1-7070,129,2,0,5,4.91700005531311,0.038116279498551245
447,447,447,447,447,447,447,447,447,447,447,447,447,447,447,447,447,447,447,447,447,1-7152,1,21,1-7152,109,0,0,7,4.0838000774383545,0.03746605575631518
151,151,151,151,151,151,151,151,151,151,151,151,151,151,151,151,151,151,151,151,151,1-9870,2,23,1-9870,27,1,0,0,1.0,0.037037037037037035
53,53,53,53,53,53,53,53,53,53,53,53,53,53,53,53,53,53,53,53,53,1-9850,3,24,1-9850,27,1,0,0,1.0,0.037037037037037035
40,40,40,40,40,40,40,40,40,40,40,40,40,40,40,40,40,40,40,40,40,1-7722,4,12,1-7722,60,1,0,2,2.166800022125244,0.0361133337020874
6,6,6,6,6,6,6,6,6,6,6,6,6,6,6,6,6,6,6,6,6,1-8021,9,7,1-8021,58,2,0,0,2.0,0.034482758620689655
417,417,417,417,417,417,417,417,417,417,417,417,417,417,417,417,417,417,417,417,417,1-10451,1,21,1-10451,46,1,0,1,1.583400011062622,0.03442173937092657
276,276,276,276,276,276,276,276,276,276,276,276,276,276,276,276,276,276,276,276,276,1-9495,5,5,1-9495,18,0,0,1,0.5834000110626221,0.03241111172570123
195,195,195,195,195,195,195,195,195,195,195,195,195,195,195,195,195,195,195,195,195,1-2670,1,21,1-2670,104,3,0,0,3.0,0.028846153846153848
54,54,54,54,54,54,54,54,54,54,54,54,54,54,54,54,54,54,54,54,54,1-8125,10,16,1-8125,21,0,0,1,0.5834000110626221,0.02778095290774391
432,432,432,432,432,432,432,432,432,432,432,432,432,432,432,432,432,432,432,432,432,1-6914,15,14,1-6914,73,2,0,0,2.0,0.0273972602739726
97,97,97,97,97,97,97,97,97,97,97,97,97,97,97,97,97,97,97,97,97,1-9237,3,24,1-9237,38,1,0,0,1.0,0.02631578947368421
126,126,126,126,126,126,126,126,126,126,126,126,126,126,126,126,126,126,126,126,126,1-8488,17,20,1-8488,23,0,0,1,0.5834000110626221,0.025365217872287914
83,83,83,83,83,83,83,83,83,83,83,83,83,83,83,83,83,83,83,83,83,1-18423,9,21,1-18423,47,0,0,2,1.1668000221252441,0.024825532385643494
7,7,7,7,7,7,7,7,7,7,7,7,7,7,7,7,7,7,7,7,7,1-8767,11,14,1-8767,48,0,0,2,1.1668000221252441,0.02430833379427592
45,45,45,45,45,45,45,45,45,45,45,45,45,45,45,45,45,45,45,45,45,1-9444,6,18,1-9444,24,0,0,1,0.5834000110626221,0.02430833379427592
462,462,462,462,462,462,462,462,462,462,462,462,462,462,462,462,462,462,462,462,462,1-1183,2,23,1-1183,45,1,0,0,1.0,0.022222222222222223
441,441,441,441,441,441,441,441,441,441,441,441,441,441,441,441,441,441,441,441,441,1-19166,8,1,1-19166,45,1,0,0,1.0,0.022222222222222223
181,181,181,181,181,181,181,181,181,181,181,181,181,181,181,181,181,181,181,181,181,1-8641,1,21,1-8641,30,0,0,1,0.5834000110626221,0.019446667035420737
518,518,518,518,518,518,518,518,518,518,518,518,518,518,518,518,518,518,518,518,518,1-1850,19,1,1-1850,30,0,0,1,0.5834000110626221,0.019446667035420737
298,298,298,298,298,298,298,298,298,298,298,298,298,298,298,298,298,298,298,298,298,1-7019,3,24,1-7019,107,2,0,0,2.0,0.018691588785046728
16,16,16,16,16,16,16,16,16,16,16,16,16,16,16,16,16,16,16,16,16,1-9955,9,7,1-9955,60,1,0,0,1.0,0.016666666666666666
409,409,409,409,409,409,409,409,409,409,409,409,409,409,409,409,409,409,409,409,409,1-9645,7,24,1-9645,69,1,0,0,1.0,0.014492753623188406
369,369,369,369,369,369,369,369,369,369,369,369,369,369,369,369,369,369,369,369,369,1-6594,15,1,1-6594,70,1,0,0,1.0,0.014285714285714285
23,23,23,23,23,23,23,23,23,23,23,23,23,23,23,23,23,23,23,23,23,1-2025,9,7,1-2025,41,0,0,1,0.5834000110626221,0.014229268562502978
196,196,196,196,196,196,196,196,196,196,196,196,196,196,196,196,196,196,196,196,196,1-9646,18,13,1-9646,105,0,0,1,0.5834000110626221,0.005556190581548781
127,127,127,127,127,127,127,127,127,127,127,127,127,127,127,127,127,127,127,127,127,1-9643,14,6,1-9643,8,0,0,0,0.0,0.0
530,530,530,530,530,530,530,530,530,530,530,530,530,530,530,530,530,530,530,530,530,1-4847,17,1,1-4847,2,0,0,0,0.0,0.0
284,284,284,284,284,284,284,284,284,284,284,284,284,284,284,284,284,284,284,284,284,1-4136,1,21,1-4136,5,0,0,0,0.0,0.0
49,49,49,49,49,49,49,49,49,49,49,49,49,49,49,49,49,49,49,49,49,1-2178,17,13,1-2178,12,0,0,0,0.0,0.0
89,89,89,89,89,89,89,89,89,89,89,89,89,89,89,89,89,89,89,89,89,1-18004,19,8,1-18004,12,0,0,0,0.0,0.0
41,41,41,41,41,41,41,41,41,41,41,41,41,41,41,41,41,41,41,41,41,1-7509,6,18,1-7509,40,0,0,0,0.0,0.0
142,142,142,142,142,142,142,142,142,142,142,142,142,142,142,142,142,142,142,142,142,P-16454,9,13,P-16454,8,0,0,0,0.0,0.0
307,307,307,307,307,307,307,307,307,307,307,307,307,307,307,307,307,307,307,307,307,1-5530,19,21,1-5530,7,0,0,0,0.0,0.0
301,301,301,301,301,301,301,301,301,301,301,301,301,301,301,301,301,301,301,301,301,1-1177,3,24,1-1177,17,0,0,0,0.0,0.0
297,297,297,297,297,297,297,297,297,297,297,297,297,297,297,297,297,297,297,297,297,1-8352,2,23,1-8352,1,0,0,0,0.0,0.0
507,507,507,507,507,507,507,507,507,507,507,507,507,507,507,507,507,507,507,507,507,1-6909,8,21,1-6909,36,0,0,0,0.0,0.0
277,277,277,277,277,277,277,277,277,277,277,277,277,277,277,277,277,277,277,277,277,1-4051,21,8,1-4051,5,0,0,0,0.0,0.0
392,392,392,392,392,392,392,392,392,392,392,392,392,392,392,392,392,392,392,392,392,1-9609,2,23,1-9609,25,0,0,0,0.0,0.0
77,77,77,77,77,77,77,77,77,77,77,77,77,77,77,77,77,77,77,77,77,1-2153,10,10,1-2153,13,0,0,0,0.0,0.0
56,56,56,56,56,56,56,56,56,56,56,56,56,56,56,56,56,56,56,56,56,1-5877,3,24,1-5877,79,0,0,0,0.0,0.0
275,275,275,275,275,275,275,275,275,275,275,275,275,275,275,275,275,275,275,275,275,1-3216,8,1,1-3216,5,0,0,0,0.0,0.0
455,455,455,455,455,455,455,455,455,455,455,455,455,455,455,455,455,455,455,455,455,1-17790,20,4,1-17790,5,0,0,0,0.0,0.0
177,177,177,177,177,177,177,177,177,177,177,177,177,177,177,177,177,177,177,177,177,1-10948,19,10,1-10948,2,0,0,0,0.0,0.0
491,491,491,491,491,491,491,491,491,491,491,491,491,491,491,491,491,491,491,491,491,MLG09,8,1,MLG09,125,0,0,0,0.0,0.0
444,444,444,444,444,444,444,444,444,444,444,444,444,444,444,444,444,444,444,444,444,1-3217,9,1,1-3217,5,0,0,0,0.0,0.0
165,165,165,165,165,165,165,165,165,165,165,165,165,165,165,165,165,165,165,165,165,1-7721,6,18,1-7721,20,0,0,0,0.0,0.0
38,38,38,38,38,38,38,38,38,38,38,38,38,38,38,38,38,38,38,38,38,1-2104,10,16,1-2104,36,0,0,0,0.0,0.0
18,18,18,18,18,18,18,18,18,18,18,18,18,18,18,18,18,18,18,18,18,1-3521,3,24,1-3521,22,0,0,0,0.0,0.0
158,158,158,158,158,158,158,158,158,158,158,158,158,158,158,158,158,158,158,158,158,1-7599,11,14,1-7599,3,0,0,0,0.0,0.0
46,46,46,46,46,46,46,46,46,46,46,46,46,46,46,46,46,46,46,46,46,1-8566,6,18,1-8566,5,0,0,0,0.0,0.0
93,93,93,93,93,93,93,93,93,93,93,93,93,93,93,93,93,93,93,93,93,1-20003,10,18,1-20003,21,0,0,0,0.0,0.0
34,34,34,34,34,34,34,34,34,34,34,34,34,34,34,34,34,34,34,34,34,1-6642,7,2,1-6642,36,0,0,0,0.0,0.0
252,252,252,252,252,252,252,252,252,252,252,252,252,252,252,252,252,252,252,252,252,1-21195,4,12,1-21195,1,0,0,0,0.0,0.0
325,325,325,325,325,325,325,325,325,325,325,325,325,325,325,325,325,325,325,325,325,1-19924,8,1,1-19924,1,0,0,0,0.0,0.0
194,194,194,194,194,194,194,194,194,194,194,194,194,194,194,194,194,194,194,194,194,1-9253,18,13,1-9253,24,0,0,0,0.0,0.0
249,249,249,249,249,249,249,249,249,249,249,249,249,249,249,249,249,249,249,249,249,1-6931,13,15,1-6931,1,0,0,0,0.0,0.0
235,235,235,235,235,235,235,235,235,235,235,235,235,235,235,235,235,235,235,235,235,1-8113,8,1,1-8113,9,0,0,0,0.0,0.0
229,229,229,229,229,229,229,229,229,229,229,229,229,229,229,229,229,229,229,229,229,1-4361,5,5,1-4361,10,0,0,0,0.0,0.0
35,35,35,35,35,35,35,35,35,35,35,35,35,35,35,35,35,35,35,35,35,1-2869,16,11,1-2869,9,0,0,0,0.0,0.0
212,212,212,212,212,212,212,212,212,212,212,212,212,212,212,212,212,212,212,212,212,1-10922,9,7,1-10922,1,0,0,0,0.0,0.0
204,204,204,204,204,204,204,204,204,204,204,204,204,204,204,204,204,204,204,204,204,1-9733,2,23,1-9733,4,0,0,0,0.0,0.0
29,29,29,29,29,29,29,29,29,29,29,29,29,29,29,29,29,29,29,29,29,1-18735,1,21,1-18735,27,0,0,0,0.0,0.0
254,254,254,254,254,254,254,254,254,254,254,254,254,254,254,254,254,254,254,254,254,1-8379,2,23,1-8379,5,0,0,0,0.0,0.0
186,186,186,186,186,186,186,186,186,186,186,186,186,186,186,186,186,186,186,186,186,72-11994,1,21,72-11994,8,0,0,0,0.0,0.0
323,323,323,323,323,323,323,323,323,323,323,323,323,323,323,323,323,323,323,323,323,1-3647,7,2,1-3647,5,0,0,0,0.0,0.0
262,262,262,262,262,262,262,262,262,262,262,262,262,262,262,262,262,262,262,262,262,1-8623,2,23,1-8623,5,0,0,0,0.0,0.0
264,264,264,264,264,264,264,264,264,264,264,264,264,264,264,264,264,264,264,264,264,P-0009,5,5,P-0009,7,0,0,0,0.0,0.0
178,178,178,178,178,178,178,178,178,178,178,178,178,178,178,178,178,178,178,178,178,1-7525,7,2,1-7525,6,0,0,0,0.0,0.0
215,215,215,215,215,215,215,215,215,215,215,215,215,215,215,215,215,215,215,215,215,1-19839,4,12,1-19839,13,0,0,0,0.0,0.0
564,564,564,564,564,564,564,564,564,564,564,564,564,564,564,564,564,564,564,564,564,1-9034,11,1,1-9034,3,0,0,0,0.0,0.0
28,28,28,28,28,28,28,28,28,28,28,28,28,28,28,28,28,28,28,28,28,1-10071,7,2,1-10071,30,0,0,0,0.0,0.0
559,559,559,559,559,559,559,559,559,559,559,559,559,559,559,559,559,559,559,559,559,1-5914,3,24,1-5914,3,0,0,0,0.0,0.0
512,512,512,512,512,512,512,512,512,512,512,512,512,512,512,512,512,512,512,512,512,1-3033,5,1,1-3033,7,0,0,0,0.0,0.0
312,312,312,312,312,312,312,312,312,312,312,312,312,312,312,312,312,312,312,312,312,1-3108,8,1,1-3108,18,0,0,0,0.0,0.0
75,75,75,75,75,75,75,75,75,75,75,75,75,75,75,75,75,75,75,75,75,1-8401,5,11,1-8401,57,0,0,0,0.0,0.0
562,562,562,562,562,562,562,562,562,562,562,562,562,562,562,562,562,562,562,562,562,1-0003,2,23,1-0003,17,0,0,0,0.0,0.0
21,21,21,21,21,21,21,21,21,21,21,21,21,21,21,21,21,21,21,21,21,1-3519,18,1,1-3519,27,0,0,0,0.0,0.0
527,527,527,527,527,527,527,527,527,527,527,527,527,527,527,527,527,527,527,527,527,1-5531,3,24,1-5531,8,0,0,0,0.0,0.0
198,198,198,198,198,198,198,198,198,198,198,198,198,198,198,198,198,198,198,198,198,1-9839,8,1,1-9839,20,0,0,0,0.0,0.0
535,535,535,535,535,535,535,535,535,535,535,535,535,535,535,535,535,535,535,535,535,1-5990,2,23,1-5990,5,0,0,0,0.0,0.0
551,551,551,551,551,551,551,551,551,551,551,551,551,551,551,551,551,551,551,551,551,1-9838,17,17,1-9838,3,0,0,0,0.0,0.0
553,553,553,553,553,553,553,553,553,553,553,553,553,553,553,553,553,553,553,553,553,1-5555,5,5,1-5555,10,0,0,0,0.0,0.0
555,555,555,555,555,555,555,555,555,555,555,555,555,555,555,555,555,555,555,555,555,1-3646,5,5,1-3646,7,0,0,0,0.0,0.0
503,503,503,503,503,503,503,503,503,503,503,503,503,503,503,503,503,503,503,503,503,1-9076,3,24,1-9076,9,0,0,0,0.0,0.0
525,525,525,525,525,525,525,525,525,525,525,525,525,525,525,525,525,525,525,525,525,1-3175,11,14,1-3175,6,0,0,0,0.0,0.0
563,563,563,563,563,563,563,563,563,563,563,563,563,563,563,563,563,563,563,563,563,1-21192,11,14,1-21192,4,0,0,0,0.0,0.0
147,147,147,147,147,147,147,147,147,147,147,147,147,147,147,147,147,147,147,147,147,1-17657,8,1,1-17657,8,0,0,0,0.0,0.0
492,492,492,492,492,492,492,492,492,492,492,492,492,492,492,492,492,492,492,492,492,1-6028,5,1,1-6028,2,0,0,0,0.0,0.0
556,556,556,556,556,556,556,556,556,556,556,556,556,556,556,556,556,556,556,556,556,1-10951,14,11,1-10951,1,0,0,0,0.0,0.0
544,544,544,544,544,544,544,544,544,544,544,544,544,544,544,544,544,544,544,544,544,1-5799,4,1,1-5799,7,0,0,0,0.0,0.0
522,522,522,522,522,522,522,522,522,522,522,522,522,522,522,522,522,522,522,522,522,1-5282,1,21,1-5282,17,0,0,0,0.0,0.0
317,317,317,317,317,317,317,317,317,317,317,317,317,317,317,317,317,317,317,317,317,1-10978,10,16,1-10978,1,0,0,0,0.0,0.0
287,287,287,287,287,287,287,287,287,287,287,287,287,287,287,287,287,287,287,287,287,1-9836,14,12,1-9836,5,0,0,0,0.0,0.0
60,60,60,60,60,60,60,60,60,60,60,60,60,60,60,60,60,60,60,60,60,1-18202,11,14,1-18202,23,0,0,0,0.0,0.0
334,334,334,334,334,334,334,334,334,334,334,334,334,334,334,334,334,334,334,334,334,1-20641,3,24,1-20641,16,0,0,0,0.0,0.0
3,3,3,3,3,3,3,3,3,3,3,3,3,3,3,3,3,3,3,3,3,1-8222,6,24,1-8222,12,0,0,0,0.0,0.0
9,9,9,9,9,9,9,9,9,9,9,9,9,9,9,9,9,9,9,9,9,1-8020,13,15,1-8020,56,0,0,0,0.0,0.0
0,0,0,0,0,0,0,0,0,0,0,0,0,0,0,0,0,0,0,0,0,72-0103,6,18,72-0103,71,0,0,0,0.0,0.0
545,545,545,545,545,545,545,545,545,545,545,545,545,545,545,545,545,545,545,545,545,1-19567,1,21,1-19567,2,0,0,0,0.0,0.0
561,561,561,561,561,561,561,561,561,561,561,561,561,561,561,561,561,561,561,561,561,1-9455,13,1,1-9455,2,0,0,0,0.0,0.0
120,120,120,120,120,120,120,120,120,120,120,120,120,120,120,120,120,120,120,120,120,1-10232,17,17,1-10232,5,0,0,0,0.0,0.0
71,71,71,71,71,71,71,71,71,71,71,71,71,71,71,71,71,71,71,71,71,1-6532,3,24,1-6532,27,0,0,0,0.0,0.0
508,508,508,508,508,508,508,508,508,508,508,508,508,508,508,508,508,508,508,508,508,1-8532,17,17,1-8532,4,0,0,0,0.0,0.0
546,546,546,546,546,546,546,546,546,546,546,546,546,546,546,546,546,546,546,546,546,1-7527,3,24,1-7527,1,0,0,0,0.0,0.0
78,78,78,78,78,78,78,78,78,78,78,78,78,78,78,78,78,78,78,78,78,1-4088,13,15,1-4088,30,0,0,0,0.0,0.0
82,82,82,82,82,82,82,82,82,82,82,82,82,82,82,82,82,82,82,82,82,1-17645,7,2,1-17645,9,0,0,0,0.0,0.0
100,100,100,100,100,100,100,100,100,100,100,100,100,100,100,100,100,100,100,100,100,1-19598,1,21,1-19598,11,0,0,0,0.0,0.0
107,107,107,107,107,107,107,107,107,107,107,107,107,107,107,107,107,107,107,107,107,1-6971,1,21,1-6971,10,0,0,0,0.0,0.0
108,108,108,108,108,108,108,108,108,108,108,108,108,108,108,108,108,108,108,108,108,1-9731,12,20,1-9731,11,0,0,0,0.0,0.0
110,110,110,110,110,110,110,110,110,110,110,110,110,110,110,110,110,110,110,110,110,72-18936,1,21,72-18936,20,0,0,0,0.0,0.0
112,112,112,112,112,112,112,112,112,112,112,112,112,112,112,112,112,112,112,112,112,1-10698,8,1,1-10698,6,0,0,0,0.0,0.0
115,115,115,115,115,115,115,115,115,115,115,115,115,115,115,115,115,115,115,115,115,1-3178,7,2,1-3178,6,0,0,0,0.0,0.0
118,118,118,118,118,118,118,118,118,118,118,118,118,118,118,118,118,118,118,118,118,1-6543,4,12,1-6543,12,0,0,0,0.0,0.0
135,135,135,135,135,135,135,135,135,135,135,135,135,135,135,135,135,135,135,135,135,1-9712,6,18,1-9712,10,0,0,0,0.0,0.0
549,549,549,549,549,549,549,549,549,549,549,549,549,549,549,549,549,549,549,549,549,1-4842,15,8,1-4842,6,0,0,0,0.0,0.0
146,146,146,146,146,146,146,146,146,146,146,146,146,146,146,146,146,146,146,146,146,1-7453,3,24,1-7453,13,0,0,0,0.0,0.0
310,310,310,310,310,310,310,310,310,310,310,310,310,310,310,310,310,310,310,310,310,1-4855,8,1,1-4855,22,0,0,0,0.0,0.0
20,20,20,20,20,20,20,20,20,20,20,20,20,20,20,20,20,20,20,20,20,1-5167,11,20,1-5167,24,0,0,0,0.0,0.0
565,565,565,565,565,565,565,565,565,565,565,565,565,565,565,565,565,565,565,565,565,1-19927,13,15,1-19927,1,0,0,0,0.0,0.0
