,Exam Group,Exam Block,slot,exam,size,b2bs,confs,2i3s,score,score_norm
0,1-2382,8,14,1-2382,139,86,0,19,92.98924580216408,0.668987379871684
1,MLG55,3,9,MLG55,92,44,0,42,59.4499117732048,0.6461946931870087
2,1-7019,14,19,1-7019,107,44,0,16,49.88568067550659,0.4662213147243607
3,MLG48,3,9,MLG48,159,52,0,47,69.28918698430061,0.4357810502157271
4,1-0292,14,19,1-0292,99,28,0,40,42.71420168876648,0.4314565827148129
5,1-6980,17,13,1-6980,128,36,0,41,51.08205673098564,0.3990785682108253
6,1-18028,7,17,1-18028,309,11,0,305,123.1957878768444,0.3986918701516
7,MLG75,16,2,MLG75,185,67,0,12,71.41426050662994,0.3860230297655672
8,1-0303,10,8,1-0303,212,68,0,36,81.24278151988983,0.3832206675466501
9,1-8820,16,2,1-8820,83,30,0,3,31.10356512665749,0.3747417485139456
10,1-7152,13,7,1-7152,109,37,0,10,40.67855042219162,0.3731977102953359
11,1-6227,1,6,1-6227,52,16,0,8,18.942840337753296,0.3642853911106403
12,1-5775,15,11,1-5775,244,65,0,59,86.70344749093056,0.3553419979136498
13,MLG59,5,12,MLG59,71,16,0,25,25.19637605547905,0.3548785359926626
14,1-1131,18,4,1-1131,138,39,0,24,47.82852101325989,0.3465834856033325
15,1-7467,3,9,1-7467,64,17,0,14,22.149970591068268,0.3460932904854417
16,MLG29,4,3,MLG29,164,40,0,39,54.34634664654732,0.3313801624789471
17,MLG56,9,18,MLG56,511,168,0,0,168.0,0.3287671232876712
18,1-0008,14,19,1-0008,230,3,0,195,74.73173323273659,0.3249205792727678
19,1-3362,13,7,1-3362,117,25,0,34,37.50707143545151,0.3205732601320641
20,1-10060,15,11,1-10060,36,6,0,15,11.51782563328743,0.3199396009246508
21,1-9770,1,6,1-9770,50,15,0,2,15.735710084438324,0.3147142016887664
22,1-5980,4,3,1-5980,29,5,0,11,9.046405464410782,0.3119450160141649
23,1-0358,5,12,1-0358,22,5,0,5,6.83927521109581,0.3108761459589004
24,1-6878,14,19,1-6878,167,21,0,84,51.89982354640961,0.3107773865054467
25,1-8634,17,13,1-8634,10,2,0,3,3.103565126657486,0.3103565126657486
26,1-19286,15,11,1-19286,40,8,0,12,12.414260506629944,0.3103565126657486
27,1-9997,1,3,1-9997,16,2,0,8,4.942840337753296,0.308927521109581
28,1-7839,9,14,1-7839,24,7,0,1,7.367855042219162,0.3069939600924651
29,1-7866,10,8,1-7866,318,62,0,93,96.21051892638206,0.3025488016552895
30,1-9379,8,14,1-9379,58,16,0,4,17.471420168876648,0.3012313822220112
31,MLG58,16,2,MLG58,71,21,0,1,21.36785504221916,0.3009557048199882
32,1-8314,5,12,1-8314,36,6,0,13,10.782115548849106,0.2995032096902529
33,1-8576,16,2,1-8576,55,16,0,1,16.367855042219162,0.2975973644039847
34,1-2103,5,12,1-2103,26,7,0,2,7.735710084438324,0.2975273109399355
35,1-6006,1,6,1-6006,57,0,0,46,16.92133194208145,0.2968654726680956
36,1-5531,1,6,1-5531,8,2,0,1,2.367855042219162,0.2959818802773952
37,1-9338,12,15,1-9338,29,6,0,7,8.574985295534134,0.2956891481218667
38,1-2324,18,4,1-2324,25,7,0,1,7.367855042219162,0.2947142016887665
39,1-0033,4,3,1-0033,10,0,0,8,2.942840337753296,0.2942840337753296
40,1-6743,9,18,1-6743,58,17,0,0,17.0,0.293103448275862
41,1-2294,15,11,1-2294,75,3,0,51,21.76060715317726,0.2901414287090301
42,MLG08,15,11,MLG08,107,6,0,68,31.01414287090301,0.2898518025318038
43,72-0103,14,19,72-0103,71,1,0,53,20.496317237615585,0.2886805244734589
44,MLG31,15,11,MLG31,33,8,0,4,9.471420168876648,0.2870127323902015
45,MLG42,9,18,MLG42,14,4,0,0,4.0,0.2857142857142857
46,1-18709,4,3,1-18709,33,5,0,12,9.414260506629944,0.2852806214130286
47,1-9500,16,2,1-9500,33,9,0,1,9.367855042219162,0.2838743952187625
48,1-5355,6,10,1-5355,53,5,0,27,14.932086139917374,0.2817374743380637
49,MLG69,17,13,MLG69,576,109,0,144,161.97112607955933,0.2811998716659016
50,1-9614,1,6,1-9614,30,8,0,1,8.367855042219162,0.2789285014073054
51,1-6858,12,15,1-6858,23,2,0,12,6.414260506629944,0.2788808915926062
52,1-8400,11,21,1-8400,33,0,0,25,9.19637605547905,0.2786780622872439
53,1-8659,13,7,1-8659,91,20,0,14,25.149970591068268,0.2763733031985524
54,1-0205,15,11,1-0205,34,6,0,9,9.310695379972458,0.2738439817638958
55,1-7004,13,7,1-7004,381,13,0,244,102.75663030147552,0.2697024417361562
56,1-9651,10,8,1-9651,38,9,0,3,10.103565126657486,0.265883292806776
57,1-9237,16,2,1-9237,38,10,0,0,10.0,0.2631578947368421
58,1-9855,12,15,1-9855,8,1,0,3,2.103565126657486,0.2629456408321857
59,1-3534,13,7,1-3534,279,42,0,85,73.26767858862877,0.2626081669843325
60,1-0027,4,3,1-0027,29,5,0,7,7.574985295534134,0.261206389501177
61,1-4634,4,3,1-4634,48,7,0,15,12.51782563328743,0.2607880340268214
62,1-6909,6,10,1-6909,36,9,0,1,9.367855042219162,0.2602181956171989
63,1-2282,8,14,1-2282,219,51,0,16,56.88568067550659,0.2597519665548246
64,1-1935,10,8,1-1935,12,2,0,3,3.103565126657486,0.2586304272214572
65,1-6035,4,3,1-6035,23,3,0,8,5.942840337753296,0.2583843625110129
66,1-7496,13,7,1-7496,246,34,0,80,63.42840337753296,0.2578390381200526
67,1-7005,20,5,1-7005,285,11,0,169,73.16750213503838,0.2567280776668013
68,1-4390,20,5,1-4390,45,6,0,15,11.51782563328743,0.2559516807397207
69,1-10785,6,10,1-10785,279,45,0,71,71.1177079975605,0.2549021792027258
70,1-20578,15,11,1-20578,19,3,0,5,4.83927521109581,0.2546986953208321
71,1-18487,18,4,1-18487,23,4,0,5,5.83927521109581,0.2538815309172091
72,MLG65,18,14,MLG65,201,48,0,7,50.57498529553413,0.2516168422663389
73,MLG14,15,11,MLG14,232,40,0,49,58.02489706873894,0.2501073149514609
74,1-3104,9,18,1-3104,16,4,0,0,4.0,0.25
75,1-9733,5,12,1-9733,4,1,0,0,1.0,0.25
76,1-1350,2,1,1-1350,195,27,0,59,48.70344749093056,0.2497612691842592
77,1-9655,6,10,1-9655,27,6,0,2,6.735710084438324,0.249470743868086
78,1-1390,7,9,1-1390,98,17,0,20,24.35710084438324,0.2485418453508494
79,1-6098,4,3,1-6098,1327,126,0,553,329.4238383471966,0.2482470522586259
80,1-5799,3,9,1-5799,7,1,0,2,1.735710084438324,0.2479585834911891
81,1-0296,15,11,1-0296,41,9,0,3,10.103565126657486,0.2464284177233533
82,1-2423,14,19,1-2423,79,4,0,42,19.449911773204803,0.2462014148506937
83,1-3551,4,3,1-3551,6,0,0,4,1.471420168876648,0.2452366948127746
84,1-9034,10,8,1-9034,3,0,0,2,0.735710084438324,0.2452366948127746
85,1-8928,13,7,1-8928,39,5,0,12,9.414260506629944,0.2413912950417934
86,1-18994,8,14,1-18994,28,6,0,2,6.735710084438324,0.2405610744442258
87,1-9416,1,6,1-9416,13,2,0,3,3.103565126657486,0.2387357789736527
88,MLG73,16,2,MLG73,10,2,0,1,2.367855042219162,0.2367855042219162
89,MLG33,15,11,MLG33,20,4,0,2,4.735710084438324,0.2367855042219162
90,1-9504,17,13,1-9504,30,6,0,3,7.103565126657486,0.2367855042219162
91,1-18004,4,3,1-18004,12,1,0,5,2.83927521109581,0.2366062675913175
92,1-7897,11,21,1-7897,95,0,0,61,22.43915757536888,0.2362016586880934
93,1-9553,7,17,1-9553,23,1,0,12,5.414260506629944,0.235402630723041
94,1-3639,1,6,1-3639,17,4,0,0,4.0,0.2352941176470588
95,1-1258,6,10,1-1258,435,83,0,50,101.3927521109581,0.2330867864619726
96,1-4700,13,7,1-4700,31,5,0,6,7.207130253314972,0.2324880726875797
97,MLG45,7,17,MLG45,70,8,0,22,16.092810928821564,0.2298972989831652
98,1-3564,18,4,1-3564,41,9,0,1,9.367855042219162,0.2284842693224185
99,1-8222,4,3,1-8222,12,2,0,2,2.735710084438324,0.2279758403698603
100,1-9740,8,14,1-9740,34,7,0,2,7.735710084438324,0.2275208848364213
101,MLG30,14,19,MLG30,208,30,0,46,46.92133194208145,0.2255833266446223
102,1-3139,20,5,1-3139,93,7,0,38,20.97849160432816,0.2255751785411629
103,MLG10,16,2,MLG10,60,12,0,4,13.471420168876648,0.2245236694812774
104,1-8095,1,6,1-8095,46,7,0,9,10.310695379972458,0.2241455517385317
105,1-8328,13,7,1-8328,114,13,0,34,25.507071435451508,0.2237462406618553
106,1-11330,1,6,1-11330,14,2,0,3,3.103565126657486,0.2216832233326775
107,MLG60,10,17,MLG60,47,3,0,20,10.35710084438324,0.2203638477528348
108,1-7024,10,8,1-7024,498,87,0,61,109.43915757536888,0.2197573445288531
109,1-6693,4,3,1-6693,98,9,0,34,21.507071435451508,0.219459912606648
110,MLG13,20,5,MLG13,140,13,0,48,30.65704202651977,0.2189788716179984
111,MLG17,7,17,MLG17,153,8,0,69,33.38199791312218,0.2181829928962234
112,1-1942,1,5,1-1942,34,3,0,12,7.414260506629944,0.218066485489116
113,MLG78,8,14,MLG78,80,14,0,9,17.310695379972458,0.2163836922496557
114,1-7058,3,9,1-7058,80,7,0,28,17.299941182136536,0.2162492647767067
115,1-9457,18,4,1-9457,11,2,0,1,2.367855042219162,0.2152595492926511
116,1-19448,10,8,1-19448,45,6,0,10,9.67855042219162,0.2150788982709248
117,1-3596,8,14,1-3596,223,39,0,24,47.82852101325989,0.2144776727052013
118,1-5413,7,17,1-5413,39,1,0,20,8.35710084438324,0.2142846370354676
119,1-17907,13,7,1-17907,119,12,0,36,25.24278151988983,0.2121242144528557
120,1-18558,17,13,1-18558,307,32,0,89,64.73909875750542,0.2108765431840567
121,1-3089,1,6,1-3089,16,3,0,1,3.367855042219162,0.2104909401386976
122,1-5515,1,6,1-5515,29,5,0,3,6.103565126657486,0.2104677629881891
123,1-4531,20,5,1-4531,94,12,0,21,19.7249558866024,0.209839956240451
124,1-8573,12,15,1-8573,184,12,0,72,38.48556303977966,0.2091606686944546
125,1-7807,13,7,1-7807,239,29,0,57,49.96773740649223,0.2090700309895072
126,1-7070,17,13,1-7070,129,13,0,37,26.610636562109,0.206284004357434
127,MLG38,8,14,MLG38,77,14,0,5,15.83927521109581,0.2057048728713741
128,1-11350,17,13,1-11350,100,12,0,23,20.46066597104073,0.2046066597104072
129,1-8529,5,12,1-8529,56,4,0,20,11.35710084438324,0.2028053722211293
130,1-4682,7,17,1-4682,16,1,0,6,3.207130253314972,0.2004456408321857
131,MLG84,5,12,MLG84,63,6,0,18,12.621390759944916,0.2003395358721415
132,1-9712,10,8,1-9712,10,2,0,0,2.0,0.2
133,1-17790,5,12,1-17790,5,1,0,0,1.0,0.2
134,1-4136,3,9,1-4136,5,1,0,0,1.0,0.2
135,1-8705,10,8,1-8705,48,7,0,7,9.574985295534134,0.1994788603236278
136,1-9887,5,12,1-9887,36,2,0,14,7.149970591068268,0.1986102941963407
137,MLG09,3,9,MLG09,125,2,0,62,24.807012617588043,0.1984561009407043
138,1-0272,21,24,1-0272,111,22,0,0,22.0,0.1981981981981982
139,MLG51,9,18,MLG51,248,49,0,0,49.0,0.1975806451612903
140,1-9055,20,5,1-9055,12,2,0,1,2.367855042219162,0.1973212535182635
141,1-9971,7,17,1-9971,15,0,0,8,2.942840337753296,0.1961893558502197
142,1-2545,16,2,1-2545,145,21,0,20,28.35710084438324,0.1955662127198844
143,1-5036,19,23,1-5036,14,2,0,2,2.735710084438324,0.195407863174166
144,MLG54,18,4,MLG54,595,71,0,122,115.87831515073776,0.194753470841576
145,1-9452,5,12,1-9452,16,2,0,3,3.103565126657486,0.1939728204160928
146,1-7530,1,6,1-7530,25,3,0,5,4.83927521109581,0.1935710084438324
147,1-3108,9,10,1-3108,18,2,0,4,3.471420168876648,0.1928566760487026
148,1-18615,2,1,1-18615,22,2,0,6,4.207130253314972,0.1912331933324987
149,1-9277,20,5,1-9277,48,4,0,14,9.149970591068268,0.1906243873139222
150,1-7964,14,19,1-7964,202,12,0,72,38.48556303977966,0.1905225893058399
151,1-20167,10,3,1-20167,56,4,0,18,10.621390759944916,0.1896676921418734
152,1-9270,3,9,1-9270,128,11,0,36,24.24278151988983,0.1893967306241393
153,1-1005,4,3,1-1005,125,13,0,29,23.667796224355698,0.1893423697948456
154,1-6561,6,10,1-6561,65,6,0,17,12.253535717725754,0.1885159341188577
155,1-1204,13,7,1-1204,39,4,0,9,7.310695379972458,0.1874537276916014
156,1-2400,13,7,1-2400,49,4,0,14,9.149970591068268,0.1867340936952707
157,1-9722,6,10,1-9722,22,3,0,3,4.103565126657486,0.1865256875753402
158,1-3587,5,12,1-3587,46,6,0,7,8.574985295534134,0.1864127238159594
159,1-8181,4,3,1-8181,30,3,0,7,5.574985295534134,0.1858328431844711
160,MLG57,7,17,MLG57,629,30,0,236,116.81378996372224,0.185713497557587
161,1-9404,12,15,1-9404,100,9,0,26,18.56423109769821,0.1856423109769821
162,MLG67,14,10,MLG67,27,5,0,0,5.0,0.1851851851851851
163,1-6181,14,19,1-6181,659,62,0,163,121.9603718817234,0.1850688495929034
164,1-4847,18,4,1-4847,2,0,0,1,0.367855042219162,0.183927521109581
165,1-19567,1,6,1-19567,2,0,0,1,0.367855042219162,0.183927521109581
166,1-8067,12,15,1-8067,322,30,0,79,59.0605483353138,0.1834178519730242
167,1-6734,1,10,1-6734,44,4,0,11,8.046405464410782,0.1828728514638814
168,1-8678,5,12,1-8678,17,2,0,3,3.103565126657486,0.1825626545092638
169,1-9731,5,12,1-9731,11,2,0,0,2.0,0.1818181818181818
170,1-7770,9,18,1-7770,11,2,0,0,2.0,0.1818181818181818
171,1-8578,16,2,1-8578,11,2,0,0,2.0,0.1818181818181818
172,1-5002,4,3,1-5002,45,3,0,14,8.149970591068268,0.1811104575792948
173,1-9227,20,5,1-9227,801,45,0,272,145.05657148361206,0.1810943464214882
174,1-7441,6,10,1-7441,111,9,0,30,20.03565126657486,0.1805013627619356
175,1-0055,2,1,1-0055,18,1,0,6,3.207130253314972,0.1781739029619428
176,MLG32,19,23,MLG32,52,7,0,6,9.207130253314972,0.177060197179134
177,MLG68,16,2,MLG68,642,92,0,57,112.96773740649223,0.1759622077982745
178,1-3584,4,3,1-3584,26,2,0,7,4.574985295534134,0.175960972905159
179,1-8341,1,6,1-8341,197,25,0,26,34.56423109769821,0.1754529497345087
180,1-0278,17,13,1-0278,79,9,0,13,13.782115548849106,0.1744571588461912
181,1-0053,4,3,1-0053,142,11,0,37,24.610636562109,0.173314341986683
182,1-0129,6,10,1-0129,142,12,0,34,24.507071435451508,0.1725850101088134
183,MLG06,13,7,MLG06,18,2,0,3,3.103565126657486,0.1724202848143047
184,1-18371,11,21,1-18371,120,0,0,56,20.59988236427307,0.1716656863689422
185,1-9861,1,6,1-9861,8,1,0,1,1.367855042219162,0.1709818802773952
186,1-7268,2,1,1-7268,70,9,0,8,11.942840337753296,0.1706120048250471
187,MLG63,5,12,MLG63,380,41,0,64,64.54272270202637,0.1698492702684904
188,1-3312,19,23,1-3312,36,5,0,3,6.103565126657486,0.1695434757404857
189,1-9667,15,11,1-9667,14,2,0,1,2.367855042219162,0.1691325030156544
190,1-1191,13,7,1-1191,53,6,0,8,8.942840337753296,0.1687328365613829
191,1-8646,18,11,1-8646,20,3,0,1,3.367855042219162,0.1683927521109581
192,1-19166,8,14,1-19166,45,5,0,7,7.574985295534134,0.1683330065674252
193,1-18613,20,5,1-18613,25,2,0,6,4.207130253314972,0.1682852101325988
194,1-3052,20,5,1-3052,166,4,0,65,27.91057774424553,0.1681360105075031
195,1-4649,18,4,1-4649,244,34,0,19,40.98924580216408,0.1679887123039511
196,1-19205,3,9,1-19205,12,2,0,0,2.0,0.1666666666666666
197,1-4842,1,6,1-4842,6,1,0,0,1.0,0.1666666666666666
198,1-3447,18,4,1-3447,110,13,0,14,18.149970591068268,0.1649997326460751
199,1-5803,5,12,1-5803,15,1,0,4,2.471420168876648,0.1647613445917765
200,1-8906,6,10,1-8906,15,1,0,4,2.471420168876648,0.1647613445917765
201,MLG35,17,13,MLG35,49,4,0,11,8.046405464410782,0.1642123564165465
202,1-8910,20,5,1-8910,137,3,0,53,22.496317237615585,0.1642066951650772
203,MLG39,19,23,MLG39,23,3,0,2,3.735710084438324,0.1624221775842749
204,1-9963,6,10,1-9963,116,10,0,24,18.828521013259888,0.1623148363212059
205,1-8074,19,23,1-8074,145,22,0,4,23.471420168876648,0.161871863233632
206,1-5282,13,7,1-5282,17,2,0,2,2.735710084438324,0.160924122614019
207,MLG46,1,23,MLG46,17,2,0,2,2.735710084438324,0.160924122614019
208,1-20047,4,3,1-20047,20,1,0,6,3.207130253314972,0.1603565126657486
209,MLG52,9,18,MLG52,125,20,0,0,20.0,0.16
210,1-8590,15,11,1-8590,24,2,0,5,3.83927521109581,0.1599698004623254
211,1-3141,6,10,1-3141,136,12,0,26,21.56423109769821,0.1585605227771927
212,1-7481,8,14,1-7481,33,3,0,6,5.207130253314972,0.1577918258580294
213,1-9496,12,15,1-9496,39,1,0,14,6.149970591068268,0.157691553617135
214,1-7321,10,8,1-7321,7,0,0,3,1.103565126657486,0.1576521609510694
215,1-9497,4,3,1-9497,150,7,0,45,23.55347689986229,0.1570231793324152
216,1-3523,5,12,1-3523,543,30,0,150,85.1782563328743,0.1568660337621994
217,1-3206,9,18,1-3206,45,7,0,0,7.0,0.1555555555555555
218,MLG41,19,23,MLG41,66,8,0,6,10.207130253314972,0.1546534886865904
219,1-10468,12,15,1-10468,549,46,0,105,84.62477943301201,0.1541434962349945
220,1-7614,2,1,1-7614,72,3,0,22,11.092810928821564,0.154066818455855
221,1-20467,18,4,1-20467,13,2,0,0,2.0,0.1538461538461538
222,1-1317,12,15,1-1317,414,28,0,97,63.68193909525871,0.1538211089257457
223,1-9609,14,19,1-9609,25,2,0,5,3.83927521109581,0.1535710084438324
224,1-6647,10,8,1-6647,62,4,0,15,9.51782563328743,0.1535133166659263
225,1-5549,17,13,1-5549,35,5,0,1,5.367855042219162,0.1533672869205475
226,1-2178,5,12,1-2178,12,0,0,5,1.83927521109581,0.1532729342579841
227,1-7842,10,8,1-7842,21,1,0,6,3.207130253314972,0.1527204882530939
228,1-8397,6,10,1-8397,51,3,0,13,7.782115548849106,0.1525905009578256
229,1-18935,15,11,1-18935,30,2,0,7,4.574985295534134,0.1524995098511378
230,1-9808,14,19,1-9808,74,5,0,17,11.253535717725754,0.1520748069962939
231,1-7995,2,1,1-7995,14,1,0,3,2.103565126657486,0.1502546519041061
232,1-1250,18,4,1-1250,34,4,0,3,5.103565126657486,0.1501048566663966
233,1-7509,6,10,1-7509,40,6,0,0,6.0,0.15
234,1-2034,19,23,1-2034,16,2,0,1,2.367855042219162,0.1479909401386976
235,1-19222,15,11,1-19222,15,0,0,6,2.207130253314972,0.1471420168876648
236,1-5626,6,10,1-5626,125,15,0,9,18.31069537997245,0.1464855630397796
237,1-7042,1,6,1-7042,117,16,0,3,17.103565126657486,0.1461843173218588
238,MLG02,14,19,MLG02,320,25,0,59,46.70344749093056,0.145948273409158
239,1-1850,8,14,1-1850,30,4,0,1,4.367855042219162,0.145595168073972
240,1-9946,3,9,1-9946,12,1,0,2,1.735710084438324,0.144642507036527
241,1-3509,14,19,1-3509,35,1,0,11,5.046405464410782,0.1441830132688794
242,1-3265,19,23,1-3265,19,2,0,2,2.735710084438324,0.1439847412862275
243,MLG64,19,23,MLG64,245,29,0,17,35.253535717725754,0.1438919825213296
244,1-5981,21,24,1-5981,28,4,0,0,4.0,0.1428571428571428
245,1-2153,8,14,1-2153,13,0,0,5,1.83927521109581,0.1414827085458315
246,1-1462,20,5,1-1462,192,8,0,52,27.128462195396423,0.1412940739343563
247,1-1570,6,10,1-1570,142,13,0,19,19.98924580216408,0.1407693366349583
248,1-1989,2,1,1-1989,46,5,0,4,6.471420168876648,0.1406830471494923
249,1-3516,13,7,1-3516,156,16,0,16,21.885680675506592,0.1402928248429909
250,1-4319,12,15,1-4319,163,12,0,29,22.667796224355698,0.1390662345052497
251,1-9110,8,14,1-9110,29,4,0,0,4.0,0.1379310344827586
252,1-8188,10,8,1-8188,140,9,0,28,19.299941182136536,0.1378567227295467
253,1-8826,20,5,1-8826,123,7,0,27,16.932086139917374,0.1376592369098973
254,1-8084,4,3,1-8084,82,5,0,17,11.253535717725754,0.1372382404600701
255,1-6927,19,23,1-6927,179,15,0,26,24.56423109769821,0.1372303413279229
256,1-13247,5,9,1-13247,29,1,0,8,3.942840337753296,0.1359600116466653
257,1-7752,2,1,1-7752,29,1,0,8,3.942840337753296,0.1359600116466653
258,1-9794,11,21,1-9794,46,0,0,17,6.253535717725754,0.135946428646212
259,1-5891,16,2,1-5891,96,9,0,11,13.046405464410782,0.1359000569209456
260,1-6916,4,3,1-6916,43,4,0,5,5.83927521109581,0.1357970979324607
261,1-9436,4,3,1-9436,21,1,0,5,2.83927521109581,0.1352035814807528
262,1-1769,8,14,1-1769,89,5,0,19,11.989245802164078,0.1347106269906076
263,1-7845,3,9,1-7845,36,3,0,5,4.83927521109581,0.134424311419328
264,1-7874,20,5,1-7874,258,4,0,83,34.531968504190445,0.1338448391635288
265,1-1608,21,24,1-1608,307,41,0,0,41.0,0.1335504885993485
266,MLG53,7,17,MLG53,91,0,0,33,12.139216393232346,0.1333979823432126
267,1-8018,3,9,1-8018,58,4,0,10,7.67855042219162,0.1323888003826141
268,1-5172,3,9,1-5172,120,3,0,35,15.87492647767067,0.1322910539805889
269,1-11329,11,21,1-11329,14,0,0,5,1.83927521109581,0.1313768007925578
270,1-17733,12,15,1-17733,74,6,0,10,9.67855042219162,0.1307912219215083
271,1-3083,7,17,1-3083,78,1,0,25,10.19637605547905,0.1307227699420391
272,1-9645,9,18,1-9645,69,9,0,0,9.0,0.1304347826086956
273,1-5214,13,7,1-5214,40,3,0,6,5.207130253314972,0.1301782563328743
274,1-4760,18,12,1-4760,40,3,0,6,5.207130253314972,0.1301782563328743
275,72-12171,2,1,72-12171,19,1,0,4,2.471420168876648,0.1300747457303498
276,1-6974,10,8,1-6974,207,21,0,16,26.885680675506592,0.1298825153406115
277,1-6900,17,13,1-6900,67,5,0,10,8.67855042219162,0.1295306033162928
278,1-9925,5,12,1-9925,93,1,0,30,12.03565126657486,0.1294156050169339
279,1-19549,3,9,1-19549,29,3,0,2,3.735710084438324,0.1288175891185629
280,1-9417,12,15,1-9417,76,5,0,13,9.782115548849106,0.1287120466953829
281,MLG44,19,23,MLG44,59,5,0,7,7.574985295534134,0.1283895812802395
282,1-9650,19,23,1-9650,25,1,0,6,3.207130253314972,0.1282852101325989
283,1-6611,13,7,1-6611,89,7,0,12,11.414260506629944,0.1282501180520218
284,1-9286,2,1,1-9286,81,7,0,9,10.310695379972458,0.1272925355552155
285,1-7341,1,6,1-7341,110,14,0,0,14.0,0.1272727272727272
286,1-2573,7,17,1-2573,37,1,0,10,4.67855042219162,0.1264473087078816
287,1-6240,2,1,1-6240,698,29,0,161,88.22466179728508,0.1263963636064256
288,1-6296,14,19,1-6296,254,10,0,60,32.07130253314972,0.1262649706029516
289,1-4417,14,19,1-4417,151,5,0,38,18.97849160432816,0.1256853748631003
290,1-8544,4,3,1-8544,54,2,0,13,6.782115548849106,0.1255947323860945
291,1-19915,3,9,1-19915,62,3,0,13,7.782115548849106,0.1255179927233726
292,1-6538,1,21,1-6538,44,0,0,15,5.51782563328743,0.1254051280292597
293,MLG50,9,18,MLG50,319,40,0,0,40.0,0.1253918495297805
294,1-9115,3,9,1-9115,16,2,0,0,2.0,0.125
295,1-4149,9,18,1-4149,16,2,0,0,2.0,0.125
296,1-9643,16,2,1-9643,8,1,0,0,1.0,0.125
297,1-10444,1,6,1-10444,8,1,0,0,1.0,0.125
298,1-0037,3,9,1-0037,35,4,0,1,4.367855042219162,0.1247958583491189
299,1-2335,11,21,1-2335,145,0,0,49,18.024897068738937,0.1243096349568202
300,MLG43,8,14,MLG43,14,1,0,2,1.735710084438324,0.1239792917455945
301,P-16616,12,15,P-16616,28,2,0,4,3.471420168876648,0.1239792917455945
302,1-5425,12,15,1-5425,17,1,0,3,2.103565126657486,0.1237391250974991
303,1-9838,6,10,1-9838,3,0,0,1,0.367855042219162,0.1226183474063873
304,1-5161,1,21,1-5161,12,0,0,4,1.471420168876648,0.1226183474063873
305,1-7122,11,21,1-7122,197,0,0,64,23.542722702026367,0.1195062066092709
306,1-8285,2,1,1-8285,72,6,0,7,8.574985295534134,0.1190970179935296
307,1-6228,20,5,1-6228,48,2,0,10,5.67855042219162,0.1183031337956587
308,1-0001,6,10,1-0001,17,2,0,0,2.0,0.1176470588235294
309,1-1177,16,2,1-1177,17,2,0,0,2.0,0.1176470588235294
310,1-5654,2,1,1-5654,15,1,0,2,1.735710084438324,0.1157140056292216
311,1-2596,2,1,1-2596,35,0,0,11,4.046405464410782,0.1156115846974509
312,1-9333,10,21,1-9333,102,0,0,32,11.771361351013184,0.1154055034413057
313,1-10038,7,17,1-10038,76,1,0,21,8.724955886602402,0.1148020511395052
314,1-1580,15,11,1-1580,400,34,0,30,45.03565126657486,0.1125891281664371
315,1-19004,16,19,1-19004,60,6,0,2,6.735710084438324,0.1122618347406387
316,1-7863,3,9,1-7863,351,14,0,69,39.38199791312218,0.1121994242539093
317,1-10539,2,1,1-10539,63,3,0,11,7.046405464410782,0.1118477057842981
318,1-8541,20,5,1-8541,232,20,0,16,25.885680675506592,0.111576209808218
319,1-2584,9,18,1-2584,36,4,0,0,4.0,0.1111111111111111
320,1-9076,8,14,1-9076,9,1,0,0,1.0,0.1111111111111111
321,1-9465,15,11,1-9465,18,2,0,0,2.0,0.1111111111111111
322,1-18603,12,15,1-18603,19,1,0,3,2.103565126657486,0.1107139540346045
323,1-6594,3,9,1-6594,70,0,0,21,7.724955886602402,0.1103565126657486
324,1-5555,9,15,1-5555,10,0,0,3,1.103565126657486,0.1103565126657486
325,1-9761,20,5,1-9761,35,2,0,5,3.83927521109581,0.1096935774598802
326,1-1015,13,18,1-1015,155,17,0,0,17.0,0.1096774193548387
327,1-7991,9,18,1-7991,46,5,0,0,5.0,0.108695652173913
328,1-17835,14,19,1-17835,17,0,0,5,1.83927521109581,0.1081926594762241
329,1-8172,3,9,1-8172,40,1,0,9,4.310695379972458,0.1077673844993114
330,1-10451,3,9,1-10451,46,2,0,8,4.942840337753296,0.1074530508207238
331,1-7682,2,1,1-7682,141,3,0,33,15.139216393232346,0.1073703290300166
332,1-7140,14,19,1-7140,397,22,0,56,42.59988236427307,0.1073044895825518
333,1-9831,12,15,1-9831,132,6,0,22,14.092810928821564,0.1067637191577391
334,1-7453,6,10,1-7453,13,1,0,1,1.367855042219162,0.1052196186322432
335,P-0009,5,12,P-0009,7,0,0,2,0.735710084438324,0.1051014406340462
336,1-11206,18,21,1-11206,14,0,0,4,1.471420168876648,0.1051014406340462
337,1-3535,11,21,1-3535,315,0,0,90,33.10695379972458,0.1051014406340462
338,1-19229,19,23,1-19229,38,1,0,8,3.942840337753296,0.1037589562566656
339,1-8042,3,23,1-8042,52,5,0,1,5.367855042219162,0.1032279815811377
340,1-9491,2,1,1-9491,80,2,0,17,8.253535717725754,0.1031691964715719
341,1-9516,1,6,1-9516,76,3,0,13,7.782115548849106,0.1023962572216987
342,1-6061,4,3,1-6061,40,0,0,11,4.046405464410782,0.1011601366102695
343,1-9518,19,23,1-9518,22,0,0,6,2.207130253314972,0.1003241024234078
344,1-9892,11,21,1-9892,22,0,0,6,2.207130253314972,0.1003241024234078
345,1-9839,9,18,1-9839,20,2,0,0,2.0,0.1
346,1-4929,16,2,1-4929,10,1,0,0,1.0,0.1
347,1-9610,11,21,1-9610,49,0,0,13,4.782115548849106,0.0975941948744715
348,1-9345,4,3,1-9345,47,2,0,7,4.574985295534134,0.097340112670939
349,1-1592,20,5,1-1592,32,2,0,3,3.103565126657486,0.0969864102080464
350,1-4020,2,1,1-4020,37,1,0,7,3.574985295534134,0.0966212242036252
351,1-8124,12,15,1-8124,18,1,0,2,1.735710084438324,0.0964283380243513
352,1-8398,6,10,1-8398,54,3,0,6,5.207130253314972,0.0964283380243513
353,1-4855,2,1,1-4855,22,1,0,3,2.103565126657486,0.0956165966662493
354,1-20003,2,1,1-20003,21,2,0,0,2.0,0.0952380952380952
355,1-8627,19,23,1-8627,25,2,0,1,2.367855042219162,0.0947142016887664
356,1-2297,12,15,1-2297,25,2,0,1,2.367855042219162,0.0947142016887664
357,1-9938,12,15,1-9938,55,3,0,6,5.207130253314972,0.0946750955148176
358,1-1770,15,21,1-1770,35,0,0,9,3.310695379972458,0.0945912965706416
359,1-9498,6,10,1-9498,64,2,0,11,6.046405464410782,0.0944750853814184
360,1-3106,4,3,1-3106,34,1,0,6,3.207130253314972,0.0943273603916168
361,1-9674,12,15,1-9674,144,8,0,15,13.51782563328743,0.0938737891200515
362,1-5043,6,10,1-5043,123,6,0,15,11.51782563328743,0.0936408588072148
363,1-9283,2,1,1-9283,235,8,0,37,21.610636562109,0.0919601555834425
364,1-9394,11,21,1-9394,117,0,0,29,10.667796224355698,0.0911777455073136
365,1-9630,21,24,1-9630,33,3,0,0,3.0,0.0909090909090909
366,1-6532,19,23,1-6532,27,2,0,1,2.367855042219162,0.087698334897006
367,1-8125,7,17,1-8125,21,0,0,5,1.83927521109581,0.0875845338617052
368,1-18234,16,19,1-18234,43,3,0,2,3.735710084438324,0.086876978707868
369,1-17758,19,23,1-17758,40,2,0,4,3.471420168876648,0.0867855042219162
370,MLG15,5,12,MLG15,105,8,0,3,9.103565126657486,0.0867006202538808
371,1-6787,17,13,1-6787,56,3,0,5,4.83927521109581,0.086415628769568
372,1-9902,14,19,1-9902,30,0,0,7,2.574985295534134,0.0858328431844711
373,1-1957,21,24,1-1957,47,4,0,0,4.0,0.0851063829787234
374,1-19897,5,12,1-19897,53,3,0,4,4.471420168876648,0.0843664182806914
375,1-4499,18,10,1-4499,12,1,0,0,1.0,0.0833333333333333
376,1-1833,18,21,1-1833,124,0,0,28,10.299941182136536,0.0830640417914236
377,1-7744,6,10,1-7744,37,3,0,0,3.0,0.081081081081081
378,1-5197,12,15,1-5197,72,1,0,13,5.782115548849106,0.080307160400682
379,1-7066,7,17,1-7066,23,0,0,5,1.83927521109581,0.0799684874389482
380,1-8427,2,1,1-8427,189,8,0,19,14.989245802164078,0.0793081788474289
381,1-9752,14,19,1-9752,22,1,0,2,1.735710084438324,0.0788959129290147
382,1-9995,7,17,1-9995,24,0,0,5,1.83927521109581,0.076636467128992
383,1-5877,1,6,1-5877,79,6,0,0,6.0,0.0759493670886076
384,MLG49,11,21,MLG49,185,0,0,38,13.978491604328156,0.0755594140774494
385,1-9996,2,1,1-9996,28,1,0,3,2.103565126657486,0.075127325952053
386,1-8551,20,5,1-8551,38,1,0,5,2.83927521109581,0.0747177687130476
387,1-9578,14,19,1-9578,42,2,0,3,3.103565126657486,0.0738944077775591
388,1-4051,1,4,1-4051,5,0,0,1,0.367855042219162,0.0735710084438324
389,1-9576,17,13,1-9576,10,0,0,2,0.735710084438324,0.0735710084438324
390,1-5990,4,3,1-5990,5,0,0,1,0.367855042219162,0.0735710084438324
391,1-3217,7,17,1-3217,5,0,0,1,0.367855042219162,0.0735710084438324
392,1-5406,10,8,1-5406,10,0,0,2,0.735710084438324,0.0735710084438324
393,1-1224,12,15,1-1224,151,7,0,11,11.046405464410782,0.073155003075568
394,1-8493,12,15,1-8493,38,2,0,2,2.735710084438324,0.0719923706431137
395,1-18423,19,23,1-18423,47,3,0,1,3.367855042219162,0.0716564902599821
396,1-18377,8,18,1-18377,14,1,0,0,1.0,0.0714285714285714
397,1-8267,1,6,1-8267,133,5,0,12,9.414260506629944,0.0707839135836837
398,1-6692,21,24,1-6692,71,5,0,0,5.0,0.0704225352112676
399,MLG37,8,14,MLG37,116,7,0,3,8.103565126657486,0.0698583200573921
400,1-5163,11,21,1-5163,16,0,0,3,1.103565126657486,0.0689728204160928
401,MLG07,20,5,MLG07,90,4,0,6,6.207130253314972,0.0689681139257219
402,1-2670,3,9,1-2670,104,6,0,3,7.103565126657486,0.068303510833245
403,1-1972,2,1,1-1972,32,1,0,3,2.103565126657486,0.0657364102080464
404,1-8127,1,6,1-8127,32,1,0,3,2.103565126657486,0.0657364102080464
405,1-8421,6,10,1-8421,109,2,0,14,7.149970591068268,0.0655960604685162
406,1-8988,14,19,1-8988,29,0,0,5,1.83927521109581,0.0634232831412348
407,MLG62,8,14,MLG62,525,20,0,36,33.24278151988983,0.0633195838474092
408,1-9606,4,24,1-9606,16,1,0,0,1.0,0.0625
409,1-18714,1,6,1-18714,32,2,0,0,2.0,0.0625
410,1-8023,9,24,1-8023,16,1,0,0,1.0,0.0625
411,1-9495,2,1,1-9495,18,0,0,3,1.103565126657486,0.0613091737031936
412,1-3068,1,6,1-3068,180,4,0,19,10.989245802164078,0.0610513655675782
413,1-7819,2,1,1-7819,59,1,0,7,3.574985295534134,0.060592971110748
414,1-4355,2,1,1-4355,49,0,0,8,2.942840337753296,0.0600579660765978
415,1-8488,1,23,1-8488,23,1,0,1,1.367855042219162,0.0594719583573548
416,1-4747,3,9,1-4747,25,0,0,4,1.471420168876648,0.0588568067550659
417,1-8066,21,24,1-8066,86,5,0,0,5.0,0.0581395348837209
418,1-4640,1,6,1-4640,87,1,0,11,5.046405464410782,0.0580046605104687
419,1-8450,21,24,1-8450,52,3,0,0,3.0,0.0576923076923076
420,72-12387,4,3,72-12387,71,0,0,11,4.046405464410782,0.0569916262593067
421,1-20791,4,3,1-20791,13,0,0,2,0.735710084438324,0.0565930834183326
422,1-19547,11,21,1-19547,66,0,0,10,3.67855042219162,0.0557356124574487
423,1-9549,21,24,1-9549,18,1,0,0,1.0,0.0555555555555555
424,1-1836,3,9,1-1836,20,0,0,3,1.103565126657486,0.0551782563328743
425,1-8094,5,12,1-8094,58,2,0,3,3.103565126657486,0.0535097435630601
426,1-9607,12,15,1-9607,19,1,0,0,1.0,0.0526315789473684
427,1-8100,9,18,1-8100,19,1,0,0,1.0,0.0526315789473684
428,1-9805,16,23,1-9805,26,1,0,1,1.367855042219162,0.0526098093161216
429,1-3033,2,1,1-3033,7,0,0,1,0.367855042219162,0.0525507203170231
430,1-9588,7,17,1-9588,14,0,0,2,0.735710084438324,0.0525507203170231
431,1-9447,15,11,1-9447,7,0,0,1,0.367855042219162,0.0525507203170231
432,1-18409,7,17,1-18409,22,0,0,3,1.103565126657486,0.0501620512117039
433,1-9768,21,24,1-9768,241,12,0,0,12.0,0.0497925311203319
434,1-19447,2,1,1-19447,15,0,0,2,0.735710084438324,0.0490473389625549
435,1-8938,18,21,1-8938,30,0,0,4,1.471420168876648,0.0490473389625549
436,1-9156,21,24,1-9156,268,13,0,0,13.0,0.0485074626865671
437,1-5508,2,1,1-5508,38,0,0,5,1.83927521109581,0.0484019792393634
438,1-8418,11,21,1-8418,46,0,0,6,2.207130253314972,0.0479810924633689
439,MLG11,6,15,MLG11,87,3,0,3,4.103565126657486,0.0471674152489366
440,1-1827,1,6,1-1827,24,0,0,3,1.103565126657486,0.0459818802773952
441,1-18563,17,13,1-18563,8,0,0,1,0.367855042219162,0.0459818802773952
442,1-4494,3,1,1-4494,16,0,0,2,0.735710084438324,0.0459818802773952
443,1-20641,10,8,1-20641,16,0,0,2,0.735710084438324,0.0459818802773952
444,1-9137,8,14,1-9137,111,4,0,3,5.103565126657486,0.0459780642041214
445,1-7182,9,24,1-7182,22,1,0,0,1.0,0.0454545454545454
446,1-6918,7,17,1-6918,43,0,0,5,1.83927521109581,0.0427738421185072
447,MLG72,1,13,MLG72,9,0,0,1,0.367855042219162,0.0408727824687957
448,1-8113,13,7,1-8113,9,0,0,1,0.367855042219162,0.0408727824687957
449,1-1183,11,21,1-1183,45,0,0,5,1.83927521109581,0.0408727824687957
450,1-9850,13,7,1-9850,27,0,0,3,1.103565126657486,0.0408727824687957
451,1-9331,15,11,1-9331,25,1,0,0,1.0,0.04
452,1-6216,1,6,1-6216,45,1,0,2,1.735710084438324,0.0385713352097405
453,1-3087,3,24,1-3087,26,1,0,0,1.0,0.0384615384615384
454,1-18203,7,17,1-18203,29,0,0,3,1.103565126657486,0.0380539698847409
455,1-9697,6,10,1-9697,20,0,0,2,0.735710084438324,0.0367855042219162
456,1-7521,17,1,1-7521,10,0,0,1,0.367855042219162,0.0367855042219162
457,1-2714,7,17,1-2714,61,0,0,6,2.207130253314972,0.0361824631690979
458,1-9818,10,24,1-9818,28,1,0,0,1.0,0.0357142857142857
459,1-9185,2,1,1-9185,31,0,0,3,1.103565126657486,0.0355988750534672
460,1-0405,4,3,1-0405,64,0,0,6,2.207130253314972,0.0344864102080464
461,1-8622,16,15,1-8622,54,0,0,5,1.83927521109581,0.0340606520573298
462,1-8174,12,15,1-8174,45,0,0,4,1.471420168876648,0.0326982259750366
463,1-6543,10,8,1-6543,12,0,0,1,0.367855042219162,0.0306545868515968
464,1-20012,8,21,1-20012,12,0,0,1,0.367855042219162,0.0306545868515968
465,1-6914,19,23,1-6914,73,1,0,3,2.103565126657486,0.0288159606391436
466,1-19839,13,7,1-19839,13,0,0,1,0.367855042219162,0.0282965417091663
467,1-18498,2,1,1-18498,13,0,0,1,0.367855042219162,0.0282965417091663
468,1-0031,20,11,1-0031,13,0,0,1,0.367855042219162,0.0282965417091663
469,1-1207,11,21,1-1207,66,0,0,5,1.83927521109581,0.0278678062287243
470,1-2104,9,18,1-2104,36,1,0,0,1.0,0.0277777777777777
471,1-6531,13,7,1-6531,27,0,0,2,0.735710084438324,0.0272485216458638
472,1-18735,1,6,1-18735,27,0,0,2,0.735710084438324,0.0272485216458638
473,1-9955,1,6,1-9955,60,0,0,4,1.471420168876648,0.0245236694812774
474,1-8503,3,7,1-8503,16,0,0,1,0.367855042219162,0.0229909401386976
475,1-9907,2,1,1-9907,17,0,0,1,0.367855042219162,0.0216385318952448
476,1-0003,2,1,1-0003,17,0,0,1,0.367855042219162,0.0216385318952448
477,1-6919,1,6,1-6919,43,0,0,2,0.735710084438324,0.0171095368474028
478,1-7722,19,23,1-7722,60,1,0,0,1.0,0.0166666666666666
479,1-2701,21,24,1-2701,61,1,0,0,1.0,0.0163934426229508
480,1-8157,21,24,1-8157,75,1,0,0,1.0,0.0133333333333333
481,1-9739,3,9,1-9739,31,0,0,1,0.367855042219162,0.011866291684489
482,1-6642,6,10,1-6642,36,0,0,1,0.367855042219162,0.0102181956171989
483,1-9646,21,24,1-9646,105,1,0,0,1.0,0.0095238095238095
484,1-2025,10,8,1-2025,41,0,0,1,0.367855042219162,0.0089720742004673
485,1-6217,17,13,1-6217,44,0,0,1,0.367855042219162,0.0083603418686173
486,MLG12,21,24,MLG12,146,1,0,0,1.0,0.0068493150684931
487,1-17645,7,17,1-17645,9,0,0,0,0.0,0.0
488,1-9444,2,1,1-9444,24,0,0,0,0.0,0.0
489,1-0022,16,2,1-0022,18,0,0,0,0.0,0.0
490,1-8566,2,1,1-8566,5,0,0,0,0.0,0.0
491,1-6931,17,13,1-6931,1,0,0,0,0.0,0.0
492,1-3647,11,21,1-3647,5,0,0,0,0.0,0.0
493,1-5929,8,14,1-5929,4,0,0,0,0.0,0.0
494,1-5653,1,21,1-5653,11,0,0,0,0.0,0.0
495,1-3178,16,2,1-3178,6,0,0,0,0.0,0.0
496,1-10698,11,21,1-10698,6,0,0,0,0.0,0.0
497,1-6028,5,1,1-6028,2,0,0,0,0.0,0.0
498,1-8186,3,23,1-8186,26,0,0,0,0.0,0.0
499,1-5424,5,24,1-5424,5,0,0,0,0.0,0.0
500,1-21192,15,5,1-21192,4,0,0,0,0.0,0.0
501,1-3175,8,1,1-3175,6,0,0,0,0.0,0.0
502,1-8379,2,1,1-8379,5,0,0,0,0.0,0.0
503,1-5914,10,8,1-5914,3,0,0,0,0.0,0.0
504,1-9870,2,1,1-9870,27,0,0,0,0.0,0.0
505,1-8623,9,18,1-8623,5,0,0,0,0.0,0.0
506,1-18202,3,9,1-18202,23,0,0,0,0.0,0.0
507,1-6718,19,23,1-6718,20,0,0,0,0.0,0.0
508,1-4088,1,6,1-4088,30,0,0,0,0.0,0.0
509,1-10922,17,13,1-10922,1,0,0,0,0.0,0.0
510,1-3646,15,11,1-3646,7,0,0,0,0.0,0.0
511,MLG40,21,24,MLG40,51,0,0,0,0.0,0.0
512,1-10696,8,7,1-10696,24,0,0,0,0.0,0.0
513,72-11994,13,7,72-11994,8,0,0,0,0.0,0.0
514,72-18936,9,18,72-18936,20,0,0,0,0.0,0.0
515,1-9253,17,13,1-9253,24,0,0,0,0.0,0.0
516,1-8352,14,19,1-8352,1,0,0,0,0.0,0.0
517,1-7536,12,7,1-7536,17,0,0,0,0.0,0.0
518,1-4052,21,24,1-4052,13,0,0,0,0.0,0.0
519,1-10071,16,2,1-10071,30,0,0,0,0.0,0.0
520,1-7527,7,1,1-7527,1,0,0,0,0.0,0.0
521,1-7213,14,19,1-7213,23,0,0,0,0.0,0.0
522,1-8401,11,21,1-8401,57,0,0,0,0.0,0.0
523,1-2869,5,12,1-2869,9,0,0,0,0.0,0.0
524,1-5744,9,18,1-5744,18,0,0,0,0.0,0.0
525,1-5913,2,1,1-5913,14,0,0,0,0.0,0.0
526,1-5167,18,4,1-5167,24,0,0,0,0.0,0.0
527,1-10978,11,21,1-10978,1,0,0,0,0.0,0.0
528,1-3521,10,8,1-3521,22,0,0,0,0.0,0.0
529,1-7525,18,4,1-7525,6,0,0,0,0.0,0.0
530,1-19598,11,21,1-19598,11,0,0,0,0.0,0.0
531,1-8093,1,13,1-8093,4,0,0,0,0.0,0.0
532,1-7993,17,23,1-7993,24,0,0,0,0.0,0.0
533,1-8641,18,4,1-8641,30,0,0,0,0.0,0.0
534,1-19568,18,4,1-19568,2,0,0,0,0.0,0.0
535,1-3519,7,17,1-3519,27,0,0,0,0.0,0.0
536,1-10762,5,24,1-10762,6,0,0,0,0.0,0.0
537,1-10232,3,9,1-10232,5,0,0,0,0.0,0.0
538,1-21195,17,13,1-21195,1,0,0,0,0.0,0.0
539,1-3176,7,17,1-3176,3,0,0,0,0.0,0.0
540,1-4361,19,23,1-4361,10,0,0,0,0.0,0.0
541,1-3216,4,3,1-3216,5,0,0,0,0.0,0.0
542,1-9455,10,8,1-9455,2,0,0,0,0.0,0.0
543,1-8021,13,7,1-8021,58,0,0,0,0.0,0.0
544,1-9836,5,12,1-9836,5,0,0,0,0.0,0.0
545,P-16454,1,23,P-16454,8,0,0,0,0.0,0.0
546,1-3589,14,21,1-3589,27,0,0,0,0.0,0.0
547,1-19813,3,9,1-19813,20,0,0,0,0.0,0.0
548,1-7721,9,18,1-7721,20,0,0,0,0.0,0.0
549,1-6971,8,14,1-6971,10,0,0,0,0.0,0.0
550,1-10948,11,21,1-10948,2,0,0,0,0.0,0.0
551,1-4098,14,19,1-4098,16,0,0,0,0.0,0.0
552,1-8767,3,9,1-8767,48,0,0,0,0.0,0.0
553,1-19924,8,14,1-19924,1,0,0,0,0.0,0.0
554,1-17657,3,24,1-17657,8,0,0,0,0.0,0.0
555,1-10951,10,8,1-10951,1,0,0,0,0.0,0.0
556,1-7599,11,21,1-7599,3,0,0,0,0.0,0.0
557,1-5530,1,6,1-5530,7,0,0,0,0.0,0.0
558,1-9806,6,10,1-9806,8,0,0,0,0.0,0.0
559,1-4926,17,24,1-4926,4,0,0,0,0.0,0.0
560,1-7608,2,13,1-7608,4,0,0,0,0.0,0.0
561,1-8532,15,8,1-8532,4,0,0,0,0.0,0.0
562,1-7204,20,24,1-7204,26,0,0,0,0.0,0.0
563,1-4910,11,21,1-4910,4,0,0,0,0.0,0.0
564,1-8020,11,21,1-8020,56,0,0,0,0.0,0.0
565,1-19927,9,18,1-19927,1,0,0,0,0.0,0.0
