Unnamed: 0.13,Unnamed: 0.12,Unnamed: 0.11,Unnamed: 0.10,Unnamed: 0.9,Unnamed: 0.8,Unnamed: 0.7,Unnamed: 0.6,Unnamed: 0.5,Unnamed: 0.4,Unnamed: 0.3,Unnamed: 0.2,Unnamed: 0.1,Unnamed: 0,exam,slot,Exam Group,Exam Block,size,b2bs,confs,2i3s,score,score_norm
215,215,215,215,215,215,215,215,215,215,215,215,215,215,MLG40,7,MLG40,3,51,9,1,8,1014.0347967147827,19.883035229701623
168,168,168,168,168,168,168,168,168,168,168,168,168,168,MLG45,11,MLG45,5,70,17,1,7,1021.4054471254349,14.591506387506213
9,9,9,9,9,9,9,9,9,9,9,9,9,9,1-3523,7,1-3523,3,543,59,1,134,1143.3328449726105,2.1055853498574777
8,8,8,8,8,8,8,8,8,8,8,8,8,8,1-10468,11,1-10468,5,549,55,1,106,1121.711056470871,2.0431895381983076
239,239,239,239,239,239,239,239,239,239,239,239,239,239,1-5002,13,1-5002,7,45,11,0,21,24.216341376304626,0.5381409194734361
67,67,67,67,67,67,67,67,67,67,67,67,67,67,1-3516,20,1-3516,8,156,19,0,100,81.93495893478394,0.5252240957357944
277,277,277,277,277,277,277,277,277,277,277,277,277,277,1-10060,12,1-10060,20,36,8,0,16,18.06959342956543,0.5019331508212619
66,66,66,66,66,66,66,66,66,66,66,66,66,66,MLG48,12,MLG48,6,159,11,0,108,78.96975564956665,0.49666512987148836
203,203,203,203,203,203,203,203,203,203,203,203,203,203,1-9938,19,1-9938,6,55,26,0,2,27.25869917869568,0.49561271233992144
23,23,23,23,23,23,23,23,23,23,23,23,23,23,1-7866,7,1-7866,3,318,79,0,120,154.52195072174072,0.4859180840306312
212,212,212,212,212,212,212,212,212,212,212,212,212,212,MLG32,9,MLG32,19,52,15,0,15,24.44024384021759,0.47000468923495364
52,52,52,52,52,52,52,52,52,52,52,52,52,52,1-7122,18,1-7122,10,197,7,0,130,88.81544661521912,0.4508398305341072
256,256,256,256,256,256,256,256,256,256,256,256,256,256,1-0296,7,1-0296,3,41,8,0,16,18.06959342956543,0.44072179096501046
195,195,195,195,195,195,195,195,195,195,195,195,195,195,1-9379,19,1-9379,9,58,21,0,7,25.405447125434875,0.43802495043853235
245,245,245,245,245,245,245,245,245,245,245,245,245,245,1-1183,18,1-1183,10,45,2,0,28,19.621788501739502,0.43603974448310007
228,228,228,228,228,228,228,228,228,228,228,228,228,228,MLG60,6,MLG60,2,47,16,0,7,20.405447125434875,0.4341584494773378
12,12,12,12,12,12,12,12,12,12,12,12,12,12,1-7024,19,1-7024,9,498,94,0,182,208.54162526130676,0.4187582836572425
123,123,123,123,123,123,123,123,123,123,123,123,123,123,1-11350,6,1-11350,2,100,28,0,22,41.845690965652466,0.41845690965652466
326,326,326,326,326,326,326,326,326,326,326,326,326,326,1-0027,13,1-0027,7,29,7,0,8,12.034796714782715,0.4149929901649212
441,441,441,441,441,441,441,441,441,441,441,441,441,441,1-9997,13,1-9997,7,16,4,0,4,6.517398357391357,0.40733739733695984
125,125,125,125,125,125,125,125,125,125,125,125,125,125,1-1390,16,1-1390,16,98,15,0,37,38.285934805870056,0.39067280414153116
58,58,58,58,58,58,58,58,58,58,58,58,58,58,MLG49,8,MLG49,20,185,45,0,42,71.43268275260925,0.3861226094735635
45,45,45,45,45,45,45,45,45,45,45,45,45,45,1-3596,10,1-3596,4,223,45,0,65,85.90772330760956,0.38523642738838365
112,112,112,112,112,112,112,112,112,112,112,112,112,112,1-3447,10,1-3447,4,110,23,0,30,41.88048768043518,0.38073170618577434
157,157,157,157,157,157,157,157,157,157,157,157,157,157,1-17733,12,1-17733,6,74,8,0,32,28.13918685913086,0.38025928188014674
71,71,71,71,71,71,71,71,71,71,71,71,71,71,1-4417,22,1-4417,18,151,22,0,55,56.614227414131165,0.37492865837172956
22,22,22,22,22,22,22,22,22,22,22,22,22,22,MLG50,14,MLG50,15,319,98,0,33,118.7685364484787,0.37231516128049746
5,5,5,5,5,5,5,5,5,5,5,5,5,5,MLG57,16,MLG57,16,629,67,0,263,232.51894199848175,0.36966445468757037
80,80,80,80,80,80,80,80,80,80,80,80,80,80,1-0053,13,1-0053,7,142,34,0,29,52.25113809108734,0.3679657612048404
166,166,166,166,166,166,166,166,166,166,166,166,166,166,MLG58,17,MLG58,12,71,13,0,20,25.586991786956787,0.3603801660134759
154,154,154,154,154,154,154,154,154,154,154,154,154,154,1-9417,12,1-9417,6,76,14,0,21,27.216341376304626,0.35810975495137665
24,24,24,24,24,24,24,24,24,24,24,24,24,24,1-3535,18,1-3535,10,315,46,0,106,112.71105647087097,0.3578128776853047
64,64,64,64,64,64,64,64,64,64,64,64,64,64,MLG29,13,MLG29,7,164,34,0,36,56.65658521652222,0.3454669830275745
429,429,429,429,429,429,429,429,429,429,429,429,429,429,1-9452,9,1-9452,19,16,3,0,4,5.517398357391357,0.34483739733695984
70,70,70,70,70,70,70,70,70,70,70,70,70,70,1-1224,16,1-1224,16,151,39,0,20,51.58699178695679,0.3416357071983893
121,121,121,121,121,121,121,121,121,121,121,121,121,121,1-9333,18,1-9333,20,102,4,0,49,34.83812987804413,0.3415502929220013
320,320,320,320,320,320,320,320,320,320,320,320,320,320,1-18203,7,1-18203,9,29,1,0,14,9.810894250869751,0.33830669830585347
37,37,37,37,37,37,37,37,37,37,37,37,37,37,1-5775,8,1-5775,20,244,67,0,24,82.10439014434814,0.33649340223093505
152,152,152,152,152,152,152,152,152,152,152,152,152,152,1-10038,16,1-10038,16,76,9,0,26,25.363089323043823,0.33372485951373454
84,84,84,84,84,84,84,84,84,84,84,84,84,84,1-2382,10,1-2382,4,139,23,0,37,46.285934805870056,0.3329923367328781
165,165,165,165,165,165,165,165,165,165,165,165,165,165,MLG59,11,MLG59,5,71,17,0,10,23.293495893478394,0.3280774069503999
51,51,51,51,51,51,51,51,51,51,51,51,51,51,MLG65,10,MLG65,4,201,16,0,79,65.71861755847931,0.32695829631084233
369,369,369,369,369,369,369,369,369,369,369,369,369,369,MLG39,8,MLG39,20,23,5,0,4,7.517398357391357,0.3268434068431025
111,111,111,111,111,111,111,111,111,111,111,111,111,111,1-0272,20,1-0272,8,111,4,0,51,36.09682905673981,0.3251966581688271
137,137,137,137,137,137,137,137,137,137,137,137,137,137,1-6611,20,1-6611,8,89,5,0,38,28.915284395217896,0.32489083590132467
308,308,308,308,308,308,308,308,308,308,308,308,308,308,1-4700,23,1-4700,8,31,10,0,0,10.0,0.3225806451612903
182,182,182,182,182,182,182,182,182,182,182,182,182,182,1-6647,19,1-6647,9,62,3,0,27,19.992438912391663,0.3224586921353494
122,122,122,122,122,122,122,122,122,122,122,122,122,122,1-9404,12,1-9404,6,100,17,0,24,32.104390144348145,0.32104390144348144
114,114,114,114,114,114,114,114,114,114,114,114,114,114,1-7152,20,1-7152,8,109,1,0,53,34.355528235435486,0.31518833243518796
267,267,267,267,267,267,267,267,267,267,267,267,267,267,1-5413,19,1-5413,16,39,11,0,2,12.258699178695679,0.3143256199665559
93,93,93,93,93,93,93,93,93,93,93,93,93,93,MLG52,17,MLG52,12,125,19,0,32,39.13918685913086,0.31311349487304685
191,191,191,191,191,191,191,191,191,191,191,191,191,191,MLG44,9,MLG44,19,59,9,0,15,18.44024384021759,0.31254650576639986
265,265,265,265,265,265,265,265,265,265,265,265,265,265,1-1204,18,1-1204,10,39,4,0,13,12.181544661521912,0.3123472990133824
300,300,300,300,300,300,300,300,300,300,300,300,300,300,1-18709,7,1-18709,3,33,4,0,10,10.293495893478394,0.3119241179841937
72,72,72,72,72,72,72,72,72,72,72,72,72,72,1-9497,13,1-9497,7,150,19,0,44,46.69138193130493,0.3112758795420329
221,221,221,221,221,221,221,221,221,221,221,221,221,221,1-4355,7,1-4355,3,49,5,0,16,15.06959342956543,0.3075427230523557
329,329,329,329,329,329,329,329,329,329,329,329,329,329,1-5980,10,1-5980,4,29,7,0,3,8.888048768043518,0.3064844402773627
0,0,0,0,0,0,0,0,0,0,0,0,0,0,1-6098,13,1-6098,7,1327,207,0,317,406.5038198232651,0.3063329463626715
60,60,60,60,60,60,60,60,60,60,60,60,60,60,1-3068,20,1-3068,8,180,10,0,71,54.683820843696594,0.3037990046872033
91,91,91,91,91,91,91,91,91,91,91,91,91,91,1-9270,15,1-9270,14,128,23,0,25,38.733739733695984,0.3026073416694999
29,29,29,29,29,29,29,29,29,29,29,29,29,29,1-3534,20,1-3534,8,279,24,0,96,84.41756057739258,0.3025719017110845
247,247,247,247,247,247,247,247,247,247,247,247,247,247,1-6734,15,1-6734,14,44,7,0,10,13.293495893478394,0.3021249066699635
61,61,61,61,61,61,61,61,61,61,61,61,61,61,1-6927,9,1-6927,19,179,42,0,19,53.95764219760895,0.3014393418860835
374,374,374,374,374,374,374,374,374,374,374,374,374,374,1-18202,10,1-18202,4,23,0,0,11,6.922845482826233,0.30099328186201013
263,263,263,263,263,263,263,263,263,263,263,263,263,263,1-6061,17,1-6061,12,40,7,0,8,12.034796714782715,0.30086991786956785
145,145,145,145,145,145,145,145,145,145,145,145,145,145,1-9491,8,1-9491,20,80,14,0,16,24.06959342956543,0.30086991786956785
331,331,331,331,331,331,331,331,331,331,331,331,331,331,1-5981,6,1-5981,2,28,4,0,7,8.405447125434875,0.3001945401941027
235,235,235,235,235,235,235,235,235,235,235,235,235,235,1-1989,9,1-1989,19,46,10,0,6,13.776097536087036,0.2994803812192834
49,49,49,49,49,49,49,49,49,49,49,49,49,49,1-6974,8,1-6974,20,207,11,0,81,61.97731673717499,0.2994073272327294
46,46,46,46,46,46,46,46,46,46,46,46,46,46,1-2282,10,1-2282,4,219,29,0,58,65.50227618217468,0.29909715151677935
102,102,102,102,102,102,102,102,102,102,102,102,102,102,1-17907,20,1-17907,8,119,4,0,50,35.46747946739197,0.2980460459444703
18,18,18,18,18,18,18,18,18,18,18,18,18,18,MLG63,7,MLG63,3,380,48,0,103,112.82300770282745,0.29690265184954595
132,132,132,132,132,132,132,132,132,132,132,132,132,132,MLG55,8,MLG55,20,92,21,0,10,27.293495893478394,0.29666843362476514
456,456,456,456,456,456,456,456,456,456,456,456,456,456,1-7995,8,1-7995,20,14,1,0,5,4.146747946739197,0.2961962819099426
327,327,327,327,327,327,327,327,327,327,327,327,327,327,1-8988,6,1-8988,2,29,6,0,4,8.517398357391357,0.29370339163418474
442,442,442,442,442,442,442,442,442,442,442,442,442,442,1-5803,18,1-5803,10,15,0,0,7,4.4054471254348755,0.2936964750289917
468,468,468,468,468,468,468,468,468,468,468,468,468,468,1-9946,8,1-9946,20,12,1,0,4,3.5173983573913574,0.2931165297826131
43,43,43,43,43,43,43,43,43,43,43,43,43,43,MLG14,6,MLG14,2,232,56,0,19,67.95764219760895,0.2929208715414179
297,297,297,297,297,297,297,297,297,297,297,297,297,297,1-9630,15,1-9630,14,33,4,0,9,9.664146304130554,0.2928529183069865
57,57,57,57,57,57,57,57,57,57,57,57,57,57,MLG75,19,MLG75,9,185,47,0,11,53.92284548282623,0.2914748404477094
343,343,343,343,343,343,343,343,343,343,343,343,343,343,MLG67,8,MLG67,20,27,4,0,6,7.776097536087036,0.288003612447668
387,387,387,387,387,387,387,387,387,387,387,387,387,387,1-9436,10,1-9436,4,21,1,0,8,6.034796714782715,0.28737127213251024
13,13,13,13,13,13,13,13,13,13,13,13,13,13,1-1258,14,1-1258,15,435,24,0,160,124.6959342956543,0.28665732021989493
88,88,88,88,88,88,88,88,88,88,88,88,88,88,1-8267,20,1-8267,8,133,7,0,49,37.83812987804413,0.28449721712815135
294,294,294,294,294,294,294,294,294,294,294,294,294,294,1-3106,10,1-3106,4,34,4,0,9,9.664146304130554,0.28423959718031044
184,184,184,184,184,184,184,184,184,184,184,184,184,184,1-2701,9,1-2701,19,61,11,0,10,17.293495893478394,0.28349993267997364
85,85,85,85,85,85,85,85,85,85,85,85,85,85,1-1131,17,1-1131,12,138,23,0,25,38.733739733695984,0.2806792734325796
174,174,174,174,174,174,174,174,174,174,174,174,174,174,MLG41,9,MLG41,19,66,9,0,15,18.44024384021759,0.27939763394269074
20,20,20,20,20,20,20,20,20,20,20,20,20,20,1-8067,12,1-8067,6,322,50,0,63,89.64902412891388,0.27841311841277605
77,77,77,77,77,77,77,77,77,77,77,77,77,77,1-9674,12,1-9674,6,144,30,0,16,40.06959342956543,0.27826106548309326
98,98,98,98,98,98,98,98,98,98,98,98,98,98,1-5043,14,1-5043,15,123,17,0,27,33.99243891239166,0.27636129197066395
433,433,433,433,433,433,433,433,433,433,433,433,433,433,1-20641,20,1-20641,8,16,0,0,7,4.4054471254348755,0.2753404453396797
150,150,150,150,150,150,150,150,150,150,150,150,150,150,1-3083,7,1-3083,3,78,7,0,23,21.475040555000305,0.2753210327564142
146,146,146,146,146,146,146,146,146,146,146,146,146,146,MLG78,14,MLG78,15,80,11,0,17,21.69894301891327,0.27123678773641585
357,357,357,357,357,357,357,357,357,357,357,357,357,357,1-9650,16,1-9650,16,25,3,0,6,6.776097536087036,0.27104390144348145
133,133,133,133,133,133,133,133,133,133,133,133,133,133,MLG53,14,MLG53,15,91,19,0,9,24.664146304130554,0.27103457477066545
31,31,31,31,31,31,31,31,31,31,31,31,31,31,1-9156,18,1-9156,10,268,31,0,66,72.5370728969574,0.2706607197647664
511,511,511,511,511,511,511,511,511,511,511,511,511,511,1-3033,10,1-3033,4,7,0,0,3,1.888048768043518,0.26972125257764545
89,89,89,89,89,89,89,89,89,89,89,89,89,89,1-9831,11,1-9831,5,132,6,0,47,35.57943069934845,0.26954114166173065
76,76,76,76,76,76,76,76,76,76,76,76,76,76,1-2335,18,1-2335,10,145,11,0,44,38.69138193130493,0.26683711676762023
420,420,420,420,420,420,420,420,420,420,420,420,420,420,1-8678,7,1-8678,3,17,2,0,4,4.517398357391357,0.2657293151406681
292,292,292,292,292,292,292,292,292,292,292,292,292,292,1-9740,10,1-9740,4,34,4,0,8,9.034796714782715,0.2657293151406681
176,176,176,176,176,176,176,176,176,176,176,176,176,176,1-6561,15,1-6561,14,65,9,0,13,17.18154466152191,0.26433145633110633
211,211,211,211,211,211,211,211,211,211,211,211,211,211,1-8042,9,1-8042,19,52,8,0,9,13.664146304130554,0.26277204431020296
350,350,350,350,350,350,350,350,350,350,350,350,350,350,1-9609,22,1-9609,12,25,4,0,4,6.517398357391357,0.2606959342956543
216,216,216,216,216,216,216,216,216,216,216,216,216,216,1-8397,10,1-8397,4,51,7,0,10,13.293495893478394,0.26065678222506655
6,6,6,6,6,6,6,6,6,6,6,6,6,6,MLG54,17,MLG54,12,595,33,0,193,154.464470744133,0.2596041525111479
445,445,445,445,445,445,445,445,445,445,445,445,445,445,1-5654,9,1-5654,19,15,2,0,3,3.888048768043518,0.2592032512029012
431,431,431,431,431,431,431,431,431,431,431,431,431,431,1-8503,19,1-8503,20,16,1,0,5,4.146747946739197,0.2591717466711998
424,424,424,424,424,424,424,424,424,424,424,424,424,424,1-1177,18,1-1177,10,17,0,0,7,4.4054471254348755,0.2591439485549927
101,101,101,101,101,101,101,101,101,101,101,101,101,101,1-18371,18,1-18371,10,120,12,0,30,30.88048768043518,0.2573373973369598
406,406,406,406,406,406,406,406,406,406,406,406,406,406,1-3265,7,1-3265,3,19,3,0,3,4.888048768043518,0.2572657246338694
346,346,346,346,346,346,346,346,346,346,346,346,346,346,1-9805,14,1-9805,15,26,6,0,1,6.629349589347839,0.25497498420568615
295,295,295,295,295,295,295,295,295,295,295,295,295,295,1-1942,5,1-1942,1,34,3,0,9,8.664146304130554,0.2548278324744281
82,82,82,82,82,82,82,82,82,82,82,82,82,82,1-8188,8,1-8188,20,140,17,0,29,35.25113809108734,0.25179384350776673
376,376,376,376,376,376,376,376,376,376,376,376,376,376,1-18487,14,1-18487,15,23,2,0,6,5.776097536087036,0.25113467548204504
32,32,32,32,32,32,32,32,32,32,32,32,32,32,1-7874,9,1-7874,19,258,37,0,44,64.69138193130493,0.2507417904314145
472,472,472,472,472,472,472,472,472,472,472,472,472,472,1-1935,8,1-1935,20,12,3,0,0,3.0,0.25
246,246,246,246,246,246,246,246,246,246,246,246,246,246,1-6538,2,1-6538,11,44,11,0,0,11.0,0.25
47,47,47,47,47,47,47,47,47,47,47,47,47,47,1-0303,8,1-0303,20,212,36,0,25,51.733739733695984,0.2440270742155471
87,87,87,87,87,87,87,87,87,87,87,87,87,87,1-3141,15,1-3141,14,136,13,0,32,33.13918685913086,0.2436704916112563
255,255,255,255,255,255,255,255,255,255,255,255,255,255,1-3564,7,1-3564,3,41,3,0,11,9.922845482826233,0.24202062153234716
194,194,194,194,194,194,194,194,194,194,194,194,194,194,1-8018,8,1-8018,20,58,9,0,8,14.034796714782715,0.24197925370315027
206,206,206,206,206,206,206,206,206,206,206,206,206,206,1-8544,17,1-8544,8,54,8,0,8,13.034796714782715,0.24138512434782805
325,325,325,325,325,325,325,325,325,325,325,325,325,325,1-9338,14,1-9338,15,29,7,0,0,7.0,0.2413793103448276
352,352,352,352,352,352,352,352,352,352,352,352,352,352,1-2297,14,1-2297,15,25,6,0,0,6.0,0.24
34,34,34,34,34,34,34,34,34,34,34,34,34,34,MLG51,16,MLG51,16,248,16,0,69,59.425121665000916,0.23961742606855208
180,180,180,180,180,180,180,180,180,180,180,180,180,180,1-10539,8,1-10539,20,63,5,0,16,15.06959342956543,0.23919989570738778
14,14,14,14,14,14,14,14,14,14,14,14,14,14,1-1317,12,1-1317,6,414,53,0,73,98.94252002239227,0.23899159425698616
104,104,104,104,104,104,104,104,104,104,104,104,104,104,1-9394,18,1-9394,10,117,4,0,38,27.915284395217896,0.23859217431810167
291,291,291,291,291,291,291,291,291,291,291,291,291,291,1-0037,15,1-0037,14,35,2,0,10,8.293495893478394,0.2369570255279541
414,414,414,414,414,414,414,414,414,414,414,414,414,414,MLG06,14,MLG06,15,18,3,0,2,4.258699178695679,0.2365943988164266
344,344,344,344,344,344,344,344,344,344,344,344,344,344,1-2103,15,1-2103,14,26,3,0,5,6.146747946739197,0.23641338256689218
440,440,440,440,440,440,440,440,440,440,440,440,440,440,1-2034,20,1-2034,8,16,0,0,6,3.776097536087036,0.23600609600543976
377,377,377,377,377,377,377,377,377,377,377,377,377,377,1-9892,15,1-9892,14,22,2,0,5,5.146747946739197,0.2339430884881453
115,115,115,115,115,115,115,115,115,115,115,115,115,115,1-8421,15,1-8421,14,109,11,0,23,25.475040555000305,0.2337159683944982
514,514,514,514,514,514,514,514,514,514,514,514,514,514,P-0009,20,P-0009,8,7,1,0,1,1.6293495893478394,0.23276422704969132
208,208,208,208,208,208,208,208,208,208,208,208,208,208,1-5355,15,1-5355,14,53,6,0,10,12.293495893478394,0.2319527527071395
48,48,48,48,48,48,48,48,48,48,48,48,48,48,MLG30,22,MLG30,18,208,21,0,43,48.06203234195709,0.23106746318248603
94,94,94,94,94,94,94,94,94,94,94,94,94,94,1-1005,13,1-1005,7,125,15,0,22,28.845690965652466,0.23076552772521972
423,423,423,423,423,423,423,423,423,423,423,423,423,423,MLG46,15,MLG46,14,17,2,0,3,3.888048768043518,0.22870875106138341
493,493,493,493,493,493,493,493,493,493,493,493,493,493,1-0033,20,1-0033,8,10,1,0,2,2.2586991786956787,0.22586991786956787
454,454,454,454,454,454,454,454,454,454,454,454,454,454,1-5913,10,1-5913,4,14,0,0,5,3.1467479467391968,0.2247677104813712
227,227,227,227,227,227,227,227,227,227,227,227,227,227,1-1957,18,1-1957,10,47,3,0,12,10.552195072174072,0.2245147887696611
372,372,372,372,372,372,372,372,372,372,372,372,372,372,1-9553,14,1-9553,15,23,2,0,5,5.146747946739197,0.22377164985822595
78,78,78,78,78,78,78,78,78,78,78,78,78,78,1-1570,15,1-1570,14,142,11,0,33,31.7685364484787,0.22372208766534296
79,79,79,79,79,79,79,79,79,79,79,79,79,79,1-0129,14,1-0129,15,142,9,0,36,31.656585216522217,0.22293369870790294
412,412,412,412,412,412,412,412,412,412,412,412,412,412,1-0055,2,1-0055,16,18,4,0,0,4.0,0.2222222222222222
190,190,190,190,190,190,190,190,190,190,190,190,190,190,1-7819,5,1-7819,1,59,3,0,16,13.06959342956543,0.2215185327044988
231,231,231,231,231,231,231,231,231,231,231,231,231,231,1-7991,14,1-7991,15,46,2,0,13,10.181544661521912,0.22133792742438937
155,155,155,155,155,155,155,155,155,155,155,155,155,155,1-8157,18,1-8157,10,75,4,0,20,16.586991786956787,0.22115989049275717
411,411,411,411,411,411,411,411,411,411,411,411,411,411,1-8124,7,1-8124,3,18,2,0,3,3.888048768043518,0.216002709335751
26,26,26,26,26,26,26,26,26,26,26,26,26,26,1-18558,23,1-18558,17,307,66,0,0,66.0,0.21498371335504887
124,124,124,124,124,124,124,124,124,124,124,124,124,124,1-0292,22,1-0292,18,99,7,0,22,20.845690965652466,0.21056253500659056
355,355,355,355,355,355,355,355,355,355,355,355,355,355,1-4747,14,1-4747,15,25,4,0,2,5.258699178695679,0.21034796714782714
521,521,521,521,521,521,521,521,521,521,521,521,521,521,1-3551,12,1-3551,6,6,0,0,2,1.2586991786956787,0.20978319644927979
223,223,223,223,223,223,223,223,223,223,223,223,223,223,1-6228,5,1-6228,1,48,0,0,16,10.06959342956543,0.20978319644927979
126,126,126,126,126,126,126,126,126,126,126,126,126,126,1-6693,13,1-6693,7,98,13,0,12,20.552195072174072,0.20971627624667422
103,103,103,103,103,103,103,103,103,103,103,103,103,103,1-3362,20,1-3362,8,117,8,0,26,24.363089323043823,0.20823153267558822
74,74,74,74,74,74,74,74,74,74,74,74,74,74,1-8074,18,1-8074,10,145,10,0,32,30.13918685913086,0.2078564610974542
392,392,392,392,392,392,392,392,392,392,392,392,392,392,MLG33,10,MLG33,4,20,1,0,5,4.146747946739197,0.20733739733695983
163,163,163,163,163,163,163,163,163,163,163,163,163,163,1-6692,17,1-6692,12,71,2,0,20,14.586991786956787,0.20545058854868714
316,316,316,316,316,316,316,316,316,316,316,316,316,316,1-8181,13,1-8181,7,30,3,0,5,6.146747946739197,0.2048915982246399
106,106,106,106,106,106,106,106,106,106,106,106,106,106,1-9963,15,1-9963,14,116,13,0,17,23.69894301891327,0.2043012329216661
205,205,205,205,205,205,205,205,205,205,205,205,205,205,1-8398,10,1-8398,4,54,9,0,3,10.888048768043518,0.20163053274154663
201,201,201,201,201,201,201,201,201,201,201,201,201,201,1-8529,18,1-8529,10,56,10,0,2,11.258699178695679,0.2010481996195657
290,290,290,290,290,290,290,290,290,290,290,290,290,290,1-3509,22,1-3509,18,35,2,0,8,7.034796714782715,0.2009941918509347
286,286,286,286,286,286,286,286,286,286,286,286,286,286,1-1770,2,1-1770,11,35,7,0,0,7.0,0.2
319,319,319,319,319,319,319,319,319,319,319,319,319,319,1-18935,6,1-18935,2,30,6,0,0,6.0,0.2
33,33,33,33,33,33,33,33,33,33,33,33,33,33,1-6296,22,1-6296,18,254,18,0,52,50.72617864608765,0.19970936474837656
281,281,281,281,281,281,281,281,281,281,281,281,281,281,1-3312,12,1-3312,6,36,4,0,5,7.146747946739197,0.19852077629831102
210,210,210,210,210,210,210,210,210,210,210,210,210,210,1-1191,18,1-1191,10,53,8,0,4,10.517398357391357,0.19844147844134635
35,35,35,35,35,35,35,35,35,35,35,35,35,35,1-7496,20,1-7496,8,246,16,0,52,48.72617864608765,0.19807389693531563
348,348,348,348,348,348,348,348,348,348,348,348,348,348,1-3087,8,1-3087,20,26,2,0,5,5.146747946739197,0.1979518441053537
30,30,30,30,30,30,30,30,30,30,30,30,30,30,1-10785,15,1-10785,14,279,28,0,43,55.06203234195709,0.19735495463067057
183,183,183,183,183,183,183,183,183,183,183,183,183,183,1-19915,15,1-19915,14,62,4,0,13,12.181544661521912,0.1964765267987405
315,315,315,315,315,315,315,315,315,315,315,315,315,315,1-9614,6,1-9614,2,30,4,0,3,5.888048768043518,0.19626829226811726
306,306,306,306,306,306,306,306,306,306,306,306,306,306,1-1972,9,1-1972,19,32,5,0,2,6.258699178695679,0.19558434933423996
63,63,63,63,63,63,63,63,63,63,63,63,63,63,1-3052,5,1-3052,1,166,16,0,26,32.36308932304382,0.19495836941592665
466,466,466,466,466,466,466,466,466,466,466,466,466,466,1-9416,19,1-9416,9,13,0,0,4,2.5173983573913574,0.1936460274916429
75,75,75,75,75,75,75,75,75,75,75,75,75,75,1-2545,6,1-2545,2,145,18,0,16,28.06959342956543,0.19358340296252022
181,181,181,181,181,181,181,181,181,181,181,181,181,181,MLG84,12,MLG84,6,63,4,0,13,12.181544661521912,0.19335785177018908
304,304,304,304,304,304,304,304,304,304,304,304,304,304,1-1592,5,1-1592,1,32,3,0,5,6.146747946739197,0.1920858733355999
261,261,261,261,261,261,261,261,261,261,261,261,261,261,1-5214,20,1-5214,8,40,2,0,9,7.664146304130554,0.19160365760326387
189,189,189,189,189,189,189,189,189,189,189,189,189,189,MLG10,7,MLG10,20,60,2,0,15,11.44024384021759,0.19067073067029316
177,177,177,177,177,177,177,177,177,177,177,177,177,177,1-9498,15,1-9498,14,64,2,0,16,12.06959342956543,0.18858739733695984
92,92,92,92,92,92,92,92,92,92,92,92,92,92,1-6980,15,1-6980,14,128,2,0,35,24.027235627174377,0.18771277833729982
144,144,144,144,144,144,144,144,144,144,144,144,144,144,1-7058,23,1-7058,17,80,15,0,0,15.0,0.1875
65,65,65,65,65,65,65,65,65,65,65,65,65,65,1-4319,11,1-4319,5,163,15,0,24,30.104390144348145,0.18468951008802542
274,274,274,274,274,274,274,274,274,274,274,274,274,274,1-7744,15,1-7744,14,37,3,0,6,6.776097536087036,0.18313777124559558
385,385,385,385,385,385,385,385,385,385,385,385,385,385,1-18615,2,1-18615,20,22,4,0,0,4.0,0.18181818181818182
483,483,483,483,483,483,483,483,483,483,483,483,483,483,1-8578,5,1-8578,1,11,2,0,0,2.0,0.18181818181818182
199,199,199,199,199,199,199,199,199,199,199,199,199,199,1-20167,17,1-20167,4,56,7,0,5,10.146747946739197,0.1811919276203428
141,141,141,141,141,141,141,141,141,141,141,141,141,141,1-8820,11,1-8820,5,83,3,0,19,14.957642197608948,0.18021255659769816
451,451,451,451,451,451,451,451,451,451,451,451,451,451,1-11329,18,1-11329,10,14,0,0,4,2.5173983573913574,0.17981416838509695
513,513,513,513,513,513,513,513,513,513,513,513,513,513,1-5530,16,1-5530,16,7,0,0,2,1.2586991786956787,0.17981416838509695
332,332,332,332,332,332,332,332,332,332,332,332,332,332,P-16616,23,P-16616,17,28,5,0,0,5.0,0.17857142857142858
3,3,3,3,3,3,3,3,3,3,3,3,3,3,1-6181,22,1-6181,18,659,52,0,103,116.82300770282745,0.1772731528115743
425,425,425,425,425,425,425,425,425,425,425,425,425,425,1-0003,2,1-0003,11,17,3,0,0,3.0,0.17647058823529413
83,83,83,83,83,83,83,83,83,83,83,83,83,83,MLG13,5,MLG13,1,140,7,0,28,24.621788501739502,0.17586991786956788
394,394,394,394,394,394,394,394,394,394,394,394,394,394,1-9697,14,1-9697,20,20,1,0,4,3.5173983573913574,0.17586991786956788
236,236,236,236,236,236,236,236,236,236,236,236,236,236,1-9794,18,1-9794,10,46,3,0,8,8.034796714782715,0.17466949379962424
268,268,268,268,268,268,268,268,268,268,268,268,268,268,1-8493,14,1-8493,15,38,6,0,1,6.629349589347839,0.17445656814073263
160,160,160,160,160,160,160,160,160,160,160,160,160,160,1-5197,12,1-5197,6,72,5,0,12,12.552195072174072,0.17433604266908434
172,172,172,172,172,172,172,172,172,172,172,172,172,172,1-6900,8,1-6900,20,67,6,0,9,11.664146304130554,0.1740917358825456
217,217,217,217,217,217,217,217,217,217,217,217,217,217,1-9770,18,1-9770,10,50,3,0,9,8.664146304130554,0.1732829260826111
62,62,62,62,62,62,62,62,62,62,62,62,62,62,1-6878,22,1-6878,18,167,8,0,33,28.7685364484787,0.17226668532023173
108,108,108,108,108,108,108,108,108,108,108,108,108,108,1-8328,20,1-8328,8,114,2,0,28,19.621788501739502,0.17212095176964476
148,148,148,148,148,148,148,148,148,148,148,148,148,148,1-0278,17,1-0278,15,79,6,0,12,13.552195072174072,0.1715467730654946
220,220,220,220,220,220,220,220,220,220,220,220,220,220,MLG35,9,MLG35,19,49,4,0,7,8.405447125434875,0.17153973725377297
266,266,266,266,266,266,266,266,266,266,266,266,266,266,1-9496,11,1-9496,5,39,1,0,9,6.664146304130554,0.1708755462597578
156,156,156,156,156,156,156,156,156,156,156,156,156,156,1-2294,11,1-2294,5,75,4,0,14,12.810894250869751,0.17081192334493
278,278,278,278,278,278,278,278,278,278,278,278,278,278,1-7845,8,1-7845,20,36,3,0,5,6.146747946739197,0.17074299852053323
81,81,81,81,81,81,81,81,81,81,81,81,81,81,1-7682,2,1-7682,11,141,24,0,0,24.0,0.1702127659574468
21,21,21,21,21,21,21,21,21,21,21,21,21,21,MLG02,22,MLG02,18,320,16,0,61,54.3903249502182,0.16996976546943188
421,421,421,421,421,421,421,421,421,421,421,421,421,421,1-5282,8,1-5282,20,17,1,0,3,2.888048768043518,0.16988522164961872
139,139,139,139,139,139,139,139,139,139,139,139,139,139,MLG11,14,MLG11,15,87,14,0,1,14.62934958934784,0.1681534435557223
36,36,36,36,36,36,36,36,36,36,36,36,36,36,MLG64,9,MLG64,19,245,21,0,32,41.13918685913086,0.16791504840461574
473,473,473,473,473,473,473,473,473,473,473,473,473,473,1-5161,8,1-5161,20,12,2,0,0,2.0,0.16666666666666666
151,151,151,151,151,151,151,151,151,151,151,151,151,151,MLG38,10,MLG38,4,77,7,0,9,12.664146304130554,0.16446943252117602
430,430,430,430,430,430,430,430,430,430,430,430,430,430,1-8023,22,1-8023,18,16,2,0,1,2.6293495893478394,0.16433434933423996
347,347,347,347,347,347,347,347,347,347,347,347,347,347,1-7204,8,1-7204,20,26,3,0,2,4.258699178695679,0.1637961222575261
341,341,341,341,341,341,341,341,341,341,341,341,341,341,1-9870,13,1-9870,7,27,0,0,7,4.4054471254348755,0.16316470834943983
73,73,73,73,73,73,73,73,73,73,73,73,73,73,MLG12,17,MLG12,12,146,3,0,33,23.7685364484787,0.16279819485259384
138,138,138,138,138,138,138,138,138,138,138,138,138,138,1-4640,20,1-4640,8,87,2,0,19,13.957642197608948,0.16043266893803387
381,381,381,381,381,381,381,381,381,381,381,381,381,381,1-9752,8,1-9752,20,22,1,0,4,3.5173983573913574,0.15988174351778897
232,232,232,232,232,232,232,232,232,232,232,232,232,232,1-8095,5,1-8095,1,46,1,0,10,7.2934958934783936,0.1585542585538781
403,403,403,403,403,403,403,403,403,403,403,403,403,403,72-12171,23,72-12171,17,19,3,0,0,3.0,0.15789473684210525
368,368,368,368,368,368,368,368,368,368,368,368,368,368,1-6858,11,1-6858,5,23,3,0,1,3.6293495893478394,0.15779780823251474
359,359,359,359,359,359,359,359,359,359,359,359,359,359,1-7839,20,1-7839,8,24,0,0,6,3.776097536087036,0.15733739733695984
477,477,477,477,477,477,477,477,477,477,477,477,477,477,1-8222,16,1-8222,16,12,0,0,3,1.888048768043518,0.15733739733695984
539,539,539,539,539,539,539,539,539,539,539,539,539,539,1-21192,5,1-21192,1,4,0,0,1,0.6293495893478394,0.15733739733695984
505,505,505,505,505,505,505,505,505,505,505,505,505,505,1-9855,8,1-9855,20,8,0,0,2,1.2586991786956787,0.15733739733695984
158,158,158,158,158,158,158,158,158,158,158,158,158,158,1-9808,22,1-9808,18,74,4,0,12,11.552195072174072,0.15611074421856855
17,17,17,17,17,17,17,17,17,17,17,17,17,17,1-7004,20,1-7004,8,381,9,0,80,59.34796714782715,0.15576894264521562
426,426,426,426,426,426,426,426,426,426,426,426,426,426,1-3639,11,1-3639,5,17,2,0,1,2.6293495893478394,0.15466762290281408
117,117,117,117,117,117,117,117,117,117,117,117,117,117,1-7019,22,1-7019,9,107,14,0,4,16.517398357391357,0.15436820894758277
345,345,345,345,345,345,345,345,345,345,345,345,345,345,1-3584,23,1-3584,17,26,4,0,0,4.0,0.15384615384615385
336,336,336,336,336,336,336,336,336,336,336,336,336,336,1-9655,20,1-9655,8,27,1,0,5,4.146747946739197,0.1535832572866369
136,136,136,136,136,136,136,136,136,136,136,136,136,136,1-1769,11,1-1769,5,89,8,0,9,13.664146304130554,0.1535297337542759
375,375,375,375,375,375,375,375,375,375,375,375,375,375,1-7213,19,1-7213,9,23,1,0,4,3.5173983573913574,0.15293036336484161
233,233,233,233,233,233,233,233,233,233,233,233,233,233,1-3587,1,1-3587,13,46,7,0,0,7.0,0.15217391304347827
55,55,55,55,55,55,55,55,55,55,55,55,55,55,1-1462,5,1-1462,1,192,19,0,16,29.06959342956543,0.1514041324456533
367,367,367,367,367,367,367,367,367,367,367,367,367,367,1-9995,16,1-9995,16,24,3,0,1,3.6293495893478394,0.15122289955615997
446,446,446,446,446,446,446,446,446,446,446,446,446,446,1-19447,8,1-19447,20,15,1,0,2,2.2586991786956787,0.15057994524637858
128,128,128,128,128,128,128,128,128,128,128,128,128,128,1-7897,18,1-7897,10,95,6,0,13,14.181544661521912,0.14927941748970433
484,484,484,484,484,484,484,484,484,484,484,484,484,484,1-9731,10,1-9731,4,11,1,0,1,1.6293495893478394,0.14812268994071268
480,480,480,480,480,480,480,480,480,480,480,480,480,480,1-5653,16,1-5653,16,11,1,0,1,1.6293495893478394,0.14812268994071268
19,19,19,19,19,19,19,19,19,19,19,19,19,19,1-7863,15,1-7863,14,351,18,0,54,51.984877824783325,0.1481050650278727
40,40,40,40,40,40,40,40,40,40,40,40,40,40,1-7807,20,1-7807,8,239,5,0,48,35.20878028869629,0.14731707233764138
270,270,270,270,270,270,270,270,270,270,270,270,270,270,1-9651,8,1-9651,20,38,3,0,4,5.517398357391357,0.14519469361556203
512,512,512,512,512,512,512,512,512,512,512,512,512,512,1-5799,1,1-5799,14,7,1,0,0,1.0,0.14285714285714285
238,238,238,238,238,238,238,238,238,238,238,238,238,238,1-4390,5,1-4390,1,45,2,0,7,6.4054471254348755,0.14234326945410836
311,311,311,311,311,311,311,311,311,311,311,311,311,311,1-8938,10,1-8938,4,30,3,0,2,4.258699178695679,0.14195663928985597
428,428,428,428,428,428,428,428,428,428,428,428,428,428,1-9606,13,1-9606,7,16,1,0,2,2.2586991786956787,0.14116869866847992
222,222,222,222,222,222,222,222,222,222,222,222,222,222,1-8705,22,1-8705,18,48,3,0,6,6.776097536087036,0.14116869866847992
436,436,436,436,436,436,436,436,436,436,436,436,436,436,1-9115,17,1-9115,12,16,1,0,2,2.2586991786956787,0.14116869866847992
439,439,439,439,439,439,439,439,439,439,439,439,439,439,1-4682,16,1-4682,16,16,1,0,2,2.2586991786956787,0.14116869866847992
497,497,497,497,497,497,497,497,497,497,497,497,497,497,MLG72,22,MLG72,18,9,0,0,2,1.2586991786956787,0.13985546429951987
273,273,273,273,273,273,273,273,273,273,273,273,273,273,1-9237,14,1-9237,15,38,4,0,2,5.258699178695679,0.13838682049199155
179,179,179,179,179,179,179,179,179,179,179,179,179,179,1-7467,8,1-7467,20,64,0,0,14,8.810894250869751,0.13767022266983986
470,470,470,470,470,470,470,470,470,470,470,470,470,470,1-9055,5,1-9055,1,12,1,0,1,1.6293495893478394,0.1357791324456533
455,455,455,455,455,455,455,455,455,455,455,455,455,455,1-18377,20,1-18377,8,14,0,0,3,1.888048768043518,0.13486062628882273
338,338,338,338,338,338,338,338,338,338,338,338,338,338,1-3589,5,1-3589,1,27,3,0,1,3.6293495893478394,0.1344203551610311
244,244,244,244,244,244,244,244,244,244,244,244,244,244,1-19448,18,1-19448,10,45,1,0,8,6.034796714782715,0.1341065936618381
105,105,105,105,105,105,105,105,105,105,105,105,105,105,1-7042,6,1-7042,2,117,10,0,9,15.664146304130554,0.13388159234299618
10,10,10,10,10,10,10,10,10,10,10,10,10,10,MLG62,10,MLG62,4,525,18,0,83,70.23601591587067,0.13378288745880126
54,54,54,54,54,54,54,54,54,54,54,54,54,54,1-1350,2,1-1350,11,195,26,0,0,26.0,0.13333333333333333
243,243,243,243,243,243,243,243,243,243,243,243,243,243,1-19166,1,1-19166,13,45,6,0,0,6.0,0.13333333333333333
422,422,422,422,422,422,422,422,422,422,422,422,422,422,1-7536,19,1-7536,9,17,1,0,2,2.2586991786956787,0.13286465757033405
417,417,417,417,417,417,417,417,417,417,417,417,417,417,1-5425,11,1-5425,5,17,1,0,2,2.2586991786956787,0.13286465757033405
129,129,129,129,129,129,129,129,129,129,129,129,129,129,1-4531,5,1-4531,1,94,8,0,7,12.405447125434875,0.13197284175994548
197,197,197,197,197,197,197,197,197,197,197,197,197,197,1-6006,5,1-6006,1,57,5,0,4,7.517398357391357,0.13188418170862032
218,218,218,218,218,218,218,218,218,218,218,218,218,218,1-9610,18,1-9610,10,49,2,0,7,6.4054471254348755,0.13072341072316074
39,39,39,39,39,39,39,39,39,39,39,39,39,39,1-9768,8,1-9768,20,241,16,0,24,31.104390144348145,0.12906385952011679
15,15,15,15,15,15,15,15,15,15,15,15,15,15,1-1580,6,1-1580,2,400,32,0,31,51.50983726978302,0.12877459317445755
272,272,272,272,272,272,272,272,272,272,272,272,272,272,1-19229,7,1-19229,3,38,3,0,3,4.888048768043518,0.1286328623169347
264,264,264,264,264,264,264,264,264,264,264,264,264,264,1-8928,1,1-8928,13,39,5,0,0,5.0,0.1282051282051282
59,59,59,59,59,59,59,59,59,59,59,59,59,59,1-8573,11,1-8573,5,184,16,0,12,23.552195072174072,0.1280010601748591
28,28,28,28,28,28,28,28,28,28,28,28,28,28,1-7005,5,1-7005,1,285,3,0,53,36.355528235435486,0.1275632569664403
38,38,38,38,38,38,38,38,38,38,38,38,38,38,1-4649,1,1-4649,13,244,31,0,0,31.0,0.12704918032786885
532,532,532,532,532,532,532,532,532,532,532,532,532,532,1-4136,8,1-4136,20,5,0,0,1,0.6293495893478394,0.12586991786956786
491,491,491,491,491,491,491,491,491,491,491,491,491,491,1-5555,19,1-5555,9,10,0,0,2,1.2586991786956787,0.12586991786956786
533,533,533,533,533,533,533,533,533,533,533,533,533,533,1-3217,6,1-3217,2,5,0,0,1,0.6293495893478394,0.12586991786956786
95,95,95,95,95,95,95,95,95,95,95,95,95,95,1-5626,15,1-5626,14,125,5,0,17,15.698943018913269,0.12559154415130616
237,237,237,237,237,237,237,237,237,237,237,237,237,237,1-8418,8,1-8418,20,46,2,0,6,5.776097536087036,0.12556733774102252
285,285,285,285,285,285,285,285,285,285,285,285,285,285,1-9887,22,1-9887,18,36,2,0,4,4.517398357391357,0.12548328770531547
503,503,503,503,503,503,503,503,503,503,503,503,503,503,1-5531,5,1-5531,1,8,1,0,0,1.0,0.125
507,507,507,507,507,507,507,507,507,507,507,507,507,507,1-9643,14,1-9643,15,8,1,0,0,1.0,0.125
16,16,16,16,16,16,16,16,16,16,16,16,16,16,1-7140,22,1-7140,18,397,15,0,55,49.614227414131165,0.12497286502300041
68,68,68,68,68,68,68,68,68,68,68,68,68,68,1-1015,20,1-1015,8,155,1,0,29,19.25113809108734,0.1242008909102409
257,257,257,257,257,257,257,257,257,257,257,257,257,257,1-19286,11,1-19286,5,40,3,0,3,4.888048768043518,0.12220121920108795
198,198,198,198,198,198,198,198,198,198,198,198,198,198,1-8401,8,1-8401,20,57,0,0,11,6.922845482826233,0.12145342952326725
299,299,299,299,299,299,299,299,299,299,299,299,299,299,MLG31,1,MLG31,19,33,4,0,0,4.0,0.12121212121212122
301,301,301,301,301,301,301,301,301,301,301,301,301,301,1-8400,19,1-8400,9,33,4,0,0,4.0,0.12121212121212122
142,142,142,142,142,142,142,142,142,142,142,142,142,142,1-8084,13,1-8084,7,82,3,0,11,9.922845482826233,0.12101031076617358
209,209,209,209,209,209,209,209,209,209,209,209,209,209,1-19897,6,1-19897,2,53,2,0,7,6.4054471254348755,0.1208574929327335
365,365,365,365,365,365,365,365,365,365,365,365,365,365,1-8590,7,1-8590,3,24,1,0,3,2.888048768043518,0.12033536533514659
298,298,298,298,298,298,298,298,298,298,298,298,298,298,1-7481,5,1-7481,1,33,2,0,3,3.888048768043518,0.11781965963768237
130,130,130,130,130,130,130,130,130,130,130,130,130,130,1-3139,5,1-3139,1,93,4,0,11,10.922845482826233,0.11744995142823907
193,193,193,193,193,193,193,193,193,193,193,193,193,193,1-8094,7,1-8094,3,58,3,0,6,6.776097536087036,0.11682926786356959
450,450,450,450,450,450,450,450,450,450,450,450,450,450,1-11206,15,1-11206,14,14,1,0,1,1.6293495893478394,0.11638211352484566
175,175,175,175,175,175,175,175,175,175,175,175,175,175,1-19547,20,1-19547,8,66,2,0,9,7.664146304130554,0.11612342885046294
207,207,207,207,207,207,207,207,207,207,207,207,207,207,1-8622,16,1-8622,16,54,5,0,2,6.258699178695679,0.11590183664251257
219,219,219,219,219,219,219,219,219,219,219,219,219,219,1-2400,20,1-2400,8,49,0,0,9,5.664146304130554,0.11559482253327662
349,349,349,349,349,349,349,349,349,349,349,349,349,349,1-8186,2,1-8186,11,26,3,0,0,3.0,0.11538461538461539
371,371,371,371,371,371,371,371,371,371,371,371,371,371,1-6035,15,1-6035,14,23,2,0,1,2.6293495893478394,0.11431954736294954
109,109,109,109,109,109,109,109,109,109,109,109,109,109,1-7441,15,1-7441,14,111,5,0,12,12.552195072174072,0.1130828384880547
330,330,330,330,330,330,330,330,330,330,330,330,330,330,1-9818,10,1-9818,4,28,0,0,5,3.1467479467391968,0.1123838552406856
204,204,204,204,204,204,204,204,204,204,204,204,204,204,1-8576,22,1-8576,18,55,3,0,5,6.146747946739197,0.1117590535770763
116,116,116,116,116,116,116,116,116,116,116,116,116,116,MLG08,14,MLG08,15,107,8,0,6,11.776097536087036,0.11005698631857043
302,302,302,302,302,302,302,302,302,302,302,302,302,302,1-9500,14,1-9500,15,33,3,0,1,3.6293495893478394,0.10998029058629816
214,214,214,214,214,214,214,214,214,214,214,214,214,214,1-8450,17,1-8450,12,52,0,0,9,5.664146304130554,0.10892589046404912
100,100,100,100,100,100,100,100,100,100,100,100,100,100,1-5172,15,1-5172,14,120,3,0,16,13.06959342956543,0.10891327857971192
1,1,1,1,1,1,1,1,1,1,1,1,1,1,1-9227,5,1-9227,1,801,30,0,90,86.64146304130554,0.10816662052597446
7,7,7,7,7,7,7,7,7,7,7,7,7,7,MLG69,1,MLG69,13,576,62,0,0,62.0,0.1076388888888889
253,253,253,253,253,253,253,253,253,253,253,253,253,253,1-9578,8,1-9578,20,42,2,0,4,4.517398357391357,0.10755710374741327
390,390,390,390,390,390,390,390,390,390,390,390,390,390,1-20003,19,1-20003,9,21,1,0,2,2.2586991786956787,0.10755710374741327
334,334,334,334,334,334,334,334,334,334,334,334,334,334,1-18994,23,1-18994,3,28,3,0,0,3.0,0.10714285714285714
402,402,402,402,402,402,402,402,402,402,402,402,402,402,1-18603,11,1-18603,5,19,2,0,0,2.0,0.10526315789473684
404,404,404,404,404,404,404,404,404,404,404,404,404,404,1-20578,23,1-20578,5,19,2,0,0,2.0,0.10526315789473684
518,518,518,518,518,518,518,518,518,518,518,518,518,518,1-4842,19,1-4842,9,6,0,0,1,0.6293495893478394,0.10489159822463989
469,469,469,469,469,469,469,469,469,469,469,469,469,469,1-6543,14,1-6543,15,12,0,0,2,1.2586991786956787,0.10489159822463989
475,475,475,475,475,475,475,475,475,475,475,475,475,475,1-4499,8,1-4499,20,12,0,0,2,1.2586991786956787,0.10489159822463989
317,317,317,317,317,317,317,317,317,317,317,317,317,317,1-9504,9,1-9504,19,30,0,0,5,3.1467479467391968,0.10489159822463989
97,97,97,97,97,97,97,97,97,97,97,97,97,97,1-1833,10,1-1833,4,124,6,0,11,12.922845482826233,0.10421649582924382
258,258,258,258,258,258,258,258,258,258,258,258,258,258,1-17758,11,1-17758,5,40,1,0,5,4.146747946739197,0.10366869866847991
384,384,384,384,384,384,384,384,384,384,384,384,384,384,1-0358,19,1-0358,9,22,1,0,2,2.2586991786956787,0.10266814448616722
53,53,53,53,53,53,53,53,53,53,53,53,53,53,1-8341,5,1-8341,1,197,10,0,16,20.06959342956543,0.10187610877951994
323,323,323,323,323,323,323,323,323,323,323,323,323,323,1-13247,20,1-13247,8,29,1,0,3,2.888048768043518,0.09958788855322476
224,224,224,224,224,224,224,224,224,224,224,224,224,224,1-9277,5,1-9277,1,48,1,0,6,4.776097536087036,0.09950203200181325
401,401,401,401,401,401,401,401,401,401,401,401,401,401,1-8100,19,1-8100,9,19,0,0,3,1.888048768043518,0.0993709877917641
11,11,11,11,11,11,11,11,11,11,11,11,11,11,MLG56,1,MLG56,13,511,50,0,0,50.0,0.09784735812133072
161,161,161,161,161,161,161,161,161,161,161,161,161,161,1-8285,2,1-8285,11,72,7,0,0,7.0,0.09722222222222222
107,107,107,107,107,107,107,107,107,107,107,107,107,107,MLG37,6,MLG37,2,116,3,0,13,11.181544661521912,0.09639262639243028
213,213,213,213,213,213,213,213,213,213,213,213,213,213,1-6227,23,1-6227,19,52,5,0,0,5.0,0.09615384615384616
262,262,262,262,262,262,262,262,262,262,262,262,262,262,1-8172,18,1-8172,10,40,0,0,6,3.776097536087036,0.09440243840217591
4,4,4,4,4,4,4,4,4,4,4,4,4,4,MLG68,23,MLG68,17,642,60,0,0,60.0,0.09345794392523364
288,288,288,288,288,288,288,288,288,288,288,288,288,288,1-9761,5,1-9761,1,35,2,0,2,3.2586991786956787,0.09310569081987653
481,481,481,481,481,481,481,481,481,481,481,481,481,481,1-7770,14,1-7770,15,11,1,0,0,1.0,0.09090909090909091
251,251,251,251,251,251,251,251,251,251,251,251,251,251,1-6919,9,1-6919,19,43,2,0,3,3.888048768043518,0.09041973879170973
305,305,305,305,305,305,305,305,305,305,305,305,305,305,1-8127,6,1-8127,2,32,1,0,3,2.888048768043518,0.09025152400135994
457,457,457,457,457,457,457,457,457,457,457,457,457,457,1-11330,5,1-11330,1,14,0,0,2,1.2586991786956787,0.08990708419254848
449,449,449,449,449,449,449,449,449,449,449,449,449,449,MLG43,10,MLG43,4,14,0,0,2,1.2586991786956787,0.08990708419254848
242,242,242,242,242,242,242,242,242,242,242,242,242,242,1-3206,1,1-3206,13,45,4,0,0,4.0,0.08888888888888889
69,69,69,69,69,69,69,69,69,69,69,69,69,69,MLG17,8,MLG17,20,153,5,0,13,13.181544661521912,0.0861538866766138
380,380,380,380,380,380,380,380,380,380,380,380,380,380,1-9722,8,1-9722,20,22,0,0,3,1.888048768043518,0.08582039854743263
405,405,405,405,405,405,405,405,405,405,405,405,405,405,1-9607,15,1-9607,14,19,1,0,1,1.6293495893478394,0.08575524154462312
134,134,134,134,134,134,134,134,134,134,134,134,134,134,1-8659,20,1-8659,8,91,2,0,9,7.664146304130554,0.08422138795747862
443,443,443,443,443,443,443,443,443,443,443,443,443,443,1-19222,12,1-19222,6,15,0,0,2,1.2586991786956787,0.08391327857971191
127,127,127,127,127,127,127,127,127,127,127,127,127,127,1-5891,23,1-5891,17,96,8,0,0,8.0,0.08333333333333333
395,395,395,395,395,395,395,395,395,395,395,395,395,395,1-1836,15,1-1836,14,20,1,0,1,1.6293495893478394,0.08146747946739197
398,398,398,398,398,398,398,398,398,398,398,398,398,398,1-20047,15,1-20047,14,20,1,0,1,1.6293495893478394,0.08146747946739197
356,356,356,356,356,356,356,356,356,356,356,356,356,356,1-18613,23,1-18613,19,25,2,0,0,2.0,0.08
501,501,501,501,501,501,501,501,501,501,501,501,501,501,1-18563,11,1-18563,5,8,0,0,1,0.6293495893478394,0.07866869866847992
509,509,509,509,509,509,509,509,509,509,509,509,509,509,P-16454,10,P-16454,4,8,0,0,1,0.6293495893478394,0.07866869866847992
508,508,508,508,508,508,508,508,508,508,508,508,508,508,1-9806,17,1-9806,12,8,0,0,1,0.6293495893478394,0.07866869866847992
322,322,322,322,322,322,322,322,322,322,322,322,322,322,1-19549,16,1-19549,15,29,1,0,2,2.2586991786956787,0.07788617857571306
296,296,296,296,296,296,296,296,296,296,296,296,296,296,1-0205,5,1-0205,1,34,2,0,1,2.6293495893478394,0.07733381145140704
467,467,467,467,467,467,467,467,467,467,467,467,467,467,1-0031,1,1-0031,13,13,1,0,0,1.0,0.07692307692307693
462,462,462,462,462,462,462,462,462,462,462,462,462,462,1-4052,23,1-4052,17,13,1,0,0,1.0,0.07692307692307693
249,249,249,249,249,249,249,249,249,249,249,249,249,249,1-6916,5,1-6916,1,43,2,0,2,3.2586991786956787,0.07578370183013207
260,260,260,260,260,260,260,260,260,260,260,260,260,260,1-4760,23,1-4760,17,40,3,0,0,3.0,0.075
337,337,337,337,337,337,337,337,337,337,337,337,337,337,1-6532,2,1-6532,9,27,2,0,0,2.0,0.07407407407407407
131,131,131,131,131,131,131,131,131,131,131,131,131,131,1-9925,11,1-9925,5,93,5,0,3,6.888048768043518,0.07406504051659697
378,378,378,378,378,378,378,378,378,378,378,378,378,378,1-9518,8,1-9518,20,22,1,0,1,1.6293495893478394,0.07406134497035634
173,173,173,173,173,173,173,173,173,173,173,173,173,173,1-1207,5,1-1207,1,66,1,0,6,4.776097536087036,0.07236511418313692
27,27,27,27,27,27,27,27,27,27,27,27,27,27,1-1608,2,1-1608,11,307,22,0,0,22.0,0.07166123778501629
196,196,196,196,196,196,196,196,196,196,196,196,196,196,1-6743,10,1-6743,4,58,1,0,5,4.146747946739197,0.07149565425412409
458,458,458,458,458,458,458,458,458,458,458,458,458,458,1-9667,8,1-9667,20,14,1,0,0,1.0,0.07142857142857142
234,234,234,234,234,234,234,234,234,234,234,234,234,234,1-10451,17,1-10451,12,46,2,0,2,3.2586991786956787,0.07084128649338432
496,496,496,496,496,496,496,496,496,496,496,496,496,496,1-9076,8,1-9076,20,9,0,0,1,0.6293495893478394,0.06992773214975993
407,407,407,407,407,407,407,407,407,407,407,407,407,407,1-9549,20,1-9549,8,18,0,0,2,1.2586991786956787,0.06992773214975993
269,269,269,269,269,269,269,269,269,269,269,269,269,269,1-8551,5,1-8551,1,38,2,0,1,2.6293495893478394,0.06919341024599578
324,324,324,324,324,324,324,324,324,324,324,324,324,324,1-5515,2,1-5515,11,29,2,0,0,2.0,0.06896551724137931
50,50,50,50,50,50,50,50,50,50,50,50,50,50,1-7964,22,1-7964,18,202,0,0,22,13.845690965652466,0.06854302458243795
248,248,248,248,248,248,248,248,248,248,248,248,248,248,1-6217,1,1-6217,4,44,3,0,0,3.0,0.06818181818181818
153,153,153,153,153,153,153,153,153,153,153,153,153,153,1-9516,5,1-9516,1,76,2,0,5,5.146747946739197,0.06772036772025258
44,44,44,44,44,44,44,44,44,44,44,44,44,44,1-0008,22,1-0008,18,230,1,0,23,15.475040555000305,0.06728278502174045
252,252,252,252,252,252,252,252,252,252,252,252,252,252,1-6918,20,1-6918,8,43,1,0,3,2.888048768043518,0.06716392483822135
289,289,289,289,289,289,289,289,289,289,289,289,289,289,1-5549,11,1-5549,5,35,1,0,2,2.2586991786956787,0.06453426224844797
391,391,391,391,391,391,391,391,391,391,391,391,391,391,72-18936,8,72-18936,20,20,0,0,2,1.2586991786956787,0.06293495893478393
397,397,397,397,397,397,397,397,397,397,397,397,397,397,1-9839,15,1-9839,14,20,0,0,2,1.2586991786956787,0.06293495893478393
487,487,487,487,487,487,487,487,487,487,487,487,487,487,1-4929,12,1-4929,6,10,0,0,1,0.6293495893478394,0.06293495893478393
399,399,399,399,399,399,399,399,399,399,399,399,399,399,1-19813,15,1-19813,14,20,0,0,2,1.2586991786956787,0.06293495893478393
400,400,400,400,400,400,400,400,400,400,400,400,400,400,1-8646,11,1-8646,5,20,0,0,2,1.2586991786956787,0.06293495893478393
435,435,435,435,435,435,435,435,435,435,435,435,435,435,1-4494,2,1-4494,12,16,1,0,0,1.0,0.0625
434,434,434,434,434,434,434,434,434,434,434,434,434,434,1-4149,5,1-4149,1,16,1,0,0,1.0,0.0625
432,432,432,432,432,432,432,432,432,432,432,432,432,432,1-3089,19,1-3089,9,16,1,0,0,1.0,0.0625
427,427,427,427,427,427,427,427,427,427,427,427,427,427,1-3104,5,1-3104,1,16,1,0,0,1.0,0.0625
418,418,418,418,418,418,418,418,418,418,418,418,418,418,1-17835,22,1-17835,16,17,1,0,0,1.0,0.058823529411764705
416,416,416,416,416,416,416,416,416,416,416,416,416,416,1-9907,2,1-9907,11,17,1,0,0,1.0,0.058823529411764705
293,293,293,293,293,293,293,293,293,293,293,293,293,293,1-1250,23,1-1250,17,34,2,0,0,2.0,0.058823529411764705
250,250,250,250,250,250,250,250,250,250,250,250,250,250,1-18234,8,1-18234,20,43,0,0,4,2.5173983573913574,0.05854414784631064
171,171,171,171,171,171,171,171,171,171,171,171,171,171,1-9645,1,1-9645,9,69,4,0,0,4.0,0.057971014492753624
119,119,119,119,119,119,119,119,119,119,119,119,119,119,1-9646,17,1-9646,12,105,6,0,0,6.0,0.05714285714285714
99,99,99,99,99,99,99,99,99,99,99,99,99,99,1-8826,5,1-8826,1,123,5,0,3,6.888048768043518,0.05600039648815868
241,241,241,241,241,241,241,241,241,241,241,241,241,241,1-6216,5,1-6216,1,45,0,0,4,2.5173983573913574,0.05594218571980794
415,415,415,415,415,415,415,415,415,415,415,415,415,415,1-9465,17,1-9465,12,18,1,0,0,1.0,0.05555555555555555
283,283,283,283,283,283,283,283,283,283,283,283,283,283,1-6909,1,1-6909,4,36,2,0,0,2.0,0.05555555555555555
280,280,280,280,280,280,280,280,280,280,280,280,280,280,1-8314,14,1-8314,15,36,2,0,0,2.0,0.05555555555555555
408,408,408,408,408,408,408,408,408,408,408,408,408,408,1-9495,23,1-9495,17,18,1,0,0,1.0,0.05555555555555555
2,2,2,2,2,2,2,2,2,2,2,2,2,2,1-6240,2,1-6240,11,698,38,0,0,38.0,0.054441260744985676
275,275,275,275,275,275,275,275,275,275,275,275,275,275,1-4020,2,1-4020,11,37,2,0,0,2.0,0.05405405405405406
226,226,226,226,226,226,226,226,226,226,226,226,226,226,1-4634,20,1-4634,8,48,0,0,4,2.5173983573913574,0.052445799112319946
361,361,361,361,361,361,361,361,361,361,361,361,361,361,1-10696,18,1-10696,10,24,0,0,2,1.2586991786956787,0.052445799112319946
110,110,110,110,110,110,110,110,110,110,110,110,110,110,1-9137,12,1-9137,6,111,2,0,6,5.776097536087036,0.05203691473952285
185,185,185,185,185,185,185,185,185,185,185,185,185,185,1-2714,10,1-2714,4,61,0,0,5,3.1467479467391968,0.051586031913757324
389,389,389,389,389,389,389,389,389,389,389,389,389,389,1-7842,8,1-7842,20,21,1,0,0,1.0,0.047619047619047616
41,41,41,41,41,41,41,41,41,41,41,41,41,41,1-9283,2,1-9283,11,235,11,0,0,11.0,0.04680851063829787
339,339,339,339,339,339,339,339,339,339,339,339,339,339,1-9850,5,1-9850,1,27,0,0,2,1.2586991786956787,0.046618488099839955
86,86,86,86,86,86,86,86,86,86,86,86,86,86,1-8910,5,1-8910,1,137,5,0,2,6.258699178695679,0.04568393561091736
382,382,382,382,382,382,382,382,382,382,382,382,382,382,1-18409,14,1-18409,15,22,1,0,0,1.0,0.045454545454545456
370,370,370,370,370,370,370,370,370,370,370,370,370,370,1-7066,5,1-7066,1,23,1,0,0,1.0,0.043478260869565216
373,373,373,373,373,373,373,373,373,373,373,373,373,373,1-8488,19,1-8488,9,23,1,0,0,1.0,0.043478260869565216
169,169,169,169,169,169,169,169,169,169,169,169,169,169,1-7268,2,1-7268,11,70,3,0,0,3.0,0.04285714285714286
56,56,56,56,56,56,56,56,56,56,56,56,56,56,1-8427,2,1-8427,11,189,8,0,0,8.0,0.042328042328042326
360,360,360,360,360,360,360,360,360,360,360,360,360,360,1-7993,10,1-7993,14,24,1,0,0,1.0,0.041666666666666664
170,170,170,170,170,170,170,170,170,170,170,170,170,170,1-6594,10,1-6594,20,70,1,0,3,2.888048768043518,0.04125783954347883
118,118,118,118,118,118,118,118,118,118,118,118,118,118,MLG15,10,MLG15,4,105,3,0,2,4.258699178695679,0.0405590397971017
354,354,354,354,354,354,354,354,354,354,354,354,354,354,1-7530,1,1-7530,13,25,1,0,0,1.0,0.04
358,358,358,358,358,358,358,358,358,358,358,358,358,358,1-8627,2,1-8627,11,25,1,0,0,1.0,0.04
351,351,351,351,351,351,351,351,351,351,351,351,351,351,1-2324,2,1-2324,11,25,1,0,0,1.0,0.04
438,438,438,438,438,438,438,438,438,438,438,438,438,438,1-5163,18,1-5163,10,16,0,0,1,0.6293495893478394,0.03933434933423996
143,143,143,143,143,143,143,143,143,143,143,143,143,143,1-9286,2,1-9286,11,81,3,0,0,3.0,0.037037037037037035
135,135,135,135,135,135,135,135,135,135,135,135,135,135,MLG07,5,MLG07,1,90,0,0,5,3.1467479467391968,0.034963866074879967
328,328,328,328,328,328,328,328,328,328,328,328,328,328,1-9110,23,1-9110,17,29,1,0,0,1.0,0.034482758620689655
318,318,318,318,318,318,318,318,318,318,318,318,318,318,1-9902,23,1-9902,17,30,1,0,0,1.0,0.03333333333333333
312,312,312,312,312,312,312,312,312,312,312,312,312,312,1-1850,8,1-1850,20,30,1,0,0,1.0,0.03333333333333333
309,309,309,309,309,309,309,309,309,309,309,309,309,309,1-9185,2,1-9185,11,31,1,0,0,1.0,0.03225806451612903
188,188,188,188,188,188,188,188,188,188,188,188,188,188,1-7722,20,1-7722,8,60,0,0,3,1.888048768043518,0.031467479467391965
178,178,178,178,178,178,178,178,178,178,178,178,178,178,1-0405,1,1-0405,13,64,2,0,0,2.0,0.03125
90,90,90,90,90,90,90,90,90,90,90,90,90,90,1-7070,2,1-7070,11,129,4,0,0,4.0,0.031007751937984496
120,120,120,120,120,120,120,120,120,120,120,120,120,120,1-2670,8,1-2670,20,104,3,0,0,3.0,0.028846153846153848
149,149,149,149,149,149,149,149,149,149,149,149,149,149,1-5877,15,1-5877,14,79,1,0,2,2.2586991786956787,0.028591128844249098
113,113,113,113,113,113,113,113,113,113,113,113,113,113,1-7341,13,1-7341,7,110,1,0,3,2.888048768043518,0.026254988800395618
342,342,342,342,342,342,342,342,342,342,342,342,342,342,1-6531,5,1-6531,1,27,0,0,1,0.6293495893478394,0.023309244049919978
140,140,140,140,140,140,140,140,140,140,140,140,140,140,1-8066,23,1-8066,17,86,2,0,0,2.0,0.023255813953488372
321,321,321,321,321,321,321,321,321,321,321,321,321,321,1-7752,18,1-7752,10,29,0,0,1,0.6293495893478394,0.021701709977511703
229,229,229,229,229,229,229,229,229,229,229,229,229,229,1-18423,5,1-18423,1,47,1,0,0,1.0,0.02127659574468085
96,96,96,96,96,96,96,96,96,96,96,96,96,96,MLG09,8,MLG09,20,125,2,0,1,2.6293495893478394,0.021034796714782714
303,303,303,303,303,303,303,303,303,303,303,303,303,303,1-18714,11,1-18714,5,32,0,0,1,0.6293495893478394,0.01966717466711998
25,25,25,25,25,25,25,25,25,25,25,25,25,25,1-18028,1,1-18028,13,309,6,0,0,6.0,0.019417475728155338
202,202,202,202,202,202,202,202,202,202,202,202,202,202,1-6787,10,1-6787,4,56,1,0,0,1.0,0.017857142857142856
282,282,282,282,282,282,282,282,282,282,282,282,282,282,1-2104,8,1-2104,20,36,0,0,1,0.6293495893478394,0.017481933037439983
254,254,254,254,254,254,254,254,254,254,254,254,254,254,1-2025,8,1-2025,20,41,0,0,1,0.6293495893478394,0.015349989984093643
167,167,167,167,167,167,167,167,167,167,167,167,167,167,72-12387,19,72-12387,14,71,1,0,0,1.0,0.014084507042253521
42,42,42,42,42,42,42,42,42,42,42,42,42,42,1-8541,5,1-8541,1,232,2,0,2,3.2586991786956787,0.01404611714955034
147,147,147,147,147,147,147,147,147,147,147,147,147,147,1-2423,23,1-2423,12,79,1,0,0,1.0,0.012658227848101266
162,162,162,162,162,162,162,162,162,162,162,162,162,162,1-7614,8,1-7614,20,72,0,0,1,0.6293495893478394,0.008740966518719992
525,525,525,525,525,525,525,525,525,525,525,525,525,525,1-3216,10,1-3216,4,5,0,0,0,0.0,0.0
528,528,528,528,528,528,528,528,528,528,528,528,528,528,1-8623,5,1-8623,1,5,0,0,0,0.0,0.0
565,565,565,565,565,565,565,565,565,565,565,565,565,565,1-10922,5,1-10922,1,1,0,0,0,0.0,0.0
396,396,396,396,396,396,396,396,396,396,396,396,396,396,1-7721,11,1-7721,5,20,0,0,0,0.0,0.0
476,476,476,476,476,476,476,476,476,476,476,476,476,476,1-2178,5,1-2178,1,12,0,0,0,0.0,0.0
307,307,307,307,307,307,307,307,307,307,307,307,307,307,1-9739,8,1-9739,20,31,0,0,0,0.0,0.0
500,500,500,500,500,500,500,500,500,500,500,500,500,500,1-2869,5,1-2869,1,9,0,0,0,0.0,0.0
504,504,504,504,504,504,504,504,504,504,504,504,504,504,1-9861,8,1-9861,20,8,0,0,0,0.0,0.0
529,529,529,529,529,529,529,529,529,529,529,529,529,529,1-5424,5,1-5424,1,5,0,0,0,0.0,0.0
340,340,340,340,340,340,340,340,340,340,340,340,340,340,1-3519,15,1-3519,14,27,0,0,0,0.0,0.0
498,498,498,498,498,498,498,498,498,498,498,498,498,498,1-8113,11,1-8113,5,9,0,0,0,0.0,0.0
550,550,550,550,550,550,550,550,550,550,550,550,550,550,1-3176,2,1-3176,11,3,0,0,0,0.0,0.0
557,557,557,557,557,557,557,557,557,557,557,557,557,557,1-19927,5,1-19927,1,1,0,0,0,0.0,0.0
561,561,561,561,561,561,561,561,561,561,561,561,561,561,1-21195,5,1-21195,1,1,0,0,0,0.0,0.0
510,510,510,510,510,510,510,510,510,510,510,510,510,510,1-10444,23,1-10444,19,8,0,0,0,0.0,0.0
362,362,362,362,362,362,362,362,362,362,362,362,362,362,1-1827,2,1-1827,11,24,0,0,0,0.0,0.0
444,444,444,444,444,444,444,444,444,444,444,444,444,444,1-8906,5,1-8906,1,15,0,0,0,0.0,0.0
537,537,537,537,537,537,537,537,537,537,537,537,537,537,1-5990,19,1-5990,9,5,0,0,0,0.0,0.0
186,186,186,186,186,186,186,186,186,186,186,186,186,186,1-19004,23,1-19004,17,60,0,0,0,0.0,0.0
453,453,453,453,453,453,453,453,453,453,453,453,453,453,1-5036,23,1-5036,17,14,0,0,0,0.0,0.0
410,410,410,410,410,410,410,410,410,410,410,410,410,410,1-3108,1,1-3108,13,18,0,0,0,0.0,0.0
230,230,230,230,230,230,230,230,230,230,230,230,230,230,1-9345,2,1-9345,11,47,0,0,0,0.0,0.0
488,488,488,488,488,488,488,488,488,488,488,488,488,488,1-9576,22,1-9576,20,10,0,0,0,0.0,0.0
492,492,492,492,492,492,492,492,492,492,492,492,492,492,MLG73,23,MLG73,20,10,0,0,0,0.0,0.0
310,310,310,310,310,310,310,310,310,310,310,310,310,310,1-10071,2,1-10071,11,30,0,0,0,0.0,0.0
552,552,552,552,552,552,552,552,552,552,552,552,552,552,1-19568,5,1-19568,1,2,0,0,0,0.0,0.0
386,386,386,386,386,386,386,386,386,386,386,386,386,386,1-4855,2,1-4855,11,22,0,0,0,0.0,0.0
471,471,471,471,471,471,471,471,471,471,471,471,471,471,1-19205,15,1-19205,14,12,0,0,0,0.0,0.0
502,502,502,502,502,502,502,502,502,502,502,502,502,502,72-11994,18,72-11994,10,8,0,0,0,0.0,0.0
562,562,562,562,562,562,562,562,562,562,562,562,562,562,1-6931,5,1-6931,1,1,0,0,0,0.0,0.0
516,516,516,516,516,516,516,516,516,516,516,516,516,516,1-9447,10,1-9447,4,7,0,0,0,0.0,0.0
520,520,520,520,520,520,520,520,520,520,520,520,520,520,1-10698,8,1-10698,20,6,0,0,0,0.0,0.0
559,559,559,559,559,559,559,559,559,559,559,559,559,559,1-10978,5,1-10978,1,1,0,0,0,0.0,0.0
506,506,506,506,506,506,506,506,506,506,506,506,506,506,1-17657,2,1-17657,11,8,0,0,0,0.0,0.0
465,465,465,465,465,465,465,465,465,465,465,465,465,465,1-18498,2,1-18498,11,13,0,0,0,0.0,0.0
419,419,419,419,419,419,419,419,419,419,419,419,419,419,1-0001,8,1-0001,20,17,0,0,0,0.0,0.0
551,551,551,551,551,551,551,551,551,551,551,551,551,551,1-19567,18,1-19567,10,2,0,0,0,0.0,0.0
447,447,447,447,447,447,447,447,447,447,447,447,447,447,1-9971,2,1-9971,11,15,0,0,0,0.0,0.0
383,383,383,383,383,383,383,383,383,383,383,383,383,383,1-3521,2,1-3521,11,22,0,0,0,0.0,0.0
363,363,363,363,363,363,363,363,363,363,363,363,363,363,1-5167,8,1-5167,20,24,0,0,0,0.0,0.0
490,490,490,490,490,490,490,490,490,490,490,490,490,490,1-8634,2,1-8634,11,10,0,0,0,0.0,0.0
560,560,560,560,560,560,560,560,560,560,560,560,560,560,1-19924,5,1-19924,1,1,0,0,0,0.0,0.0
314,314,314,314,314,314,314,314,314,314,314,314,314,314,1-4088,5,1-4088,1,30,0,0,0,0.0,0.0
388,388,388,388,388,388,388,388,388,388,388,388,388,388,1-8125,1,1-8125,13,21,0,0,0,0.0,0.0
519,519,519,519,519,519,519,519,519,519,519,519,519,519,1-10762,23,1-10762,17,6,0,0,0,0.0,0.0
259,259,259,259,259,259,259,259,259,259,259,259,259,259,1-7509,23,1-7509,17,40,0,0,0,0.0,0.0
517,517,517,517,517,517,517,517,517,517,517,517,517,517,1-7321,2,1-7321,11,7,0,0,0,0.0,0.0
535,535,535,535,535,535,535,535,535,535,535,535,535,535,1-8566,10,1-8566,20,5,0,0,0,0.0,0.0
437,437,437,437,437,437,437,437,437,437,437,437,437,437,1-4098,23,1-4098,17,16,0,0,0,0.0,0.0
563,563,563,563,563,563,563,563,563,563,563,563,563,563,1-8352,5,1-8352,1,1,0,0,0,0.0,0.0
287,287,287,287,287,287,287,287,287,287,287,287,287,287,1-2596,18,1-2596,10,35,0,0,0,0.0,0.0
486,486,486,486,486,486,486,486,486,486,486,486,486,486,1-5406,8,1-5406,20,10,0,0,0,0.0,0.0
482,482,482,482,482,482,482,482,482,482,482,482,482,482,1-9457,5,1-9457,1,11,0,0,0,0.0,0.0
364,364,364,364,364,364,364,364,364,364,364,364,364,364,1-9253,5,1-9253,1,24,0,0,0,0.0,0.0
538,538,538,538,538,538,538,538,538,538,538,538,538,538,1-5929,5,1-5929,1,4,0,0,0,0.0,0.0
393,393,393,393,393,393,393,393,393,393,393,393,393,393,1-6718,2,1-6718,11,20,0,0,0,0.0,0.0
409,409,409,409,409,409,409,409,409,409,409,409,409,409,1-5744,23,1-5744,17,18,0,0,0,0.0,0.0
159,159,159,159,159,159,159,159,159,159,159,159,159,159,1-6914,5,1-6914,1,73,0,0,0,0.0,0.0
495,495,495,495,495,495,495,495,495,495,495,495,495,495,1-9712,11,1-9712,5,10,0,0,0,0.0,0.0
187,187,187,187,187,187,187,187,187,187,187,187,187,187,1-9955,5,1-9955,1,60,0,0,0,0.0,0.0
489,489,489,489,489,489,489,489,489,489,489,489,489,489,1-7521,23,1-7521,17,10,0,0,0,0.0,0.0
284,284,284,284,284,284,284,284,284,284,284,284,284,284,1-2584,18,1-2584,10,36,0,0,0,0.0,0.0
526,526,526,526,526,526,526,526,526,526,526,526,526,526,1-9836,16,1-9836,15,5,0,0,0,0.0,0.0
225,225,225,225,225,225,225,225,225,225,225,225,225,225,1-8767,19,1-8767,4,48,0,0,0,0.0,0.0
485,485,485,485,485,485,485,485,485,485,485,485,485,485,1-4361,5,1-4361,1,10,0,0,0,0.0,0.0
543,543,543,543,543,543,543,543,543,543,543,543,543,543,1-7608,1,1-7608,4,4,0,0,0,0.0,0.0
555,555,555,555,555,555,555,555,555,555,555,555,555,555,1-6028,1,1-6028,7,2,0,0,0,0.0,0.0
556,556,556,556,556,556,556,556,556,556,556,556,556,556,1-9455,2,1-9455,20,2,0,0,0,0.0,0.0
541,541,541,541,541,541,541,541,541,541,541,541,541,541,1-8532,1,1-8532,10,4,0,0,0,0.0,0.0
448,448,448,448,448,448,448,448,448,448,448,448,448,448,MLG42,2,MLG42,11,14,0,0,0,0.0,0.0
463,463,463,463,463,463,463,463,463,463,463,463,463,463,1-20467,14,1-20467,15,13,0,0,0,0.0,0.0
464,464,464,464,464,464,464,464,464,464,464,464,464,464,1-7453,23,1-7453,17,13,0,0,0,0.0,0.0
276,276,276,276,276,276,276,276,276,276,276,276,276,276,1-2573,5,1-2573,1,37,0,0,0,0.0,0.0
523,523,523,523,523,523,523,523,523,523,523,523,523,523,1-3175,8,1-3175,20,6,0,0,0,0.0,0.0
474,474,474,474,474,474,474,474,474,474,474,474,474,474,1-18004,11,1-18004,5,12,0,0,0,0.0,0.0
548,548,548,548,548,548,548,548,548,548,548,548,548,548,1-5914,15,1-5914,14,3,0,0,0,0.0,0.0
313,313,313,313,313,313,313,313,313,313,313,313,313,313,1-8641,12,1-8641,6,30,0,0,0,0.0,0.0
353,353,353,353,353,353,353,353,353,353,353,353,353,353,1-9331,5,1-9331,1,25,0,0,0,0.0,0.0
335,335,335,335,335,335,335,335,335,335,335,335,335,335,1-18735,11,1-18735,5,27,0,0,0,0.0,0.0
164,164,164,164,164,164,164,164,164,164,164,164,164,164,72-0103,5,72-0103,1,71,0,0,0,0.0,0.0
542,542,542,542,542,542,542,542,542,542,542,542,542,542,1-8093,23,1-8093,17,4,0,0,0,0.0,0.0
192,192,192,192,192,192,192,192,192,192,192,192,192,192,1-8021,8,1-8021,20,58,0,0,0,0.0,0.0
558,558,558,558,558,558,558,558,558,558,558,558,558,558,1-10951,1,1-10951,13,1,0,0,0,0.0,0.0
554,554,554,554,554,554,554,554,554,554,554,554,554,554,1-10948,5,1-10948,1,2,0,0,0,0.0,0.0
413,413,413,413,413,413,413,413,413,413,413,413,413,413,1-0022,14,1-0022,15,18,0,0,0,0.0,0.0
522,522,522,522,522,522,522,522,522,522,522,522,522,522,1-3178,5,1-3178,1,6,0,0,0,0.0,0.0
279,279,279,279,279,279,279,279,279,279,279,279,279,279,1-6642,11,1-6642,5,36,0,0,0,0.0,0.0
564,564,564,564,564,564,564,564,564,564,564,564,564,564,1-7527,23,1-7527,17,1,0,0,0,0.0,0.0
461,461,461,461,461,461,461,461,461,461,461,461,461,461,1-2153,15,1-2153,14,13,0,0,0,0.0,0.0
478,478,478,478,478,478,478,478,478,478,478,478,478,478,1-20012,2,1-20012,11,12,0,0,0,0.0,0.0
479,479,479,479,479,479,479,479,479,479,479,479,479,479,1-19598,8,1-19598,20,11,0,0,0,0.0,0.0
271,271,271,271,271,271,271,271,271,271,271,271,271,271,1-5508,5,1-5508,1,38,0,0,0,0.0,0.0
540,540,540,540,540,540,540,540,540,540,540,540,540,540,1-9733,19,1-9733,9,4,0,0,0,0.0,0.0
524,524,524,524,524,524,524,524,524,524,524,524,524,524,1-7525,14,1-7525,15,6,0,0,0,0.0,0.0
240,240,240,240,240,240,240,240,240,240,240,240,240,240,1-8174,10,1-8174,4,45,0,0,0,0.0,0.0
459,459,459,459,459,459,459,459,459,459,459,459,459,459,1-19839,15,1-19839,14,13,0,0,0,0.0,0.0
460,460,460,460,460,460,460,460,460,460,460,460,460,460,1-20791,5,1-20791,1,13,0,0,0,0.0,0.0
547,547,547,547,547,547,547,547,547,547,547,547,547,547,1-9838,1,1-9838,13,3,0,0,0,0.0,0.0
452,452,452,452,452,452,452,452,452,452,452,452,452,452,1-9588,5,1-9588,1,14,0,0,0,0.0,0.0
546,546,546,546,546,546,546,546,546,546,546,546,546,546,1-9034,8,1-9034,20,3,0,0,0,0.0,0.0
530,530,530,530,530,530,530,530,530,530,530,530,530,530,1-3647,10,1-3647,4,5,0,0,0,0.0,0.0
200,200,200,200,200,200,200,200,200,200,200,200,200,200,1-8020,5,1-8020,1,56,0,0,0,0.0,0.0
515,515,515,515,515,515,515,515,515,515,515,515,515,515,1-3646,8,1-3646,20,7,0,0,0,0.0,0.0
531,531,531,531,531,531,531,531,531,531,531,531,531,531,1-4051,15,1-4051,14,5,0,0,0,0.0,0.0
534,534,534,534,534,534,534,534,534,534,534,534,534,534,1-8379,23,1-8379,20,5,0,0,0,0.0,0.0
544,544,544,544,544,544,544,544,544,544,544,544,544,544,1-4910,10,1-4910,4,4,0,0,0,0.0,0.0
553,553,553,553,553,553,553,553,553,553,553,553,553,553,1-4847,12,1-4847,6,2,0,0,0,0.0,0.0
549,549,549,549,549,549,549,549,549,549,549,549,549,549,1-7599,12,1-7599,6,3,0,0,0,0.0,0.0
499,499,499,499,499,499,499,499,499,499,499,499,499,499,1-17645,16,1-17645,16,9,0,0,0,0.0,0.0
494,494,494,494,494,494,494,494,494,494,494,494,494,494,1-6971,5,1-6971,1,10,0,0,0,0.0,0.0
366,366,366,366,366,366,366,366,366,366,366,366,366,366,1-9444,23,1-9444,17,24,0,0,0,0.0,0.0
379,379,379,379,379,379,379,379,379,379,379,379,379,379,1-7182,2,1-7182,11,22,0,0,0,0.0,0.0
536,536,536,536,536,536,536,536,536,536,536,536,536,536,1-10232,12,1-10232,6,5,0,0,0,0.0,0.0
333,333,333,333,333,333,333,333,333,333,333,333,333,333,1-9996,1,1-9996,13,28,0,0,0,0.0,0.0
545,545,545,545,545,545,545,545,545,545,545,545,545,545,1-4926,23,1-4926,19,4,0,0,0,0.0,0.0
527,527,527,527,527,527,527,527,527,527,527,527,527,527,1-17790,23,1-17790,4,5,0,0,0,0.0,0.0
