Unnamed: 0.20,Unnamed: 0.19,Unnamed: 0,Unnamed: 0.1,Unnamed: 0.1.1,Unnamed: 0.1.1.1,Unnamed: 0.18,Unnamed: 0.17,Unnamed: 0.16,Unnamed: 0.15,Unnamed: 0.14,Unnamed: 0.13,Unnamed: 0.12,Unnamed: 0.11,Unnamed: 0.10,Unnamed: 0.9,Unnamed: 0.8,Unnamed: 0.7,Unnamed: 0.6,Unnamed: 0.5,Unnamed: 0.4,Unnamed: 0.3,Unnamed: 0.2,Unnamed: 0.1.1.1.1,Unnamed: 0.1.1.1.1.1,Exam Group,Exam Block,slot,exam,size,b2bs,confs,2i3s,score,score_norm
440,440,440,440,440,440,440,440,440,440,440,440,440,440,440,440,440,440,440,440,440,440,440,440,440,MLG52,20,16,MLG52,125,66,0,10,71.2424019575119,0.5699392156600952
526,526,526,526,526,526,526,526,526,526,526,526,526,526,526,526,526,526,526,526,526,526,526,526,526,1-5002,1,4,1-5002,45,23,0,4,25.09696078300476,0.557710239622328
345,345,345,345,345,345,345,345,345,345,345,345,345,345,345,345,345,345,345,345,345,345,345,345,345,1-1131,17,12,1-1131,138,69,0,10,74.2424019575119,0.5379884199819703
248,248,248,248,248,248,248,248,248,248,248,248,248,248,248,248,248,248,248,248,248,248,248,248,248,1-2400,18,8,1-2400,49,22,0,8,26.19392156600952,0.5345698278777453
381,381,381,381,381,381,381,381,381,381,381,381,381,381,381,381,381,381,381,381,381,381,381,381,381,1-2335,8,5,1-2335,145,59,0,32,75.77568626403809,0.5225909397519868
488,488,488,488,488,488,488,488,488,488,488,488,488,488,488,488,488,488,488,488,488,488,488,488,488,1-11350,4,14,1-11350,100,36,0,28,50.678725481033325,0.5067872548103333
256,256,256,256,256,256,256,256,256,256,256,256,256,256,256,256,256,256,256,256,256,256,256,256,256,1-9277,13,13,1-9277,48,17,0,13,23.815122544765472,0.49614838634928066
327,327,327,327,327,327,327,327,327,327,327,327,327,327,327,327,327,327,327,327,327,327,327,327,327,P-16616,17,21,P-16616,28,12,0,2,13.04848039150238,0.4660171568393707
533,533,533,533,533,533,533,533,533,533,533,533,533,533,533,533,533,533,533,533,533,533,533,533,533,1-7530,6,3,1-7530,25,7,0,8,11.193921566009521,0.44775686264038084
319,319,319,319,319,319,319,319,319,319,319,319,319,319,319,319,319,319,319,319,319,319,319,319,319,1-3584,1,12,1-3584,26,9,0,5,11.621200978755951,0.44696926841369045
459,459,459,459,459,459,459,459,459,459,459,459,459,459,459,459,459,459,459,459,459,459,459,459,459,1-2545,11,7,1-2545,145,54,0,18,63.43632352352142,0.4374918863691133
342,342,342,342,342,342,342,342,342,342,342,342,342,342,342,342,342,342,342,342,342,342,342,342,342,MLG65,5,11,MLG65,201,66,0,40,86.96960783004761,0.4326846160698886
359,359,359,359,359,359,359,359,359,359,359,359,359,359,359,359,359,359,359,359,359,359,359,359,359,1-4417,10,15,1-4417,151,15,0,96,65.32705879211426,0.43262952842459773
362,362,362,362,362,362,362,362,362,362,362,362,362,362,362,362,362,362,362,362,362,362,362,362,362,1-1462,13,13,1-1462,192,29,0,103,82.99674016237259,0.43227468834569055
422,422,422,422,422,422,422,422,422,422,422,422,422,422,422,422,422,422,422,422,422,422,422,422,422,1-6878,10,15,1-6878,167,27,0,82,69.9876960515976,0.41908800030896765
364,364,364,364,364,364,364,364,364,364,364,364,364,364,364,364,364,364,364,364,364,364,364,364,364,1-7682,3,10,1-7682,141,35,0,45,58.59080880880356,0.4155376511262664
423,423,423,423,423,423,423,423,423,423,423,423,423,423,423,423,423,423,423,423,423,423,423,423,423,1-7122,18,8,1-7122,197,14,0,127,80.57850486040115,0.40902794345381294
244,244,244,244,244,244,244,244,244,244,244,244,244,244,244,244,244,244,244,244,244,244,244,244,244,MLG57,2,6,MLG57,629,121,0,238,245.76916658878326,0.39072999457676194
434,434,434,434,434,434,434,434,434,434,434,434,434,434,434,434,434,434,434,434,434,434,434,434,434,MLG59,8,5,MLG59,71,16,0,22,27.533284306526184,0.3877927367116364
427,427,427,427,427,427,427,427,427,427,427,427,427,427,427,427,427,427,427,427,427,427,427,427,427,1-9379,8,5,1-9379,58,12,0,20,22.484803915023804,0.38766903301765177
99,99,99,99,99,99,99,99,99,99,99,99,99,99,99,99,99,99,99,99,99,99,99,99,99,1-5775,5,11,1-5775,244,40,0,101,92.94825977087021,0.3809354908642222
414,414,414,414,414,414,414,414,414,414,414,414,414,414,414,414,414,414,414,414,414,414,414,414,414,1-8285,3,9,1-8285,72,19,0,16,27.387843132019043,0.38038671016693115
236,236,236,236,236,236,236,236,236,236,236,236,236,236,236,236,236,236,236,236,236,236,236,236,236,1-7024,19,10,1-7024,498,62,0,237,186.24492639303207,0.3739857959699439
92,92,92,92,92,92,92,92,92,92,92,92,92,92,92,92,92,92,92,92,92,92,92,92,92,1-7807,6,3,1-7807,239,49,0,77,89.36649507284164,0.37391838942611566
106,106,106,106,106,106,106,106,106,106,106,106,106,106,106,106,106,106,106,106,106,106,106,106,106,MLG69,5,11,MLG69,576,87,0,241,213.34188717603683,0.37038522079173064
349,349,349,349,349,349,349,349,349,349,349,349,349,349,349,349,349,349,349,349,349,349,349,349,349,1-3052,13,13,1-3052,166,22,0,72,59.74529409408569,0.3599114102053355
388,388,388,388,388,388,388,388,388,388,388,388,388,388,388,388,388,388,388,388,388,388,388,388,388,MLG49,8,5,MLG49,185,32,0,62,64.50289213657379,0.3486642818193178
285,285,285,285,285,285,285,285,285,285,285,285,285,285,285,285,285,285,285,285,285,285,285,285,285,1-18615,3,9,1-18615,22,4,0,7,7.669681370258331,0.3486218804662878
109,109,109,109,109,109,109,109,109,109,109,109,109,109,109,109,109,109,109,109,109,109,109,109,109,1-9768,5,11,1-9768,241,21,0,120,83.90882349014282,0.3481693920752814
311,311,311,311,311,311,311,311,311,311,311,311,311,311,311,311,311,311,311,311,311,311,311,311,311,1-20578,15,21,1-20578,19,5,0,3,6.572720587253571,0.34593266248703003
375,375,375,375,375,375,375,375,375,375,375,375,375,375,375,375,375,375,375,375,375,375,375,375,375,MLG14,4,14,MLG14,232,64,0,31,80.2514460682869,0.34591140546675386
360,360,360,360,360,360,360,360,360,360,360,360,360,360,360,360,360,360,360,360,360,360,360,360,360,1-6611,6,3,1-6611,89,16,0,28,30.678725481033325,0.3447047806857677
267,267,267,267,267,267,267,267,267,267,267,267,267,267,267,267,267,267,267,267,267,267,267,267,267,1-6181,10,15,1-6181,659,106,0,225,223.9540440440178,0.33983921706224246
294,294,294,294,294,294,294,294,294,294,294,294,294,294,294,294,294,294,294,294,294,294,294,294,294,1-3509,10,15,1-3509,35,4,0,15,11.863602936267853,0.33896008389336724
250,250,250,250,250,250,250,250,250,250,250,250,250,250,250,250,250,250,250,250,250,250,250,250,250,1-9333,18,8,1-9333,102,8,0,50,34.21200978755951,0.3354118606623481
258,258,258,258,258,258,258,258,258,258,258,258,258,258,258,258,258,258,258,258,258,258,258,258,258,1-9516,13,13,1-9516,76,12,0,25,25.106004893779755,0.3303421696549968
480,480,480,480,480,480,480,480,480,480,480,480,480,480,480,480,480,480,480,480,480,480,480,480,480,1-1005,1,4,1-1005,125,35,0,11,40.76664215326309,0.32613313722610476
394,394,394,394,394,394,394,394,394,394,394,394,394,394,394,394,394,394,394,394,394,394,394,394,394,1-2423,4,14,1-2423,79,21,0,9,25.71816176176071,0.32554635141469257
330,330,330,330,330,330,330,330,330,330,330,330,330,330,330,330,330,330,330,330,330,330,330,330,330,1-4531,13,13,1-4531,94,24,0,12,30.290882349014282,0.3222434292448328
55,55,55,55,55,55,55,55,55,55,55,55,55,55,55,55,55,55,55,55,55,55,55,55,55,1-8095,2,6,1-8095,46,10,0,9,14.718161761760712,0.31996003829914593
437,437,437,437,437,437,437,437,437,437,437,437,437,437,437,437,437,437,437,437,437,437,437,437,437,1-6980,17,12,1-6980,128,34,0,13,40.81512254476547,0.31886814488098025
326,326,326,326,326,326,326,326,326,326,326,326,326,326,326,326,326,326,326,326,326,326,326,326,326,1-8826,6,3,1-8826,123,25,0,27,39.154485285282135,0.31832914866083034
239,239,239,239,239,239,239,239,239,239,239,239,239,239,239,239,239,239,239,239,239,239,239,239,239,1-7042,6,3,1-7042,117,23,0,27,37.154485285282135,0.3175597032930097
266,266,266,266,266,266,266,266,266,266,266,266,266,266,266,266,266,266,266,266,266,266,266,266,266,1-2103,2,6,1-2103,26,3,0,10,8.242401957511902,0.3170154599043039
391,391,391,391,391,391,391,391,391,391,391,391,391,391,391,391,391,391,391,391,391,391,391,391,391,MLG30,10,15,MLG30,208,30,0,68,65.64833331108093,0.31561698707250446
357,357,357,357,357,357,357,357,357,357,357,357,357,357,357,357,357,357,357,357,357,357,357,357,357,1-4760,17,12,1-4760,40,11,0,3,12.57272058725357,0.31431801468133924
246,246,246,246,246,246,246,246,246,246,246,246,246,246,246,246,246,246,246,246,246,246,246,246,246,MLG56,20,16,MLG56,511,137,0,45,160.59080880880356,0.31426772761018307
24,24,24,24,24,24,24,24,24,24,24,24,24,24,24,24,24,24,24,24,24,24,24,24,24,1-7140,4,14,1-7140,397,98,0,51,124.7362499833107,0.31419710323252065
143,143,143,143,143,143,143,143,143,143,143,143,143,143,143,143,143,143,143,143,143,143,143,143,143,1-8928,20,16,1-8928,39,7,0,10,12.242401957511902,0.3139077425003052
150,150,150,150,150,150,150,150,150,150,150,150,150,150,150,150,150,150,150,150,150,150,150,150,150,1-7005,13,13,1-7005,285,48,0,76,87.84225487709045,0.30821843816522965
199,199,199,199,199,199,199,199,199,199,199,199,199,199,199,199,199,199,199,199,199,199,199,199,199,MLG39,9,20,MLG39,23,6,0,2,7.04848039150238,0.3064556691957557
406,406,406,406,406,406,406,406,406,406,406,406,406,406,406,406,406,406,406,406,406,406,406,406,406,1-17907,6,3,1-17907,119,20,0,31,36.251446068286896,0.30463400057383944
227,227,227,227,227,227,227,227,227,227,227,227,227,227,227,227,227,227,227,227,227,227,227,227,227,1-3068,6,3,1-3068,180,27,0,53,54.78473037481308,0.304359613193406
31,31,31,31,31,31,31,31,31,31,31,31,31,31,31,31,31,31,31,31,31,31,31,31,31,1-8938,20,16,1-8938,30,7,0,4,9.09696078300476,0.3032320261001587
160,160,160,160,160,160,160,160,160,160,160,160,160,160,160,160,160,160,160,160,160,160,160,160,160,1-19813,4,14,1-19813,20,5,0,2,6.04848039150238,0.302424019575119
497,497,497,497,497,497,497,497,497,497,497,497,497,497,497,497,497,497,497,497,497,497,497,497,497,1-8493,21,17,1-8493,38,1,0,20,11.484803915023804,0.3022316819743106
157,157,157,157,157,157,157,157,157,157,157,157,157,157,157,157,157,157,157,157,157,157,157,157,157,1-6061,1,4,1-6061,40,11,0,2,12.04848039150238,0.3012120097875595
224,224,224,224,224,224,224,224,224,224,224,224,224,224,224,224,224,224,224,224,224,224,224,224,224,1-9227,13,13,1-9227,801,115,0,237,239.24492639303207,0.29868280448568296
203,203,203,203,203,203,203,203,203,203,203,203,203,203,203,203,203,203,203,203,203,203,203,203,203,1-1250,4,14,1-1250,34,7,0,6,10.145441174507141,0.2983953286619747
153,153,153,153,153,153,153,153,153,153,153,153,153,153,153,153,153,153,153,153,153,153,153,153,153,1-1350,3,9,1-1350,195,36,0,42,58.01808822154999,0.29752865754641017
124,124,124,124,124,124,124,124,124,124,124,124,124,124,124,124,124,124,124,124,124,124,124,124,124,1-8427,3,9,1-8427,189,10,0,88,56.133137226104736,0.2970007260640462
486,486,486,486,486,486,486,486,486,486,486,486,486,486,486,486,486,486,486,486,486,486,486,486,486,1-8678,4,14,1-8678,17,4,0,2,5.04848039150238,0.2969694347942577
44,44,44,44,44,44,44,44,44,44,44,44,44,44,44,44,44,44,44,44,44,44,44,44,44,1-5214,6,3,1-5214,40,4,0,15,11.863602936267853,0.2965900734066963
299,299,299,299,299,299,299,299,299,299,299,299,299,299,299,299,299,299,299,299,299,299,299,299,299,MLG54,17,12,MLG54,595,67,0,208,176.04196071624756,0.2958688415399119
383,383,383,383,383,383,383,383,383,383,383,383,383,383,383,383,383,383,383,383,383,383,383,383,383,1-8551,6,3,1-8551,38,6,0,10,11.242401957511902,0.29585268309241847
494,494,494,494,494,494,494,494,494,494,494,494,494,494,494,494,494,494,494,494,494,494,494,494,494,1-3265,10,15,1-3265,19,3,0,5,5.621200978755951,0.29585268309241847
214,214,214,214,214,214,214,214,214,214,214,214,214,214,214,214,214,214,214,214,214,214,214,214,214,1-0053,1,4,1-0053,142,34,0,14,41.33936274051666,0.2911222728205399
399,399,399,399,399,399,399,399,399,399,399,399,399,399,399,399,399,399,399,399,399,399,399,399,399,MLG60,9,20,MLG60,47,10,0,7,13.669681370258331,0.2908442844735815
163,163,163,163,163,163,163,163,163,163,163,163,163,163,163,163,163,163,163,163,163,163,163,163,163,1-9137,8,5,1-9137,111,28,0,8,32.19392156600952,0.2900353294235092
499,499,499,499,499,499,499,499,499,499,499,499,499,499,499,499,499,499,499,499,499,499,499,499,499,1-8627,3,9,1-8627,25,2,0,10,7.242401957511902,0.28969607830047606
346,346,346,346,346,346,346,346,346,346,346,346,346,346,346,346,346,346,346,346,346,346,346,346,346,MLG32,14,19,MLG32,52,3,0,23,15.057524502277374,0.2895677788899495
514,514,514,514,514,514,514,514,514,514,514,514,514,514,514,514,514,514,514,514,514,514,514,514,514,1-11206,2,6,1-11206,14,3,0,2,4.04848039150238,0.2891771708215986
221,221,221,221,221,221,221,221,221,221,221,221,221,221,221,221,221,221,221,221,221,221,221,221,221,1-8023,10,15,1-8023,16,2,0,5,4.621200978755951,0.28882506117224693
350,350,350,350,350,350,350,350,350,350,350,350,350,350,350,350,350,350,350,350,350,350,350,350,350,1-2282,2,6,1-2282,219,33,0,57,62.88169115781784,0.2871310098530495
397,397,397,397,397,397,397,397,397,397,397,397,397,397,397,397,397,397,397,397,397,397,397,397,397,1-9808,10,15,1-9808,74,7,0,27,21.154485285282135,0.2858714227740829
405,405,405,405,405,405,405,405,405,405,405,405,405,405,405,405,405,405,405,405,405,405,405,405,405,1-3104,5,11,1-3104,16,3,0,3,4.572720587253571,0.28579503670334816
183,183,183,183,183,183,183,183,183,183,183,183,183,183,183,183,183,183,183,183,183,183,183,183,183,1-9496,1,4,1-9496,39,8,0,6,11.145441174507141,0.2857805429360805
291,291,291,291,291,291,291,291,291,291,291,291,291,291,291,291,291,291,291,291,291,291,291,291,291,MLG02,10,15,MLG02,320,35,0,106,90.56946074962616,0.28302956484258174
47,47,47,47,47,47,47,47,47,47,47,47,47,47,47,47,47,47,47,47,47,47,47,47,47,1-19547,20,16,1-19547,66,15,0,7,18.66968137025833,0.28287396015542926
560,560,560,560,560,560,560,560,560,560,560,560,560,560,560,560,560,560,560,560,560,560,560,560,560,1-0027,8,5,1-0027,29,4,0,8,8.193921566009521,0.2825490195175697
511,511,511,511,511,511,511,511,511,511,511,511,511,511,511,511,511,511,511,511,511,511,511,511,511,1-9697,15,21,1-9697,20,3,0,5,5.621200978755951,0.28106004893779757
145,145,145,145,145,145,145,145,145,145,145,145,145,145,145,145,145,145,145,145,145,145,145,145,145,MLG06,18,8,MLG06,18,4,0,2,5.04848039150238,0.28047113286124337
483,483,483,483,483,483,483,483,483,483,483,483,483,483,483,483,483,483,483,483,483,483,483,483,483,1-9491,3,9,1-9491,80,14,0,16,22.387843132019043,0.27984803915023804
379,379,379,379,379,379,379,379,379,379,379,379,379,379,379,379,379,379,379,379,379,379,379,379,379,1-4640,2,6,1-4640,87,17,0,14,24.339362740516663,0.2797627901208812
510,510,510,510,510,510,510,510,510,510,510,510,510,510,510,510,510,510,510,510,510,510,510,510,510,1-3206,4,14,1-3206,45,11,0,3,12.57272058725357,0.27939379082785715
105,105,105,105,105,105,105,105,105,105,105,105,105,105,105,105,105,105,105,105,105,105,105,105,105,1-1258,21,17,1-1258,435,83,0,73,121.26953428983688,0.27878053859732616
29,29,29,29,29,29,29,29,29,29,29,29,29,29,29,29,29,29,29,29,29,29,29,29,29,1-18735,1,4,1-18735,27,7,0,1,7.52424019575119,0.27867556280559963
288,288,288,288,288,288,288,288,288,288,288,288,288,288,288,288,288,288,288,288,288,288,288,288,288,1-8590,5,11,1-8590,24,3,0,7,6.669681370258331,0.27790339042743045
206,206,206,206,206,206,206,206,206,206,206,206,206,206,206,206,206,206,206,206,206,206,206,206,206,1-9752,2,6,1-9752,22,4,0,4,6.096960783004761,0.27713458104567096
243,243,243,243,243,243,243,243,243,243,243,243,243,243,243,243,243,243,243,243,243,243,243,243,243,1-1015,6,3,1-1015,155,16,0,51,42.7362499833107,0.27571774182781095
114,114,114,114,114,114,114,114,114,114,114,114,114,114,114,114,114,114,114,114,114,114,114,114,114,1-7496,6,3,1-7496,246,30,0,72,67.7452940940857,0.27538737436620203
184,184,184,184,184,184,184,184,184,184,184,184,184,184,184,184,184,184,184,184,184,184,184,184,184,1-8074,8,5,1-8074,145,25,0,28,39.678725481033325,0.27364638262781604
251,251,251,251,251,251,251,251,251,251,251,251,251,251,251,251,251,251,251,251,251,251,251,251,251,1-7268,3,9,1-7268,70,5,0,27,19.154485285282135,0.27363550407545906
123,123,123,123,123,123,123,123,123,123,123,123,123,123,123,123,123,123,123,123,123,123,123,123,123,MLG55,2,6,MLG55,92,15,0,19,24.960563719272614,0.2713104752094849
270,270,270,270,270,270,270,270,270,270,270,270,270,270,270,270,270,270,270,270,270,270,270,270,270,1-1390,7,22,1-1390,98,6,0,39,26.445367634296417,0.2698506901458818
286,286,286,286,286,286,286,286,286,286,286,286,286,286,286,286,286,286,286,286,286,286,286,286,286,1-3587,20,3,1-3587,46,5,0,14,12.339362740516663,0.2682470160981883
539,539,539,539,539,539,539,539,539,539,539,539,539,539,539,539,539,539,539,539,539,539,539,539,539,1-9436,9,20,1-9436,21,3,0,5,5.621200978755951,0.2676762370836167
298,298,298,298,298,298,298,298,298,298,298,298,298,298,298,298,298,298,298,298,298,298,298,298,298,1-7019,3,9,1-7019,107,15,0,26,28.630245089530945,0.2675723840143079
164,164,164,164,164,164,164,164,164,164,164,164,164,164,164,164,164,164,164,164,164,164,164,164,164,1-9740,4,14,1-9740,34,7,0,4,9.09696078300476,0.26755767008837533
479,479,479,479,479,479,479,479,479,479,479,479,479,479,479,479,479,479,479,479,479,479,479,479,479,1-9286,3,9,1-9286,81,18,0,7,21.66968137025833,0.2675269304970164
463,463,463,463,463,463,463,463,463,463,463,463,463,463,463,463,463,463,463,463,463,463,463,463,463,1-1989,8,5,1-1989,46,7,0,10,12.242401957511902,0.26613917298938916
552,552,552,552,552,552,552,552,552,552,552,552,552,552,552,552,552,552,552,552,552,552,552,552,552,MLG46,11,7,MLG46,17,4,0,1,4.52424019575119,0.26613177622065826
171,171,171,171,171,171,171,171,171,171,171,171,171,171,171,171,171,171,171,171,171,171,171,171,171,1-8100,20,16,1-8100,19,4,0,2,5.04848039150238,0.26570949428959895
309,309,309,309,309,309,309,309,309,309,309,309,309,309,309,309,309,309,309,309,309,309,309,309,309,1-3516,6,3,1-3516,156,21,0,39,41.44536763429642,0.2656754335531822
170,170,170,170,170,170,170,170,170,170,170,170,170,170,170,170,170,170,170,170,170,170,170,170,170,1-5043,21,17,1-5043,123,11,0,41,32.4938480257988,0.2641776262260065
121,121,121,121,121,121,121,121,121,121,121,121,121,121,121,121,121,121,121,121,121,121,121,121,121,1-7070,3,9,1-7070,129,2,0,61,33.9786519408226,0.2634004026420357
447,447,447,447,447,447,447,447,447,447,447,447,447,447,447,447,447,447,447,447,447,447,447,447,447,1-7152,6,3,1-7152,109,16,0,24,28.581764698028564,0.2622180247525556
545,545,545,545,545,545,545,545,545,545,545,545,545,545,545,545,545,545,545,545,545,545,545,545,545,1-19567,13,13,1-19567,2,0,0,1,0.5242401957511902,0.2621200978755951
149,149,149,149,149,149,149,149,149,149,149,149,149,149,149,149,149,149,149,149,149,149,149,149,149,MLG58,14,19,MLG58,71,7,0,22,18.533284306526184,0.2610321733313547
426,426,426,426,426,426,426,426,426,426,426,426,426,426,426,426,426,426,426,426,426,426,426,426,426,1-4355,11,7,1-4355,49,8,0,9,12.718161761760712,0.25955432166858594
339,339,339,339,339,339,339,339,339,339,339,339,339,339,339,339,339,339,339,339,339,339,339,339,339,1-3523,11,7,1-3523,543,93,0,90,140.18161761760712,0.2581613584117995
398,398,398,398,398,398,398,398,398,398,398,398,398,398,398,398,398,398,398,398,398,398,398,398,398,1-0303,19,10,1-0303,212,39,0,30,54.727205872535706,0.25814719751196086
353,353,353,353,353,353,353,353,353,353,353,353,353,353,353,353,353,353,353,353,353,353,353,353,353,MLG50,20,16,MLG50,319,58,0,46,82.11504900455475,0.25741394672274215
196,196,196,196,196,196,196,196,196,196,196,196,196,196,196,196,196,196,196,196,196,196,196,196,196,1-9646,1,4,1-9646,105,27,0,0,27.0,0.2571428571428571
523,523,523,523,523,523,523,523,523,523,523,523,523,523,523,523,523,523,523,523,523,523,523,523,523,1-9861,19,10,1-9861,8,1,0,2,2.0484803915023804,0.25606004893779755
554,554,554,554,554,554,554,554,554,554,554,554,554,554,554,554,554,554,554,554,554,554,554,554,554,1-10444,1,4,1-10444,8,1,0,2,2.0484803915023804,0.25606004893779755
230,230,230,230,230,230,230,230,230,230,230,230,230,230,230,230,230,230,230,230,230,230,230,230,230,1-3089,10,15,1-3089,16,2,0,4,4.096960783004761,0.25606004893779755
213,213,213,213,213,213,213,213,213,213,213,213,213,213,213,213,213,213,213,213,213,213,213,213,213,1-18563,11,7,1-18563,8,1,0,2,2.0484803915023804,0.25606004893779755
94,94,94,94,94,94,94,94,94,94,94,94,94,94,94,94,94,94,94,94,94,94,94,94,94,1-3083,5,11,1-3083,78,10,0,19,19.960563719272614,0.2559046630675976
302,302,302,302,302,302,302,302,302,302,302,302,302,302,302,302,302,302,302,302,302,302,302,302,302,MLG51,20,16,MLG51,248,49,0,27,63.154485285282135,0.2546551826019441
472,472,472,472,472,472,472,472,472,472,472,472,472,472,472,472,472,472,472,472,472,472,472,472,472,1-9518,4,14,1-9518,22,4,0,3,5.572720587253571,0.25330548123879865
265,265,265,265,265,265,265,265,265,265,265,265,265,265,265,265,265,265,265,265,265,265,265,265,265,1-11330,18,8,1-11330,14,3,0,1,3.52424019575119,0.2517314425536564
412,412,412,412,412,412,412,412,412,412,412,412,412,412,412,412,412,412,412,412,412,412,412,412,412,1-6858,14,1,1-6858,23,0,0,11,5.766642153263092,0.250723571881004
15,15,15,15,15,15,15,15,15,15,15,15,15,15,15,15,15,15,15,15,15,15,15,15,15,1-8093,11,7,1-8093,4,1,0,0,1.0,0.25
508,508,508,508,508,508,508,508,508,508,508,508,508,508,508,508,508,508,508,508,508,508,508,508,508,1-8532,10,15,1-8532,4,1,0,0,1.0,0.25
340,340,340,340,340,340,340,340,340,340,340,340,340,340,340,340,340,340,340,340,340,340,340,340,340,1-3362,6,3,1-3362,117,14,0,29,29.202965676784515,0.2495979972374745
328,328,328,328,328,328,328,328,328,328,328,328,328,328,328,328,328,328,328,328,328,328,328,328,328,1-9497,1,4,1-9497,150,28,0,18,37.43632352352142,0.2495754901568095
415,415,415,415,415,415,415,415,415,415,415,415,415,415,415,415,415,415,415,415,415,415,415,415,415,1-1957,19,10,1-1957,47,7,0,9,11.718161761760712,0.24932259067575982
234,234,234,234,234,234,234,234,234,234,234,234,234,234,234,234,234,234,234,234,234,234,234,234,234,MLG29,1,4,MLG29,164,36,0,9,40.71816176176071,0.24828147415707752
384,384,384,384,384,384,384,384,384,384,384,384,384,384,384,384,384,384,384,384,384,384,384,384,384,1-9270,21,17,1-9270,128,17,0,28,31.678725481033325,0.24749004282057285
228,228,228,228,228,228,228,228,228,228,228,228,228,228,228,228,228,228,228,228,228,228,228,228,228,1-17835,10,15,1-17835,17,0,0,8,4.1939215660095215,0.24670126858879537
293,293,293,293,293,293,293,293,293,293,293,293,293,293,293,293,293,293,293,293,293,293,293,293,293,1-8066,18,15,1-8066,86,9,0,23,21.057524502277374,0.24485493607299272
403,403,403,403,403,403,403,403,403,403,403,403,403,403,403,403,403,403,403,403,403,403,403,403,403,1-1770,20,16,1-1770,35,8,0,1,8.52424019575119,0.24354971987860544
500,500,500,500,500,500,500,500,500,500,500,500,500,500,500,500,500,500,500,500,500,500,500,500,500,1-0292,9,20,1-0292,99,23,0,2,24.04848039150238,0.24291394334850888
314,314,314,314,314,314,314,314,314,314,314,314,314,314,314,314,314,314,314,314,314,314,314,314,314,1-3139,13,13,1-3139,93,11,0,22,22.533284306526184,0.2422933796400665
131,131,131,131,131,131,131,131,131,131,131,131,131,131,131,131,131,131,131,131,131,131,131,131,131,1-9283,19,10,1-9283,235,49,0,15,56.86360293626785,0.24197277845220364
515,515,515,515,515,515,515,515,515,515,515,515,515,515,515,515,515,515,515,515,515,515,515,515,515,1-6531,13,13,1-6531,27,6,0,1,6.52424019575119,0.2416385257685626
290,290,290,290,290,290,290,290,290,290,290,290,290,290,290,290,290,290,290,290,290,290,290,290,290,1-8341,13,13,1-8341,197,16,0,60,47.45441174507141,0.2408853388074691
468,468,468,468,468,468,468,468,468,468,468,468,468,468,468,468,468,468,468,468,468,468,468,468,468,1-6228,7,22,1-6228,48,0,0,22,11.533284306526184,0.24027675638596216
223,223,223,223,223,223,223,223,223,223,223,223,223,223,223,223,223,223,223,223,223,223,223,223,223,1-0205,17,12,1-0205,34,5,0,6,8.145441174507141,0.23957179925021002
141,141,141,141,141,141,141,141,141,141,141,141,141,141,141,141,141,141,141,141,141,141,141,141,141,MLG45,9,20,MLG45,70,12,0,9,16.71816176176071,0.2388308823108673
390,390,390,390,390,390,390,390,390,390,390,390,390,390,390,390,390,390,390,390,390,390,390,390,390,MLG64,14,19,MLG64,245,27,0,60,58.45441174507141,0.23858943569416902
219,219,219,219,219,219,219,219,219,219,219,219,219,219,219,219,219,219,219,219,219,219,219,219,219,1-5653,12,1,1-5653,11,0,0,5,2.621200978755951,0.2382909980687228
320,320,320,320,320,320,320,320,320,320,320,320,320,320,320,320,320,320,320,320,320,320,320,320,320,MLG13,13,13,MLG13,140,16,0,33,33.299926459789276,0.2378566175699234
245,245,245,245,245,245,245,245,245,245,245,245,245,245,245,245,245,245,245,245,245,245,245,245,245,1-6647,11,7,1-6647,62,11,0,7,14.669681370258331,0.2366077640364247
441,441,441,441,441,441,441,441,441,441,441,441,441,441,441,441,441,441,441,441,441,441,441,441,441,1-19166,18,8,1-19166,45,8,0,5,10.621200978755951,0.2360266884167989
371,371,371,371,371,371,371,371,371,371,371,371,371,371,371,371,371,371,371,371,371,371,371,371,371,1-1580,4,14,1-1580,400,39,0,105,94.04522055387497,0.2351130513846874
418,418,418,418,418,418,418,418,418,418,418,418,418,418,418,418,418,418,418,418,418,418,418,418,418,1-6216,4,14,1-6216,45,9,0,3,10.57272058725357,0.23494934638341267
487,487,487,487,487,487,487,487,487,487,487,487,487,487,487,487,487,487,487,487,487,487,487,487,487,1-6900,4,14,1-6900,67,11,0,9,15.718161761760712,0.23459942928001062
341,341,341,341,341,341,341,341,341,341,341,341,341,341,341,341,341,341,341,341,341,341,341,341,341,1-0031,11,7,1-0031,13,2,0,2,3.0484803915023804,0.23449849165402925
352,352,352,352,352,352,352,352,352,352,352,352,352,352,352,352,352,352,352,352,352,352,352,352,352,MLG63,11,7,MLG63,380,46,0,82,88.9876960515976,0.2341781475042042
241,241,241,241,241,241,241,241,241,241,241,241,241,241,241,241,241,241,241,241,241,241,241,241,241,1-19448,15,21,1-19448,45,10,0,1,10.52424019575119,0.23387200435002645
462,462,462,462,462,462,462,462,462,462,462,462,462,462,462,462,462,462,462,462,462,462,462,462,462,1-1183,16,24,1-1183,45,0,0,20,10.484803915023804,0.23299564255608451
542,542,542,542,542,542,542,542,542,542,542,542,542,542,542,542,542,542,542,542,542,542,542,542,542,1-1191,6,3,1-1191,53,7,0,10,12.242401957511902,0.23098871617946984
446,446,446,446,446,446,446,446,446,446,446,446,446,446,446,446,446,446,446,446,446,446,446,446,446,1-3534,6,3,1-3534,279,19,0,86,64.08465683460236,0.229694110518288
81,81,81,81,81,81,81,81,81,81,81,81,81,81,81,81,81,81,81,81,81,81,81,81,81,1-7770,7,22,1-7770,11,2,0,1,2.52424019575119,0.2294763814319264
393,393,393,393,393,393,393,393,393,393,393,393,393,393,393,393,393,393,393,393,393,393,393,393,393,1-7819,3,9,1-7819,59,3,0,20,13.484803915023804,0.2285559985597255
102,102,102,102,102,102,102,102,102,102,102,102,102,102,102,102,102,102,102,102,102,102,102,102,102,1-3564,21,17,1-3564,41,3,0,12,9.290882349014282,0.22660688656132397
321,321,321,321,321,321,321,321,321,321,321,321,321,321,321,321,321,321,321,321,321,321,321,321,321,1-5172,21,17,1-5172,120,2,0,48,27.16352939605713,0.22636274496714273
136,136,136,136,136,136,136,136,136,136,136,136,136,136,136,136,136,136,136,136,136,136,136,136,136,1-9549,10,15,1-9549,18,3,0,2,4.04848039150238,0.22491557730568779
324,324,324,324,324,324,324,324,324,324,324,324,324,324,324,324,324,324,324,324,324,324,324,324,324,1-6734,21,17,1-6734,44,2,0,15,9.863602936267853,0.22417279400608756
39,39,39,39,39,39,39,39,39,39,39,39,39,39,39,39,39,39,39,39,39,39,39,39,39,1-7467,11,7,1-7467,64,7,0,14,14.339362740516663,0.22405254282057285
547,547,547,547,547,547,547,547,547,547,547,547,547,547,547,547,547,547,547,547,547,547,547,547,547,MLG67,9,20,MLG67,27,5,0,2,6.04848039150238,0.22401779227786595
12,12,12,12,12,12,12,12,12,12,12,12,12,12,12,12,12,12,12,12,12,12,12,12,12,MLG84,20,16,MLG84,63,12,0,4,14.09696078300476,0.22376128226991684
85,85,85,85,85,85,85,85,85,85,85,85,85,85,85,85,85,85,85,85,85,85,85,85,85,1-8084,1,4,1-8084,82,11,0,14,18.339362740516663,0.223650765128252
376,376,376,376,376,376,376,376,376,376,376,376,376,376,376,376,376,376,376,376,376,376,376,376,376,1-7874,13,13,1-7874,258,14,0,83,57.511936247348785,0.22291448157887125
435,435,435,435,435,435,435,435,435,435,435,435,435,435,435,435,435,435,435,435,435,435,435,435,435,1-9610,2,6,1-9610,49,2,0,17,10.912083327770233,0.22269557811775986
482,482,482,482,482,482,482,482,482,482,482,482,482,482,482,482,482,482,482,482,482,482,482,482,482,1-4390,9,20,1-4390,45,10,0,0,10.0,0.2222222222222222
448,448,448,448,448,448,448,448,448,448,448,448,448,448,448,448,448,448,448,448,448,448,448,448,448,1-3106,1,4,1-3106,34,7,0,1,7.52424019575119,0.22130118222797618
169,169,169,169,169,169,169,169,169,169,169,169,169,169,169,169,169,169,169,169,169,169,169,169,169,1-9606,1,4,1-9606,16,3,0,1,3.52424019575119,0.2202650122344494
404,404,404,404,404,404,404,404,404,404,404,404,404,404,404,404,404,404,404,404,404,404,404,404,404,1-4682,15,21,1-4682,16,3,0,1,3.52424019575119,0.2202650122344494
133,133,133,133,133,133,133,133,133,133,133,133,133,133,133,133,133,133,133,133,133,133,133,133,133,1-8576,19,10,1-8576,55,10,0,4,12.09696078300476,0.21994474150917748
512,512,512,512,512,512,512,512,512,512,512,512,512,512,512,512,512,512,512,512,512,512,512,512,512,1-3033,17,12,1-3033,7,1,0,1,1.5242401957511902,0.21774859939302718
264,264,264,264,264,264,264,264,264,264,264,264,264,264,264,264,264,264,264,264,264,264,264,264,264,P-0009,7,22,P-0009,7,1,0,1,1.5242401957511902,0.21774859939302718
14,14,14,14,14,14,14,14,14,14,14,14,14,14,14,14,14,14,14,14,14,14,14,14,14,1-6098,1,4,1-6098,1327,208,0,154,288.7329901456833,0.21758326310903037
400,400,400,400,400,400,400,400,400,400,400,400,400,400,400,400,400,400,400,400,400,400,400,400,400,1-18709,1,21,1-18709,33,5,0,4,7.096960783004761,0.21505941766681094
117,117,117,117,117,117,117,117,117,117,117,117,117,117,117,117,117,117,117,117,117,117,117,117,117,1-0358,11,7,1-0358,22,1,0,7,4.669681370258331,0.21225824410265143
374,374,374,374,374,374,374,374,374,374,374,374,374,374,374,374,374,374,374,374,374,374,374,374,374,1-6919,20,16,1-6919,43,8,0,2,9.04848039150238,0.210429776546567
518,518,518,518,518,518,518,518,518,518,518,518,518,518,518,518,518,518,518,518,518,518,518,518,518,1-1850,14,19,1-1850,30,0,0,12,6.290882349014282,0.20969607830047607
532,532,532,532,532,532,532,532,532,532,532,532,532,532,532,532,532,532,532,532,532,532,532,532,532,1-19447,10,15,1-19447,15,0,0,6,3.145441174507141,0.20969607830047607
485,485,485,485,485,485,485,485,485,485,485,485,485,485,485,485,485,485,485,485,485,485,485,485,485,1-5980,1,4,1-5980,29,5,0,2,6.04848039150238,0.20856828936215105
524,524,524,524,524,524,524,524,524,524,524,524,524,524,524,524,524,524,524,524,524,524,524,524,524,1-9338,15,21,1-9338,29,5,0,2,6.04848039150238,0.20856828936215105
26,26,26,26,26,26,26,26,26,26,26,26,26,26,26,26,26,26,26,26,26,26,26,26,26,1-9907,4,14,1-9907,17,3,0,1,3.52424019575119,0.20730824680889354
259,259,259,259,259,259,259,259,259,259,259,259,259,259,259,259,259,259,259,259,259,259,259,259,259,1-3596,5,11,1-3596,223,19,0,51,45.7362499833107,0.20509529140498073
73,73,73,73,73,73,73,73,73,73,73,73,73,73,73,73,73,73,73,73,73,73,73,73,73,1-5355,21,17,1-5355,53,3,0,15,10.863602936267853,0.20497364030694062
382,382,382,382,382,382,382,382,382,382,382,382,382,382,382,382,382,382,382,382,382,382,382,382,382,1-18558,18,8,1-18558,307,46,0,32,62.775686264038086,0.20448106274930972
104,104,104,104,104,104,104,104,104,104,104,104,104,104,104,104,104,104,104,104,104,104,104,104,104,1-8267,14,19,1-8267,133,5,0,42,27.018088221549988,0.20314352046278186
351,351,351,351,351,351,351,351,351,351,351,351,351,351,351,351,351,351,351,351,351,351,351,351,351,1-19229,2,6,1-19229,38,3,0,9,7.718161761760712,0.2031095200463345
198,198,198,198,198,198,198,198,198,198,198,198,198,198,198,198,198,198,198,198,198,198,198,198,198,1-9839,9,20,1-9839,20,3,0,2,4.04848039150238,0.20242401957511902
392,392,392,392,392,392,392,392,392,392,392,392,392,392,392,392,392,392,392,392,392,392,392,392,392,1-9609,1,4,1-9609,25,4,0,2,5.04848039150238,0.2019392156600952
466,466,466,466,466,466,466,466,466,466,466,466,466,466,466,466,466,466,466,466,466,466,466,466,466,1-5981,18,11,1-5981,28,3,0,5,5.621200978755951,0.20075717781271255
444,444,444,444,444,444,444,444,444,444,444,444,444,444,444,444,444,444,444,444,444,444,444,444,444,1-3217,17,12,1-3217,5,1,0,0,1.0,0.2
211,211,211,211,211,211,211,211,211,211,211,211,211,211,211,211,211,211,211,211,211,211,211,211,211,1-5406,6,3,1-5406,10,2,0,0,2.0,0.2
165,165,165,165,165,165,165,165,165,165,165,165,165,165,165,165,165,165,165,165,165,165,165,165,165,1-7721,14,19,1-7721,20,4,0,0,4.0,0.2
216,216,216,216,216,216,216,216,216,216,216,216,216,216,216,216,216,216,216,216,216,216,216,216,216,1-9887,18,8,1-9887,36,5,0,4,7.096960783004761,0.19713779952791002
335,335,335,335,335,335,335,335,335,335,335,335,335,335,335,335,335,335,335,335,335,335,335,335,335,1-8910,2,6,1-8910,137,6,0,40,26.969607830047607,0.19685845131421612
473,473,473,473,473,473,473,473,473,473,473,473,473,473,473,473,473,473,473,473,473,473,473,473,473,1-9452,5,19,1-9452,16,0,0,6,3.145441174507141,0.19659007340669632
147,147,147,147,147,147,147,147,147,147,147,147,147,147,147,147,147,147,147,147,147,147,147,147,147,1-17657,14,19,1-17657,8,0,0,3,1.5727205872535706,0.19659007340669632
161,161,161,161,161,161,161,161,161,161,161,161,161,161,161,161,161,161,161,161,161,161,161,161,161,MLG41,14,19,MLG41,66,4,0,17,12.912083327770233,0.19563762617833685
429,429,429,429,429,429,429,429,429,429,429,429,429,429,429,429,429,429,429,429,429,429,429,429,429,1-6693,1,4,1-6693,98,16,0,6,19.14544117450714,0.19536164463782796
268,268,268,268,268,268,268,268,268,268,268,268,268,268,268,268,268,268,268,268,268,268,268,268,268,MLG44,14,19,MLG44,59,2,0,18,11.436323523521423,0.19383599192409193
138,138,138,138,138,138,138,138,138,138,138,138,138,138,138,138,138,138,138,138,138,138,138,138,138,1-5515,3,9,1-5515,29,3,0,5,5.621200978755951,0.19383451650882588
80,80,80,80,80,80,80,80,80,80,80,80,80,80,80,80,80,80,80,80,80,80,80,80,80,1-9115,13,13,1-9115,16,1,0,4,3.0969607830047607,0.19356004893779755
457,457,457,457,457,457,457,457,457,457,457,457,457,457,457,457,457,457,457,457,457,457,457,457,457,1-8503,9,20,1-8503,16,1,0,4,3.0969607830047607,0.19356004893779755
37,37,37,37,37,37,37,37,37,37,37,37,37,37,37,37,37,37,37,37,37,37,37,37,37,1-5508,2,6,1-5508,38,2,0,10,7.242401957511902,0.19058952519768163
180,180,180,180,180,180,180,180,180,180,180,180,180,180,180,180,180,180,180,180,180,180,180,180,180,1-0037,21,17,1-0037,35,3,0,7,6.669681370258331,0.19056232486452376
527,527,527,527,527,527,527,527,527,527,527,527,527,527,527,527,527,527,527,527,527,527,527,527,527,1-5531,11,14,1-5531,8,1,0,1,1.5242401957511902,0.19053002446889877
269,269,269,269,269,269,269,269,269,269,269,269,269,269,269,269,269,269,269,269,269,269,269,269,269,1-7839,5,11,1-7839,24,3,0,3,4.572720587253571,0.19053002446889877
17,17,17,17,17,17,17,17,17,17,17,17,17,17,17,17,17,17,17,17,17,17,17,17,17,1-18603,1,4,1-18603,19,2,0,3,3.5727205872535706,0.18803792564492477
520,520,520,520,520,520,520,520,520,520,520,520,520,520,520,520,520,520,520,520,520,520,520,520,520,1-2034,1,4,1-2034,16,3,0,0,3.0,0.1875
516,516,516,516,516,516,516,516,516,516,516,516,516,516,516,516,516,516,516,516,516,516,516,516,516,1-5036,17,1,1-5036,14,0,0,5,2.621200978755951,0.1872286413397108
168,168,168,168,168,168,168,168,168,168,168,168,168,168,168,168,168,168,168,168,168,168,168,168,168,1-9655,4,14,1-9655,27,4,0,2,5.04848039150238,0.1869807552408289
380,380,380,380,380,380,380,380,380,380,380,380,380,380,380,380,380,380,380,380,380,380,380,380,380,1-7004,6,3,1-7004,381,20,0,97,70.85129898786545,0.18596141466631352
260,260,260,260,260,260,260,260,260,260,260,260,260,260,260,260,260,260,260,260,260,260,260,260,260,1-0129,21,17,1-0129,142,7,0,37,26.396887242794037,0.18589357213235239
509,509,509,509,509,509,509,509,509,509,509,509,509,509,509,509,509,509,509,509,509,509,509,509,509,1-18935,11,7,1-18935,30,4,0,3,5.572720587253571,0.18575735290845236
28,28,28,28,28,28,28,28,28,28,28,28,28,28,28,28,28,28,28,28,28,28,28,28,28,1-10071,8,5,1-10071,30,5,0,1,5.52424019575119,0.184141339858373
454,454,454,454,454,454,454,454,454,454,454,454,454,454,454,454,454,454,454,454,454,454,454,454,454,1-0272,6,3,1-0272,111,12,0,16,20.387843132019043,0.18367426245062202
386,386,386,386,386,386,386,386,386,386,386,386,386,386,386,386,386,386,386,386,386,386,386,386,386,MLG68,18,8,MLG68,642,79,0,74,117.79377448558807,0.1834793995102618
205,205,205,205,205,205,205,205,205,205,205,205,205,205,205,205,205,205,205,205,205,205,205,205,205,1-8018,19,10,1-8018,58,9,0,3,10.57272058725357,0.18228828598713054
154,154,154,154,154,154,154,154,154,154,154,154,154,154,154,154,154,154,154,154,154,154,154,154,154,1-18994,18,8,1-18994,28,3,0,4,5.096960783004761,0.18203431367874146
540,540,540,540,540,540,540,540,540,540,540,540,540,540,540,540,540,540,540,540,540,540,540,540,540,1-5413,9,20,1-5413,39,5,0,4,7.096960783004761,0.18197335341037849
76,76,76,76,76,76,76,76,76,76,76,76,76,76,76,76,76,76,76,76,76,76,76,76,76,1-8541,11,7,1-8541,232,18,0,46,42.11504900455475,0.1815303836403222
130,130,130,130,130,130,130,130,130,130,130,130,130,130,130,130,130,130,130,130,130,130,130,130,130,1-1833,17,12,1-1833,124,13,0,18,22.436323523521423,0.18093809293162438
207,207,207,207,207,207,207,207,207,207,207,207,207,207,207,207,207,207,207,207,207,207,207,207,207,1-7058,21,17,1-7058,80,5,0,18,14.436323523521423,0.1804540440440178
378,378,378,378,378,378,378,378,378,378,378,378,378,378,378,378,378,378,378,378,378,378,378,378,378,1-6561,21,17,1-6561,65,7,0,9,11.718161761760712,0.18027941171939557
408,408,408,408,408,408,408,408,408,408,408,408,408,408,408,408,408,408,408,408,408,408,408,408,408,MLG53,7,22,MLG53,91,10,0,12,16.290882349014282,0.1790206851540031
300,300,300,300,300,300,300,300,300,300,300,300,300,300,300,300,300,300,300,300,300,300,300,300,300,1-4020,3,9,1-4020,37,4,0,5,6.621200978755951,0.17895137780421488
528,528,528,528,528,528,528,528,528,528,528,528,528,528,528,528,528,528,528,528,528,528,528,528,528,1-6718,2,6,1-6718,20,2,0,3,3.5727205872535706,0.17863602936267853
395,395,395,395,395,395,395,395,395,395,395,395,395,395,395,395,395,395,395,395,395,395,395,395,395,1-6787,1,4,1-6787,56,10,0,0,10.0,0.17857142857142858
344,344,344,344,344,344,344,344,344,344,344,344,344,344,344,344,344,344,344,344,344,344,344,344,344,1-6035,1,21,1-6035,23,2,0,4,4.096960783004761,0.17812872969585916
126,126,126,126,126,126,126,126,126,126,126,126,126,126,126,126,126,126,126,126,126,126,126,126,126,1-8488,8,19,1-8488,23,2,0,4,4.096960783004761,0.17812872969585916
261,261,261,261,261,261,261,261,261,261,261,261,261,261,261,261,261,261,261,261,261,261,261,261,261,1-1942,3,20,1-1942,34,5,0,2,6.04848039150238,0.17789648210301118
272,272,272,272,272,272,272,272,272,272,272,272,272,272,272,272,272,272,272,272,272,272,272,272,272,1-1570,21,17,1-1570,142,10,0,29,25.202965676784515,0.17748567378017263
513,513,513,513,513,513,513,513,513,513,513,513,513,513,513,513,513,513,513,513,513,513,513,513,513,1-8094,5,11,1-8094,58,5,0,10,10.242401957511902,0.17659313719848108
564,564,564,564,564,564,564,564,564,564,564,564,564,564,564,564,564,564,564,564,564,564,564,564,564,1-9034,2,6,1-9034,3,0,0,1,0.5242401957511902,0.17474673191706339
496,496,496,496,496,496,496,496,496,496,496,496,496,496,496,496,496,496,496,496,496,496,496,496,496,1-3176,10,15,1-3176,3,0,0,1,0.5242401957511902,0.17474673191706339
255,255,255,255,255,255,255,255,255,255,255,255,255,255,255,255,255,255,255,255,255,255,255,255,255,1-9946,12,1,1-9946,12,0,0,4,2.0969607830047607,0.17474673191706339
433,433,433,433,433,433,433,433,433,433,433,433,433,433,433,433,433,433,433,433,433,433,433,433,433,1-5654,3,9,1-5654,15,0,0,5,2.621200978755951,0.17474673191706339
84,84,84,84,84,84,84,84,84,84,84,84,84,84,84,84,84,84,84,84,84,84,84,84,84,1-18714,13,13,1-18714,32,4,0,3,5.572720587253571,0.17414751835167408
312,312,312,312,312,312,312,312,312,312,312,312,312,312,312,312,312,312,312,312,312,312,312,312,312,1-3108,5,11,1-3108,18,1,0,4,3.0969607830047607,0.1720533768335978
558,558,558,558,558,558,558,558,558,558,558,558,558,558,558,558,558,558,558,558,558,558,558,558,558,1-0055,3,9,1-0055,18,1,0,4,3.0969607830047607,0.1720533768335978
200,200,200,200,200,200,200,200,200,200,200,200,200,200,200,200,200,200,200,200,200,200,200,200,200,1-4634,15,21,1-4634,48,3,0,10,8.242401957511902,0.1717167074481646
436,436,436,436,436,436,436,436,436,436,436,436,436,436,436,436,436,436,436,436,436,436,436,436,436,1-5161,2,6,1-5161,12,1,0,2,2.0484803915023804,0.17070669929186502
476,476,476,476,476,476,476,476,476,476,476,476,476,476,476,476,476,476,476,476,476,476,476,476,476,1-19205,10,15,1-19205,12,1,0,2,2.0484803915023804,0.17070669929186502
506,506,506,506,506,506,506,506,506,506,506,506,506,506,506,506,506,506,506,506,506,506,506,506,506,1-6227,9,11,1-6227,52,1,0,15,8.863602936267853,0.17045390262053564
363,363,363,363,363,363,363,363,363,363,363,363,363,363,363,363,363,363,363,363,363,363,363,363,363,1-10785,21,17,1-10785,279,27,0,39,47.44536763429642,0.17005508112651047
331,331,331,331,331,331,331,331,331,331,331,331,331,331,331,331,331,331,331,331,331,331,331,331,331,MLG75,9,20,MLG75,185,19,0,23,31.057524502277374,0.16787851082312094
337,337,337,337,337,337,337,337,337,337,337,337,337,337,337,337,337,337,337,337,337,337,337,337,337,1-18613,3,9,1-18613,25,0,0,8,4.1939215660095215,0.16775686264038087
178,178,178,178,178,178,178,178,178,178,178,178,178,178,178,178,178,178,178,178,178,178,178,178,178,1-7525,13,13,1-7525,6,1,0,0,1.0,0.16666666666666666
278,278,278,278,278,278,278,278,278,278,278,278,278,278,278,278,278,278,278,278,278,278,278,278,278,1-10762,1,4,1-10762,6,1,0,0,1.0,0.16666666666666666
475,475,475,475,475,475,475,475,475,475,475,475,475,475,475,475,475,475,475,475,475,475,475,475,475,1-18234,10,10,1-18234,43,4,0,6,7.145441174507141,0.1661730505699335
389,389,389,389,389,389,389,389,389,389,389,389,389,389,389,389,389,389,389,389,389,389,389,389,389,1-0278,14,19,1-0278,79,5,0,15,12.863602936267853,0.16283041691478295
4,4,4,4,4,4,4,4,4,4,4,4,4,4,4,4,4,4,4,4,4,4,4,4,4,1-6240,3,9,1-6240,698,39,0,142,113.442107796669,0.16252450973734814
411,411,411,411,411,411,411,411,411,411,411,411,411,411,411,411,411,411,411,411,411,411,411,411,411,MLG15,20,16,MLG15,105,16,0,2,17.04848039150238,0.1623664799190703
189,189,189,189,189,189,189,189,189,189,189,189,189,189,189,189,189,189,189,189,189,189,189,189,189,1-9156,15,21,1-9156,268,30,0,25,43.106004893779755,0.16084330184246176
356,356,356,356,356,356,356,356,356,356,356,356,356,356,356,356,356,356,356,356,356,356,356,356,356,1-9761,6,13,1-9761,35,3,0,5,5.621200978755951,0.16060574225017002
310,310,310,310,310,310,310,310,310,310,310,310,310,310,310,310,310,310,310,310,310,310,310,310,310,1-4855,3,9,1-4855,22,3,0,1,3.52424019575119,0.16019273617050864
368,368,368,368,368,368,368,368,368,368,368,368,368,368,368,368,368,368,368,368,368,368,368,368,368,1-5197,12,1,1-5197,72,0,0,22,11.533284306526184,0.16018450425730812
396,396,396,396,396,396,396,396,396,396,396,396,396,396,396,396,396,396,396,396,396,396,396,396,396,1-9963,21,17,1-9963,116,11,0,14,18.339362740516663,0.1580979546596264
25,25,25,25,25,25,25,25,25,25,25,25,25,25,25,25,25,25,25,25,25,25,25,25,25,1-9607,18,8,1-9607,19,3,0,0,3.0,0.15789473684210525
370,370,370,370,370,370,370,370,370,370,370,370,370,370,370,370,370,370,370,370,370,370,370,370,370,MLG62,8,5,MLG62,525,44,0,74,82.79377448558807,0.15770242759159633
135,135,135,135,135,135,135,135,135,135,135,135,135,135,135,135,135,135,135,135,135,135,135,135,135,1-9712,4,14,1-9712,10,0,0,3,1.5727205872535706,0.15727205872535704
401,401,401,401,401,401,401,401,401,401,401,401,401,401,401,401,401,401,401,401,401,401,401,401,401,1-7204,18,19,1-7204,26,3,0,2,4.04848039150238,0.1557107842885531
305,305,305,305,305,305,305,305,305,305,305,305,305,305,305,305,305,305,305,305,305,305,305,305,305,1-7866,11,7,1-7866,318,18,0,60,49.45441174507141,0.1555170180662623
474,474,474,474,474,474,474,474,474,474,474,474,474,474,474,474,474,474,474,474,474,474,474,474,474,1-8400,8,5,1-8400,33,3,0,4,5.096960783004761,0.15445335706075033
484,484,484,484,484,484,484,484,484,484,484,484,484,484,484,484,484,484,484,484,484,484,484,484,484,MLG31,9,20,MLG31,33,3,0,4,5.096960783004761,0.15445335706075033
192,192,192,192,192,192,192,192,192,192,192,192,192,192,192,192,192,192,192,192,192,192,192,192,192,1-9770,7,22,1-9770,50,3,0,9,7.718161761760712,0.15436323523521422
470,470,470,470,470,470,470,470,470,470,470,470,470,470,470,470,470,470,470,470,470,470,470,470,470,1-1204,9,20,1-1204,39,6,0,0,6.0,0.15384615384615385
517,517,517,517,517,517,517,517,517,517,517,517,517,517,517,517,517,517,517,517,517,517,517,517,517,1-18028,5,11,1-18028,309,16,0,60,47.45441174507141,0.1535741480423023
562,562,562,562,562,562,562,562,562,562,562,562,562,562,562,562,562,562,562,562,562,562,562,562,562,1-0003,18,8,1-0003,17,1,0,3,2.5727205872535706,0.15133650513256297
72,72,72,72,72,72,72,72,72,72,72,72,72,72,72,72,72,72,72,72,72,72,72,72,72,1-9614,1,4,1-9614,30,4,0,1,4.52424019575119,0.15080800652503967
428,428,428,428,428,428,428,428,428,428,428,428,428,428,428,428,428,428,428,428,428,428,428,428,428,1-2701,3,9,1-2701,61,6,0,6,9.145441174507141,0.14992526515585478
544,544,544,544,544,544,544,544,544,544,544,544,544,544,544,544,544,544,544,544,544,544,544,544,544,1-5799,2,24,1-5799,7,0,0,2,1.0484803915023804,0.14978291307176864
93,93,93,93,93,93,93,93,93,93,93,93,93,93,93,93,93,93,93,93,93,93,93,93,93,1-20003,1,4,1-20003,21,0,0,6,3.145441174507141,0.14978291307176864
166,166,166,166,166,166,166,166,166,166,166,166,166,166,166,166,166,166,166,166,166,166,166,166,166,MLG40,9,20,MLG40,51,5,0,5,7.621200978755951,0.14943531330894022
190,190,190,190,190,190,190,190,190,190,190,190,190,190,190,190,190,190,190,190,190,190,190,190,190,1-2382,7,22,1-2382,139,15,0,11,20.766642153263092,0.14940030326088555
273,273,273,273,273,273,273,273,273,273,273,273,273,273,273,273,273,273,273,273,273,273,273,273,273,1-3589,15,21,1-3589,27,4,0,0,4.0,0.14814814814814814
43,43,43,43,43,43,43,43,43,43,43,43,43,43,43,43,43,43,43,43,43,43,43,43,43,1-8705,9,20,1-8705,48,6,0,2,7.04848039150238,0.14684334148963293
296,296,296,296,296,296,296,296,296,296,296,296,296,296,296,296,296,296,296,296,296,296,296,296,296,1-9404,12,1,1-9404,100,0,0,28,14.678725481033325,0.14678725481033325
225,225,225,225,225,225,225,225,225,225,225,225,225,225,225,225,225,225,225,225,225,225,225,225,225,1-9650,16,24,1-9650,25,0,0,7,3.6696813702583313,0.14678725481033325
139,139,139,139,139,139,139,139,139,139,139,139,139,139,139,139,139,139,139,139,139,139,139,139,139,1-7863,21,17,1-7863,351,21,0,58,51.40593135356903,0.14645564488196305
491,491,491,491,491,491,491,491,491,491,491,491,491,491,491,491,491,491,491,491,491,491,491,491,491,MLG09,2,6,MLG09,125,12,0,12,18.290882349014282,0.14632705879211425
304,304,304,304,304,304,304,304,304,304,304,304,304,304,304,304,304,304,304,304,304,304,304,304,304,1-19004,10,15,1-19004,60,5,0,7,8.669681370258331,0.14449468950430552
187,187,187,187,187,187,187,187,187,187,187,187,187,187,187,187,187,187,187,187,187,187,187,187,187,1-7321,2,6,1-7321,7,1,0,0,1.0,0.14285714285714285
125,125,125,125,125,125,125,125,125,125,125,125,125,125,125,125,125,125,125,125,125,125,125,125,125,1-8622,19,15,1-8622,54,4,0,7,7.669681370258331,0.1420311364862654
531,531,531,531,531,531,531,531,531,531,531,531,531,531,531,531,531,531,531,531,531,531,531,531,531,1-5891,3,9,1-5891,96,11,0,5,13.621200978755951,0.1418875101953745
2,2,2,2,2,2,2,2,2,2,2,2,2,2,2,2,2,2,2,2,2,2,2,2,2,MLG17,5,11,MLG17,153,7,0,28,21.678725481033325,0.14169101621590408
152,152,152,152,152,152,152,152,152,152,152,152,152,152,152,152,152,152,152,152,152,152,152,152,152,1-9500,5,11,1-9500,33,1,0,7,4.669681370258331,0.1415054960684343
430,430,430,430,430,430,430,430,430,430,430,430,430,430,430,430,430,430,430,430,430,430,430,430,430,1-3141,21,17,1-3141,136,6,0,25,19.106004893779755,0.14048533010132172
507,507,507,507,507,507,507,507,507,507,507,507,507,507,507,507,507,507,507,507,507,507,507,507,507,1-6909,20,16,1-6909,36,4,0,2,5.04848039150238,0.14023556643062168
257,257,257,257,257,257,257,257,257,257,257,257,257,257,257,257,257,257,257,257,257,257,257,257,257,1-9504,2,6,1-9504,30,0,0,8,4.1939215660095215,0.1397973855336507
132,132,132,132,132,132,132,132,132,132,132,132,132,132,132,132,132,132,132,132,132,132,132,132,132,1-9110,9,20,1-9110,29,3,0,2,4.04848039150238,0.13960277212077174
128,128,128,128,128,128,128,128,128,128,128,128,128,128,128,128,128,128,128,128,128,128,128,128,128,1-19286,9,20,1-19286,40,4,0,3,5.572720587253571,0.13931801468133925
534,534,534,534,534,534,534,534,534,534,534,534,534,534,534,534,534,534,534,534,534,534,534,534,534,1-9457,4,14,1-9457,11,1,0,1,1.5242401957511902,0.13856729052283548
108,108,108,108,108,108,108,108,108,108,108,108,108,108,108,108,108,108,108,108,108,108,108,108,108,1-9731,5,11,1-9731,11,1,0,1,1.5242401957511902,0.13856729052283548
217,217,217,217,217,217,217,217,217,217,217,217,217,217,217,217,217,217,217,217,217,217,217,217,217,1-9630,9,20,1-9630,33,3,0,3,4.572720587253571,0.13856729052283548
27,27,27,27,27,27,27,27,27,27,27,27,27,27,27,27,27,27,27,27,27,27,27,27,27,1-18409,10,15,1-18409,22,2,0,2,3.0484803915023804,0.13856729052283548
202,202,202,202,202,202,202,202,202,202,202,202,202,202,202,202,202,202,202,202,202,202,202,202,202,1-8988,4,14,1-8988,29,4,0,0,4.0,0.13793103448275862
193,193,193,193,193,193,193,193,193,193,193,193,193,193,193,193,193,193,193,193,193,193,193,193,193,1-9553,6,17,1-9553,23,0,0,6,3.145441174507141,0.13675831193509308
316,316,316,316,316,316,316,316,316,316,316,316,316,316,316,316,316,316,316,316,316,316,316,316,316,1-7441,21,17,1-7441,111,12,0,6,15.145441174507141,0.13644541598655083
97,97,97,97,97,97,97,97,97,97,97,97,97,97,97,97,97,97,97,97,97,97,97,97,97,1-9237,7,22,1-9237,38,2,0,6,5.145441174507141,0.13540634669755636
489,489,489,489,489,489,489,489,489,489,489,489,489,489,489,489,489,489,489,489,489,489,489,489,489,1-9578,2,6,1-9578,42,2,0,7,5.669681370258331,0.13499241357757932
282,282,282,282,282,282,282,282,282,282,282,282,282,282,282,282,282,282,282,282,282,282,282,282,282,1-1608,15,21,1-1608,307,33,0,16,41.38784313201904,0.134813821276935
443,443,443,443,443,443,443,443,443,443,443,443,443,443,443,443,443,443,443,443,443,443,443,443,443,1-3447,17,12,1-3447,110,8,0,13,14.815122544765472,0.13468293222514066
96,96,96,96,96,96,96,96,96,96,96,96,96,96,96,96,96,96,96,96,96,96,96,96,96,MLG37,9,20,MLG37,116,13,0,5,15.621200978755951,0.13466552567893061
188,188,188,188,188,188,188,188,188,188,188,188,188,188,188,188,188,188,188,188,188,188,188,188,188,1-20167,1,4,1-20167,56,7,0,1,7.52424019575119,0.13436143206698553
209,209,209,209,209,209,209,209,209,209,209,209,209,209,209,209,209,209,209,209,209,209,209,209,209,1-9938,12,1,1-9938,55,0,0,14,7.339362740516663,0.13344295891848476
191,191,191,191,191,191,191,191,191,191,191,191,191,191,191,191,191,191,191,191,191,191,191,191,191,1-8328,15,21,1-8328,114,13,0,4,15.09696078300476,0.13242948055267334
253,253,253,253,253,253,253,253,253,253,253,253,253,253,253,253,253,253,253,253,253,253,253,253,253,1-4649,17,12,1-4649,244,19,0,25,32.106004893779755,0.13158198726958917
176,176,176,176,176,176,176,176,176,176,176,176,176,176,176,176,176,176,176,176,176,176,176,176,176,1-8042,16,24,1-8042,52,0,0,13,6.815122544765472,0.13106004893779755
449,449,449,449,449,449,449,449,449,449,449,449,449,449,449,449,449,449,449,449,449,449,449,449,449,1-1935,5,11,1-1935,12,0,0,3,1.5727205872535706,0.13106004893779755
10,10,10,10,10,10,10,10,10,10,10,10,10,10,10,10,10,10,10,10,10,10,10,10,10,1-7964,18,8,1-7964,202,20,0,12,26.290882349014282,0.1301528829159123
232,232,232,232,232,232,232,232,232,232,232,232,232,232,232,232,232,232,232,232,232,232,232,232,232,1-18371,7,22,1-18371,120,3,0,24,15.581764698028564,0.12984803915023804
432,432,432,432,432,432,432,432,432,432,432,432,432,432,432,432,432,432,432,432,432,432,432,432,432,1-6914,12,1,1-6914,73,0,0,18,9.436323523521423,0.12926470580166333
88,88,88,88,88,88,88,88,88,88,88,88,88,88,88,88,88,88,88,88,88,88,88,88,88,1-5626,21,17,1-5626,125,3,0,25,16.106004893779755,0.12884803915023804
451,451,451,451,451,451,451,451,451,451,451,451,451,451,451,451,451,451,451,451,451,451,451,451,451,1-4098,2,6,1-4098,16,1,0,2,2.0484803915023804,0.12803002446889877
113,113,113,113,113,113,113,113,113,113,113,113,113,113,113,113,113,113,113,113,113,113,113,113,113,1-4499,21,17,1-4499,12,1,0,1,1.5242401957511902,0.12702001631259918
445,445,445,445,445,445,445,445,445,445,445,445,445,445,445,445,445,445,445,445,445,445,445,445,445,1-6538,3,9,1-6538,44,4,0,3,5.572720587253571,0.12665274061939932
62,62,62,62,62,62,62,62,62,62,62,62,62,62,62,62,62,62,62,62,62,62,62,62,62,1-9818,14,19,1-9818,28,3,0,1,3.52424019575119,0.1258657212768282
419,419,419,419,419,419,419,419,419,419,419,419,419,419,419,419,419,419,419,419,419,419,419,419,419,1-6692,7,22,1-6692,71,1,0,15,8.863602936267853,0.12483947797560356
407,407,407,407,407,407,407,407,407,407,407,407,407,407,407,407,407,407,407,407,407,407,407,407,407,1-8421,8,17,1-8421,109,5,0,16,13.387843132019043,0.1228242489176059
65,65,65,65,65,65,65,65,65,65,65,65,65,65,65,65,65,65,65,65,65,65,65,65,65,1-8659,7,22,1-8659,91,8,0,6,11.145441174507141,0.12247737554403451
332,332,332,332,332,332,332,332,332,332,332,332,332,332,332,332,332,332,332,332,332,332,332,332,332,MLG78,9,20,MLG78,80,5,0,9,9.718161761760712,0.1214770220220089
54,54,54,54,54,54,54,54,54,54,54,54,54,54,54,54,54,54,54,54,54,54,54,54,54,1-8125,8,5,1-8125,21,2,0,1,2.52424019575119,0.12020191408339001
86,86,86,86,86,86,86,86,86,86,86,86,86,86,86,86,86,86,86,86,86,86,86,86,86,1-9345,1,4,1-9345,47,3,0,5,5.621200978755951,0.1196000208245947
61,61,61,61,61,61,61,61,61,61,61,61,61,61,61,61,61,61,61,61,61,61,61,61,61,1-7341,2,6,1-7341,110,12,0,2,13.04848039150238,0.118622549013658
242,242,242,242,242,242,242,242,242,242,242,242,242,242,242,242,242,242,242,242,242,242,242,242,242,1-20791,5,11,1-20791,13,1,0,1,1.5242401957511902,0.11724924582701463
1,1,1,1,1,1,1,1,1,1,1,1,1,1,1,1,1,1,1,1,1,1,1,1,1,1-9185,15,21,1-9185,31,3,0,1,3.52424019575119,0.1136851676048771
333,333,333,333,333,333,333,333,333,333,333,333,333,333,333,333,333,333,333,333,333,333,333,333,333,1-11329,5,11,1-11329,14,0,0,3,1.5727205872535706,0.11233718480382647
134,134,134,134,134,134,134,134,134,134,134,134,134,134,134,134,134,134,134,134,134,134,134,134,134,1-9465,4,14,1-9465,18,2,0,0,2.0,0.1111111111111111
361,361,361,361,361,361,361,361,361,361,361,361,361,361,361,361,361,361,361,361,361,361,361,361,361,1-0008,18,8,1-0008,230,19,0,12,25.290882349014282,0.10996035803919253
122,122,122,122,122,122,122,122,122,122,122,122,122,122,122,122,122,122,122,122,122,122,122,122,122,MLG42,3,9,MLG42,14,1,0,1,1.5242401957511902,0.10887429969651359
208,208,208,208,208,208,208,208,208,208,208,208,208,208,208,208,208,208,208,208,208,208,208,208,208,1-10468,12,1,1-10468,549,0,0,114,59.76338231563568,0.1088586198827608
329,329,329,329,329,329,329,329,329,329,329,329,329,329,329,329,329,329,329,329,329,329,329,329,329,1-1317,12,1,1-1317,414,0,0,85,44.560416638851166,0.10763385661558253
58,58,58,58,58,58,58,58,58,58,58,58,58,58,58,58,58,58,58,58,58,58,58,58,58,1-17733,12,1,1-17733,74,0,0,15,7.863602936267853,0.10626490454416017
283,283,283,283,283,283,283,283,283,283,283,283,283,283,283,283,283,283,283,283,283,283,283,283,283,1-3535,7,22,1-3535,315,7,0,50,33.21200978755951,0.10543495170653812
287,287,287,287,287,287,287,287,287,287,287,287,287,287,287,287,287,287,287,287,287,287,287,287,287,1-9836,20,16,1-9836,5,0,0,1,0.5242401957511902,0.10484803915023803
438,438,438,438,438,438,438,438,438,438,438,438,438,438,438,438,438,438,438,438,438,438,438,438,438,MLG10,16,24,MLG10,60,0,0,12,6.290882349014282,0.10484803915023803
313,313,313,313,313,313,313,313,313,313,313,313,313,313,313,313,313,313,313,313,313,313,313,313,313,1-7521,7,22,1-7521,10,0,0,2,1.0484803915023804,0.10484803915023803
284,284,284,284,284,284,284,284,284,284,284,284,284,284,284,284,284,284,284,284,284,284,284,284,284,1-4136,14,19,1-4136,5,0,0,1,0.5242401957511902,0.10484803915023803
387,387,387,387,387,387,387,387,387,387,387,387,387,387,387,387,387,387,387,387,387,387,387,387,387,1-10539,11,7,1-10539,63,6,0,1,6.52424019575119,0.10355936818652683
182,182,182,182,182,182,182,182,182,182,182,182,182,182,182,182,182,182,182,182,182,182,182,182,182,1-7752,19,10,1-7752,29,3,0,0,3.0,0.10344827586206896
110,110,110,110,110,110,110,110,110,110,110,110,110,110,110,110,110,110,110,110,110,110,110,110,110,72-18936,17,12,72-18936,20,1,0,2,2.0484803915023804,0.10242401957511901
197,197,197,197,197,197,197,197,197,197,197,197,197,197,197,197,197,197,197,197,197,197,197,197,197,1-8646,8,19,1-8646,20,1,0,2,2.0484803915023804,0.10242401957511901
303,303,303,303,303,303,303,303,303,303,303,303,303,303,303,303,303,303,303,303,303,303,303,303,303,1-8157,15,21,1-8157,75,4,0,7,7.669681370258331,0.10226241827011108
536,536,536,536,536,536,536,536,536,536,536,536,536,536,536,536,536,536,536,536,536,536,536,536,536,1-9971,20,10,1-9971,15,1,0,1,1.5242401957511902,0.10161601305007935
8,8,8,8,8,8,8,8,8,8,8,8,8,8,8,8,8,8,8,8,8,8,8,8,8,1-8181,1,4,1-8181,30,2,0,2,3.0484803915023804,0.10161601305007935
471,471,471,471,471,471,471,471,471,471,471,471,471,471,471,471,471,471,471,471,471,471,471,471,471,1-9794,9,22,1-9794,46,2,0,5,4.621200978755951,0.10046089084252068
13,13,13,13,13,13,13,13,13,13,13,13,13,13,13,13,13,13,13,13,13,13,13,13,13,1-9805,21,17,1-9805,26,1,0,3,2.5727205872535706,0.09895079181744502
33,33,33,33,33,33,33,33,33,33,33,33,33,33,33,33,33,33,33,33,33,33,33,33,33,1-7991,20,16,1-7991,46,4,0,1,4.52424019575119,0.09835304773372153
334,334,334,334,334,334,334,334,334,334,334,334,334,334,334,334,334,334,334,334,334,334,334,334,334,1-20641,1,4,1-20641,16,0,0,3,1.5727205872535706,0.09829503670334816
151,151,151,151,151,151,151,151,151,151,151,151,151,151,151,151,151,151,151,151,151,151,151,151,151,1-9870,3,9,1-9870,27,0,0,5,2.621200978755951,0.09708151773170189
111,111,111,111,111,111,111,111,111,111,111,111,111,111,111,111,111,111,111,111,111,111,111,111,111,1-19897,6,3,1-19897,53,3,0,4,5.096960783004761,0.09616907137744832
529,529,529,529,529,529,529,529,529,529,529,529,529,529,529,529,529,529,529,529,529,529,529,529,529,1-6217,16,24,1-6217,44,0,0,8,4.1939215660095215,0.09531639922748912
343,343,343,343,343,343,343,343,343,343,343,343,343,343,343,343,343,343,343,343,343,343,343,343,343,1-4319,12,1,1-4319,163,0,0,29,15.202965676784515,0.0932697280784326
11,11,11,11,11,11,11,11,11,11,11,11,11,11,11,11,11,11,11,11,11,11,11,11,11,1-9722,11,7,1-9722,22,1,0,2,2.0484803915023804,0.09311274506829002
295,295,295,295,295,295,295,295,295,295,295,295,295,295,295,295,295,295,295,295,295,295,295,295,295,1-3639,2,6,1-3639,17,0,0,3,1.5727205872535706,0.09251297572079827
263,263,263,263,263,263,263,263,263,263,263,263,263,263,263,263,263,263,263,263,263,263,263,263,263,1-6927,12,1,1-6927,179,0,0,31,16.251446068286896,0.09079020149880947
385,385,385,385,385,385,385,385,385,385,385,385,385,385,385,385,385,385,385,385,385,385,385,385,385,1-6974,7,22,1-6974,207,6,0,24,18.581764698028564,0.0897669792175293
354,354,354,354,354,354,354,354,354,354,354,354,354,354,354,354,354,354,354,354,354,354,354,354,354,1-9417,12,1,1-9417,76,0,0,13,6.815122544765472,0.08967266506270359
322,322,322,322,322,322,322,322,322,322,322,322,322,322,322,322,322,322,322,322,322,322,322,322,322,1-0296,8,24,1-0296,41,0,0,7,3.6696813702583313,0.08950442366483735
420,420,420,420,420,420,420,420,420,420,420,420,420,420,420,420,420,420,420,420,420,420,420,420,420,1-8172,2,20,1-8172,40,2,0,3,3.5727205872535706,0.08931801468133926
501,501,501,501,501,501,501,501,501,501,501,501,501,501,501,501,501,501,501,501,501,501,501,501,501,1-18487,19,19,1-18487,23,1,0,2,2.0484803915023804,0.08906436484792958
355,355,355,355,355,355,355,355,355,355,355,355,355,355,355,355,355,355,355,355,355,355,355,355,355,1-9498,21,17,1-9498,64,2,0,7,5.669681370258331,0.08858877141028643
478,478,478,478,478,478,478,478,478,478,478,478,478,478,478,478,478,478,478,478,478,478,478,478,478,1-9394,7,22,1-9394,117,3,0,14,10.339362740516663,0.08837062171381763
481,481,481,481,481,481,481,481,481,481,481,481,481,481,481,481,481,481,481,481,481,481,481,481,481,1-10038,17,12,1-10038,76,3,0,7,6.669681370258331,0.08775896539813594
477,477,477,477,477,477,477,477,477,477,477,477,477,477,477,477,477,477,477,477,477,477,477,477,477,1-9055,11,19,1-9055,12,0,0,2,1.0484803915023804,0.08737336595853169
549,549,549,549,549,549,549,549,549,549,549,549,549,549,549,549,549,549,549,549,549,549,549,549,549,1-4842,5,11,1-4842,6,0,0,1,0.5242401957511902,0.08737336595853169
490,490,490,490,490,490,490,490,490,490,490,490,490,490,490,490,490,490,490,490,490,490,490,490,490,1-3551,1,1,1-3551,6,0,0,1,0.5242401957511902,0.08737336595853169
95,95,95,95,95,95,95,95,95,95,95,95,95,95,95,95,95,95,95,95,95,95,95,95,95,1-3312,12,1,1-3312,36,0,0,6,3.145441174507141,0.08737336595853169
460,460,460,460,460,460,460,460,460,460,460,460,460,460,460,460,460,460,460,460,460,460,460,460,460,1-7993,7,17,1-7993,24,0,0,4,2.0969607830047607,0.08737336595853169
417,417,417,417,417,417,417,417,417,417,417,417,417,417,417,417,417,417,417,417,417,417,417,417,417,1-10451,18,8,1-10451,46,4,0,0,4.0,0.08695652173913043
63,63,63,63,63,63,63,63,63,63,63,63,63,63,63,63,63,63,63,63,63,63,63,63,63,1-7066,15,21,1-7066,23,2,0,0,2.0,0.08695652173913043
78,78,78,78,78,78,78,78,78,78,78,78,78,78,78,78,78,78,78,78,78,78,78,78,78,1-4088,2,6,1-4088,30,1,0,3,2.5727205872535706,0.08575735290845235
172,172,172,172,172,172,172,172,172,172,172,172,172,172,172,172,172,172,172,172,172,172,172,172,172,1-8573,12,1,1-8573,184,0,0,30,15.727205872535706,0.08547394495943318
347,347,347,347,347,347,347,347,347,347,347,347,347,347,347,347,347,347,347,347,347,347,347,347,347,1-8188,14,19,1-8188,140,2,0,19,11.960563719272614,0.08543259799480438
201,201,201,201,201,201,201,201,201,201,201,201,201,201,201,201,201,201,201,201,201,201,201,201,201,1-9902,2,14,1-9902,30,2,0,1,2.52424019575119,0.08414133985837301
450,450,450,450,450,450,450,450,450,450,450,450,450,450,450,450,450,450,450,450,450,450,450,450,450,1-2297,8,1,1-2297,25,0,0,4,2.0969607830047607,0.08387843132019043
424,424,424,424,424,424,424,424,424,424,424,424,424,424,424,424,424,424,424,424,424,424,424,424,424,1-4700,6,3,1-4700,31,1,0,3,2.5727205872535706,0.08299098668559905
144,144,144,144,144,144,144,144,144,144,144,144,144,144,144,144,144,144,144,144,144,144,144,144,144,1-7744,10,15,1-7744,37,2,0,2,3.0484803915023804,0.08239136193249677
318,318,318,318,318,318,318,318,318,318,318,318,318,318,318,318,318,318,318,318,318,318,318,318,318,1-2324,15,9,1-2324,25,1,0,2,2.0484803915023804,0.08193921566009521
50,50,50,50,50,50,50,50,50,50,50,50,50,50,50,50,50,50,50,50,50,50,50,50,50,1-8174,12,1,1-8174,45,0,0,7,3.6696813702583313,0.08154847489462959
51,51,51,51,51,51,51,51,51,51,51,51,51,51,51,51,51,51,51,51,51,51,51,51,51,1-9925,12,1,1-9925,93,0,0,14,7.339362740516663,0.07891787893028669
162,162,162,162,162,162,162,162,162,162,162,162,162,162,162,162,162,162,162,162,162,162,162,162,162,1-8067,12,1,1-8067,322,0,0,48,25.16352939605713,0.0781476068200532
0,0,0,0,0,0,0,0,0,0,0,0,0,0,0,0,0,0,0,0,0,0,0,0,0,72-0103,14,19,72-0103,71,5,0,1,5.52424019575119,0.07780619994015761
456,456,456,456,456,456,456,456,456,456,456,456,456,456,456,456,456,456,456,456,456,456,456,456,456,1-8186,4,14,1-8186,26,2,0,0,2.0,0.07692307692307693
69,69,69,69,69,69,69,69,69,69,69,69,69,69,69,69,69,69,69,69,69,69,69,69,69,1-18498,5,11,1-18498,13,1,0,0,1.0,0.07692307692307693
338,338,338,338,338,338,338,338,338,338,338,338,338,338,338,338,338,338,338,338,338,338,338,338,338,1-6296,16,24,1-6296,254,0,0,37,19.396887242794037,0.07636569780627574
409,409,409,409,409,409,409,409,409,409,409,409,409,409,409,409,409,409,409,409,409,409,409,409,409,1-9645,16,24,1-9645,69,0,0,10,5.242401957511902,0.07597683996394061
367,367,367,367,367,367,367,367,367,367,367,367,367,367,367,367,367,367,367,367,367,367,367,367,367,1-8544,1,4,1-8544,54,2,0,4,4.096960783004761,0.07586964412971779
307,307,307,307,307,307,307,307,307,307,307,307,307,307,307,307,307,307,307,307,307,307,307,307,307,1-5530,19,17,1-5530,7,0,0,1,0.5242401957511902,0.07489145653588432
306,306,306,306,306,306,306,306,306,306,306,306,306,306,306,306,306,306,306,306,306,306,306,306,306,1-18377,20,24,1-18377,14,0,0,2,1.0484803915023804,0.07489145653588432
22,22,22,22,22,22,22,22,22,22,22,22,22,22,22,22,22,22,22,22,22,22,22,22,22,1-7995,14,19,1-7995,14,0,0,2,1.0484803915023804,0.07489145653588432
64,64,64,64,64,64,64,64,64,64,64,64,64,64,64,64,64,64,64,64,64,64,64,64,64,1-9674,12,1,1-9674,144,0,0,20,10.484803915023804,0.07281113829877642
173,173,173,173,173,173,173,173,173,173,173,173,173,173,173,173,173,173,173,173,173,173,173,173,173,1-9588,6,3,1-9588,14,1,0,0,1.0,0.07142857142857142
521,521,521,521,521,521,521,521,521,521,521,521,521,521,521,521,521,521,521,521,521,521,521,521,521,1-19549,20,16,1-19549,29,1,0,2,2.0484803915023804,0.07063725487939243
416,416,416,416,416,416,416,416,416,416,416,416,416,416,416,416,416,416,416,416,416,416,416,416,416,1-18203,19,5,1-18203,29,1,0,2,2.0484803915023804,0.07063725487939243
461,461,461,461,461,461,461,461,461,461,461,461,461,461,461,461,461,461,461,461,461,461,461,461,461,1-9651,16,24,1-9651,38,0,0,5,2.621200978755951,0.0689789731251566
421,421,421,421,421,421,421,421,421,421,421,421,421,421,421,421,421,421,421,421,421,421,421,421,421,1-8398,7,22,1-8398,54,0,0,7,3.6696813702583313,0.06795706241219132
90,90,90,90,90,90,90,90,90,90,90,90,90,90,90,90,90,90,90,90,90,90,90,90,90,1-19222,4,14,1-19222,15,1,0,0,1.0,0.06666666666666667
142,142,142,142,142,142,142,142,142,142,142,142,142,142,142,142,142,142,142,142,142,142,142,142,142,P-16454,5,11,P-16454,8,0,0,1,0.5242401957511902,0.06553002446889877
137,137,137,137,137,137,137,137,137,137,137,137,137,137,137,137,137,137,137,137,137,137,137,137,137,1-1972,2,6,1-1972,32,0,0,4,2.0969607830047607,0.06553002446889877
98,98,98,98,98,98,98,98,98,98,98,98,98,98,98,98,98,98,98,98,98,98,98,98,98,1-8127,7,22,1-8127,32,0,0,4,2.0969607830047607,0.06553002446889877
366,366,366,366,366,366,366,366,366,366,366,366,366,366,366,366,366,366,366,366,366,366,366,366,366,1-5163,16,24,1-5163,16,0,0,2,1.0484803915023804,0.06553002446889877
292,292,292,292,292,292,292,292,292,292,292,292,292,292,292,292,292,292,292,292,292,292,292,292,292,1-9997,2,6,1-9997,16,0,0,2,1.0484803915023804,0.06553002446889877
537,537,537,537,537,537,537,537,537,537,537,537,537,537,537,537,537,537,537,537,537,537,537,537,537,1-4494,3,24,1-4494,16,0,0,2,1.0484803915023804,0.06553002446889877
315,315,315,315,315,315,315,315,315,315,315,315,315,315,315,315,315,315,315,315,315,315,315,315,315,1-1769,12,1,1-1769,89,0,0,11,5.766642153263092,0.06479373205913587
67,67,67,67,67,67,67,67,67,67,67,67,67,67,67,67,67,67,67,67,67,67,67,67,67,1-7481,19,11,1-7481,33,0,0,4,2.0969607830047607,0.06354426615165942
425,425,425,425,425,425,425,425,425,425,425,425,425,425,425,425,425,425,425,425,425,425,425,425,425,1-6006,15,21,1-6006,57,1,0,5,3.621200978755951,0.06352984173256054
301,301,301,301,301,301,301,301,301,301,301,301,301,301,301,301,301,301,301,301,301,301,301,301,301,1-1177,10,15,1-1177,17,0,0,2,1.0484803915023804,0.061675317147198844
504,504,504,504,504,504,504,504,504,504,504,504,504,504,504,504,504,504,504,504,504,504,504,504,504,1-5425,2,1,1-5425,17,0,0,2,1.0484803915023804,0.061675317147198844
42,42,42,42,42,42,42,42,42,42,42,42,42,42,42,42,42,42,42,42,42,42,42,42,42,1-1207,19,10,1-1207,66,4,0,0,4.0,0.06060606060606061
373,373,373,373,373,373,373,373,373,373,373,373,373,373,373,373,373,373,373,373,373,373,373,373,373,1-6918,2,12,1-6918,43,1,0,3,2.5727205872535706,0.05983071133147839
231,231,231,231,231,231,231,231,231,231,231,231,231,231,231,231,231,231,231,231,231,231,231,231,231,1-8450,15,21,1-8450,52,2,0,2,3.0484803915023804,0.05862462291350731
35,35,35,35,35,35,35,35,35,35,35,35,35,35,35,35,35,35,35,35,35,35,35,35,35,1-2869,2,6,1-2869,9,0,0,1,0.5242401957511902,0.05824891063902113
70,70,70,70,70,70,70,70,70,70,70,70,70,70,70,70,70,70,70,70,70,70,70,70,70,1-2584,18,8,1-2584,36,1,0,2,2.0484803915023804,0.05690223309728834
431,431,431,431,431,431,431,431,431,431,431,431,431,431,431,431,431,431,431,431,431,431,431,431,431,1-7614,3,9,1-7614,72,3,0,2,4.04848039150238,0.056228894326421947
140,140,140,140,140,140,140,140,140,140,140,140,140,140,140,140,140,140,140,140,140,140,140,140,140,1-2294,16,24,1-2294,75,0,0,8,4.1939215660095215,0.055918954213460284
129,129,129,129,129,129,129,129,129,129,129,129,129,129,129,129,129,129,129,129,129,129,129,129,129,1-2573,9,20,1-2573,37,1,0,2,2.0484803915023804,0.05536433490546974
91,91,91,91,91,91,91,91,91,91,91,91,91,91,91,91,91,91,91,91,91,91,91,91,91,72-12171,16,24,72-12171,19,0,0,2,1.0484803915023804,0.05518317850012528
48,48,48,48,48,48,48,48,48,48,48,48,48,48,48,48,48,48,48,48,48,48,48,48,48,1-0405,4,14,1-0405,64,3,0,1,3.52424019575119,0.05506625305861235
226,226,226,226,226,226,226,226,226,226,226,226,226,226,226,226,226,226,226,226,226,226,226,226,226,1-9996,2,6,1-9996,28,1,0,1,1.5242401957511902,0.054437149848256795
308,308,308,308,308,308,308,308,308,308,308,308,308,308,308,308,308,308,308,308,308,308,308,308,308,1-6743,7,22,1-6743,58,1,0,4,3.0969607830047607,0.053395875569047596
348,348,348,348,348,348,348,348,348,348,348,348,348,348,348,348,348,348,348,348,348,348,348,348,348,1-17758,12,1,1-17758,40,0,0,4,2.0969607830047607,0.05242401957511902
538,538,538,538,538,538,538,538,538,538,538,538,538,538,538,538,538,538,538,538,538,538,538,538,538,1-9576,10,13,1-9576,10,0,0,1,0.5242401957511902,0.05242401957511902
358,358,358,358,358,358,358,358,358,358,358,358,358,358,358,358,358,358,358,358,358,358,358,358,358,1-9831,12,1,1-9831,132,0,0,13,6.815122544765472,0.051629716248223274
36,36,36,36,36,36,36,36,36,36,36,36,36,36,36,36,36,36,36,36,36,36,36,36,36,1-2714,20,16,1-2714,61,0,0,6,3.145441174507141,0.05156460941814985
453,453,453,453,453,453,453,453,453,453,453,453,453,453,453,453,453,453,453,453,453,453,453,453,453,1-8397,3,17,1-8397,51,0,0,5,2.621200978755951,0.051396097622665705
40,40,40,40,40,40,40,40,40,40,40,40,40,40,40,40,40,40,40,40,40,40,40,40,40,1-7722,6,3,1-7722,60,2,0,2,3.0484803915023804,0.050808006525039674
498,498,498,498,498,498,498,498,498,498,498,498,498,498,498,498,498,498,498,498,498,498,498,498,498,1-19915,14,19,1-19915,62,2,0,2,3.0484803915023804,0.04916903857261904
79,79,79,79,79,79,79,79,79,79,79,79,79,79,79,79,79,79,79,79,79,79,79,79,79,1-9739,19,10,1-9739,31,1,0,1,1.5242401957511902,0.04916903857261904
458,458,458,458,458,458,458,458,458,458,458,458,458,458,458,458,458,458,458,458,458,458,458,458,458,1-7182,15,1,1-7182,22,0,0,2,1.0484803915023804,0.04765819961374456
469,469,469,469,469,469,469,469,469,469,469,469,469,469,469,469,469,469,469,469,469,469,469,469,469,1-8578,13,24,1-8578,11,0,0,1,0.5242401957511902,0.04765819961374456
210,210,210,210,210,210,210,210,210,210,210,210,210,210,210,210,210,210,210,210,210,210,210,210,210,1-7842,8,5,1-7842,21,1,0,0,1.0,0.047619047619047616
5,5,5,5,5,5,5,5,5,5,5,5,5,5,5,5,5,5,5,5,5,5,5,5,5,1-5549,12,1,1-5549,35,0,0,3,1.5727205872535706,0.04493487392153059
336,336,336,336,336,336,336,336,336,336,336,336,336,336,336,336,336,336,336,336,336,336,336,336,336,1-1827,13,22,1-1827,24,0,0,2,1.0484803915023804,0.043686682979265846
118,118,118,118,118,118,118,118,118,118,118,118,118,118,118,118,118,118,118,118,118,118,118,118,118,1-6543,9,20,1-6543,12,0,0,1,0.5242401957511902,0.043686682979265846
377,377,377,377,377,377,377,377,377,377,377,377,377,377,377,377,377,377,377,377,377,377,377,377,377,1-7213,1,4,1-7213,23,1,0,0,1.0,0.043478260869565216
495,495,495,495,495,495,495,495,495,495,495,495,495,495,495,495,495,495,495,495,495,495,495,495,495,MLG08,5,19,MLG08,107,2,0,5,4.621200978755951,0.04318879419398085
505,505,505,505,505,505,505,505,505,505,505,505,505,505,505,505,505,505,505,505,505,505,505,505,505,1-4747,11,17,1-4747,25,0,0,2,1.0484803915023804,0.041939215660095217
45,45,45,45,45,45,45,45,45,45,45,45,45,45,45,45,45,45,45,45,45,45,45,45,45,1-9444,1,4,1-9444,24,1,0,0,1.0,0.041666666666666664
218,218,218,218,218,218,218,218,218,218,218,218,218,218,218,218,218,218,218,218,218,218,218,218,218,1-9416,7,22,1-9416,13,0,0,1,0.5242401957511902,0.040326168903937705
179,179,179,179,179,179,179,179,179,179,179,179,179,179,179,179,179,179,179,179,179,179,179,179,179,1-4052,9,20,1-4052,13,0,0,1,0.5242401957511902,0.040326168903937705
247,247,247,247,247,247,247,247,247,247,247,247,247,247,247,247,247,247,247,247,247,247,247,247,247,1-20467,10,24,1-20467,13,0,0,1,0.5242401957511902,0.040326168903937705
103,103,103,103,103,103,103,103,103,103,103,103,103,103,103,103,103,103,103,103,103,103,103,103,103,1-8820,16,24,1-8820,83,0,0,6,3.145441174507141,0.037896881620567965
279,279,279,279,279,279,279,279,279,279,279,279,279,279,279,279,279,279,279,279,279,279,279,279,279,MLG43,2,24,MLG43,14,0,0,1,0.5242401957511902,0.03744572826794216
71,71,71,71,71,71,71,71,71,71,71,71,71,71,71,71,71,71,71,71,71,71,71,71,71,1-6532,4,21,1-6532,27,1,0,0,1.0,0.037037037037037035
410,410,410,410,410,410,410,410,410,410,410,410,410,410,410,410,410,410,410,410,410,410,410,410,410,MLG12,14,19,MLG12,146,2,0,6,5.145441174507141,0.035242747770596855
185,185,185,185,185,185,185,185,185,185,185,185,185,185,185,185,185,185,185,185,185,185,185,185,185,1-8906,17,12,1-8906,15,0,0,1,0.5242401957511902,0.034949346383412676
56,56,56,56,56,56,56,56,56,56,56,56,56,56,56,56,56,56,56,56,56,56,56,56,56,1-5877,5,11,1-5877,79,0,0,5,2.621200978755951,0.033179759224758874
87,87,87,87,87,87,87,87,87,87,87,87,87,87,87,87,87,87,87,87,87,87,87,87,87,MLG35,9,20,MLG35,49,0,0,3,1.5727205872535706,0.03209633851537899
271,271,271,271,271,271,271,271,271,271,271,271,271,271,271,271,271,271,271,271,271,271,271,271,271,1-7897,15,21,1-7897,95,3,0,0,3.0,0.031578947368421054
148,148,148,148,148,148,148,148,148,148,148,148,148,148,148,148,148,148,148,148,148,148,148,148,148,1-0001,5,11,1-0001,17,0,0,1,0.5242401957511902,0.030837658573599422
522,522,522,522,522,522,522,522,522,522,522,522,522,522,522,522,522,522,522,522,522,522,522,522,522,1-5282,16,24,1-5282,17,0,0,1,0.5242401957511902,0.030837658573599422
413,413,413,413,413,413,413,413,413,413,413,413,413,413,413,413,413,413,413,413,413,413,413,413,413,1-8314,19,17,1-8314,36,0,0,2,1.0484803915023804,0.029124455319510564
74,74,74,74,74,74,74,74,74,74,74,74,74,74,74,74,74,74,74,74,74,74,74,74,74,1-8124,18,1,1-8124,18,0,0,1,0.5242401957511902,0.029124455319510564
464,464,464,464,464,464,464,464,464,464,464,464,464,464,464,464,464,464,464,464,464,464,464,464,464,1-10060,3,1,1-10060,36,0,0,2,1.0484803915023804,0.029124455319510564
276,276,276,276,276,276,276,276,276,276,276,276,276,276,276,276,276,276,276,276,276,276,276,276,276,1-9495,12,1,1-9495,18,0,0,1,0.5242401957511902,0.029124455319510564
240,240,240,240,240,240,240,240,240,240,240,240,240,240,240,240,240,240,240,240,240,240,240,240,240,MLG33,11,24,MLG33,20,0,0,1,0.5242401957511902,0.02621200978755951
116,116,116,116,116,116,116,116,116,116,116,116,116,116,116,116,116,116,116,116,116,116,116,116,116,1-20047,1,4,1-20047,20,0,0,1,0.5242401957511902,0.02621200978755951
372,372,372,372,372,372,372,372,372,372,372,372,372,372,372,372,372,372,372,372,372,372,372,372,372,1-6916,1,4,1-6916,43,1,0,0,1.0,0.023255813953488372
30,30,30,30,30,30,30,30,30,30,30,30,30,30,30,30,30,30,30,30,30,30,30,30,30,1-8418,11,7,1-8418,46,0,0,2,1.0484803915023804,0.022793051989182182
20,20,20,20,20,20,20,20,20,20,20,20,20,20,20,20,20,20,20,20,20,20,20,20,20,1-5167,11,7,1-5167,24,0,0,1,0.5242401957511902,0.021843341489632923
369,369,369,369,369,369,369,369,369,369,369,369,369,369,369,369,369,369,369,369,369,369,369,369,369,1-6594,5,11,1-6594,70,1,0,1,1.5242401957511902,0.021774859939302716
57,57,57,57,57,57,57,57,57,57,57,57,57,57,57,57,57,57,57,57,57,57,57,57,57,1-1224,12,1,1-1224,151,0,0,6,3.145441174507141,0.02083073625501418
174,174,174,174,174,174,174,174,174,174,174,174,174,174,174,174,174,174,174,174,174,174,174,174,174,MLG38,16,24,MLG38,77,0,0,3,1.5727205872535706,0.020424942691604813
233,233,233,233,233,233,233,233,233,233,233,233,233,233,233,233,233,233,233,233,233,233,233,233,233,MLG07,17,12,MLG07,90,0,0,3,1.5727205872535706,0.017474673191706338
16,16,16,16,16,16,16,16,16,16,16,16,16,16,16,16,16,16,16,16,16,16,16,16,16,1-9955,3,9,1-9955,60,1,0,0,1.0,0.016666666666666666
289,289,289,289,289,289,289,289,289,289,289,289,289,289,289,289,289,289,289,289,289,289,289,289,289,1-1592,7,22,1-1592,32,0,0,1,0.5242401957511902,0.016382506117224693
19,19,19,19,19,19,19,19,19,19,19,19,19,19,19,19,19,19,19,19,19,19,19,19,19,1-2596,3,9,1-2596,35,0,0,1,0.5242401957511902,0.014978291307176863
365,365,365,365,365,365,365,365,365,365,365,365,365,365,365,365,365,365,365,365,365,365,365,365,365,MLG48,16,24,MLG48,159,0,0,4,2.0969607830047607,0.013188432597514219
41,41,41,41,41,41,41,41,41,41,41,41,41,41,41,41,41,41,41,41,41,41,41,41,41,1-7509,7,22,1-7509,40,0,0,1,0.5242401957511902,0.013106004893779754
83,83,83,83,83,83,83,83,83,83,83,83,83,83,83,83,83,83,83,83,83,83,83,83,83,1-18423,18,21,1-18423,47,0,0,1,0.5242401957511902,0.01115404671811043
195,195,195,195,195,195,195,195,195,195,195,195,195,195,195,195,195,195,195,195,195,195,195,195,195,1-2670,9,20,1-2670,104,1,0,0,1.0,0.009615384615384616
52,52,52,52,52,52,52,52,52,52,52,52,52,52,52,52,52,52,52,52,52,52,52,52,52,72-12387,10,24,72-12387,71,0,0,1,0.5242401957511902,0.007383664728890003
442,442,442,442,442,442,442,442,442,442,442,442,442,442,442,442,442,442,442,442,442,442,442,442,442,MLG11,12,1,MLG11,87,0,0,1,0.5242401957511902,0.006025749376450462
156,156,156,156,156,156,156,156,156,156,156,156,156,156,156,156,156,156,156,156,156,156,156,156,156,1-8634,3,9,1-8634,10,0,0,0,0.0,0.0
159,159,159,159,159,159,159,159,159,159,159,159,159,159,159,159,159,159,159,159,159,159,159,159,159,1-10696,15,21,1-10696,24,0,0,0,0.0,0.0
181,181,181,181,181,181,181,181,181,181,181,181,181,181,181,181,181,181,181,181,181,181,181,181,181,1-8641,17,12,1-8641,30,0,0,0,0.0,0.0
212,212,212,212,212,212,212,212,212,212,212,212,212,212,212,212,212,212,212,212,212,212,212,212,212,1-10922,4,14,1-10922,1,0,0,0,0.0,0.0
502,502,502,502,502,502,502,502,502,502,502,502,502,502,502,502,502,502,502,502,502,502,502,502,502,1-20012,1,24,1-20012,12,0,0,0,0.0,0.0
317,317,317,317,317,317,317,317,317,317,317,317,317,317,317,317,317,317,317,317,317,317,317,317,317,1-10978,13,13,1-10978,1,0,0,0,0.0,0.0
238,238,238,238,238,238,238,238,238,238,238,238,238,238,238,238,238,238,238,238,238,238,238,238,238,1-9855,19,1,1-9855,8,0,0,0,0.0,0.0
119,119,119,119,119,119,119,119,119,119,119,119,119,119,119,119,119,119,119,119,119,119,119,119,119,1-5929,11,7,1-5929,4,0,0,0,0.0,0.0
146,146,146,146,146,146,146,146,146,146,146,146,146,146,146,146,146,146,146,146,146,146,146,146,146,1-7453,1,4,1-7453,13,0,0,0,0.0,0.0
467,467,467,467,467,467,467,467,467,467,467,467,467,467,467,467,467,467,467,467,467,467,467,467,467,1-13247,7,22,1-13247,29,0,0,0,0.0,0.0
127,127,127,127,127,127,127,127,127,127,127,127,127,127,127,127,127,127,127,127,127,127,127,127,127,1-9643,20,16,1-9643,8,0,0,0,0.0,0.0
222,222,222,222,222,222,222,222,222,222,222,222,222,222,222,222,222,222,222,222,222,222,222,222,222,1-4149,13,24,1-4149,16,0,0,0,0.0,0.0
561,561,561,561,561,561,561,561,561,561,561,561,561,561,561,561,561,561,561,561,561,561,561,561,561,1-9455,6,1,1-9455,2,0,0,0,0.0,0.0
101,101,101,101,101,101,101,101,101,101,101,101,101,101,101,101,101,101,101,101,101,101,101,101,101,1-9892,5,24,1-9892,22,0,0,0,0.0,0.0
519,519,519,519,519,519,519,519,519,519,519,519,519,519,519,519,519,519,519,519,519,519,519,519,519,1-4926,4,10,1-4926,4,0,0,0,0.0,0.0
548,548,548,548,548,548,548,548,548,548,548,548,548,548,548,548,548,548,548,548,548,548,548,548,548,1-3087,17,24,1-3087,26,0,0,0,0.0,0.0
535,535,535,535,535,535,535,535,535,535,535,535,535,535,535,535,535,535,535,535,535,535,535,535,535,1-5990,1,4,1-5990,5,0,0,0,0.0,0.0
563,563,563,563,563,563,563,563,563,563,563,563,563,563,563,563,563,563,563,563,563,563,563,563,563,1-21192,12,1,1-21192,4,0,0,0,0.0,0.0
553,553,553,553,553,553,553,553,553,553,553,553,553,553,553,553,553,553,553,553,553,553,553,553,553,1-5555,20,1,1-5555,10,0,0,0,0.0,0.0
229,229,229,229,229,229,229,229,229,229,229,229,229,229,229,229,229,229,229,229,229,229,229,229,229,1-4361,14,19,1-4361,10,0,0,0,0.0,0.0
493,493,493,493,493,493,493,493,493,493,493,493,493,493,493,493,493,493,493,493,493,493,493,493,493,1-1836,14,19,1-1836,20,0,0,0,0.0,0.0
32,32,32,32,32,32,32,32,32,32,32,32,32,32,32,32,32,32,32,32,32,32,32,32,32,1-0022,8,5,1-0022,18,0,0,0,0.0,0.0
525,525,525,525,525,525,525,525,525,525,525,525,525,525,525,525,525,525,525,525,525,525,525,525,525,1-3175,3,9,1-3175,6,0,0,0,0.0,0.0
465,465,465,465,465,465,465,465,465,465,465,465,465,465,465,465,465,465,465,465,465,465,465,465,465,1-5913,1,22,1-5913,14,0,0,0,0.0,0.0
21,21,21,21,21,21,21,21,21,21,21,21,21,21,21,21,21,21,21,21,21,21,21,21,21,1-3519,5,11,1-3519,27,0,0,0,0.0,0.0
555,555,555,555,555,555,555,555,555,555,555,555,555,555,555,555,555,555,555,555,555,555,555,555,555,1-3646,18,8,1-3646,7,0,0,0,0.0,0.0
75,75,75,75,75,75,75,75,75,75,75,75,75,75,75,75,75,75,75,75,75,75,75,75,75,1-8401,15,21,1-8401,57,0,0,0,0.0,0.0
7,7,7,7,7,7,7,7,7,7,7,7,7,7,7,7,7,7,7,7,7,7,7,7,7,1-8767,12,1,1-8767,48,0,0,0,0.0,0.0
186,186,186,186,186,186,186,186,186,186,186,186,186,186,186,186,186,186,186,186,186,186,186,186,186,72-11994,16,24,72-11994,8,0,0,0,0.0,0.0
66,66,66,66,66,66,66,66,66,66,66,66,66,66,66,66,66,66,66,66,66,66,66,66,66,1-7536,3,19,1-7536,17,0,0,0,0.0,0.0
59,59,59,59,59,59,59,59,59,59,59,59,59,59,59,59,59,59,59,59,59,59,59,59,59,1-9331,7,22,1-9331,25,0,0,0,0.0,0.0
323,323,323,323,323,323,323,323,323,323,323,323,323,323,323,323,323,323,323,323,323,323,323,323,323,1-3647,4,14,1-3647,5,0,0,0,0.0,0.0
280,280,280,280,280,280,280,280,280,280,280,280,280,280,280,280,280,280,280,280,280,280,280,280,280,1-7608,4,14,1-7608,4,0,0,0,0.0,0.0
565,565,565,565,565,565,565,565,565,565,565,565,565,565,565,565,565,565,565,565,565,565,565,565,565,1-19927,16,24,1-19927,1,0,0,0,0.0,0.0
550,550,550,550,550,550,550,550,550,550,550,550,550,550,550,550,550,550,550,550,550,550,550,550,550,1-19568,11,9,1-19568,2,0,0,0,0.0,0.0
325,325,325,325,325,325,325,325,325,325,325,325,325,325,325,325,325,325,325,325,325,325,325,325,325,1-19924,16,24,1-19924,1,0,0,0,0.0,0.0
120,120,120,120,120,120,120,120,120,120,120,120,120,120,120,120,120,120,120,120,120,120,120,120,120,1-10232,11,7,1-10232,5,0,0,0,0.0,0.0
158,158,158,158,158,158,158,158,158,158,158,158,158,158,158,158,158,158,158,158,158,158,158,158,158,1-7599,14,19,1-7599,3,0,0,0,0.0,0.0
34,34,34,34,34,34,34,34,34,34,34,34,34,34,34,34,34,34,34,34,34,34,34,34,34,1-6642,7,22,1-6642,36,0,0,0,0.0,0.0
452,452,452,452,452,452,452,452,452,452,452,452,452,452,452,452,452,452,452,452,452,452,452,452,452,1-8529,15,21,1-8529,56,0,0,0,0.0,0.0
215,215,215,215,215,215,215,215,215,215,215,215,215,215,215,215,215,215,215,215,215,215,215,215,215,1-19839,1,4,1-19839,13,0,0,0,0.0,0.0
543,543,543,543,543,543,543,543,543,543,543,543,543,543,543,543,543,543,543,543,543,543,543,543,543,1-5803,16,24,1-5803,15,0,0,0,0.0,0.0
503,503,503,503,503,503,503,503,503,503,503,503,503,503,503,503,503,503,503,503,503,503,503,503,503,1-9076,6,16,1-9076,9,0,0,0,0.0,0.0
23,23,23,23,23,23,23,23,23,23,23,23,23,23,23,23,23,23,23,23,23,23,23,23,23,1-2025,13,13,1-2025,41,0,0,0,0.0,0.0
155,155,155,155,155,155,155,155,155,155,155,155,155,155,155,155,155,155,155,155,155,155,155,155,155,1-9447,13,13,1-9447,7,0,0,0,0.0,0.0
530,530,530,530,530,530,530,530,530,530,530,530,530,530,530,530,530,530,530,530,530,530,530,530,530,1-4847,15,21,1-4847,2,0,0,0,0.0,0.0
49,49,49,49,49,49,49,49,49,49,49,49,49,49,49,49,49,49,49,49,49,49,49,49,49,1-2178,11,7,1-2178,12,0,0,0,0.0,0.0
541,541,541,541,541,541,541,541,541,541,541,541,541,541,541,541,541,541,541,541,541,541,541,541,541,1-5424,14,19,1-5424,5,0,0,0,0.0,0.0
249,249,249,249,249,249,249,249,249,249,249,249,249,249,249,249,249,249,249,249,249,249,249,249,249,1-6931,4,14,1-6931,1,0,0,0,0.0,0.0
557,557,557,557,557,557,557,557,557,557,557,557,557,557,557,557,557,557,557,557,557,557,557,557,557,1-9806,2,1,1-9806,8,0,0,0,0.0,0.0
60,60,60,60,60,60,60,60,60,60,60,60,60,60,60,60,60,60,60,60,60,60,60,60,60,1-18202,8,1,1-18202,23,0,0,0,0.0,0.0
252,252,252,252,252,252,252,252,252,252,252,252,252,252,252,252,252,252,252,252,252,252,252,252,252,1-21195,8,5,1-21195,1,0,0,0,0.0,0.0
38,38,38,38,38,38,38,38,38,38,38,38,38,38,38,38,38,38,38,38,38,38,38,38,38,1-2104,19,10,1-2104,36,0,0,0,0.0,0.0
46,46,46,46,46,46,46,46,46,46,46,46,46,46,46,46,46,46,46,46,46,46,46,46,46,1-8566,1,4,1-8566,5,0,0,0,0.0,0.0
204,204,204,204,204,204,204,204,204,204,204,204,204,204,204,204,204,204,204,204,204,204,204,204,204,1-9733,10,1,1-9733,4,0,0,0,0.0,0.0
275,275,275,275,275,275,275,275,275,275,275,275,275,275,275,275,275,275,275,275,275,275,275,275,275,1-3216,19,10,1-3216,5,0,0,0,0.0,0.0
439,439,439,439,439,439,439,439,439,439,439,439,439,439,439,439,439,439,439,439,439,439,439,439,439,MLG72,8,20,MLG72,9,0,0,0,0.0,0.0
402,402,402,402,402,402,402,402,402,402,402,402,402,402,402,402,402,402,402,402,402,402,402,402,402,1-5744,16,24,1-5744,18,0,0,0,0.0,0.0
3,3,3,3,3,3,3,3,3,3,3,3,3,3,3,3,3,3,3,3,3,3,3,3,3,1-8222,1,24,1-8222,12,0,0,0,0.0,0.0
107,107,107,107,107,107,107,107,107,107,107,107,107,107,107,107,107,107,107,107,107,107,107,107,107,1-6971,17,12,1-6971,10,0,0,0,0.0,0.0
546,546,546,546,546,546,546,546,546,546,546,546,546,546,546,546,546,546,546,546,546,546,546,546,546,1-7527,5,13,1-7527,1,0,0,0,0.0,0.0
100,100,100,100,100,100,100,100,100,100,100,100,100,100,100,100,100,100,100,100,100,100,100,100,100,1-19598,1,4,1-19598,11,0,0,0,0.0,0.0
89,89,89,89,89,89,89,89,89,89,89,89,89,89,89,89,89,89,89,89,89,89,89,89,89,1-18004,8,24,1-18004,12,0,0,0,0.0,0.0
237,237,237,237,237,237,237,237,237,237,237,237,237,237,237,237,237,237,237,237,237,237,237,237,237,1-9667,2,24,1-9667,14,0,0,0,0.0,0.0
112,112,112,112,112,112,112,112,112,112,112,112,112,112,112,112,112,112,112,112,112,112,112,112,112,1-10698,7,22,1-10698,6,0,0,0,0.0,0.0
254,254,254,254,254,254,254,254,254,254,254,254,254,254,254,254,254,254,254,254,254,254,254,254,254,1-8379,1,20,1-8379,5,0,0,0,0.0,0.0
274,274,274,274,274,274,274,274,274,274,274,274,274,274,274,274,274,274,274,274,274,274,274,274,274,1-0033,1,24,1-0033,10,0,0,0,0.0,0.0
6,6,6,6,6,6,6,6,6,6,6,6,6,6,6,6,6,6,6,6,6,6,6,6,6,1-8021,8,5,1-8021,58,0,0,0,0.0,0.0
77,77,77,77,77,77,77,77,77,77,77,77,77,77,77,77,77,77,77,77,77,77,77,77,77,1-2153,13,13,1-2153,13,0,0,0,0.0,0.0
220,220,220,220,220,220,220,220,220,220,220,220,220,220,220,220,220,220,220,220,220,220,220,220,220,MLG73,10,24,MLG73,10,0,0,0,0.0,0.0
559,559,559,559,559,559,559,559,559,559,559,559,559,559,559,559,559,559,559,559,559,559,559,559,559,1-5914,1,4,1-5914,3,0,0,0,0.0,0.0
455,455,455,455,455,455,455,455,455,455,455,455,455,455,455,455,455,455,455,455,455,455,455,455,455,1-17790,16,24,1-17790,5,0,0,0,0.0,0.0
235,235,235,235,235,235,235,235,235,235,235,235,235,235,235,235,235,235,235,235,235,235,235,235,235,1-8113,19,10,1-8113,9,0,0,0,0.0,0.0
167,167,167,167,167,167,167,167,167,167,167,167,167,167,167,167,167,167,167,167,167,167,167,167,167,1-4929,1,24,1-4929,10,0,0,0,0.0,0.0
297,297,297,297,297,297,297,297,297,297,297,297,297,297,297,297,297,297,297,297,297,297,297,297,297,1-8352,19,10,1-8352,1,0,0,0,0.0,0.0
53,53,53,53,53,53,53,53,53,53,53,53,53,53,53,53,53,53,53,53,53,53,53,53,53,1-9850,17,12,1-9850,27,0,0,0,0.0,0.0
556,556,556,556,556,556,556,556,556,556,556,556,556,556,556,556,556,556,556,556,556,556,556,556,556,1-10951,17,1,1-10951,1,0,0,0,0.0,0.0
281,281,281,281,281,281,281,281,281,281,281,281,281,281,281,281,281,281,281,281,281,281,281,281,281,1-9995,10,24,1-9995,24,0,0,0,0.0,0.0
262,262,262,262,262,262,262,262,262,262,262,262,262,262,262,262,262,262,262,262,262,262,262,262,262,1-8623,8,5,1-8623,5,0,0,0,0.0,0.0
551,551,551,551,551,551,551,551,551,551,551,551,551,551,551,551,551,551,551,551,551,551,551,551,551,1-9838,2,16,1-9838,3,0,0,0,0.0,0.0
194,194,194,194,194,194,194,194,194,194,194,194,194,194,194,194,194,194,194,194,194,194,194,194,194,1-9253,19,10,1-9253,24,0,0,0,0.0,0.0
175,175,175,175,175,175,175,175,175,175,175,175,175,175,175,175,175,175,175,175,175,175,175,175,175,1-4910,11,7,1-4910,4,0,0,0,0.0,0.0
177,177,177,177,177,177,177,177,177,177,177,177,177,177,177,177,177,177,177,177,177,177,177,177,177,1-10948,16,24,1-10948,2,0,0,0,0.0,0.0
492,492,492,492,492,492,492,492,492,492,492,492,492,492,492,492,492,492,492,492,492,492,492,492,492,1-6028,1,4,1-6028,2,0,0,0,0.0,0.0
115,115,115,115,115,115,115,115,115,115,115,115,115,115,115,115,115,115,115,115,115,115,115,115,115,1-3178,17,12,1-3178,6,0,0,0,0.0,0.0
82,82,82,82,82,82,82,82,82,82,82,82,82,82,82,82,82,82,82,82,82,82,82,82,82,1-17645,7,22,1-17645,9,0,0,0,0.0,0.0
68,68,68,68,68,68,68,68,68,68,68,68,68,68,68,68,68,68,68,68,68,68,68,68,68,1-7845,8,24,1-7845,36,0,0,0,0.0,0.0
9,9,9,9,9,9,9,9,9,9,9,9,9,9,9,9,9,9,9,9,9,9,9,9,9,1-8020,8,5,1-8020,56,0,0,0,0.0,0.0
18,18,18,18,18,18,18,18,18,18,18,18,18,18,18,18,18,18,18,18,18,18,18,18,18,1-3521,4,14,1-3521,22,0,0,0,0.0,0.0
277,277,277,277,277,277,277,277,277,277,277,277,277,277,277,277,277,277,277,277,277,277,277,277,277,1-4051,1,19,1-4051,5,0,0,0,0.0,0.0
