Unnamed: 0.13,Unnamed: 0.12,Unnamed: 0.11,Unnamed: 0.10,Unnamed: 0.9,Unnamed: 0.8,Unnamed: 0.7,Unnamed: 0.6,Unnamed: 0.5,Unnamed: 0.4,Unnamed: 0.3,Unnamed: 0.2,Unnamed: 0.1,Unnamed: 0,Exam Group,Exam Block,slot,exam,size,b2bs,confs,2i3s,score,score_norm
483,483,483,483,483,483,483,483,483,483,483,483,483,483,1-9491,14,2,1-9491,80,25,1,3,1025.920071363449,12.824000892043113
302,302,302,302,302,302,302,302,302,302,302,302,302,302,MLG51,20,16,MLG51,248,66,1,29,1074.894023180008,4.334250093467774
282,282,282,282,282,282,282,282,282,282,282,282,282,282,1-1608,14,2,1-1608,307,32,1,176,1085.9775199890137,3.5373860585961356
299,299,299,299,299,299,299,299,299,299,299,299,299,299,MLG54,20,16,MLG54,595,61,1,105,1093.2024977207184,1.8373151222196948
497,497,497,497,497,497,497,497,497,497,497,497,497,497,1-8493,16,9,1-8493,38,26,0,14,30.29366636276245,0.7972017463884855
434,434,434,434,434,434,434,434,434,434,434,434,434,434,MLG59,7,10,MLG59,71,37,0,23,44.05388045310974,0.6204771894804189
427,427,427,427,427,427,427,427,427,427,427,427,427,427,1-9379,17,8,1-9379,58,27,0,12,30.680285453796387,0.5289704388585584
346,346,346,346,346,346,346,346,346,346,346,346,346,346,MLG32,17,8,MLG32,52,22,0,16,26.907047271728516,0.51744321676401
499,499,499,499,499,499,499,499,499,499,499,499,499,499,1-8627,14,2,1-8627,25,10,0,3,10.920071363449097,0.43680285453796386
485,485,485,485,485,485,485,485,485,485,485,485,485,485,1-5980,12,13,1-5980,29,9,0,10,12.066904544830322,0.416100156718287
342,342,342,342,342,342,342,342,342,342,342,342,342,342,MLG65,20,16,MLG65,201,67,0,53,83.25459408760071,0.4142019606348294
500,500,500,500,500,500,500,500,500,500,500,500,500,500,1-0292,11,18,1-0292,99,24,0,51,39.641213178634644,0.4004162947336833
251,251,251,251,251,251,251,251,251,251,251,251,251,251,1-7268,14,2,1-7268,70,25,0,8,27.453523635864258,0.3921931947980608
422,422,422,422,422,422,422,422,422,422,422,422,422,422,1-6878,11,18,1-6878,167,54,0,33,64.12078499794006,0.3839567963948507
320,320,320,320,320,320,320,320,320,320,320,320,320,320,MLG13,9,11,MLG13,140,39,0,48,53.72114181518555,0.3837224415370396
244,244,244,244,244,244,244,244,244,244,244,244,244,244,MLG57,19,17,MLG57,629,212,0,66,232.24156999588013,0.36922348171046127
268,268,268,268,268,268,268,268,268,268,268,268,268,268,MLG44,9,11,MLG44,59,18,0,12,21.680285453796387,0.36746246531858284
552,552,552,552,552,552,552,552,552,552,552,552,552,552,MLG46,9,8,MLG46,17,5,0,4,6.226761817932129,0.36628010693718405
141,141,141,141,141,141,141,141,141,141,141,141,141,141,MLG45,17,8,MLG45,70,23,0,8,25.453523635864258,0.3636217662266323
526,526,526,526,526,526,526,526,526,526,526,526,526,526,1-5002,12,13,1-5002,45,11,0,16,15.907047271728516,0.3534899393717448
149,149,149,149,149,149,149,149,149,149,149,149,149,149,MLG58,13,6,MLG58,71,22,0,7,24.146833181381226,0.34009624199128485
398,398,398,398,398,398,398,398,398,398,398,398,398,398,1-0303,7,10,1-0303,212,56,0,44,69.49437999725342,0.32780367923232745
150,150,150,150,150,150,150,150,150,150,150,150,150,150,1-7005,9,11,1-7005,285,66,0,79,90.22854590415955,0.3165913891374019
128,128,128,128,128,128,128,128,128,128,128,128,128,128,1-19286,5,4,1-19286,40,10,0,8,12.453523635864258,0.31133809089660647
388,388,388,388,388,388,388,388,388,388,388,388,388,388,MLG49,19,17,MLG49,185,41,0,52,56.947903633117676,0.30782650612496043
331,331,331,331,331,331,331,331,331,331,331,331,331,331,MLG75,5,4,MLG75,185,42,0,48,56.72114181518555,0.30660076656857055
161,161,161,161,161,161,161,161,161,161,161,161,161,161,MLG41,17,8,MLG41,66,18,0,6,19.840142726898193,0.3006082231348211
332,332,332,332,332,332,332,332,332,332,332,332,332,332,MLG78,17,8,MLG78,80,21,0,8,23.453523635864258,0.29316904544830324
73,73,73,73,73,73,73,73,73,73,73,73,73,73,1-5355,17,8,1-5355,53,10,0,18,15.52042818069458,0.2928382675602751
560,560,560,560,560,560,560,560,560,560,560,560,560,560,1-0027,12,13,1-0027,29,6,0,8,8.453523635864258,0.291500815029802
378,378,378,378,378,378,378,378,378,378,378,378,378,378,1-6561,17,9,1-6561,65,13,0,19,18.827118635177612,0.2896479790027325
256,256,256,256,256,256,256,256,256,256,256,256,256,256,1-9277,15,11,1-9277,48,9,0,15,13.600356817245483,0.28334076702594757
414,414,414,414,414,414,414,414,414,414,414,414,414,414,1-8285,14,2,1-8285,72,19,0,4,20.22676181793213,0.28092724747127956
234,234,234,234,234,234,234,234,234,234,234,234,234,234,MLG29,12,13,MLG29,164,33,0,42,45.88099908828735,0.27976218956272775
390,390,390,390,390,390,390,390,390,390,390,390,390,390,MLG64,17,8,MLG64,245,56,0,38,67.65423727035522,0.27613974396063357
305,305,305,305,305,305,305,305,305,305,305,305,305,305,1-7866,10,12,1-7866,318,85,0,8,87.45352363586426,0.27501108061592533
382,382,382,382,382,382,382,382,382,382,382,382,382,382,1-18558,10,12,1-18558,307,78,0,14,82.29366636276245,0.268057545155578
123,123,123,123,123,123,123,123,123,123,123,123,123,123,MLG55,19,17,MLG55,92,19,0,18,24.52042818069458,0.26652639326841937
94,94,94,94,94,94,94,94,94,94,94,94,94,94,1-3083,10,12,1-3083,78,17,0,12,20.680285453796387,0.26513186479226136
131,131,131,131,131,131,131,131,131,131,131,131,131,131,1-9283,14,2,1-9283,235,59,0,9,61.76021409034729,0.2628094216610523
353,353,353,353,353,353,353,353,353,353,353,353,353,353,MLG50,13,6,MLG50,319,57,0,86,83.37537908554077,0.26136482471956357
345,345,345,345,345,345,345,345,345,345,345,345,345,345,1-1131,20,16,1-1131,138,33,0,10,36.06690454483032,0.26135438075964
404,404,404,404,404,404,404,404,404,404,404,404,404,404,1-4682,19,17,1-4682,16,2,0,7,4.146833181381226,0.2591770738363266
362,362,362,362,362,362,362,362,362,362,362,362,362,362,1-1462,15,3,1-1462,192,22,0,90,49.6021409034729,0.25834448387225467
290,290,290,290,290,290,290,290,290,290,290,290,290,290,1-8341,15,3,1-8341,197,38,0,41,50.57430863380432,0.2567223788517986
386,386,386,386,386,386,386,386,386,386,386,386,386,386,MLG68,5,4,MLG68,642,64,0,325,163.67439770698547,0.25494454471493067
441,441,441,441,441,441,441,441,441,441,441,441,441,441,1-19166,15,3,1-19166,45,9,0,8,11.453523635864258,0.25452274746365017
214,214,214,214,214,214,214,214,214,214,214,214,214,214,1-0053,12,13,1-0053,142,24,0,39,35.96092772483826,0.2532459698932272
92,92,92,92,92,92,92,92,92,92,92,92,92,92,1-7807,6,5,1-7807,239,45,0,50,60.33452272415161,0.25244570177469294
327,327,327,327,327,327,327,327,327,327,327,327,327,327,P-16616,17,8,P-16616,28,4,0,10,7.066904544830322,0.25238944802965435
488,488,488,488,488,488,488,488,488,488,488,488,488,488,1-11350,10,12,1-11350,100,24,0,4,25.22676181793213,0.2522676181793213
87,87,87,87,87,87,87,87,87,87,87,87,87,87,MLG35,17,6,MLG35,49,12,0,1,12.306690454483032,0.2511569480506741
429,429,429,429,429,429,429,429,429,429,429,429,429,429,1-6693,12,13,1-6693,98,16,0,28,24.587332725524902,0.25089115026045816
466,466,466,466,466,466,466,466,466,466,466,466,466,466,1-5981,7,12,1-5981,28,7,0,0,7.0,0.25
557,557,557,557,557,557,557,557,557,557,557,557,557,557,1-9806,16,9,1-9806,8,2,0,0,2.0,0.25
44,44,44,44,44,44,44,44,44,44,44,44,44,44,1-5214,9,11,1-5214,40,6,0,13,9.986975908279419,0.24967439770698546
232,232,232,232,232,232,232,232,232,232,232,232,232,232,1-18371,8,7,1-18371,120,8,0,71,29.775022268295288,0.2481251855691274
114,114,114,114,114,114,114,114,114,114,114,114,114,114,1-7496,6,5,1-7496,246,48,0,42,60.88099908828735,0.2474837361312494
537,537,537,537,537,537,537,537,537,537,537,537,537,537,1-4494,14,17,1-4494,16,3,0,3,3.9200713634490967,0.24500446021556854
153,153,153,153,153,153,153,153,153,153,153,153,153,153,1-1350,14,2,1-1350,195,41,0,22,47.74718999862671,0.2448573846083421
3,3,3,3,3,3,3,3,3,3,3,3,3,3,1-8222,18,1,1-8222,12,2,0,3,2.9200713634490967,0.24333928028742471
311,311,311,311,311,311,311,311,311,311,311,311,311,311,1-20578,20,16,1-20578,19,4,0,2,4.6133809089660645,0.2428095215245297
159,159,159,159,159,159,159,159,159,159,159,159,159,159,1-10696,1,20,1-10696,24,0,0,19,5.827118635177612,0.24279660979906717
298,298,298,298,298,298,298,298,298,298,298,298,298,298,1-7019,11,18,1-7019,107,12,0,45,25.80107045173645,0.24113149954893878
260,260,260,260,260,260,260,260,260,260,260,260,260,260,1-0129,16,9,1-0129,142,25,0,29,33.894023180007935,0.23869030408456293
122,122,122,122,122,122,122,122,122,122,122,122,122,122,MLG42,5,4,MLG42,14,3,0,1,3.3066904544830322,0.23619217532021658
76,76,76,76,76,76,76,76,76,76,76,76,76,76,1-8541,15,3,1-8541,232,50,0,14,54.29366636276245,0.23402442397742435
384,384,384,384,384,384,384,384,384,384,384,384,384,384,1-9270,16,9,1-9270,128,20,0,32,29.81409454345703,0.23292261362075806
415,415,415,415,415,415,415,415,415,415,415,415,415,415,1-1957,8,7,1-1957,47,6,0,16,10.907047271728516,0.2320648355686918
224,224,224,224,224,224,224,224,224,224,224,224,224,224,1-9227,15,3,1-9227,801,120,0,214,185.6317572593689,0.2317500090628825
240,240,240,240,240,240,240,240,240,240,240,240,240,240,MLG33,17,8,MLG33,20,4,0,2,4.6133809089660645,0.23066904544830322
339,339,339,339,339,339,339,339,339,339,339,339,339,339,1-3523,10,12,1-3523,543,106,0,62,125.014808177948,0.23022984931482135
255,255,255,255,255,255,255,255,255,255,255,255,255,255,1-9946,1,20,1-9946,12,0,0,9,2.76021409034729,0.23001784086227417
478,478,478,478,478,478,478,478,478,478,478,478,478,478,1-9394,8,7,1-9394,117,18,0,29,26.894023180007935,0.2298634459829738
330,330,330,330,330,330,330,330,330,330,330,330,330,330,1-4531,15,3,1-4531,94,13,0,28,21.587332725524902,0.2296524758034564
419,419,419,419,419,419,419,419,419,419,419,419,419,419,1-6692,8,7,1-6692,71,8,0,27,16.28064227104187,0.22930482071889957
510,510,510,510,510,510,510,510,510,510,510,510,510,510,1-3206,8,12,1-3206,45,5,0,17,10.213737726211548,0.22697194947136773
403,403,403,403,403,403,403,403,403,403,403,403,403,403,1-1770,13,6,1-1770,35,7,0,3,7.920071363449097,0.22628775324140277
4,4,4,4,4,4,4,4,4,4,4,4,4,4,1-6240,14,2,1-6240,698,140,0,54,156.56128454208374,0.22429983458751251
469,469,469,469,469,469,469,469,469,469,469,469,469,469,1-8578,1,20,1-8578,11,0,0,8,2.453523635864258,0.22304760326038708
558,558,558,558,558,558,558,558,558,558,558,558,558,558,1-0055,3,22,1-0055,18,0,0,13,3.986975908279419,0.22149866157107884
440,440,440,440,440,440,440,440,440,440,440,440,440,440,MLG52,20,16,MLG52,125,23,0,15,27.600356817245483,0.22080285453796386
539,539,539,539,539,539,539,539,539,539,539,539,539,539,1-9436,20,16,1-9436,21,4,0,2,4.6133809089660645,0.21968480518886022
65,65,65,65,65,65,65,65,65,65,65,65,65,65,1-8659,6,5,1-8659,91,16,0,13,19.98697590827942,0.21963709789318042
253,253,253,253,253,253,253,253,253,253,253,253,253,253,1-4649,15,3,1-4649,244,40,0,44,53.49437999725342,0.21923926228382548
278,278,278,278,278,278,278,278,278,278,278,278,278,278,1-10762,13,6,1-10762,6,1,0,1,1.3066904544830322,0.2177817424138387
509,509,509,509,509,509,509,509,509,509,509,509,509,509,1-18935,5,4,1-18935,30,5,0,5,6.533452272415161,0.2177817424138387
375,375,375,375,375,375,375,375,375,375,375,375,375,375,MLG14,13,6,MLG14,232,44,0,21,50.44049954414368,0.21741594631096411
349,349,349,349,349,349,349,349,349,349,349,349,349,349,1-3052,15,3,1-3052,166,20,0,52,35.947903633117676,0.2165536363440824
547,547,547,547,547,547,547,547,547,547,547,547,547,547,MLG67,7,10,MLG67,27,4,0,6,5.840142726898193,0.21630158247771086
357,357,357,357,357,357,357,357,357,357,357,357,357,357,1-4760,10,12,1-4760,40,8,0,2,8.613380908966064,0.2153345227241516
442,442,442,442,442,442,442,442,442,442,442,442,442,442,MLG11,4,15,MLG11,87,0,0,61,18.708117723464966,0.21503583590189615
281,281,281,281,281,281,281,281,281,281,281,281,281,281,1-9995,9,11,1-9995,24,3,0,7,5.146833181381226,0.21445138255755106
503,503,503,503,503,503,503,503,503,503,503,503,503,503,1-9076,5,4,1-9076,9,1,0,3,1.9200713634490967,0.2133412626054552
542,542,542,542,542,542,542,542,542,542,542,542,542,542,1-1191,8,7,1-1191,53,7,0,14,11.293666362762451,0.2130880445804236
533,533,533,533,533,533,533,533,533,533,533,533,533,533,1-7530,9,1,1-7530,25,5,0,1,5.306690454483032,0.2122676181793213
51,51,51,51,51,51,51,51,51,51,51,51,51,51,1-9925,7,10,1-9925,93,16,0,12,19.680285453796387,0.21161597262146653
258,258,258,258,258,258,258,258,258,258,258,258,258,258,1-9516,15,3,1-9516,76,15,0,3,15.920071363449097,0.2094746232032776
184,184,184,184,184,184,184,184,184,184,184,184,184,184,1-8074,8,7,1-8074,145,18,0,40,30.26761817932129,0.20874219434014682
515,515,515,515,515,515,515,515,515,515,515,515,515,515,1-6531,5,4,1-6531,27,5,0,2,5.6133809089660645,0.20790299662837275
410,410,410,410,410,410,410,410,410,410,410,410,410,410,MLG12,19,17,MLG12,146,13,0,56,30.174665451049805,0.2066757907606151
236,236,236,236,236,236,236,236,236,236,236,236,236,236,1-7024,7,10,1-7024,498,54,0,158,102.45709180831909,0.20573713214521905
14,14,14,14,14,14,14,14,14,14,14,14,14,14,1-6098,12,13,1-6098,1327,149,0,402,272.28956270217896,0.20519183323449808
269,269,269,269,269,269,269,269,269,269,269,269,269,269,1-7839,9,11,1-7839,24,4,0,3,4.920071363449097,0.20500297347704569
309,309,309,309,309,309,309,309,309,309,309,309,309,309,1-3516,6,5,1-3516,156,23,0,29,31.894023180007935,0.2044488665385124
412,412,412,412,412,412,412,412,412,412,412,412,412,412,1-6858,4,15,1-6858,23,1,0,12,4.680285453796387,0.20349067190419073
481,481,481,481,481,481,481,481,481,481,481,481,481,481,1-10038,19,17,1-10038,76,11,0,14,15.293666362762451,0.2012324521416112
467,467,467,467,467,467,467,467,467,467,467,467,467,467,1-13247,3,22,1-13247,29,0,0,19,5.827118635177612,0.20093512535095215
324,324,324,324,324,324,324,324,324,324,324,324,324,324,1-6734,16,9,1-6734,44,7,0,6,8.840142726898193,0.20091233470223166
156,156,156,156,156,156,156,156,156,156,156,156,156,156,1-8634,19,17,1-8634,10,2,0,0,2.0,0.2
479,479,479,479,479,479,479,479,479,479,479,479,479,479,1-9286,14,2,1-9286,81,14,0,7,16.146833181381226,0.19934361952322502
170,170,170,170,170,170,170,170,170,170,170,170,170,170,1-5043,16,9,1-5043,123,18,0,21,24.440499544143677,0.19870324832637135
261,261,261,261,261,261,261,261,261,261,261,261,261,261,1-1942,3,22,1-1942,34,0,0,22,6.747189998626709,0.19844676466549144
188,188,188,188,188,188,188,188,188,188,188,188,188,188,1-20167,12,13,1-20167,56,6,0,16,10.907047271728516,0.19476870128086635
400,400,400,400,400,400,400,400,400,400,400,400,400,400,1-18709,12,13,1-18709,33,3,0,11,6.3735949993133545,0.193139242403435
471,471,471,471,471,471,471,471,471,471,471,471,471,471,1-9794,8,7,1-9794,46,3,0,19,8.827118635177612,0.19189388337342636
326,326,326,326,326,326,326,326,326,326,326,326,326,326,1-8826,19,5,1-8826,123,19,0,15,23.600356817245483,0.1918728196524023
474,474,474,474,474,474,474,474,474,474,474,474,474,474,1-8400,7,10,1-8400,33,6,0,1,6.306690454483032,0.19111183195403128
39,39,39,39,39,39,39,39,39,39,39,39,39,39,1-7467,17,8,1-7467,64,11,0,4,12.226761817932129,0.19104315340518951
438,438,438,438,438,438,438,438,438,438,438,438,438,438,MLG10,9,11,MLG10,60,8,0,11,11.373594999313354,0.18955991665522257
266,266,266,266,266,266,266,266,266,266,266,266,266,266,1-2103,20,11,1-2103,26,4,0,3,4.920071363449097,0.1892335139788114
380,380,380,380,380,380,380,380,380,380,380,380,380,380,1-7004,6,5,1-7004,381,42,0,97,71.74897408485413,0.1883175172830817
464,464,464,464,464,464,464,464,464,464,464,464,464,464,1-10060,13,6,1-10060,36,3,0,12,6.680285453796387,0.1855634848276774
408,408,408,408,408,408,408,408,408,408,408,408,408,408,MLG53,7,10,MLG53,91,15,0,6,16.840142726898193,0.18505651348239774
283,283,283,283,283,283,283,283,283,283,283,283,283,283,1-3535,8,7,1-3535,315,36,0,72,58.08171272277832,0.18438638959612166
46,46,46,46,46,46,46,46,46,46,46,46,46,46,1-8566,15,3,1-8566,5,0,0,3,0.9200713634490967,0.18401427268981935
43,43,43,43,43,43,43,43,43,43,43,43,43,43,1-8705,5,4,1-8705,48,6,0,9,8.76021409034729,0.18250446021556854
430,430,430,430,430,430,430,430,430,430,430,430,430,430,1-3141,16,9,1-3141,136,14,0,35,24.734165906906128,0.18186886696254506
493,493,493,493,493,493,493,493,493,493,493,493,493,493,1-1836,13,6,1-1836,20,3,0,2,3.6133809089660645,0.18066904544830323
460,460,460,460,460,460,460,460,460,460,460,460,460,460,1-7993,3,22,1-7993,24,0,0,14,4.293666362762451,0.17890276511510214
209,209,209,209,209,209,209,209,209,209,209,209,209,209,1-9938,4,15,1-9938,55,4,0,19,9.827118635177612,0.1786748842759566
448,448,448,448,448,448,448,448,448,448,448,448,448,448,1-3106,12,13,1-3106,34,3,0,10,6.066904544830322,0.17843836896559773
271,271,271,271,271,271,271,271,271,271,271,271,271,271,1-7897,2,24,1-7897,95,0,0,55,16.867974996566772,0.17755763154280813
520,520,520,520,520,520,520,520,520,520,520,520,520,520,1-2034,6,1,1-2034,16,1,0,6,2.8401427268981934,0.17750892043113708
189,189,189,189,189,189,189,189,189,189,189,189,189,189,1-9156,8,7,1-9156,268,23,0,80,47.53523635864258,0.17737028492030812
152,152,152,152,152,152,152,152,152,152,152,152,152,152,1-9500,5,4,1-9500,33,4,0,6,5.840142726898193,0.176974022027218
31,31,31,31,31,31,31,31,31,31,31,31,31,31,1-8938,7,10,1-8938,30,5,0,1,5.306690454483032,0.17688968181610107
355,355,355,355,355,355,355,355,355,355,355,355,355,355,1-9498,5,9,1-9498,64,7,0,14,11.293666362762451,0.1764635369181633
445,445,445,445,445,445,445,445,445,445,445,445,445,445,1-6538,8,7,1-6538,44,5,0,9,7.76021409034729,0.1763685020533475
288,288,288,288,288,288,288,288,288,288,288,288,288,288,1-8590,7,10,1-8590,24,3,0,4,4.226761817932129,0.17611507574717203
437,437,437,437,437,437,437,437,437,437,437,437,437,437,1-6980,19,1,1-6980,128,22,0,1,22.306690454483032,0.1742710191756487
201,201,201,201,201,201,201,201,201,201,201,201,201,201,1-9902,20,18,1-9902,30,4,0,4,5.226761817932129,0.17422539393107098
407,407,407,407,407,407,407,407,407,407,407,407,407,407,1-8421,16,9,1-8421,109,15,0,13,18.98697590827942,0.17419243952549926
446,446,446,446,446,446,446,446,446,446,446,446,446,446,1-3534,6,5,1-3534,279,24,0,79,48.228545904159546,0.17286217169949658
454,454,454,454,454,454,454,454,454,454,454,454,454,454,1-0272,6,5,1-0272,111,13,0,20,19.133809089660645,0.17237665846541123
337,337,337,337,337,337,337,337,337,337,337,337,337,337,1-18613,13,6,1-18613,25,4,0,1,4.306690454483032,0.1722676181793213
55,55,55,55,55,55,55,55,55,55,55,55,55,55,1-8095,8,7,1-8095,46,7,0,3,7.920071363449097,0.17217546442280646
247,247,247,247,247,247,247,247,247,247,247,247,247,247,1-20467,17,8,1-20467,13,1,0,4,2.226761817932129,0.17128937061016375
328,328,328,328,328,328,328,328,328,328,328,328,328,328,1-9497,12,13,1-9497,150,15,0,34,25.427475452423096,0.16951650301615398
223,223,223,223,223,223,223,223,223,223,223,223,223,223,1-0205,15,3,1-0205,34,3,0,9,5.76021409034729,0.16941806148080266
140,140,140,140,140,140,140,140,140,140,140,140,140,140,1-2294,13,6,1-2294,75,9,0,12,12.680285453796387,0.16907047271728515
250,250,250,250,250,250,250,250,250,250,250,250,250,250,1-9333,9,11,1-9333,102,7,0,33,17.120784997940063,0.16785083331313788
47,47,47,47,47,47,47,47,47,47,47,47,47,47,1-19547,9,11,1-19547,66,7,0,13,10.986975908279419,0.16646933194362756
367,367,367,367,367,367,367,367,367,367,367,367,367,367,1-8544,12,13,1-8544,54,1,0,26,8.973951816558838,0.16618429289923775
160,160,160,160,160,160,160,160,160,160,160,160,160,160,1-19813,7,10,1-19813,20,3,0,1,3.3066904544830322,0.1653345227241516
322,322,322,322,322,322,322,322,322,322,322,322,322,322,1-0296,10,6,1-0296,41,4,0,9,6.76021409034729,0.16488327049627538
263,263,263,263,263,263,263,263,263,263,263,263,263,263,1-6927,4,15,1-6927,179,16,0,44,29.494379997253418,0.1647730726103543
514,514,514,514,514,514,514,514,514,514,514,514,514,514,1-11206,10,12,1-11206,14,2,0,1,2.3066904544830322,0.16476360389164516
333,333,333,333,333,333,333,333,333,333,333,333,333,333,1-11329,13,4,1-11329,14,2,0,1,2.3066904544830322,0.16476360389164516
68,68,68,68,68,68,68,68,68,68,68,68,68,68,1-7845,7,10,1-7845,36,5,0,3,5.920071363449097,0.1644464267624749
238,238,238,238,238,238,238,238,238,238,238,238,238,238,1-9855,1,8,1-9855,8,1,0,1,1.3066904544830322,0.16333630681037903
527,527,527,527,527,527,527,527,527,527,527,527,527,527,1-5531,18,12,1-5531,8,1,0,1,1.3066904544830322,0.16333630681037903
459,459,459,459,459,459,459,459,459,459,459,459,459,459,1-2545,10,12,1-2545,145,16,0,25,23.667261362075806,0.16322249215224693
239,239,239,239,239,239,239,239,239,239,239,239,239,239,1-7042,5,4,1-7042,117,15,0,13,18.98697590827942,0.16228184536990956
426,426,426,426,426,426,426,426,426,426,426,426,426,426,1-4355,9,11,1-4355,49,3,0,16,7.907047271728516,0.1613683116679289
394,394,394,394,394,394,394,394,394,394,394,394,394,394,1-2423,5,4,1-2423,79,9,0,12,12.680285453796387,0.1605099424531188
106,106,106,106,106,106,106,106,106,106,106,106,106,106,MLG69,18,1,MLG69,576,49,0,141,92.24335408210754,0.16014471194810337
358,358,358,358,358,358,358,358,358,358,358,358,358,358,1-9831,4,15,1-9831,132,5,0,52,20.947903633117676,0.15869623964483087
5,5,5,5,5,5,5,5,5,5,5,5,5,5,1-5549,18,1,1-5549,35,4,0,5,5.533452272415161,0.15809863635471888
109,109,109,109,109,109,109,109,109,109,109,109,109,109,1-9768,8,7,1-9768,241,11,0,87,37.682069540023804,0.15635713502084567
396,396,396,396,396,396,396,396,396,396,396,396,396,396,1-9963,16,9,1-9963,116,12,0,20,18.133809089660645,0.15632594042810902
267,267,267,267,267,267,267,267,267,267,267,267,267,267,1-6181,11,18,1-6181,659,61,0,134,102.09652090072632,0.15492643535770306
492,492,492,492,492,492,492,492,492,492,492,492,492,492,1-6028,3,22,1-6028,2,0,0,1,0.3066904544830322,0.1533452272415161
280,280,280,280,280,280,280,280,280,280,280,280,280,280,1-7608,11,18,1-7608,4,0,0,2,0.6133809089660645,0.1533452272415161
265,265,265,265,265,265,265,265,265,265,265,265,265,265,1-11330,1,20,1-11330,14,0,0,7,2.1468331813812256,0.1533452272415161
329,329,329,329,329,329,329,329,329,329,329,329,329,329,1-1317,4,15,1-1317,414,41,0,72,63.08171272277832,0.15237128676999595
387,387,387,387,387,387,387,387,387,387,387,387,387,387,1-10539,14,2,1-10539,63,8,0,5,9.533452272415161,0.1513246392446851
130,130,130,130,130,130,130,130,130,130,130,130,130,130,1-1833,8,7,1-1833,124,12,0,22,18.74718999862671,0.15118701611795732
139,139,139,139,139,139,139,139,139,139,139,139,139,139,1-7863,16,9,1-7863,351,30,0,75,53.00178408622742,0.15100223386389577
208,208,208,208,208,208,208,208,208,208,208,208,208,208,1-10468,4,15,1-10468,549,36,0,152,82.6169490814209,0.15048624604994698
286,286,286,286,286,286,286,286,286,286,286,286,286,286,1-3587,18,1,1-3587,46,6,0,3,6.920071363449097,0.15043633398802383
371,371,371,371,371,371,371,371,371,371,371,371,371,371,1-1580,10,12,1-1580,400,49,0,36,60.04085636138916,0.1501021409034729
528,528,528,528,528,528,528,528,528,528,528,528,528,528,1-6718,14,2,1-6718,20,3,0,0,3.0,0.15
176,176,176,176,176,176,176,176,176,176,176,176,176,176,1-8042,14,10,1-8042,52,5,0,9,7.76021409034729,0.1492348863528325
562,562,562,562,562,562,562,562,562,562,562,562,562,562,1-0003,12,13,1-0003,17,1,0,5,2.533452272415161,0.14902660425971537
504,504,504,504,504,504,504,504,504,504,504,504,504,504,1-5425,4,15,1-5425,17,1,0,5,2.533452272415161,0.14902660425971537
129,129,129,129,129,129,129,129,129,129,129,129,129,129,1-2573,5,4,1-2573,37,3,0,8,5.453523635864258,0.147392530699034
126,126,126,126,126,126,126,126,126,126,126,126,126,126,1-8488,2,24,1-8488,23,0,0,11,3.3735949993133545,0.1466780434484067
105,105,105,105,105,105,105,105,105,105,105,105,105,105,1-1258,16,9,1-1258,435,50,0,43,63.187689542770386,0.14525905642016182
457,457,457,457,457,457,457,457,457,457,457,457,457,457,1-8503,1,10,1-8503,16,2,0,1,2.3066904544830322,0.14416815340518951
2,2,2,2,2,2,2,2,2,2,2,2,2,2,MLG17,5,4,MLG17,153,15,0,23,22.05388045310974,0.1441430094974493
187,187,187,187,187,187,187,187,187,187,187,187,187,187,1-7321,5,4,1-7321,7,1,0,0,1.0,0.14285714285714285
155,155,155,155,155,155,155,155,155,155,155,155,155,155,1-9447,11,18,1-9447,7,1,0,0,1.0,0.14285714285714285
30,30,30,30,30,30,30,30,30,30,30,30,30,30,1-8418,17,17,1-8418,46,5,0,5,6.533452272415161,0.14203157113946002
321,321,321,321,321,321,321,321,321,321,321,321,321,321,1-5172,16,9,1-5172,120,6,0,36,17.04085636138916,0.14200713634490966
347,347,347,347,347,347,347,347,347,347,347,347,347,347,1-8188,19,17,1-8188,140,10,0,32,19.81409454345703,0.1415292467389788
145,145,145,145,145,145,145,145,145,145,145,145,145,145,MLG06,6,5,MLG06,18,1,0,5,2.533452272415161,0.14074734846750894
41,41,41,41,41,41,41,41,41,41,41,41,41,41,1-7509,8,7,1-7509,40,5,0,2,5.6133809089660645,0.14033452272415162
67,67,67,67,67,67,67,67,67,67,67,67,67,67,1-7481,6,5,1-7481,33,4,0,2,4.6133809089660645,0.13979942148382013
34,34,34,34,34,34,34,34,34,34,34,34,34,34,1-6642,4,15,1-6642,36,5,0,0,5.0,0.1388888888888889
8,8,8,8,8,8,8,8,8,8,8,8,8,8,1-8181,13,6,1-8181,30,2,0,7,4.146833181381226,0.13822777271270753
343,343,343,343,343,343,343,343,343,343,343,343,343,343,1-4319,4,15,1-4319,163,13,0,31,22.507404088974,0.1380822336746871
363,363,363,363,363,363,363,363,363,363,363,363,363,363,1-10785,16,9,1-10785,279,20,0,60,38.401427268981934,0.137639524261584
413,413,413,413,413,413,413,413,413,413,413,413,413,413,1-8314,16,9,1-8314,36,4,0,3,4.920071363449097,0.13666864898469713
10,10,10,10,10,10,10,10,10,10,10,10,10,10,1-7964,3,22,1-7964,202,0,0,90,27.6021409034729,0.1366442618983807
424,424,424,424,424,424,424,424,424,424,424,424,424,424,1-4700,6,5,1-4700,31,3,0,4,4.226761817932129,0.13634715541716544
531,531,531,531,531,531,531,531,531,531,531,531,531,531,1-5891,14,2,1-5891,96,13,0,0,13.0,0.13541666666666666
391,391,391,391,391,391,391,391,391,391,391,391,391,391,MLG30,11,18,MLG30,208,14,0,46,28.107760906219482,0.13513346589528596
291,291,291,291,291,291,291,291,291,291,291,291,291,291,MLG02,11,18,MLG02,320,26,0,56,43.174665451049805,0.13492082953453063
292,292,292,292,292,292,292,292,292,292,292,292,292,292,1-9997,3,22,1-9997,16,0,0,7,2.1468331813812256,0.1341770738363266
91,91,91,91,91,91,91,91,91,91,91,91,91,91,72-12171,15,3,72-12171,19,1,0,5,2.533452272415161,0.13333959328500847
98,98,98,98,98,98,98,98,98,98,98,98,98,98,1-8127,5,4,1-8127,32,3,0,4,4.226761817932129,0.13208630681037903
279,279,279,279,279,279,279,279,279,279,279,279,279,279,MLG43,1,20,MLG43,14,0,0,6,1.8401427268981934,0.1314387662070138
352,352,352,352,352,352,352,352,352,352,352,352,352,352,MLG63,9,11,MLG63,380,13,0,120,49.80285453796387,0.13106014352095754
167,167,167,167,167,167,167,167,167,167,167,167,167,167,1-4929,15,3,1-4929,10,1,0,1,1.3066904544830322,0.1306690454483032
417,417,417,417,417,417,417,417,417,417,417,417,417,417,1-10451,10,12,1-10451,46,6,0,0,6.0,0.13043478260869565
462,462,462,462,462,462,462,462,462,462,462,462,462,462,1-1183,19,17,1-1183,45,4,0,6,5.840142726898193,0.12978094948662652
125,125,125,125,125,125,125,125,125,125,125,125,125,125,1-8622,20,16,1-8622,54,7,0,0,7.0,0.12962962962962962
42,42,42,42,42,42,42,42,42,42,42,42,42,42,1-1207,15,3,1-1207,66,3,0,18,8.52042818069458,0.1290973966771906
207,207,207,207,207,207,207,207,207,207,207,207,207,207,1-7058,16,9,1-7058,80,9,0,4,10.226761817932129,0.1278345227241516
487,487,487,487,487,487,487,487,487,487,487,487,487,487,1-6900,18,1,1-6900,67,7,0,5,8.533452272415161,0.12736495928977853
411,411,411,411,411,411,411,411,411,411,411,411,411,411,MLG15,13,6,MLG15,105,9,0,14,13.293666362762451,0.12660634631202333
259,259,259,259,259,259,259,259,259,259,259,259,259,259,1-3596,1,20,1-3596,223,0,0,92,28.215521812438965,0.12652700364322406
164,164,164,164,164,164,164,164,164,164,164,164,164,164,1-9740,1,20,1-9740,34,0,0,14,4.293666362762451,0.12628430478713093
218,218,218,218,218,218,218,218,218,218,218,218,218,218,1-9416,13,6,1-9416,13,1,0,2,1.6133809089660645,0.12410622376662034
338,338,338,338,338,338,338,338,338,338,338,338,338,338,1-6296,11,18,1-6296,254,17,0,47,31.414451360702515,0.12367894236497053
541,541,541,541,541,541,541,541,541,541,541,541,541,541,1-5424,5,8,1-5424,5,0,0,2,0.6133809089660645,0.1226761817932129
275,275,275,275,275,275,275,275,275,275,275,275,275,275,1-3216,1,20,1-3216,5,0,0,2,0.6133809089660645,0.1226761817932129
553,553,553,553,553,553,553,553,553,553,553,553,553,553,1-5555,1,20,1-5555,10,0,0,4,1.226761817932129,0.1226761817932129
157,157,157,157,157,157,157,157,157,157,157,157,157,157,1-6061,3,22,1-6061,40,0,0,16,4.907047271728516,0.1226761817932129
168,168,168,168,168,168,168,168,168,168,168,168,168,168,1-9655,9,10,1-9655,27,3,0,1,3.3066904544830322,0.12247001683270489
273,273,273,273,273,273,273,273,273,273,273,273,273,273,1-3589,5,4,1-3589,27,3,0,1,3.3066904544830322,0.12247001683270489
376,376,376,376,376,376,376,376,376,376,376,376,376,376,1-7874,16,9,1-7874,258,8,0,76,31.30847454071045,0.12135067651438158
121,121,121,121,121,121,121,121,121,121,121,121,121,121,1-7070,14,2,1-7070,129,14,0,5,15.533452272415161,0.12041435870089272
344,344,344,344,344,344,344,344,344,344,344,344,344,344,1-6035,3,22,1-6035,23,0,0,9,2.76021409034729,0.12000930827596913
222,222,222,222,222,222,222,222,222,222,222,222,222,222,1-4149,6,5,1-4149,16,1,0,3,1.9200713634490967,0.12000446021556854
11,11,11,11,11,11,11,11,11,11,11,11,11,11,1-9722,18,1,1-9722,22,2,0,2,2.6133809089660645,0.1187900413166393
341,341,341,341,341,341,341,341,341,341,341,341,341,341,1-0031,4,15,1-0031,13,0,0,5,1.5334522724151611,0.11795786710885856
304,304,304,304,304,304,304,304,304,304,304,304,304,304,1-19004,6,5,1-19004,60,3,0,13,6.986975908279419,0.11644959847132365
102,102,102,102,102,102,102,102,102,102,102,102,102,102,1-3564,17,8,1-3564,41,2,0,9,4.76021409034729,0.11610278269139732
101,101,101,101,101,101,101,101,101,101,101,101,101,101,1-9892,13,6,1-9892,22,1,0,5,2.533452272415161,0.11515692147341641
473,473,473,473,473,473,473,473,473,473,473,473,473,473,1-9452,1,20,1-9452,16,0,0,6,1.8401427268981934,0.11500892043113708
554,554,554,554,554,554,554,554,554,554,554,554,554,554,1-10444,11,9,1-10444,8,0,0,3,0.9200713634490967,0.11500892043113708
366,366,366,366,366,366,366,366,366,366,366,366,366,366,1-5163,1,20,1-5163,16,0,0,6,1.8401427268981934,0.11500892043113708
138,138,138,138,138,138,138,138,138,138,138,138,138,138,1-5515,10,2,1-5515,29,3,0,1,3.3066904544830322,0.11402380877527697
162,162,162,162,162,162,162,162,162,162,162,162,162,162,1-8067,4,15,1-8067,322,9,0,90,36.6021409034729,0.11367124504184131
472,472,472,472,472,472,472,472,472,472,472,472,472,472,1-9518,13,22,1-9518,22,0,0,8,2.453523635864258,0.11152380163019354
198,198,198,198,198,198,198,198,198,198,198,198,198,198,1-9839,5,4,1-9839,20,1,0,4,2.226761817932129,0.11133809089660644
99,99,99,99,99,99,99,99,99,99,99,99,99,99,1-5775,13,6,1-5775,244,22,0,16,26.907047271728516,0.11027478390052671
210,210,210,210,210,210,210,210,210,210,210,210,210,210,1-7842,17,8,1-7842,21,2,0,1,2.3066904544830322,0.10984240259443011
272,272,272,272,272,272,272,272,272,272,272,272,272,272,1-1570,16,9,1-1570,142,7,0,28,15.587332725524902,0.10976994877130213
237,237,237,237,237,237,237,237,237,237,237,237,237,237,1-9667,1,20,1-9667,14,0,0,5,1.5334522724151611,0.10953230517251152
315,315,315,315,315,315,315,315,315,315,315,315,315,315,1-1769,20,16,1-1769,89,2,0,25,9.667261362075806,0.10862091418062703
486,486,486,486,486,486,486,486,486,486,486,486,486,486,1-8678,6,5,1-8678,17,0,0,6,1.8401427268981934,0.10824368981754079
58,58,58,58,58,58,58,58,58,58,58,58,58,58,1-17733,4,15,1-17733,74,4,0,13,7.986975908279419,0.1079321068686408
296,296,296,296,296,296,296,296,296,296,296,296,296,296,1-9404,4,15,1-9404,100,4,0,22,10.747189998626709,0.10747189998626709
513,513,513,513,513,513,513,513,513,513,513,513,513,513,1-8094,10,12,1-8094,58,5,0,4,6.226761817932129,0.10735796237814016
74,74,74,74,74,74,74,74,74,74,74,74,74,74,1-8124,5,4,1-8124,18,1,0,3,1.9200713634490967,0.1066706313027276
401,401,401,401,401,401,401,401,401,401,401,401,401,401,1-7204,1,20,1-7204,26,0,0,9,2.76021409034729,0.10616208039797269
319,319,319,319,319,319,319,319,319,319,319,319,319,319,1-3584,12,13,1-3584,26,0,0,9,2.76021409034729,0.10616208039797269
202,202,202,202,202,202,202,202,202,202,202,202,202,202,1-8988,3,22,1-8988,29,0,0,10,3.0669045448303223,0.10575532913208008
381,381,381,381,381,381,381,381,381,381,381,381,381,381,1-2335,17,8,1-2335,145,11,0,14,15.293666362762451,0.10547356112249966
498,498,498,498,498,498,498,498,498,498,498,498,498,498,1-19915,9,9,1-19915,62,5,0,5,6.533452272415161,0.10537826245830904
348,348,348,348,348,348,348,348,348,348,348,348,348,348,1-17758,4,15,1-17758,40,2,0,7,4.146833181381226,0.10367082953453063
370,370,370,370,370,370,370,370,370,370,370,370,370,370,MLG62,13,6,MLG62,525,36,0,60,54.401427268981934,0.10362176622663226
172,172,172,172,172,172,172,172,172,172,172,172,172,172,1-8573,4,15,1-8573,184,6,0,42,18.880999088287354,0.10261412547982257
276,276,276,276,276,276,276,276,276,276,276,276,276,276,1-9495,3,22,1-9495,18,0,0,6,1.8401427268981934,0.10223015149434407
476,476,476,476,476,476,476,476,476,476,476,476,476,476,1-19205,2,24,1-19205,12,0,0,4,1.226761817932129,0.10223015149434407
564,564,564,564,564,564,564,564,564,564,564,564,564,564,1-9034,2,24,1-9034,3,0,0,1,0.3066904544830322,0.10223015149434407
449,449,449,449,449,449,449,449,449,449,449,449,449,449,1-1935,15,22,1-1935,12,0,0,4,1.226761817932129,0.10223015149434407
551,551,551,551,551,551,551,551,551,551,551,551,551,551,1-9838,1,20,1-9838,3,0,0,1,0.3066904544830322,0.10223015149434407
496,496,496,496,496,496,496,496,496,496,496,496,496,496,1-3176,2,24,1-3176,3,0,0,1,0.3066904544830322,0.10223015149434407
64,64,64,64,64,64,64,64,64,64,64,64,64,64,1-9674,4,15,1-9674,144,3,0,38,14.654237270355225,0.10176553659968907
452,452,452,452,452,452,452,452,452,452,452,452,452,452,1-8529,9,11,1-8529,56,2,0,12,5.680285453796387,0.10143366881779262
450,450,450,450,450,450,450,450,450,450,450,450,450,450,1-2297,4,15,1-2297,25,1,0,5,2.533452272415161,0.10133809089660645
59,59,59,59,59,59,59,59,59,59,59,59,59,59,1-9331,19,17,1-9331,25,1,0,5,2.533452272415161,0.10133809089660645
117,117,117,117,117,117,117,117,117,117,117,117,117,117,1-0358,9,11,1-0358,22,1,0,4,2.226761817932129,0.10121644626964223
385,385,385,385,385,385,385,385,385,385,385,385,385,385,1-6974,7,10,1-6974,207,16,0,16,20.907047271728516,0.10100022836583825
293,293,293,293,293,293,293,293,293,293,293,293,293,293,1-8066,11,18,1-8066,86,5,0,12,8.680285453796387,0.10093355178833008
169,169,169,169,169,169,169,169,169,169,169,169,169,169,1-9606,4,15,1-9606,16,1,0,2,1.6133809089660645,0.10083630681037903
397,397,397,397,397,397,397,397,397,397,397,397,397,397,1-9808,9,18,1-9808,74,5,0,8,7.453523635864258,0.10072329237654402
524,524,524,524,524,524,524,524,524,524,524,524,524,524,1-9338,4,15,1-9338,29,2,0,3,2.9200713634490967,0.10069211598100333
463,463,463,463,463,463,463,463,463,463,463,463,463,463,1-1989,17,8,1-1989,46,4,0,2,4.6133809089660645,0.10029088932534923
395,395,395,395,395,395,395,395,395,395,395,395,395,395,1-6787,19,17,1-6787,56,5,0,2,5.6133809089660645,0.10023894480296544
435,435,435,435,435,435,435,435,435,435,435,435,435,435,1-9610,6,20,1-9610,49,0,0,16,4.907047271728516,0.10014382187201053
364,364,364,364,364,364,364,364,364,364,364,364,364,364,1-7682,1,20,1-7682,141,0,0,46,14.107760906219482,0.10005504188808144
274,274,274,274,274,274,274,274,274,274,274,274,274,274,1-0033,9,11,1-0033,10,1,0,0,1.0,0.1
447,447,447,447,447,447,447,447,447,447,447,447,447,447,1-7152,18,1,1-7152,109,9,0,6,10.840142726898193,0.09945085070548801
368,368,368,368,368,368,368,368,368,368,368,368,368,368,1-5197,4,15,1-5197,72,5,0,7,7.146833181381226,0.09926157196362813
356,356,356,356,356,356,356,356,356,356,356,356,356,356,1-9761,20,4,1-9761,35,1,0,8,3.453523635864258,0.09867210388183593
192,192,192,192,192,192,192,192,192,192,192,192,192,192,1-9770,13,6,1-9770,50,3,0,6,4.840142726898193,0.09680285453796386
350,350,350,350,350,350,350,350,350,350,350,350,350,350,1-2282,1,20,1-2282,219,0,0,69,21.161641359329224,0.0966284993576677
133,133,133,133,133,133,133,133,133,133,133,133,133,133,1-8576,18,1,1-8576,55,5,0,1,5.306690454483032,0.09648528099060058
230,230,230,230,230,230,230,230,230,230,230,230,230,230,1-3089,3,22,1-3089,16,0,0,5,1.5334522724151611,0.09584076702594757
334,334,334,334,334,334,334,334,334,334,334,334,334,334,1-20641,12,13,1-20641,16,0,0,5,1.5334522724151611,0.09584076702594757
461,461,461,461,461,461,461,461,461,461,461,461,461,461,1-9651,19,17,1-9651,38,3,0,2,3.6133809089660645,0.09508897128858064
179,179,179,179,179,179,179,179,179,179,179,179,179,179,1-4052,1,20,1-4052,13,0,0,4,1.226761817932129,0.09436629368708684
516,516,516,516,516,516,516,516,516,516,516,516,516,516,1-5036,12,13,1-5036,14,1,0,1,1.3066904544830322,0.09333503246307373
217,217,217,217,217,217,217,217,217,217,217,217,217,217,1-9630,1,20,1-9630,33,0,0,10,3.0669045448303223,0.09293650135849461
143,143,143,143,143,143,143,143,143,143,143,143,143,143,1-8928,6,17,1-8928,39,3,0,2,3.6133809089660645,0.0926507925375914
103,103,103,103,103,103,103,103,103,103,103,103,103,103,1-8820,5,15,1-8820,83,3,0,15,7.600356817245483,0.09157056406319859
12,12,12,12,12,12,12,12,12,12,12,12,12,12,MLG84,9,11,MLG84,63,3,0,9,5.76021409034729,0.09143196968805223
310,310,310,310,310,310,310,310,310,310,310,310,310,310,1-4855,14,2,1-4855,22,2,0,0,2.0,0.09090909090909091
354,354,354,354,354,354,354,354,354,354,354,354,354,354,1-9417,4,15,1-9417,76,2,0,16,6.907047271728516,0.09088220094379626
183,183,183,183,183,183,183,183,183,183,183,183,183,183,1-9496,12,13,1-9496,39,2,0,5,3.533452272415161,0.09060134031833747
52,52,52,52,52,52,52,52,52,52,52,52,52,52,72-12387,20,16,72-12387,71,3,0,11,6.3735949993133545,0.08976894365230077
507,507,507,507,507,507,507,507,507,507,507,507,507,507,1-6909,18,1,1-6909,36,2,0,4,3.226761817932129,0.08963227272033691
45,45,45,45,45,45,45,45,45,45,45,45,45,45,1-9444,3,22,1-9444,24,0,0,7,2.1468331813812256,0.08945138255755107
428,428,428,428,428,428,428,428,428,428,428,428,428,428,1-2701,8,7,1-2701,61,3,0,8,5.453523635864258,0.08940202681744686
300,300,300,300,300,300,300,300,300,300,300,300,300,300,1-4020,14,2,1-4020,37,3,0,1,3.3066904544830322,0.0893700122833252
544,544,544,544,544,544,544,544,544,544,544,544,544,544,1-5799,3,22,1-5799,7,0,0,2,0.6133809089660645,0.08762584413800921
307,307,307,307,307,307,307,307,307,307,307,307,307,307,1-5530,3,22,1-5530,7,0,0,2,0.6133809089660645,0.08762584413800921
264,264,264,264,264,264,264,264,264,264,264,264,264,264,P-0009,8,7,P-0009,7,0,0,2,0.6133809089660645,0.08762584413800921
154,154,154,154,154,154,154,154,154,154,154,154,154,154,1-18994,1,20,1-18994,28,0,0,8,2.453523635864258,0.08762584413800921
257,257,257,257,257,257,257,257,257,257,257,257,257,257,1-9504,18,1,1-9504,30,2,0,2,2.6133809089660645,0.08711269696553549
245,245,245,245,245,245,245,245,245,245,245,245,245,245,1-6647,17,8,1-6647,62,2,0,11,5.3735949993133545,0.08667088708569927
540,540,540,540,540,540,540,540,540,540,540,540,540,540,1-5413,1,20,1-5413,39,0,0,11,3.3735949993133545,0.0865024358798296
303,303,303,303,303,303,303,303,303,303,303,303,303,303,1-8157,3,22,1-8157,75,0,0,21,6.440499544143677,0.08587332725524903
56,56,56,56,56,56,56,56,56,56,56,56,56,56,1-5877,15,3,1-5877,79,4,0,9,6.76021409034729,0.08557233025756063
36,36,36,36,36,36,36,36,36,36,36,36,36,36,1-2714,1,20,1-2714,61,0,0,17,5.213737726211548,0.08547111026576308
70,70,70,70,70,70,70,70,70,70,70,70,70,70,1-2584,4,15,1-2584,36,0,0,10,3.0669045448303223,0.08519179291195339
57,57,57,57,57,57,57,57,57,57,57,57,57,57,1-1224,4,15,1-1224,151,6,0,22,12.747189998626709,0.08441847681209741
88,88,88,88,88,88,88,88,88,88,88,88,88,88,1-5626,16,9,1-5626,125,5,0,18,10.52042818069458,0.08416342544555665
219,219,219,219,219,219,219,219,219,219,219,219,219,219,1-5653,4,15,1-5653,11,0,0,3,0.9200713634490967,0.08364285122264516
193,193,193,193,193,193,193,193,193,193,193,193,193,193,1-9553,16,9,1-9553,23,1,0,3,1.9200713634490967,0.08348136362822159
63,63,63,63,63,63,63,63,63,63,63,63,63,63,1-7066,5,4,1-7066,23,1,0,3,1.9200713634490967,0.08348136362822159
246,246,246,246,246,246,246,246,246,246,246,246,246,246,MLG56,18,1,MLG56,511,28,0,46,42.10776090621948,0.08240266322156455
536,536,536,536,536,536,536,536,536,536,536,536,536,536,1-9971,7,22,1-9971,15,0,0,4,1.226761817932129,0.08178412119547526
532,532,532,532,532,532,532,532,532,532,532,532,532,532,1-19447,1,20,1-19447,15,0,0,4,1.226761817932129,0.08178412119547526
221,221,221,221,221,221,221,221,221,221,221,221,221,221,1-8023,18,1,1-8023,16,1,0,1,1.3066904544830322,0.08166815340518951
423,423,423,423,423,423,423,423,423,423,423,423,423,423,1-7122,8,7,1-7122,197,9,0,23,16.05388045310974,0.08149177894979565
203,203,203,203,203,203,203,203,203,203,203,203,203,203,1-1250,3,22,1-1250,34,0,0,9,2.76021409034729,0.08118276736315559
197,197,197,197,197,197,197,197,197,197,197,197,197,197,1-8646,16,9,1-8646,20,1,0,2,1.6133809089660645,0.08066904544830322
529,529,529,529,529,529,529,529,529,529,529,529,529,529,1-6217,4,15,1-6217,44,2,0,5,3.533452272415161,0.08030573346398094
359,359,359,359,359,359,359,359,359,359,359,359,359,359,1-4417,11,18,1-4417,151,5,0,23,12.053880453109741,0.07982702286827643
71,71,71,71,71,71,71,71,71,71,71,71,71,71,1-6532,2,24,1-6532,27,0,0,7,2.1468331813812256,0.0795123400511565
29,29,29,29,29,29,29,29,29,29,29,29,29,29,1-18735,6,5,1-18735,27,0,0,7,2.1468331813812256,0.0795123400511565
97,97,97,97,97,97,97,97,97,97,97,97,97,97,1-9237,16,9,1-9237,38,3,0,0,3.0,0.07894736842105263
233,233,233,233,233,233,233,233,233,233,233,233,233,233,MLG07,3,5,MLG07,90,4,0,10,7.066904544830322,0.0785211616092258
86,86,86,86,86,86,86,86,86,86,86,86,86,86,1-9345,12,13,1-9345,47,0,0,12,3.6802854537963867,0.07830394582545504
166,166,166,166,166,166,166,166,166,166,166,166,166,166,MLG40,2,24,MLG40,51,0,0,13,3.986975908279419,0.07817599820155724
431,431,431,431,431,431,431,431,431,431,431,431,431,431,1-7614,10,2,1-7614,72,5,0,2,5.6133809089660645,0.07796362373563978
61,61,61,61,61,61,61,61,61,61,61,61,61,61,1-7341,6,5,1-7341,110,3,0,18,8.52042818069458,0.07745843800631437
242,242,242,242,242,242,242,242,242,242,242,242,242,242,1-20791,14,2,1-20791,13,1,0,0,1.0,0.07692307692307693
374,374,374,374,374,374,374,374,374,374,374,374,374,374,1-6919,6,5,1-6919,43,3,0,1,3.3066904544830322,0.07689977801123331
523,523,523,523,523,523,523,523,523,523,523,523,523,523,1-9861,6,5,1-9861,8,0,0,2,0.6133809089660645,0.07667261362075806
405,405,405,405,405,405,405,405,405,405,405,405,405,405,1-3104,3,22,1-3104,16,0,0,4,1.226761817932129,0.07667261362075806
204,204,204,204,204,204,204,204,204,204,204,204,204,204,1-9733,1,20,1-9733,4,0,0,1,0.3066904544830322,0.07667261362075806
451,451,451,451,451,451,451,451,451,451,451,451,451,451,1-4098,2,24,1-4098,16,0,0,4,1.226761817932129,0.07667261362075806
15,15,15,15,15,15,15,15,15,15,15,15,15,15,1-8093,2,24,1-8093,4,0,0,1,0.3066904544830322,0.07667261362075806
508,508,508,508,508,508,508,508,508,508,508,508,508,508,1-8532,3,22,1-8532,4,0,0,1,0.3066904544830322,0.07667261362075806
119,119,119,119,119,119,119,119,119,119,119,119,119,119,1-5929,2,24,1-5929,4,0,0,1,0.3066904544830322,0.07667261362075806
79,79,79,79,79,79,79,79,79,79,79,79,79,79,1-9739,19,17,1-9739,31,2,0,1,2.3066904544830322,0.07440936949945265
205,205,205,205,205,205,205,205,205,205,205,205,205,205,1-8018,3,22,1-8018,58,0,0,14,4.293666362762451,0.07402873039245605
13,13,13,13,13,13,13,13,13,13,13,13,13,13,1-9805,6,10,1-9805,26,1,0,3,1.9200713634490967,0.07384889859419602
136,136,136,136,136,136,136,136,136,136,136,136,136,136,1-9549,6,5,1-9549,18,1,0,1,1.3066904544830322,0.07259391413794623
228,228,228,228,228,228,228,228,228,228,228,228,228,228,1-17835,18,1,1-17835,17,0,0,4,1.226761817932129,0.07216245987836052
295,295,295,295,295,295,295,295,295,295,295,295,295,295,1-3639,4,15,1-3639,17,0,0,4,1.226761817932129,0.07216245987836052
83,83,83,83,83,83,83,83,83,83,83,83,83,83,1-18423,3,22,1-18423,47,0,0,11,3.3735949993133545,0.07177861700666711
518,518,518,518,518,518,518,518,518,518,518,518,518,518,1-1850,1,20,1-1850,30,0,0,7,2.1468331813812256,0.07156110604604085
420,420,420,420,420,420,420,420,420,420,420,420,420,420,1-8172,17,8,1-8172,40,1,0,6,2.8401427268981934,0.07100356817245483
409,409,409,409,409,409,409,409,409,409,409,409,409,409,1-9645,9,11,1-9645,69,3,0,6,4.840142726898193,0.07014699604200281
180,180,180,180,180,180,180,180,180,180,180,180,180,180,1-0037,1,20,1-0037,35,0,0,8,2.453523635864258,0.07010067531040737
24,24,24,24,24,24,24,24,24,24,24,24,24,24,1-7140,11,18,1-7140,397,10,0,58,27.78804636001587,0.06999507899248329
206,206,206,206,206,206,206,206,206,206,206,206,206,206,1-9752,1,20,1-9752,22,0,0,5,1.5334522724151611,0.06970237601887096
285,285,285,285,285,285,285,285,285,285,285,285,285,285,1-18615,1,20,1-18615,22,0,0,5,1.5334522724151611,0.06970237601887096
314,314,314,314,314,314,314,314,314,314,314,314,314,314,1-3139,3,22,1-3139,93,0,0,21,6.440499544143677,0.06925268327036212
85,85,85,85,85,85,85,85,85,85,85,85,85,85,1-8084,12,13,1-8084,82,1,0,15,5.600356817245483,0.06829703435665224
216,216,216,216,216,216,216,216,216,216,216,216,216,216,1-9887,3,22,1-9887,36,0,0,8,2.453523635864258,0.06815343432956272
482,482,482,482,482,482,482,482,482,482,482,482,482,482,1-4390,3,22,1-4390,45,0,0,10,3.0669045448303223,0.06815343432956272
235,235,235,235,235,235,235,235,235,235,235,235,235,235,1-8113,3,22,1-8113,9,0,0,2,0.6133809089660645,0.06815343432956272
199,199,199,199,199,199,199,199,199,199,199,199,199,199,MLG39,1,20,MLG39,23,0,0,5,1.5334522724151611,0.06667183793109396
418,418,418,418,418,418,418,418,418,418,418,418,418,418,1-6216,16,9,1-6216,45,3,0,0,3.0,0.06666666666666667
116,116,116,116,116,116,116,116,116,116,116,116,116,116,1-20047,10,12,1-20047,20,1,0,1,1.3066904544830322,0.0653345227241516
33,33,33,33,33,33,33,33,33,33,33,33,33,33,1-7991,10,12,1-7991,46,3,0,0,3.0,0.06521739130434782
517,517,517,517,517,517,517,517,517,517,517,517,517,517,1-18028,18,1,1-18028,309,5,0,49,20.02783226966858,0.06481499116397599
392,392,392,392,392,392,392,392,392,392,392,392,392,392,1-9609,13,18,1-9609,25,1,0,2,1.6133809089660645,0.06453523635864258
480,480,480,480,480,480,480,480,480,480,480,480,480,480,1-1005,3,22,1-1005,125,0,0,26,7.973951816558838,0.0637916145324707
470,470,470,470,470,470,470,470,470,470,470,470,470,470,1-1204,2,24,1-1204,39,0,0,8,2.453523635864258,0.0629108624580579
80,80,80,80,80,80,80,80,80,80,80,80,80,80,1-9115,8,7,1-9115,16,1,0,0,1.0,0.0625
54,54,54,54,54,54,54,54,54,54,54,54,54,54,1-8125,19,17,1-8125,21,1,0,1,1.3066904544830322,0.062223354975382485
190,190,190,190,190,190,190,190,190,190,190,190,190,190,1-2382,1,20,1-2382,139,0,0,28,8.587332725524902,0.06177937212607843
444,444,444,444,444,444,444,444,444,444,444,444,444,444,1-3217,3,22,1-3217,5,0,0,1,0.3066904544830322,0.06133809089660645
323,323,323,323,323,323,323,323,323,323,323,323,323,323,1-3647,15,3,1-3647,5,0,0,1,0.3066904544830322,0.06133809089660645
433,433,433,433,433,433,433,433,433,433,433,433,433,433,1-5654,1,20,1-5654,15,0,0,3,0.9200713634490967,0.06133809089660645
294,294,294,294,294,294,294,294,294,294,294,294,294,294,1-3509,19,17,1-3509,35,0,0,7,2.1468331813812256,0.06133809089660645
505,505,505,505,505,505,505,505,505,505,505,505,505,505,1-4747,16,9,1-4747,25,0,0,5,1.5334522724151611,0.06133809089660645
287,287,287,287,287,287,287,287,287,287,287,287,287,287,1-9836,5,4,1-9836,5,0,0,1,0.3066904544830322,0.06133809089660645
313,313,313,313,313,313,313,313,313,313,313,313,313,313,1-7521,1,20,1-7521,10,0,0,2,0.6133809089660645,0.06133809089660645
254,254,254,254,254,254,254,254,254,254,254,254,254,254,1-8379,1,20,1-8379,5,0,0,1,0.3066904544830322,0.06133809089660645
443,443,443,443,443,443,443,443,443,443,443,443,443,443,1-3447,3,22,1-3447,110,0,0,22,6.747189998626709,0.06133809089660645
84,84,84,84,84,84,84,84,84,84,84,84,84,84,1-18714,3,22,1-18714,32,0,0,6,1.8401427268981934,0.05750446021556854
19,19,19,19,19,19,19,19,19,19,19,19,19,19,1-2596,8,7,1-2596,35,2,0,0,2.0,0.05714285714285714
491,491,491,491,491,491,491,491,491,491,491,491,491,491,MLG09,1,20,MLG09,125,0,0,23,7.053880453109741,0.05643104362487793
270,270,270,270,270,270,270,270,270,270,270,270,270,270,1-1390,1,20,1-1390,98,0,0,18,5.52042818069458,0.05633089980300592
335,335,335,335,335,335,335,335,335,335,335,335,335,335,1-8910,3,22,1-8910,137,0,0,25,7.667261362075806,0.05596541140201318
534,534,534,534,534,534,534,534,534,534,534,534,534,534,1-9457,2,24,1-9457,11,0,0,2,0.6133809089660645,0.05576190081509677
174,174,174,174,174,174,174,174,174,174,174,174,174,174,MLG38,1,20,MLG38,77,0,0,14,4.293666362762451,0.05576190081509677
416,416,416,416,416,416,416,416,416,416,416,416,416,416,1-18203,17,1,1-18203,29,1,0,2,1.6133809089660645,0.05563382444710567
227,227,227,227,227,227,227,227,227,227,227,227,227,227,1-3068,18,1,1-3068,180,9,0,3,9.920071363449097,0.0551115075747172
62,62,62,62,62,62,62,62,62,62,62,62,62,62,1-9818,9,11,1-9818,28,0,0,5,1.5334522724151611,0.05476615258625576
501,501,501,501,501,501,501,501,501,501,501,501,501,501,1-18487,3,22,1-18487,23,0,0,4,1.226761817932129,0.05333747034487517
231,231,231,231,231,231,231,231,231,231,231,231,231,231,1-8450,3,22,1-8450,52,0,0,9,2.76021409034729,0.053081040198986344
132,132,132,132,132,132,132,132,132,132,132,132,132,132,1-9110,1,20,1-9110,29,0,0,5,1.5334522724151611,0.05287766456604004
308,308,308,308,308,308,308,308,308,308,308,308,308,308,1-6743,4,15,1-6743,58,0,0,10,3.0669045448303223,0.05287766456604004
124,124,124,124,124,124,124,124,124,124,124,124,124,124,1-8427,3,22,1-8427,189,0,0,32,9.814094543457031,0.05192642615585731
372,372,372,372,372,372,372,372,372,372,372,372,372,372,1-6916,12,13,1-6916,43,1,0,4,2.226761817932129,0.051785158556561135
490,490,490,490,490,490,490,490,490,490,490,490,490,490,1-3551,4,15,1-3551,6,0,0,1,0.3066904544830322,0.051115075747172035
89,89,89,89,89,89,89,89,89,89,89,89,89,89,1-18004,1,20,1-18004,12,0,0,2,0.6133809089660645,0.051115075747172035
72,72,72,72,72,72,72,72,72,72,72,72,72,72,1-9614,12,13,1-9614,30,0,0,5,1.5334522724151611,0.051115075747172035
95,95,95,95,95,95,95,95,95,95,95,95,95,95,1-3312,4,15,1-3312,36,0,0,6,1.8401427268981934,0.051115075747172035
468,468,468,468,468,468,468,468,468,468,468,468,468,468,1-6228,1,20,1-6228,48,0,0,8,2.453523635864258,0.051115075747172035
477,477,477,477,477,477,477,477,477,477,477,477,477,477,1-9055,2,24,1-9055,12,0,0,2,0.6133809089660645,0.051115075747172035
456,456,456,456,456,456,456,456,456,456,456,456,456,456,1-8186,7,10,1-8186,26,1,0,1,1.3066904544830322,0.050257325172424316
248,248,248,248,248,248,248,248,248,248,248,248,248,248,1-2400,2,24,1-2400,49,0,0,8,2.453523635864258,0.050071910936005264
225,225,225,225,225,225,225,225,225,225,225,225,225,225,1-9650,2,24,1-9650,25,0,0,4,1.226761817932129,0.04907047271728516
318,318,318,318,318,318,318,318,318,318,318,318,318,318,1-2324,14,24,1-2324,25,0,0,4,1.226761817932129,0.04907047271728516
171,171,171,171,171,171,171,171,171,171,171,171,171,171,1-8100,2,24,1-8100,19,0,0,3,0.9200713634490967,0.04842480860258404
393,393,393,393,393,393,393,393,393,393,393,393,393,393,1-7819,7,3,1-7819,59,1,0,6,2.8401427268981934,0.048138012320308364
548,548,548,548,548,548,548,548,548,548,548,548,548,548,1-3087,4,15,1-3087,26,0,0,4,1.226761817932129,0.04718314684354342
226,226,226,226,226,226,226,226,226,226,226,226,226,226,1-9996,19,17,1-9996,28,1,0,1,1.3066904544830322,0.046667516231536865
406,406,406,406,406,406,406,406,406,406,406,406,406,406,1-17907,2,24,1-17907,119,0,0,18,5.52042818069458,0.04639015277894605
511,511,511,511,511,511,511,511,511,511,511,511,511,511,1-9697,1,20,1-9697,20,0,0,3,0.9200713634490967,0.04600356817245484
27,27,27,27,27,27,27,27,27,27,27,27,27,27,1-18409,13,6,1-18409,22,1,0,0,1.0,0.045454545454545456
555,555,555,555,555,555,555,555,555,555,555,555,555,555,1-3646,1,20,1-3646,7,0,0,1,0.3066904544830322,0.043812922069004605
512,512,512,512,512,512,512,512,512,512,512,512,512,512,1-3033,3,22,1-3033,7,0,0,1,0.3066904544830322,0.043812922069004605
173,173,173,173,173,173,173,173,173,173,173,173,173,173,1-9588,3,22,1-9588,14,0,0,2,0.6133809089660645,0.043812922069004605
78,78,78,78,78,78,78,78,78,78,78,78,78,78,1-4088,7,10,1-4088,30,1,0,1,1.3066904544830322,0.043556348482767744
191,191,191,191,191,191,191,191,191,191,191,191,191,191,1-8328,2,24,1-8328,114,0,0,16,4.907047271728516,0.04304427431340803
521,521,521,521,521,521,521,521,521,521,521,521,521,521,1-19549,10,22,1-19549,29,0,0,4,1.226761817932129,0.04230213165283203
360,360,360,360,360,360,360,360,360,360,360,360,360,360,1-6611,2,24,1-6611,89,0,0,12,3.6802854537963867,0.04135152195276839
241,241,241,241,241,241,241,241,241,241,241,241,241,241,1-19448,2,24,1-19448,45,0,0,6,1.8401427268981934,0.04089206059773763
351,351,351,351,351,351,351,351,351,351,351,351,351,351,1-19229,3,22,1-19229,38,0,0,5,1.5334522724151611,0.04035400716882003
104,104,104,104,104,104,104,104,104,104,104,104,104,104,1-8267,2,24,1-8267,133,0,0,17,5.213737726211548,0.03920103553542517
213,213,213,213,213,213,213,213,213,213,213,213,213,213,1-18563,11,18,1-18563,8,0,0,1,0.3066904544830322,0.03833630681037903
147,147,147,147,147,147,147,147,147,147,147,147,147,147,1-17657,4,15,1-17657,8,0,0,1,0.3066904544830322,0.03833630681037903
48,48,48,48,48,48,48,48,48,48,48,48,48,48,1-0405,20,13,1-0405,64,0,0,8,2.453523635864258,0.03833630681037903
127,127,127,127,127,127,127,127,127,127,127,127,127,127,1-9643,4,15,1-9643,8,0,0,1,0.3066904544830322,0.03833630681037903
195,195,195,195,195,195,195,195,195,195,195,195,195,195,1-2670,17,8,1-2670,104,3,0,3,3.9200713634490967,0.03769299387931824
484,484,484,484,484,484,484,484,484,484,484,484,484,484,MLG31,3,22,MLG31,33,0,0,4,1.226761817932129,0.03717460054339784
96,96,96,96,96,96,96,96,96,96,96,96,96,96,MLG37,1,20,MLG37,116,0,0,14,4.293666362762451,0.03701436519622803
522,522,522,522,522,522,522,522,522,522,522,522,522,522,1-5282,3,22,1-5282,17,0,0,2,0.6133809089660645,0.03608122993918026
66,66,66,66,66,66,66,66,66,66,66,66,66,66,1-7536,2,24,1-7536,17,0,0,2,0.6133809089660645,0.03608122993918026
506,506,506,506,506,506,506,506,506,506,506,506,506,506,1-6227,3,22,1-6227,52,0,0,6,1.8401427268981934,0.035387360132657565
6,6,6,6,6,6,6,6,6,6,6,6,6,6,1-8021,6,5,1-8021,58,2,0,0,2.0,0.034482758620689655
134,134,134,134,134,134,134,134,134,134,134,134,134,134,1-9465,2,24,1-9465,18,0,0,2,0.6133809089660645,0.03407671716478136
439,439,439,439,439,439,439,439,439,439,439,439,439,439,MLG72,3,22,MLG72,9,0,0,1,0.3066904544830322,0.03407671716478136
53,53,53,53,53,53,53,53,53,53,53,53,53,53,1-9850,1,20,1-9850,27,0,0,3,0.9200713634490967,0.03407671716478136
402,402,402,402,402,402,402,402,402,402,402,402,402,402,1-5744,13,18,1-5744,18,0,0,2,0.6133809089660645,0.03407671716478136
361,361,361,361,361,361,361,361,361,361,361,361,361,361,1-0008,11,18,1-0008,230,1,0,22,7.747189998626709,0.03368343477663786
7,7,7,7,7,7,7,7,7,7,7,7,7,7,1-8767,18,1,1-8767,48,1,0,2,1.6133809089660645,0.03361210227012634
25,25,25,25,25,25,25,25,25,25,25,25,25,25,1-9607,4,15,1-9607,19,0,0,2,0.6133809089660645,0.032283205735056025
494,494,494,494,494,494,494,494,494,494,494,494,494,494,1-3265,2,24,1-3265,19,0,0,2,0.6133809089660645,0.032283205735056025
220,220,220,220,220,220,220,220,220,220,220,220,220,220,MLG73,2,24,MLG73,10,0,0,1,0.3066904544830322,0.030669045448303223
211,211,211,211,211,211,211,211,211,211,211,211,211,211,1-5406,18,1,1-5406,10,0,0,1,0.3066904544830322,0.030669045448303223
1,1,1,1,1,1,1,1,1,1,1,1,1,1,1-9185,3,22,1-9185,31,0,0,3,0.9200713634490967,0.029679721401583765
489,489,489,489,489,489,489,489,489,489,489,489,489,489,1-9578,1,20,1-9578,42,0,0,4,1.226761817932129,0.029208614712669737
93,93,93,93,93,93,93,93,93,93,93,93,93,93,1-20003,5,4,1-20003,21,0,0,2,0.6133809089660645,0.029208614712669737
289,289,289,289,289,289,289,289,289,289,289,289,289,289,1-1592,2,24,1-1592,32,0,0,3,0.9200713634490967,0.02875223010778427
475,475,475,475,475,475,475,475,475,475,475,475,475,475,1-18234,11,18,1-18234,43,0,0,4,1.226761817932129,0.028529344603072767
81,81,81,81,81,81,81,81,81,81,81,81,81,81,1-7770,7,10,1-7770,11,0,0,1,0.3066904544830322,0.027880950407548385
458,458,458,458,458,458,458,458,458,458,458,458,458,458,1-7182,10,1,1-7182,22,0,0,2,0.6133809089660645,0.027880950407548385
144,144,144,144,144,144,144,144,144,144,144,144,144,144,1-7744,7,10,1-7744,37,1,0,0,1.0,0.02702702702702703
340,340,340,340,340,340,340,340,340,340,340,340,340,340,1-3362,2,24,1-3362,117,0,0,10,3.0669045448303223,0.026212859357524123
0,0,0,0,0,0,0,0,0,0,0,0,0,0,72-0103,11,18,72-0103,71,0,0,6,1.8401427268981934,0.025917503195749203
113,113,113,113,113,113,113,113,113,113,113,113,113,113,1-4499,1,20,1-4499,12,0,0,1,0.3066904544830322,0.025557537873586018
436,436,436,436,436,436,436,436,436,436,436,436,436,436,1-5161,7,24,1-5161,12,0,0,1,0.3066904544830322,0.025557537873586018
49,49,49,49,49,49,49,49,49,49,49,49,49,49,1-2178,1,20,1-2178,12,0,0,1,0.3066904544830322,0.025557537873586018
146,146,146,146,146,146,146,146,146,146,146,146,146,146,1-7453,1,20,1-7453,13,0,0,1,0.3066904544830322,0.02359157342177171
22,22,22,22,22,22,22,22,22,22,22,22,22,22,1-7995,15,3,1-7995,14,0,0,1,0.3066904544830322,0.021906461034502302
306,306,306,306,306,306,306,306,306,306,306,306,306,306,1-18377,2,24,1-18377,14,0,0,1,0.3066904544830322,0.021906461034502302
379,379,379,379,379,379,379,379,379,379,379,379,379,379,1-4640,2,24,1-4640,87,0,0,6,1.8401427268981934,0.021151065826416016
182,182,182,182,182,182,182,182,182,182,182,182,182,182,1-7752,1,20,1-7752,29,0,0,2,0.6133809089660645,0.021151065826416016
432,432,432,432,432,432,432,432,432,432,432,432,432,432,1-6914,3,22,1-6914,73,0,0,5,1.5334522724151611,0.021006195512536453
399,399,399,399,399,399,399,399,399,399,399,399,399,399,MLG60,2,24,MLG60,47,0,0,3,0.9200713634490967,0.01957598645636376
389,389,389,389,389,389,389,389,389,389,389,389,389,389,1-0278,2,24,1-0278,79,0,0,5,1.5334522724151611,0.01941078825841976
137,137,137,137,137,137,137,137,137,137,137,137,137,137,1-1972,4,15,1-1972,32,0,0,2,0.6133809089660645,0.019168153405189514
26,26,26,26,26,26,26,26,26,26,26,26,26,26,1-9907,19,17,1-9907,17,0,0,1,0.3066904544830322,0.01804061496959013
301,301,301,301,301,301,301,301,301,301,301,301,301,301,1-1177,2,24,1-1177,17,0,0,1,0.3066904544830322,0.01804061496959013
369,369,369,369,369,369,369,369,369,369,369,369,369,369,1-6594,1,20,1-6594,70,0,0,4,1.226761817932129,0.017525168827601842
32,32,32,32,32,32,32,32,32,32,32,32,32,32,1-0022,1,20,1-0022,18,0,0,1,0.3066904544830322,0.01703835858239068
312,312,312,312,312,312,312,312,312,312,312,312,312,312,1-3108,18,1,1-3108,18,0,0,1,0.3066904544830322,0.01703835858239068
17,17,17,17,17,17,17,17,17,17,17,17,17,17,1-18603,16,18,1-18603,19,0,0,1,0.3066904544830322,0.016141602867528013
40,40,40,40,40,40,40,40,40,40,40,40,40,40,1-7722,2,24,1-7722,60,0,0,3,0.9200713634490967,0.015334522724151612
373,373,373,373,373,373,373,373,373,373,373,373,373,373,1-6918,2,24,1-6918,43,0,0,2,0.6133809089660645,0.014264672301536383
243,243,243,243,243,243,243,243,243,243,243,243,243,243,1-1015,2,24,1-1015,155,0,0,7,2.1468331813812256,0.013850536654072423
316,316,316,316,316,316,316,316,316,316,316,316,316,316,1-7441,2,24,1-7441,111,0,0,5,1.5334522724151611,0.013814885337073524
377,377,377,377,377,377,377,377,377,377,377,377,377,377,1-7213,1,20,1-7213,23,0,0,1,0.3066904544830322,0.013334367586218792
200,200,200,200,200,200,200,200,200,200,200,200,200,200,1-4634,2,24,1-4634,48,0,0,2,0.6133809089660645,0.012778768936793009
20,20,20,20,20,20,20,20,20,20,20,20,20,20,1-5167,11,18,1-5167,24,0,0,1,0.3066904544830322,0.012778768936793009
111,111,111,111,111,111,111,111,111,111,111,111,111,111,1-19897,2,24,1-19897,53,0,0,2,0.6133809089660645,0.011573224697472915
495,495,495,495,495,495,495,495,495,495,495,495,495,495,MLG08,2,24,MLG08,107,0,0,4,1.226761817932129,0.011465063718991858
421,421,421,421,421,421,421,421,421,421,421,421,421,421,1-8398,3,22,1-8398,54,0,0,2,0.6133809089660645,0.011358905721593785
163,163,163,163,163,163,163,163,163,163,163,163,163,163,1-9137,1,20,1-9137,111,0,0,4,1.226761817932129,0.011051908269658819
16,16,16,16,16,16,16,16,16,16,16,16,16,16,1-9955,1,20,1-9955,60,0,0,2,0.6133809089660645,0.010223015149434408
28,28,28,28,28,28,28,28,28,28,28,28,28,28,1-10071,10,12,1-10071,30,0,0,1,0.3066904544830322,0.010223015149434408
365,365,365,365,365,365,365,365,365,365,365,365,365,365,MLG48,3,22,MLG48,159,0,0,5,1.5334522724151611,0.009644353914560762
38,38,38,38,38,38,38,38,38,38,38,38,38,38,1-2104,15,3,1-2104,36,0,0,1,0.3066904544830322,0.00851917929119534
37,37,37,37,37,37,37,37,37,37,37,37,37,37,1-5508,2,24,1-5508,38,0,0,1,0.3066904544830322,0.008070801433764006
23,23,23,23,23,23,23,23,23,23,23,23,23,23,1-2025,11,18,1-2025,41,0,0,1,0.3066904544830322,0.00748025498739103
453,453,453,453,453,453,453,453,453,453,453,453,453,453,1-8397,2,24,1-8397,51,0,0,1,0.3066904544830322,0.00601353832319671
196,196,196,196,196,196,196,196,196,196,196,196,196,196,1-9646,12,13,1-9646,105,0,0,1,0.3066904544830322,0.0029208614712669737
165,165,165,165,165,165,165,165,165,165,165,165,165,165,1-7721,10,12,1-7721,20,0,0,0,0.0,0.0
135,135,135,135,135,135,135,135,135,135,135,135,135,135,1-9712,10,12,1-9712,10,0,0,0,0.0,0.0
158,158,158,158,158,158,158,158,158,158,158,158,158,158,1-7599,10,12,1-7599,3,0,0,0,0.0,0.0
90,90,90,90,90,90,90,90,90,90,90,90,90,90,1-19222,1,20,1-19222,15,0,0,0,0.0,0.0
186,186,186,186,186,186,186,186,186,186,186,186,186,186,72-11994,14,7,72-11994,8,0,0,0,0.0,0.0
455,455,455,455,455,455,455,455,455,455,455,455,455,455,1-17790,15,16,1-17790,5,0,0,0,0.0,0.0
35,35,35,35,35,35,35,35,35,35,35,35,35,35,1-2869,7,10,1-2869,9,0,0,0,0.0,0.0
9,9,9,9,9,9,9,9,9,9,9,9,9,9,1-8020,6,5,1-8020,56,0,0,0,0.0,0.0
100,100,100,100,100,100,100,100,100,100,100,100,100,100,1-19598,19,17,1-19598,11,0,0,0,0.0,0.0
108,108,108,108,108,108,108,108,108,108,108,108,108,108,1-9731,11,18,1-9731,11,0,0,0,0.0,0.0
546,546,546,546,546,546,546,546,546,546,546,546,546,546,1-7527,5,4,1-7527,1,0,0,0,0.0,0.0
262,262,262,262,262,262,262,262,262,262,262,262,262,262,1-8623,6,5,1-8623,5,0,0,0,0.0,0.0
502,502,502,502,502,502,502,502,502,502,502,502,502,502,1-20012,2,24,1-20012,12,0,0,0,0.0,0.0
229,229,229,229,229,229,229,229,229,229,229,229,229,229,1-4361,5,4,1-4361,10,0,0,0,0.0,0.0
185,185,185,185,185,185,185,185,185,185,185,185,185,185,1-8906,2,24,1-8906,15,0,0,0,0.0,0.0
82,82,82,82,82,82,82,82,82,82,82,82,82,82,1-17645,9,11,1-17645,9,0,0,0,0.0,0.0
77,77,77,77,77,77,77,77,77,77,77,77,77,77,1-2153,10,12,1-2153,13,0,0,0,0.0,0.0
565,565,565,565,565,565,565,565,565,565,565,565,565,565,1-19927,11,18,1-19927,1,0,0,0,0.0,0.0
110,110,110,110,110,110,110,110,110,110,110,110,110,110,72-18936,13,6,72-18936,20,0,0,0,0.0,0.0
215,215,215,215,215,215,215,215,215,215,215,215,215,215,1-19839,10,12,1-19839,13,0,0,0,0.0,0.0
50,50,50,50,50,50,50,50,50,50,50,50,50,50,1-8174,2,24,1-8174,45,0,0,0,0.0,0.0
212,212,212,212,212,212,212,212,212,212,212,212,212,212,1-10922,14,2,1-10922,1,0,0,0,0.0,0.0
18,18,18,18,18,18,18,18,18,18,18,18,18,18,1-3521,2,24,1-3521,22,0,0,0,0.0,0.0
60,60,60,60,60,60,60,60,60,60,60,60,60,60,1-18202,11,18,1-18202,23,0,0,0,0.0,0.0
530,530,530,530,530,530,530,530,530,530,530,530,530,530,1-4847,6,5,1-4847,2,0,0,0,0.0,0.0
425,425,425,425,425,425,425,425,425,425,425,425,425,425,1-6006,2,24,1-6006,57,0,0,0,0.0,0.0
181,181,181,181,181,181,181,181,181,181,181,181,181,181,1-8641,13,6,1-8641,30,0,0,0,0.0,0.0
383,383,383,383,383,383,383,383,383,383,383,383,383,383,1-8551,2,24,1-8551,38,0,0,0,0.0,0.0
336,336,336,336,336,336,336,336,336,336,336,336,336,336,1-1827,6,1,1-1827,24,0,0,0,0.0,0.0
112,112,112,112,112,112,112,112,112,112,112,112,112,112,1-10698,9,11,1-10698,6,0,0,0,0.0,0.0
115,115,115,115,115,115,115,115,115,115,115,115,115,115,1-3178,7,10,1-3178,6,0,0,0,0.0,0.0
151,151,151,151,151,151,151,151,151,151,151,151,151,151,1-9870,12,13,1-9870,27,0,0,0,0.0,0.0
118,118,118,118,118,118,118,118,118,118,118,118,118,118,1-6543,7,10,1-6543,12,0,0,0,0.0,0.0
177,177,177,177,177,177,177,177,177,177,177,177,177,177,1-10948,15,3,1-10948,2,0,0,0,0.0,0.0
549,549,549,549,549,549,549,549,549,549,549,549,549,549,1-4842,2,24,1-4842,6,0,0,0,0.0,0.0
556,556,556,556,556,556,556,556,556,556,556,556,556,556,1-10951,15,3,1-10951,1,0,0,0,0.0,0.0
525,525,525,525,525,525,525,525,525,525,525,525,525,525,1-3175,14,2,1-3175,6,0,0,0,0.0,0.0
175,175,175,175,175,175,175,175,175,175,175,175,175,175,1-4910,11,18,1-4910,4,0,0,0,0.0,0.0
545,545,545,545,545,545,545,545,545,545,545,545,545,545,1-19567,2,24,1-19567,2,0,0,0,0.0,0.0
75,75,75,75,75,75,75,75,75,75,75,75,75,75,1-8401,8,7,1-8401,57,0,0,0,0.0,0.0
559,559,559,559,559,559,559,559,559,559,559,559,559,559,1-5914,18,5,1-5914,3,0,0,0,0.0,0.0
325,325,325,325,325,325,325,325,325,325,325,325,325,325,1-19924,19,17,1-19924,1,0,0,0,0.0,0.0
178,178,178,178,178,178,178,178,178,178,178,178,178,178,1-7525,8,7,1-7525,6,0,0,0,0.0,0.0
297,297,297,297,297,297,297,297,297,297,297,297,297,297,1-8352,8,7,1-8352,1,0,0,0,0.0,0.0
465,465,465,465,465,465,465,465,465,465,465,465,465,465,1-5913,1,20,1-5913,14,0,0,0,0.0,0.0
142,142,142,142,142,142,142,142,142,142,142,142,142,142,P-16454,1,20,P-16454,8,0,0,0,0.0,0.0
21,21,21,21,21,21,21,21,21,21,21,21,21,21,1-3519,7,10,1-3519,27,0,0,0,0.0,0.0
148,148,148,148,148,148,148,148,148,148,148,148,148,148,1-0001,5,4,1-0001,17,0,0,0,0.0,0.0
284,284,284,284,284,284,284,284,284,284,284,284,284,284,1-4136,1,20,1-4136,5,0,0,0,0.0,0.0
252,252,252,252,252,252,252,252,252,252,252,252,252,252,1-21195,13,6,1-21195,1,0,0,0,0.0,0.0
563,563,563,563,563,563,563,563,563,563,563,563,563,563,1-21192,2,24,1-21192,4,0,0,0,0.0,0.0
277,277,277,277,277,277,277,277,277,277,277,277,277,277,1-4051,15,1,1-4051,5,0,0,0,0.0,0.0
561,561,561,561,561,561,561,561,561,561,561,561,561,561,1-9455,6,7,1-9455,2,0,0,0,0.0,0.0
543,543,543,543,543,543,543,543,543,543,543,543,543,543,1-5803,5,24,1-5803,15,0,0,0,0.0,0.0
519,519,519,519,519,519,519,519,519,519,519,519,519,519,1-4926,12,4,1-4926,4,0,0,0,0.0,0.0
538,538,538,538,538,538,538,538,538,538,538,538,538,538,1-9576,2,24,1-9576,10,0,0,0,0.0,0.0
107,107,107,107,107,107,107,107,107,107,107,107,107,107,1-6971,18,1,1-6971,10,0,0,0,0.0,0.0
249,249,249,249,249,249,249,249,249,249,249,249,249,249,1-6931,14,2,1-6931,1,0,0,0,0.0,0.0
317,317,317,317,317,317,317,317,317,317,317,317,317,317,1-10978,11,18,1-10978,1,0,0,0,0.0,0.0
69,69,69,69,69,69,69,69,69,69,69,69,69,69,1-18498,1,20,1-18498,13,0,0,0,0.0,0.0
550,550,550,550,550,550,550,550,550,550,550,550,550,550,1-19568,14,2,1-19568,2,0,0,0,0.0,0.0
194,194,194,194,194,194,194,194,194,194,194,194,194,194,1-9253,8,7,1-9253,24,0,0,0,0.0,0.0
120,120,120,120,120,120,120,120,120,120,120,120,120,120,1-10232,18,1,1-10232,5,0,0,0,0.0,0.0
535,535,535,535,535,535,535,535,535,535,535,535,535,535,1-5990,17,24,1-5990,5,0,0,0,0.0,0.0
