Unnamed: 0.17,Unnamed: 0.16,Unnamed: 0.15,Unnamed: 0.14,Unnamed: 0.13,Unnamed: 0.12,Unnamed: 0.11,Unnamed: 0.10,Unnamed: 0.9,Unnamed: 0.8,Unnamed: 0.7,Unnamed: 0.6,Unnamed: 0.5,Unnamed: 0.4,Unnamed: 0.3,Unnamed: 0.2,Unnamed: 0.1,Unnamed: 0,Exam Group,Exam Block,slot,exam,size,b2bs,confs,2i3s,score,score_norm
478,478,478,478,478,478,478,478,478,478,478,478,478,478,478,478,478,478,1-9394,9,20,1-9394,117,14,0,70,67.37191581726074,0.5758283403184679
149,149,149,149,149,149,149,149,149,149,149,149,149,149,149,149,149,149,MLG58,10,12,MLG58,71,30,0,12,39.149471282958984,0.5514010039853378
531,531,531,531,531,531,531,531,531,531,531,531,531,531,531,531,531,531,1-5891,23,13,1-5891,96,42,0,9,48.86210346221924,0.5089802443981171
386,386,386,386,386,386,386,386,386,386,386,386,386,386,386,386,386,386,MLG68,7,7,MLG68,642,151,0,218,317.2153949737549,0.49410497659463376
302,302,302,302,302,302,302,302,302,302,302,302,302,302,302,302,302,302,MLG51,14,5,MLG51,248,80,0,51,118.88525295257568,0.47937601997006324
440,440,440,440,440,440,440,440,440,440,440,440,440,440,440,440,440,440,MLG52,6,8,MLG52,125,53,0,6,57.57473564147949,0.4605978851318359
123,123,123,123,123,123,123,123,123,123,123,123,123,123,123,123,123,123,MLG55,2,18,MLG55,92,7,0,46,42.07297325134277,0.45731492664503015
331,331,331,331,331,331,331,331,331,331,331,331,331,331,331,331,331,331,MLG75,10,12,MLG75,185,55,0,38,83.97332572937012,0.453909868807406
434,434,434,434,434,434,434,434,434,434,434,434,434,434,434,434,434,434,MLG59,1,17,MLG59,71,25,0,8,31.099647521972656,0.4380232045348261
470,470,470,470,470,470,470,470,470,470,470,470,470,470,470,470,470,470,1-1204,17,13,1-1204,39,6,0,14,16.67438316345215,0.4275482862423628
88,88,88,88,88,88,88,88,88,88,88,88,88,88,88,88,88,88,1-5626,4,10,1-5626,125,48,0,6,52.57473564147949,0.42059788513183594
361,361,361,361,361,361,361,361,361,361,361,361,361,361,361,361,361,361,1-0008,7,7,1-0008,230,14,0,108,96.34524154663086,0.41889235455056895
387,387,387,387,387,387,387,387,387,387,387,387,387,387,387,387,387,387,1-10539,23,13,1-10539,63,7,0,25,26.06139850616455,0.41367299216134207
312,312,312,312,312,312,312,312,312,312,312,312,312,312,312,312,312,312,1-3108,9,20,1-3108,18,2,0,7,7.337191581726074,0.40762175454033744
390,390,390,390,390,390,390,390,390,390,390,390,390,390,390,390,390,390,MLG64,4,10,MLG64,245,67,0,43,99.78560543060303,0.4072881854310328
338,338,338,338,338,338,338,338,338,338,338,338,338,338,338,338,338,338,1-6296,11,11,1-6296,254,34,0,88,101.09612274169922,0.39801623126653235
286,286,286,286,286,286,286,286,286,286,286,286,286,286,286,286,286,286,1-3587,14,20,1-3587,46,9,0,12,18.149471282958984,0.3945537235425866
208,208,208,208,208,208,208,208,208,208,208,208,208,208,208,208,208,208,1-10468,8,9,1-10468,549,59,0,199,210.72873210906982,0.38384104209302333
504,504,504,504,504,504,504,504,504,504,504,504,504,504,504,504,504,504,1-5425,16,5,1-5425,17,5,0,2,6.524911880493164,0.3838183459113626
234,234,234,234,234,234,234,234,234,234,234,234,234,234,234,234,234,234,MLG29,5,6,MLG29,164,48,0,19,62.48666286468506,0.3810162369797869
419,419,419,419,419,419,419,419,419,419,419,419,419,419,419,419,419,419,1-6692,17,4,1-6692,71,4,0,30,26.87367820739746,0.3785025099633445
516,516,516,516,516,516,516,516,516,516,516,516,516,516,516,516,516,516,1-5036,19,2,1-5036,14,3,0,3,5.287367820739746,0.37766913005283903
164,164,164,164,164,164,164,164,164,164,164,164,164,164,164,164,164,164,1-9740,10,12,1-9740,34,9,0,5,12.81227970123291,0.376831755918615
394,394,394,394,394,394,394,394,394,394,394,394,394,394,394,394,394,394,1-2423,11,11,1-2423,79,6,0,31,29.636134147644043,0.3751409385777727
398,398,398,398,398,398,398,398,398,398,398,398,398,398,398,398,398,398,1-0303,2,18,1-0303,212,20,0,78,79.4715633392334,0.37486586480770473
426,426,426,426,426,426,426,426,426,426,426,426,426,426,426,426,426,426,1-4355,10,12,1-4355,49,13,0,7,18.337191581726074,0.3742283996270627
332,332,332,332,332,332,332,332,332,332,332,332,332,332,332,332,332,332,MLG78,4,10,MLG78,80,20,0,13,29.911927223205566,0.37389909029006957
466,466,466,466,466,466,466,466,466,466,466,466,466,466,466,466,466,466,1-5981,20,18,1-5981,28,2,0,11,10.387015342712402,0.3709648336683001
153,153,153,153,153,153,153,153,153,153,153,153,153,153,153,153,153,153,1-1350,19,2,1-1350,195,36,0,47,71.83542919158936,0.3683868163671249
189,189,189,189,189,189,189,189,189,189,189,189,189,189,189,189,189,189,1-9156,17,4,1-9156,268,28,0,92,98.14594650268555,0.3662162182936028
499,499,499,499,499,499,499,499,499,499,499,499,499,499,499,499,499,499,1-8627,2,18,1-8627,25,3,0,8,9.099647521972656,0.36398590087890625
415,415,415,415,415,415,415,415,415,415,415,415,415,415,415,415,415,415,1-1957,10,12,1-1957,47,11,0,8,17.099647521972656,0.3638222877015459
437,437,437,437,437,437,437,437,437,437,437,437,437,437,437,437,437,437,1-6980,9,20,1-6980,128,13,0,44,46.54806137084961,0.3636567294597626
402,402,402,402,402,402,402,402,402,402,402,402,402,402,402,402,402,402,1-5744,10,12,1-5744,18,5,0,2,6.524911880493164,0.36249510447184247
501,501,501,501,501,501,501,501,501,501,501,501,501,501,501,501,501,501,1-18487,22,16,1-18487,23,3,0,7,8.337191581726074,0.3624865905098293
505,505,505,505,505,505,505,505,505,505,505,505,505,505,505,505,505,505,1-4747,6,8,1-4747,25,6,0,4,9.049823760986328,0.3619929504394531
343,343,343,343,343,343,343,343,343,343,343,343,343,343,343,343,343,343,1-4319,8,9,1-4319,163,14,0,59,58.98490047454834,0.3618705550585788
236,236,236,236,236,236,236,236,236,236,236,236,236,236,236,236,236,236,1-7024,10,12,1-7024,498,74,0,139,179.9813756942749,0.3614083849282629
512,512,512,512,512,512,512,512,512,512,512,512,512,512,512,512,512,512,1-3033,20,14,1-3033,7,1,0,2,2.524911880493164,0.36070169721330914
333,333,333,333,333,333,333,333,333,333,333,333,333,333,333,333,333,333,1-11329,10,12,1-11329,14,2,0,4,5.049823760986328,0.36070169721330914
267,267,267,267,267,267,267,267,267,267,267,267,267,267,267,267,267,267,1-6181,11,11,1-6181,659,79,0,208,237.59083557128906,0.36053237567722163
346,346,346,346,346,346,346,346,346,346,346,346,346,346,346,346,346,346,MLG32,9,20,MLG32,52,11,0,10,18.62455940246582,0.35816460389357346
385,385,385,385,385,385,385,385,385,385,385,385,385,385,385,385,385,385,1-6974,7,7,1-6974,207,52,0,29,74.11122226715088,0.3580252283437241
339,339,339,339,339,339,339,339,339,339,339,339,339,339,339,339,339,339,1-3523,20,14,1-3523,543,92,0,134,194.169095993042,0.3575858121418821
330,330,330,330,330,330,330,330,330,330,330,330,330,330,330,330,330,330,1-4531,21,1,1-4531,94,12,0,28,33.3487663269043,0.35477410986068403
363,363,363,363,363,363,363,363,363,363,363,363,363,363,363,363,363,363,1-10785,22,16,1-10785,279,25,0,97,98.95822620391846,0.3546889828097436
448,448,448,448,448,448,448,448,448,448,448,448,448,448,448,448,448,448,1-3106,19,2,1-3106,34,9,0,4,12.049823760986328,0.35440658120548024
151,151,151,151,151,151,151,151,151,151,151,151,151,151,151,151,151,151,1-9870,3,19,1-9870,27,8,0,2,9.524911880493164,0.3527745140923394
287,287,287,287,287,287,287,287,287,287,287,287,287,287,287,287,287,287,1-9836,13,15,1-9836,5,1,0,1,1.762455940246582,0.3524911880493164
337,337,337,337,337,337,337,337,337,337,337,337,337,337,337,337,337,337,1-18613,3,19,1-18613,25,5,0,5,8.81227970123291,0.3524911880493164
553,553,553,553,553,553,553,553,553,553,553,553,553,553,553,553,553,553,1-5555,16,3,1-5555,10,2,0,2,3.524911880493164,0.3524911880493164
484,484,484,484,484,484,484,484,484,484,484,484,484,484,484,484,484,484,MLG31,4,10,MLG31,33,7,0,6,11.574735641479492,0.35074956489331793
451,451,451,451,451,451,451,451,451,451,451,451,451,451,451,451,451,451,1-4098,11,11,1-4098,16,1,0,6,5.574735641479492,0.34842097759246826
125,125,125,125,125,125,125,125,125,125,125,125,125,125,125,125,125,125,1-8622,19,2,1-8622,54,15,0,5,18.81227970123291,0.34837555002283166
500,500,500,500,500,500,500,500,500,500,500,500,500,500,500,500,500,500,1-0292,13,11,1-0292,99,26,0,11,34.3870153427124,0.3473435893203273
527,527,527,527,527,527,527,527,527,527,527,527,527,527,527,527,527,527,1-5531,19,2,1-5531,8,2,0,1,2.762455940246582,0.34530699253082275
288,288,288,288,288,288,288,288,288,288,288,288,288,288,288,288,288,288,1-8590,7,7,1-8590,24,6,0,3,8.287367820739746,0.34530699253082275
391,391,391,391,391,391,391,391,391,391,391,391,391,391,391,391,391,391,MLG30,11,11,MLG30,208,29,0,56,71.6975326538086,0.3446996762202336
207,207,207,207,207,207,207,207,207,207,207,207,207,207,207,207,207,207,1-7058,14,5,1-7058,80,16,0,15,27.43683910369873,0.34296048879623414
534,534,534,534,534,534,534,534,534,534,534,534,534,534,534,534,534,534,1-9457,6,8,1-9457,11,3,0,1,3.762455940246582,0.3420414491133256
157,157,157,157,157,157,157,157,157,157,157,157,157,157,157,157,157,157,1-6061,2,18,1-6061,40,9,0,6,13.574735641479492,0.3393683910369873
322,322,322,322,322,322,322,322,322,322,322,322,322,322,322,322,322,322,1-0296,6,17,1-0296,41,7,0,9,13.862103462219238,0.3381000844443717
256,256,256,256,256,256,256,256,256,256,256,256,256,256,256,256,256,256,1-9277,21,1,1-9277,48,4,0,16,16.199295043945312,0.33748531341552734
382,382,382,382,382,382,382,382,382,382,382,382,382,382,382,382,382,382,1-18558,20,14,1-18558,307,41,0,82,103.52138710021973,0.33720321531016195
389,389,389,389,389,389,389,389,389,389,389,389,389,389,389,389,389,389,1-0278,23,13,1-0278,79,3,0,31,26.636134147644043,0.3371662550334689
433,433,433,433,433,433,433,433,433,433,433,433,433,433,433,433,433,433,1-5654,7,7,1-5654,15,2,0,4,5.049823760986328,0.33665491739908854
244,244,244,244,244,244,244,244,244,244,244,244,244,244,244,244,244,244,MLG57,16,3,MLG57,629,61,0,197,211.20382022857666,0.33577713867818226
564,564,564,564,564,564,564,564,564,564,564,564,564,564,564,564,564,564,1-9034,12,21,1-9034,3,1,0,0,1.0,0.3333333333333333
528,528,528,528,528,528,528,528,528,528,528,528,528,528,528,528,528,528,1-6718,2,18,1-6718,20,2,0,6,6.574735641479492,0.3287367820739746
172,172,172,172,172,172,172,172,172,172,172,172,172,172,172,172,172,172,1-8573,8,9,1-8573,184,4,0,74,60.42173957824707,0.32837901944699494
471,471,471,471,471,471,471,471,471,471,471,471,471,471,471,471,471,471,1-9794,3,5,1-9794,46,12,0,4,15.049823760986328,0.32717008176057233
126,126,126,126,126,126,126,126,126,126,126,126,126,126,126,126,126,126,1-8488,22,16,1-8488,23,6,0,2,7.524911880493164,0.32717008176057233
228,228,228,228,228,228,228,228,228,228,228,228,228,228,228,228,228,228,1-17835,11,11,1-17835,17,4,0,2,5.524911880493164,0.3249948164995979
514,514,514,514,514,514,514,514,514,514,514,514,514,514,514,514,514,514,1-11206,20,14,1-11206,14,3,0,2,4.524911880493164,0.3232079914637974
324,324,324,324,324,324,324,324,324,324,324,324,324,324,324,324,324,324,1-6734,10,20,1-6734,44,8,0,8,14.099647521972656,0.32044653459028766
316,316,316,316,316,316,316,316,316,316,316,316,316,316,316,316,316,316,1-7441,10,12,1-7441,111,24,0,15,35.43683910369873,0.3192508027360246
422,422,422,422,422,422,422,422,422,422,422,422,422,422,422,422,422,422,1-6878,11,11,1-6878,167,22,0,41,53.26069355010986,0.3189263086832926
542,542,542,542,542,542,542,542,542,542,542,542,542,542,542,542,542,542,1-1191,9,20,1-1191,53,10,0,9,16.86210346221924,0.3181528955135705
3,3,3,3,3,3,3,3,3,3,3,3,3,3,3,3,3,3,1-8222,1,17,1-8222,12,0,0,5,3.81227970123291,0.3176899751027425
502,502,502,502,502,502,502,502,502,502,502,502,502,502,502,502,502,502,1-20012,7,7,1-20012,12,0,0,5,3.81227970123291,0.3176899751027425
193,193,193,193,193,193,193,193,193,193,193,193,193,193,193,193,193,193,1-9553,7,16,1-9553,23,5,0,3,7.287367820739746,0.31684207916259766
184,184,184,184,184,184,184,184,184,184,184,184,184,184,184,184,184,184,1-8074,17,4,1-8074,145,10,0,47,45.835429191589355,0.3161064082178576
554,554,554,554,554,554,554,554,554,554,554,554,554,554,554,554,554,554,1-10444,4,10,1-10444,8,1,0,2,2.524911880493164,0.3156139850616455
221,221,221,221,221,221,221,221,221,221,221,221,221,221,221,221,221,221,1-8023,16,3,1-8023,16,2,0,4,5.049823760986328,0.3156139850616455
476,476,476,476,476,476,476,476,476,476,476,476,476,476,476,476,476,476,1-19205,5,6,1-19205,12,3,0,1,3.762455940246582,0.3135379950205485
524,524,524,524,524,524,524,524,524,524,524,524,524,524,524,524,524,524,1-9338,10,12,1-9338,29,6,0,4,9.049823760986328,0.3120628883098734
31,31,31,31,31,31,31,31,31,31,31,31,31,31,31,31,31,31,1-8938,16,3,1-8938,30,4,0,7,9.337191581726074,0.31123971939086914
357,357,357,357,357,357,357,357,357,357,357,357,357,357,357,357,357,357,1-4760,20,14,1-4760,40,4,0,11,12.387015342712402,0.30967538356781005
232,232,232,232,232,232,232,232,232,232,232,232,232,232,232,232,232,232,1-18371,17,4,1-18371,120,15,0,29,37.11122226715088,0.3092601855595907
378,378,378,378,378,378,378,378,378,378,378,378,378,378,378,378,378,378,1-6561,22,16,1-6561,65,4,0,21,20.011574745178223,0.3078703806950496
315,315,315,315,315,315,315,315,315,315,315,315,315,315,315,315,315,315,1-1769,8,9,1-1769,89,3,0,32,27.398590087890625,0.30784932683023175
285,285,285,285,285,285,285,285,285,285,285,285,285,285,285,285,285,285,1-18615,9,20,1-18615,22,6,0,1,6.762455940246582,0.3073843609202992
465,465,465,465,465,465,465,465,465,465,465,465,465,465,465,465,465,465,1-5913,7,7,1-5913,14,2,0,3,4.287367820739746,0.3062405586242676
46,46,46,46,46,46,46,46,46,46,46,46,46,46,46,46,46,46,1-8566,17,4,1-8566,5,0,0,2,1.524911880493164,0.3049823760986328
429,429,429,429,429,429,429,429,429,429,429,429,429,429,429,429,429,429,1-6693,5,6,1-6693,98,13,0,22,29.774030685424805,0.3038166396471919
263,263,263,263,263,263,263,263,263,263,263,263,263,263,263,263,263,263,1-6927,8,9,1-6927,179,13,0,54,54.17262077331543,0.30264033951572866
58,58,58,58,58,58,58,58,58,58,58,58,58,58,58,58,58,58,1-17733,4,10,1-17733,74,14,0,11,22.387015342712402,0.3025272343609784
381,381,381,381,381,381,381,381,381,381,381,381,381,381,381,381,381,381,1-2335,17,4,1-2335,145,8,0,47,43.835429191589355,0.30231330476958174
335,335,335,335,335,335,335,335,335,335,335,335,335,335,335,335,335,335,1-8910,6,8,1-8910,137,17,0,32,41.398590087890625,0.3021794896926323
150,150,150,150,150,150,150,150,150,150,150,150,150,150,150,150,150,150,1-7005,21,1,1-7005,285,34,0,68,85.84700393676758,0.3012175576728687
167,167,167,167,167,167,167,167,167,167,167,167,167,167,167,167,167,167,1-4929,1,17,1-4929,10,3,0,0,3.0,0.3
400,400,400,400,400,400,400,400,400,400,400,400,400,400,400,400,400,400,1-18709,2,18,1-18709,33,3,0,9,9.862103462219238,0.29885162006724963
537,537,537,537,537,537,537,537,537,537,537,537,537,537,537,537,537,537,1-4494,3,17,1-4494,16,4,0,1,4.762455940246582,0.2976534962654114
473,473,473,473,473,473,473,473,473,473,473,473,473,473,473,473,473,473,1-9452,3,19,1-9452,16,4,0,1,4.762455940246582,0.2976534962654114
321,321,321,321,321,321,321,321,321,321,321,321,321,321,321,321,321,321,1-5172,22,16,1-5172,120,5,0,40,35.49823760986328,0.29581864674886066
416,416,416,416,416,416,416,416,416,416,416,416,416,416,416,416,416,416,1-18203,10,12,1-18203,29,4,0,6,8.574735641479492,0.2956805393613618
480,480,480,480,480,480,480,480,480,480,480,480,480,480,480,480,480,480,1-1005,5,6,1-1005,125,14,0,30,36.87367820739746,0.2949894256591797
64,64,64,64,64,64,64,64,64,64,64,64,64,64,64,64,64,64,1-9674,8,9,1-9674,144,8,0,45,42.31051731109619,0.29382303688261246
8,8,8,8,8,8,8,8,8,8,8,8,8,8,8,8,8,8,1-8181,17,4,1-8181,30,5,0,5,8.81227970123291,0.29374265670776367
525,525,525,525,525,525,525,525,525,525,525,525,525,525,525,525,525,525,1-3175,7,7,1-3175,6,1,0,1,1.762455940246582,0.29374265670776367
558,558,558,558,558,558,558,558,558,558,558,558,558,558,558,558,558,558,1-0055,4,2,1-0055,18,3,0,3,5.287367820739746,0.29374265670776367
549,549,549,549,549,549,549,549,549,549,549,549,549,549,549,549,549,549,1-4842,13,15,1-4842,6,1,0,1,1.762455940246582,0.29374265670776367
283,283,283,283,283,283,283,283,283,283,283,283,283,283,283,283,283,283,1-3535,17,4,1-3535,315,46,0,60,91.74735641479492,0.29126144893585687
171,171,171,171,171,171,171,171,171,171,171,171,171,171,171,171,171,171,1-8100,23,13,1-8100,19,4,0,2,5.524911880493164,0.2907848358154297
494,494,494,494,494,494,494,494,494,494,494,494,494,494,494,494,494,494,1-3265,1,17,1-3265,19,4,0,2,5.524911880493164,0.2907848358154297
39,39,39,39,39,39,39,39,39,39,39,39,39,39,39,39,39,39,1-7467,12,21,1-7467,64,14,0,6,18.574735641479492,0.29023024439811707
109,109,109,109,109,109,109,109,109,109,109,109,109,109,109,109,109,109,1-9768,23,13,1-9768,241,36,0,44,69.54806137084961,0.2885811675138988
222,222,222,222,222,222,222,222,222,222,222,222,222,222,222,222,222,222,1-4149,22,16,1-4149,16,0,0,6,4.574735641479492,0.28592097759246826
536,536,536,536,536,536,536,536,536,536,536,536,536,536,536,536,536,536,1-9971,1,2,1-9971,15,2,0,3,4.287367820739746,0.28582452138264974
22,22,22,22,22,22,22,22,22,22,22,22,22,22,22,22,22,22,1-7995,14,5,1-7995,14,4,0,0,4.0,0.2857142857142857
43,43,43,43,43,43,43,43,43,43,43,43,43,43,43,43,43,43,1-8705,7,7,1-8705,48,6,0,10,13.62455940246582,0.2838449875513713
128,128,128,128,128,128,128,128,128,128,128,128,128,128,128,128,128,128,1-19286,9,20,1-19286,40,6,0,7,11.337191581726074,0.28342978954315184
384,384,384,384,384,384,384,384,384,384,384,384,384,384,384,384,384,384,1-9270,22,16,1-9270,128,7,0,38,35.97332572937012,0.28104160726070404
327,327,327,327,327,327,327,327,327,327,327,327,327,327,327,327,327,327,P-16616,15,5,P-16616,28,4,0,5,7.81227970123291,0.2790099893297468
348,348,348,348,348,348,348,348,348,348,348,348,348,348,348,348,348,348,1-17758,9,20,1-17758,40,5,0,8,11.099647521972656,0.2774911880493164
432,432,432,432,432,432,432,432,432,432,432,432,432,432,432,432,432,432,1-6914,15,22,1-6914,73,5,0,20,20.24911880493164,0.2773851891086526
131,131,131,131,131,131,131,131,131,131,131,131,131,131,131,131,131,131,1-9283,7,7,1-9283,235,39,0,34,64.92350196838379,0.2762702211420587
353,353,353,353,353,353,353,353,353,353,353,353,353,353,353,353,353,353,MLG50,4,10,MLG50,319,80,0,10,87.62455940246582,0.27468513919268284
364,364,364,364,364,364,364,364,364,364,364,364,364,364,364,364,364,364,1-7682,2,18,1-7682,141,15,0,31,38.63613414764404,0.2740151357988939
329,329,329,329,329,329,329,329,329,329,329,329,329,329,329,329,329,329,1-1317,8,9,1-1317,414,24,0,117,113.2073450088501,0.27344769325809204
342,342,342,342,342,342,342,342,342,342,342,342,342,342,342,342,342,342,MLG65,1,22,MLG65,201,12,0,56,54.697532653808594,0.27212702812840095
97,97,97,97,97,97,97,97,97,97,97,97,97,97,97,97,97,97,1-9237,9,19,1-9237,38,5,0,7,10.337191581726074,0.27203135741384404
396,396,396,396,396,396,396,396,396,396,396,396,396,396,396,396,396,396,1-9963,22,16,1-9963,116,13,0,24,31.29894256591797,0.26981847039584456
291,291,291,291,291,291,291,291,291,291,291,291,291,291,291,291,291,291,MLG02,11,11,MLG02,320,23,0,83,86.28384304046631,0.2696370095014572
359,359,359,359,359,359,359,359,359,359,359,359,359,359,359,359,359,359,1-4417,11,11,1-4417,151,14,0,35,40.68595790863037,0.2694434298584793
173,173,173,173,173,173,173,173,173,173,173,173,173,173,173,173,173,173,1-9588,19,2,1-9588,14,3,0,1,3.762455940246582,0.26874685287475586
14,14,14,14,14,14,14,14,14,14,14,14,14,14,14,14,14,14,1-6098,5,6,1-6098,1327,197,0,208,355.59083557128906,0.2679659650122751
292,292,292,292,292,292,292,292,292,292,292,292,292,292,292,292,292,292,1-9997,12,17,1-9997,16,2,0,3,4.287367820739746,0.26796048879623413
366,366,366,366,366,366,366,366,366,366,366,366,366,366,366,366,366,366,1-5163,7,7,1-5163,16,2,0,3,4.287367820739746,0.26796048879623413
414,414,414,414,414,414,414,414,414,414,414,414,414,414,414,414,414,414,1-8285,16,3,1-8285,72,7,0,16,19.199295043945312,0.26665687561035156
397,397,397,397,397,397,397,397,397,397,397,397,397,397,397,397,397,397,1-9808,11,11,1-9808,74,6,0,18,19.724206924438477,0.26654333681673614
552,552,552,552,552,552,552,552,552,552,552,552,552,552,552,552,552,552,MLG46,14,20,MLG46,17,3,0,2,4.524911880493164,0.26617128708783316
251,251,251,251,251,251,251,251,251,251,251,251,251,251,251,251,251,251,1-7268,9,7,1-7268,70,11,0,10,18.62455940246582,0.2660651343209403
539,539,539,539,539,539,539,539,539,539,539,539,539,539,539,539,539,539,1-9436,15,22,1-9436,21,1,0,6,5.574735641479492,0.2654636019752139
377,377,377,377,377,377,377,377,377,377,377,377,377,377,377,377,377,377,1-7213,11,11,1-7213,23,0,0,8,6.099647521972656,0.2652020661727242
198,198,198,198,198,198,198,198,198,198,198,198,198,198,198,198,198,198,1-9839,14,5,1-9839,20,3,0,3,5.287367820739746,0.2643683910369873
154,154,154,154,154,154,154,154,154,154,154,154,154,154,154,154,154,154,1-18994,20,14,1-18994,28,2,0,7,7.337191581726074,0.26204255649021696
443,443,443,443,443,443,443,443,443,443,443,443,443,443,443,443,443,443,1-3447,15,2,1-3447,110,9,0,26,28.823854446411133,0.2620350404219194
472,472,472,472,472,472,472,472,472,472,472,472,472,472,472,472,472,472,1-9518,4,10,1-9518,22,5,0,1,5.762455940246582,0.2619298154657537
464,464,464,464,464,464,464,464,464,464,464,464,464,464,464,464,464,464,1-10060,6,8,1-10060,36,1,0,11,9.387015342712402,0.2607504261864556
133,133,133,133,133,133,133,133,133,133,133,133,133,133,133,133,133,133,1-8576,14,5,1-8576,55,9,0,7,14.337191581726074,0.2606762105768377
5,5,5,5,5,5,5,5,5,5,5,5,5,5,5,5,5,5,1-5549,8,9,1-5549,35,3,0,8,9.099647521972656,0.25998992919921876
143,143,143,143,143,143,143,143,143,143,143,143,143,143,143,143,143,143,1-8928,23,13,1-8928,39,4,0,8,10.099647521972656,0.25896532107622194
517,517,517,517,517,517,517,517,517,517,517,517,517,517,517,517,517,517,1-18028,23,13,1-18028,309,54,0,34,79.92350196838379,0.2586521099300446
214,214,214,214,214,214,214,214,214,214,214,214,214,214,214,214,214,214,1-0053,5,6,1-0053,142,18,0,24,36.29894256591797,0.2556263560980139
305,305,305,305,305,305,305,305,305,305,305,305,305,305,305,305,305,305,1-7866,20,14,1-7866,318,18,0,83,81.28384304046631,0.25560956930964246
245,245,245,245,245,245,245,245,245,245,245,245,245,245,245,245,245,245,1-6647,3,19,1-6647,62,12,0,5,15.81227970123291,0.25503676937472436
551,551,551,551,551,551,551,551,551,551,551,551,551,551,551,551,551,551,1-9838,3,19,1-9838,3,0,0,1,0.762455940246582,0.25415198008219403
368,368,368,368,368,368,368,368,368,368,368,368,368,368,368,368,368,368,1-5197,8,9,1-5197,72,3,0,20,18.24911880493164,0.25345998340182835
526,526,526,526,526,526,526,526,526,526,526,526,526,526,526,526,526,526,1-5002,5,6,1-5002,45,3,0,11,11.387015342712402,0.2530447853936089
166,166,166,166,166,166,166,166,166,166,166,166,166,166,166,166,166,166,MLG40,3,19,MLG40,51,9,0,5,12.81227970123291,0.25122117061241
461,461,461,461,461,461,461,461,461,461,461,461,461,461,461,461,461,461,1-9651,3,19,1-9651,38,8,0,2,9.524911880493164,0.2506555758024517
380,380,380,380,380,380,380,380,380,380,380,380,380,380,380,380,380,380,1-7004,23,13,1-7004,381,52,0,57,95.45998859405518,0.25055115116549914
354,354,354,354,354,354,354,354,354,354,354,354,354,354,354,354,354,354,1-9417,8,9,1-9417,76,3,0,21,19.011574745178223,0.25015229927866084
142,142,142,142,142,142,142,142,142,142,142,142,142,142,142,142,142,142,P-16454,1,17,P-16454,8,2,0,0,2.0,0.25
523,523,523,523,523,523,523,523,523,523,523,523,523,523,523,523,523,523,1-9861,2,18,1-9861,8,2,0,0,2.0,0.25
563,563,563,563,563,563,563,563,563,563,563,563,563,563,563,563,563,563,1-21192,7,7,1-21192,4,1,0,0,1.0,0.25
204,204,204,204,204,204,204,204,204,204,204,204,204,204,204,204,204,204,1-9733,2,18,1-9733,4,1,0,0,1.0,0.25
246,246,246,246,246,246,246,246,246,246,246,246,246,246,246,246,246,246,MLG56,19,2,MLG56,511,107,0,27,127.58631038665771,0.24967966807565112
481,481,481,481,481,481,481,481,481,481,481,481,481,481,481,481,481,481,1-10038,6,13,1-10038,76,9,0,13,18.911927223205566,0.24884114767375745
4,4,4,4,4,4,4,4,4,4,4,4,4,4,4,4,4,4,1-6240,16,3,1-6240,698,82,0,120,173.49471282958984,0.24855976050084505
371,371,371,371,371,371,371,371,371,371,371,371,371,371,371,371,371,371,1-1580,20,14,1-1580,400,55,0,58,99.22244453430176,0.2480561113357544
360,360,360,360,360,360,360,360,360,360,360,360,360,360,360,360,360,360,1-6611,12,21,1-6611,89,12,0,13,21.911927223205566,0.24620142947421986
489,489,489,489,489,489,489,489,489,489,489,489,489,489,489,489,489,489,1-9578,20,14,1-9578,42,5,0,7,10.337191581726074,0.24612360908871606
388,388,388,388,388,388,388,388,388,388,388,388,388,388,388,388,388,388,MLG49,14,5,MLG49,185,27,0,24,45.29894256591797,0.244859149004962
162,162,162,162,162,162,162,162,162,162,162,162,162,162,162,162,162,162,1-8067,8,9,1-8067,322,30,0,64,78.79718017578125,0.24471173967633927
257,257,257,257,257,257,257,257,257,257,257,257,257,257,257,257,257,257,1-9504,11,11,1-9504,30,2,0,7,7.337191581726074,0.24457305272420246
393,393,393,393,393,393,393,393,393,393,393,393,393,393,393,393,393,393,1-7819,19,2,1-7819,59,12,0,3,14.287367820739746,0.24215877662270757
547,547,547,547,547,547,547,547,547,547,547,547,547,547,547,547,547,547,MLG67,3,19,MLG67,27,5,0,2,6.524911880493164,0.2416634029812283
412,412,412,412,412,412,412,412,412,412,412,412,412,412,412,412,412,412,1-6858,4,10,1-6858,23,4,0,2,5.524911880493164,0.24021356002144192
420,420,420,420,420,420,420,420,420,420,420,420,420,420,420,420,420,420,1-8172,3,19,1-8172,40,5,0,6,9.574735641479492,0.23936839103698732
268,268,268,268,268,268,268,268,268,268,268,268,268,268,268,268,268,268,MLG44,1,17,MLG44,59,11,0,4,14.049823760986328,0.23813260611841233
493,493,493,493,493,493,493,493,493,493,493,493,493,493,493,493,493,493,1-1836,3,19,1-1836,20,4,0,1,4.762455940246582,0.2381227970123291
230,230,230,230,230,230,230,230,230,230,230,230,230,230,230,230,230,230,1-3089,16,3,1-3089,16,3,0,1,3.762455940246582,0.23515349626541138
404,404,404,404,404,404,404,404,404,404,404,404,404,404,404,404,404,404,1-4682,1,17,1-4682,16,3,0,1,3.762455940246582,0.23515349626541138
520,520,520,520,520,520,520,520,520,520,520,520,520,520,520,520,520,520,1-2034,5,6,1-2034,16,3,0,1,3.762455940246582,0.23515349626541138
265,265,265,265,265,265,265,265,265,265,265,265,265,265,265,265,265,265,1-11330,5,6,1-11330,14,1,0,3,3.287367820739746,0.23481198719569615
479,479,479,479,479,479,479,479,479,479,479,479,479,479,479,479,479,479,1-9286,2,18,1-9286,81,3,0,21,19.011574745178223,0.23471079932318795
130,130,130,130,130,130,130,130,130,130,130,130,130,130,130,130,130,130,1-1833,17,4,1-1833,124,10,0,25,29.06139850616455,0.234366116985198
24,24,24,24,24,24,24,24,24,24,24,24,24,24,24,24,24,24,1-7140,11,11,1-7140,397,34,0,77,92.70910739898682,0.2335241999974479
141,141,141,141,141,141,141,141,141,141,141,141,141,141,141,141,141,141,MLG45,3,19,MLG45,70,11,0,7,16.337191581726074,0.23338845116751536
483,483,483,483,483,483,483,483,483,483,483,483,483,483,483,483,483,483,1-9491,3,19,1-9491,80,11,0,10,18.62455940246582,0.23280699253082277
318,318,318,318,318,318,318,318,318,318,318,318,318,318,318,318,318,318,1-2324,10,12,1-2324,25,2,0,5,5.81227970123291,0.2324911880493164
215,215,215,215,215,215,215,215,215,215,215,215,215,215,215,215,215,215,1-19839,3,19,1-19839,13,3,0,0,3.0,0.23076923076923078
81,81,81,81,81,81,81,81,81,81,81,81,81,81,81,81,81,81,1-7770,1,17,1-7770,11,1,0,2,2.524911880493164,0.22953744368119675
11,11,11,11,11,11,11,11,11,11,11,11,11,11,11,11,11,11,1-9722,17,4,1-9722,22,2,0,4,5.049823760986328,0.22953744368119675
529,529,529,529,529,529,529,529,529,529,529,529,529,529,529,529,529,529,1-6217,4,10,1-6217,44,4,0,8,10.099647521972656,0.22953744368119675
417,417,417,417,417,417,417,417,417,417,417,417,417,417,417,417,417,417,1-10451,1,17,1-10451,46,9,0,2,10.524911880493164,0.228802432184634
430,430,430,430,430,430,430,430,430,430,430,430,430,430,430,430,430,430,1-3141,22,16,1-3141,136,9,0,29,31.11122226715088,0.22875898725846233
101,101,101,101,101,101,101,101,101,101,101,101,101,101,101,101,101,101,1-9892,3,19,1-9892,22,5,0,0,5.0,0.22727272727272727
273,273,273,273,273,273,273,273,273,273,273,273,273,273,273,273,273,273,1-3589,13,22,1-3589,27,0,0,8,6.099647521972656,0.22591287118417244
106,106,106,106,106,106,106,106,106,106,106,106,106,106,106,106,106,106,MLG69,23,13,MLG69,576,56,0,97,129.95822620391846,0.225621920492914
487,487,487,487,487,487,487,487,487,487,487,487,487,487,487,487,487,487,1-6900,14,5,1-6900,67,9,0,8,15.099647521972656,0.22536787346227846
296,296,296,296,296,296,296,296,296,296,296,296,296,296,296,296,296,296,1-9404,8,9,1-9404,100,5,0,23,22.536486625671387,0.22536486625671387
294,294,294,294,294,294,294,294,294,294,294,294,294,294,294,294,294,294,1-3509,14,11,1-3509,35,4,0,5,7.81227970123291,0.22320799146379744
253,253,253,253,253,253,253,253,253,253,253,253,253,253,253,253,253,253,1-4649,15,22,1-4649,244,14,0,53,54.41016483306885,0.22299247882405265
261,261,261,261,261,261,261,261,261,261,261,261,261,261,261,261,261,261,1-1942,16,3,1-1942,34,3,0,6,7.574735641479492,0.22278634239645564
94,94,94,94,94,94,94,94,94,94,94,94,94,94,94,94,94,94,1-3083,6,8,1-3083,78,12,0,7,17.337191581726074,0.22227168694520608
403,403,403,403,403,403,403,403,403,403,403,403,403,403,403,403,403,403,1-1770,14,5,1-1770,35,7,0,1,7.762455940246582,0.22178445543561662
102,102,102,102,102,102,102,102,102,102,102,102,102,102,102,102,102,102,1-3564,7,7,1-3564,41,6,0,4,9.049823760986328,0.22072740880454458
460,460,460,460,460,460,460,460,460,460,460,460,460,460,460,460,460,460,1-7993,13,15,1-7993,24,3,0,3,5.287367820739746,0.22030699253082275
12,12,12,12,12,12,12,12,12,12,12,12,12,12,12,12,12,12,MLG84,6,8,MLG84,63,7,0,9,13.862103462219238,0.22003338828919425
270,270,270,270,270,270,270,270,270,270,270,270,270,270,270,270,270,270,1-1390,15,22,1-1390,98,4,0,23,21.536486625671387,0.2197600676088917
497,497,497,497,497,497,497,497,497,497,497,497,497,497,497,497,497,497,1-8493,8,8,1-8493,38,3,0,7,8.337191581726074,0.21939977846647563
10,10,10,10,10,10,10,10,10,10,10,10,10,10,10,10,10,10,1-7964,11,11,1-7964,202,24,0,26,43.82385444641113,0.21694977448718383
202,202,202,202,202,202,202,202,202,202,202,202,202,202,202,202,202,202,1-8988,4,10,1-8988,29,4,0,3,6.287367820739746,0.2168057869220602
57,57,57,57,57,57,57,57,57,57,57,57,57,57,57,57,57,57,1-1224,2,18,1-1224,151,6,0,35,32.68595790863037,0.21646329740814815
459,459,459,459,459,459,459,459,459,459,459,459,459,459,459,459,459,459,1-2545,20,14,1-2545,145,10,0,28,31.348766326904297,0.21619838846140893
515,515,515,515,515,515,515,515,515,515,515,515,515,515,515,515,515,515,1-6531,1,17,1-6531,27,2,0,5,5.81227970123291,0.21526961856418186
44,44,44,44,44,44,44,44,44,44,44,44,44,44,44,44,44,44,1-5214,7,7,1-5214,40,4,0,6,8.574735641479492,0.2143683910369873
200,200,200,200,200,200,200,200,200,200,200,200,200,200,200,200,200,200,1-4634,5,6,1-4634,48,8,0,3,10.287367820739746,0.21432016293207803
306,306,306,306,306,306,306,306,306,306,306,306,306,306,306,306,306,306,1-18377,16,3,1-18377,14,3,0,0,3.0,0.21428571428571427
392,392,392,392,392,392,392,392,392,392,392,392,392,392,392,392,392,392,1-9609,5,6,1-9609,25,3,0,3,5.287367820739746,0.21149471282958984
17,17,17,17,17,17,17,17,17,17,17,17,17,17,17,17,17,17,1-18603,1,17,1-18603,19,4,0,0,4.0,0.21052631578947367
255,255,255,255,255,255,255,255,255,255,255,255,255,255,255,255,255,255,1-9946,13,15,1-9946,12,1,0,2,2.524911880493164,0.21040932337443033
436,436,436,436,436,436,436,436,436,436,436,436,436,436,436,436,436,436,1-5161,7,22,1-5161,12,1,0,2,2.524911880493164,0.21040932337443033
113,113,113,113,113,113,113,113,113,113,113,113,113,113,113,113,113,113,1-4499,8,9,1-4499,12,1,0,2,2.524911880493164,0.21040932337443033
435,435,435,435,435,435,435,435,435,435,435,435,435,435,435,435,435,435,1-9610,13,15,1-9610,49,8,0,3,10.287367820739746,0.20994628205591317
506,506,506,506,506,506,506,506,506,506,506,506,506,506,506,506,506,506,1-6227,7,20,1-6227,52,10,0,1,10.762455940246582,0.2069703065432035
209,209,209,209,209,209,209,209,209,209,209,209,209,209,209,209,209,209,1-9938,8,20,1-9938,55,6,0,7,11.337191581726074,0.20613075603138317
334,334,334,334,334,334,334,334,334,334,334,334,334,334,334,334,334,334,1-20641,3,19,1-20641,16,1,0,3,3.287367820739746,0.20546048879623413
105,105,105,105,105,105,105,105,105,105,105,105,105,105,105,105,105,105,1-1258,22,16,1-1258,435,14,0,98,88.72068214416504,0.20395559113601158
30,30,30,30,30,30,30,30,30,30,30,30,30,30,30,30,30,30,1-8418,15,22,1-8418,46,4,0,7,9.337191581726074,0.20298242568969727
240,240,240,240,240,240,240,240,240,240,240,240,240,240,240,240,240,240,MLG33,17,4,MLG33,20,1,0,4,4.049823760986328,0.2024911880493164
510,510,510,510,510,510,510,510,510,510,510,510,510,510,510,510,510,510,1-3206,20,21,1-3206,45,6,0,4,9.049823760986328,0.20110719468858507
259,259,259,259,259,259,259,259,259,259,259,259,259,259,259,259,259,259,1-3596,15,22,1-3596,223,9,0,47,44.835429191589355,0.20105573628515405
170,170,170,170,170,170,170,170,170,170,170,170,170,170,170,170,170,170,1-5043,13,15,1-5043,123,14,0,14,24.67438316345215,0.20060474116627763
485,485,485,485,485,485,485,485,485,485,485,485,485,485,485,485,485,485,1-5980,3,19,1-5980,29,2,0,5,5.81227970123291,0.2004234379735486
185,185,185,185,185,185,185,185,185,185,185,185,185,185,185,185,185,185,1-8906,2,18,1-8906,15,3,0,0,3.0,0.2
535,535,535,535,535,535,535,535,535,535,535,535,535,535,535,535,535,535,1-5990,6,8,1-5990,5,1,0,0,1.0,0.2
323,323,323,323,323,323,323,323,323,323,323,323,323,323,323,323,323,323,1-3647,9,20,1-3647,5,1,0,0,1.0,0.2
124,124,124,124,124,124,124,124,124,124,124,124,124,124,124,124,124,124,1-8427,7,7,1-8427,189,21,0,22,37.774030685424805,0.19986259621917887
290,290,290,290,290,290,290,290,290,290,290,290,290,290,290,290,290,290,1-8341,21,1,1-8341,197,17,0,29,39.11122226715088,0.198534123183507
176,176,176,176,176,176,176,176,176,176,176,176,176,176,176,176,176,176,1-8042,19,14,1-8042,52,8,0,3,10.287367820739746,0.19783399655268744
140,140,140,140,140,140,140,140,140,140,140,140,140,140,140,140,140,140,1-2294,4,15,1-2294,75,11,0,5,14.81227970123291,0.19749706268310546
68,68,68,68,68,68,68,68,68,68,68,68,68,68,68,68,68,68,1-7845,6,15,1-7845,36,4,0,4,7.049823760986328,0.19582843780517578
356,356,356,356,356,356,356,356,356,356,356,356,356,356,356,356,356,356,1-9761,19,2,1-9761,35,3,0,5,6.81227970123291,0.19463656289236886
427,427,427,427,427,427,427,427,427,427,427,427,427,427,427,427,427,427,1-9379,12,21,1-9379,58,9,0,3,11.287367820739746,0.19460979001275425
301,301,301,301,301,301,301,301,301,301,301,301,301,301,301,301,301,301,1-1177,1,18,1-1177,17,1,0,3,3.287367820739746,0.1933745776905733
328,328,328,328,328,328,328,328,328,328,328,328,328,328,328,328,328,328,1-9497,5,6,1-9497,150,16,0,17,28.961750984191895,0.19307833989461262
299,299,299,299,299,299,299,299,299,299,299,299,299,299,299,299,299,299,MLG54,6,8,MLG54,595,91,0,31,114.63613414764404,0.19266577167671267
358,358,358,358,358,358,358,358,358,358,358,358,358,358,358,358,358,358,1-9831,8,9,1-9831,132,7,0,24,25.29894256591797,0.19165865580240884
408,408,408,408,408,408,408,408,408,408,408,408,408,408,408,408,408,408,MLG53,9,20,MLG53,91,9,0,11,17.387015342712402,0.19106610266716925
519,519,519,519,519,519,519,519,519,519,519,519,519,519,519,519,519,519,1-4926,1,12,1-4926,4,0,0,1,0.762455940246582,0.1906139850616455
557,557,557,557,557,557,557,557,557,557,557,557,557,557,557,557,557,557,1-9806,8,9,1-9806,8,0,0,2,1.524911880493164,0.1906139850616455
280,280,280,280,280,280,280,280,280,280,280,280,280,280,280,280,280,280,1-7608,4,10,1-7608,4,0,0,1,0.762455940246582,0.1906139850616455
138,138,138,138,138,138,138,138,138,138,138,138,138,138,138,138,138,138,1-5515,16,3,1-5515,29,4,0,2,5.524911880493164,0.19051420277562633
225,225,225,225,225,225,225,225,225,225,225,225,225,225,225,225,225,225,1-9650,1,17,1-9650,25,4,0,1,4.762455940246582,0.19049823760986329
421,421,421,421,421,421,421,421,421,421,421,421,421,421,421,421,421,421,1-8398,16,3,1-8398,54,1,0,12,10.149471282958984,0.18795317190664787
63,63,63,63,63,63,63,63,63,63,63,63,63,63,63,63,63,63,1-7066,2,18,1-7066,23,2,0,3,4.287367820739746,0.186407296553902
199,199,199,199,199,199,199,199,199,199,199,199,199,199,199,199,199,199,MLG39,2,18,MLG39,23,2,0,3,4.287367820739746,0.186407296553902
350,350,350,350,350,350,350,350,350,350,350,350,350,350,350,350,350,350,1-2282,15,22,1-2282,219,8,0,43,40.78560543060303,0.18623564123563027
260,260,260,260,260,260,260,260,260,260,260,260,260,260,260,260,260,260,1-0129,22,16,1-0129,142,2,0,32,26.398590087890625,0.18590556399922975
441,441,441,441,441,441,441,441,441,441,441,441,441,441,441,441,441,441,1-19166,19,2,1-19166,45,6,0,3,8.287367820739746,0.18416372934977213
85,85,85,85,85,85,85,85,85,85,85,85,85,85,85,85,85,85,1-8084,22,16,1-8084,82,9,0,8,15.099647521972656,0.18414204295088604
76,76,76,76,76,76,76,76,76,76,76,76,76,76,76,76,76,76,1-8541,13,15,1-8541,232,32,0,14,42.67438316345215,0.18394130673901787
395,395,395,395,395,395,395,395,395,395,395,395,395,395,395,395,395,395,1-6787,19,2,1-6787,56,8,0,3,10.287367820739746,0.18370299679892405
298,298,298,298,298,298,298,298,298,298,298,298,298,298,298,298,298,298,1-7019,11,11,1-7019,107,15,0,6,19.574735641479492,0.18294145459326627
239,239,239,239,239,239,239,239,239,239,239,239,239,239,239,239,239,239,1-7042,12,21,1-7042,117,19,0,3,21.287367820739746,0.1819433147071773
372,372,372,372,372,372,372,372,372,372,372,372,372,372,372,372,372,372,1-6916,2,18,1-6916,43,4,0,5,7.81227970123291,0.1816809232844863
216,216,216,216,216,216,216,216,216,216,216,216,216,216,216,216,216,216,1-9887,12,21,1-9887,36,5,0,2,6.524911880493164,0.18124755223592123
139,139,139,139,139,139,139,139,139,139,139,139,139,139,139,139,139,139,1-7863,22,16,1-7863,351,20,0,57,63.459988594055176,0.1807976883021515
210,210,210,210,210,210,210,210,210,210,210,210,210,210,210,210,210,210,1-7842,13,15,1-7842,21,3,0,1,3.762455940246582,0.17916456858317056
518,518,518,518,518,518,518,518,518,518,518,518,518,518,518,518,518,518,1-1850,15,22,1-1850,30,0,0,7,5.337191581726074,0.1779063860575358
300,300,300,300,300,300,300,300,300,300,300,300,300,300,300,300,300,300,1-4020,17,4,1-4020,37,2,0,6,6.574735641479492,0.17769555787782412
445,445,445,445,445,445,445,445,445,445,445,445,445,445,445,445,445,445,1-6538,2,18,1-6538,44,4,0,5,7.81227970123291,0.17755181139165704
509,509,509,509,509,509,509,509,509,509,509,509,509,509,509,509,509,509,1-18935,10,18,1-18935,30,3,0,3,5.287367820739746,0.1762455940246582
73,73,73,73,73,73,73,73,73,73,73,73,73,73,73,73,73,73,1-5355,17,4,1-5355,53,4,0,7,9.337191581726074,0.17617342607030329
69,69,69,69,69,69,69,69,69,69,69,69,69,69,69,69,69,69,1-18498,1,17,1-18498,13,0,0,3,2.287367820739746,0.17595137082613432
425,425,425,425,425,425,425,425,425,425,425,425,425,425,425,425,425,425,1-6006,1,17,1-6006,57,10,0,0,10.0,0.17543859649122806
231,231,231,231,231,231,231,231,231,231,231,231,231,231,231,231,231,231,1-8450,19,2,1-8450,52,9,0,0,9.0,0.17307692307692307
59,59,59,59,59,59,59,59,59,59,59,59,59,59,59,59,59,59,1-9331,10,12,1-9331,25,2,0,3,4.287367820739746,0.17149471282958983
144,144,144,144,144,144,144,144,144,144,144,144,144,144,144,144,144,144,1-7744,22,16,1-7744,37,1,0,7,6.337191581726074,0.17127544815475876
314,314,314,314,314,314,314,314,314,314,314,314,314,314,314,314,314,314,1-3139,21,1,1-3139,93,6,0,13,15.911927223205566,0.1710959916473717
271,271,271,271,271,271,271,271,271,271,271,271,271,271,271,271,271,271,1-7897,2,18,1-7897,95,10,0,8,16.099647521972656,0.16946997391550164
72,72,72,72,72,72,72,72,72,72,72,72,72,72,72,72,72,72,1-9614,2,18,1-9614,30,2,0,4,5.049823760986328,0.16832745869954427
95,95,95,95,95,95,95,95,95,95,95,95,95,95,95,95,95,95,1-3312,14,8,1-3312,36,3,0,4,6.049823760986328,0.168050660027398
152,152,152,152,152,152,152,152,152,152,152,152,152,152,152,152,152,152,1-9500,23,13,1-9500,33,4,0,2,5.524911880493164,0.1674215721361565
490,490,490,490,490,490,490,490,490,490,490,490,490,490,490,490,490,490,1-3551,6,8,1-3551,6,1,0,0,1.0,0.16666666666666666
282,282,282,282,282,282,282,282,282,282,282,282,282,282,282,282,282,282,1-1608,19,2,1-1608,307,29,0,29,51.11122226715088,0.1664860660167781
352,352,352,352,352,352,352,352,352,352,352,352,352,352,352,352,352,352,MLG63,13,15,MLG63,380,25,0,50,63.1227970123291,0.16611262371665553
266,266,266,266,266,266,266,266,266,266,266,266,266,266,266,266,266,266,1-2103,13,15,1-2103,26,2,0,3,4.287367820739746,0.1648987623361441
442,442,442,442,442,442,442,442,442,442,442,442,442,442,442,442,442,442,MLG11,13,16,MLG11,87,12,0,3,14.287367820739746,0.1642226186291925
190,190,190,190,190,190,190,190,190,190,190,190,190,190,190,190,190,190,1-2382,15,22,1-2382,139,3,0,26,22.823854446411133,0.1642003917007995
438,438,438,438,438,438,438,438,438,438,438,438,438,438,438,438,438,438,MLG10,9,2,MLG10,60,6,0,5,9.81227970123291,0.1635379950205485
62,62,62,62,62,62,62,62,62,62,62,62,62,62,62,62,62,62,1-9818,6,8,1-9818,28,0,0,6,4.574735641479492,0.16338341576712473
418,418,418,418,418,418,418,418,418,418,418,418,418,418,418,418,418,418,1-6216,7,7,1-6216,45,5,0,3,7.287367820739746,0.1619415071275499
469,469,469,469,469,469,469,469,469,469,469,469,469,469,469,469,469,469,1-8578,5,4,1-8578,11,1,0,1,1.762455940246582,0.16022326729514383
99,99,99,99,99,99,99,99,99,99,99,99,99,99,99,99,99,99,1-5775,17,4,1-5775,244,9,0,39,38.7357816696167,0.15875320356400285
137,137,137,137,137,137,137,137,137,137,137,137,137,137,137,137,137,137,1-1972,4,10,1-1972,32,2,0,4,5.049823760986328,0.15780699253082275
457,457,457,457,457,457,457,457,457,457,457,457,457,457,457,457,457,457,1-8503,3,19,1-8503,16,1,0,2,2.524911880493164,0.15780699253082275
370,370,370,370,370,370,370,370,370,370,370,370,370,370,370,370,370,370,MLG62,14,5,MLG62,525,18,0,85,82.80875492095947,0.15773096175420853
375,375,375,375,375,375,375,375,375,375,375,375,375,375,375,375,375,375,MLG14,12,21,MLG14,232,20,0,21,36.01157474517822,0.15522230493611303
218,218,218,218,218,218,218,218,218,218,218,218,218,218,218,218,218,218,1-9416,16,3,1-9416,13,2,0,0,2.0,0.15384615384615385
179,179,179,179,179,179,179,179,179,179,179,179,179,179,179,179,179,179,1-4052,15,17,1-4052,13,2,0,0,2.0,0.15384615384615385
254,254,254,254,254,254,254,254,254,254,254,254,254,254,254,254,254,254,1-8379,2,18,1-8379,5,0,0,1,0.762455940246582,0.1524911880493164
533,533,533,533,533,533,533,533,533,533,533,533,533,533,533,533,533,533,1-7530,1,24,1-7530,25,0,0,5,3.81227970123291,0.1524911880493164
313,313,313,313,313,313,313,313,313,313,313,313,313,313,313,313,313,313,1-7521,2,12,1-7521,10,0,0,2,1.524911880493164,0.1524911880493164
156,156,156,156,156,156,156,156,156,156,156,156,156,156,156,156,156,156,1-8634,17,4,1-8634,10,0,0,2,1.524911880493164,0.1524911880493164
274,274,274,274,274,274,274,274,274,274,274,274,274,274,274,274,274,274,1-0033,13,15,1-0033,10,0,0,2,1.524911880493164,0.1524911880493164
55,55,55,55,55,55,55,55,55,55,55,55,55,55,55,55,55,55,1-8095,2,18,1-8095,46,7,0,0,7.0,0.15217391304347827
51,51,51,51,51,51,51,51,51,51,51,51,51,51,51,51,51,51,1-9925,8,9,1-9925,93,5,0,12,14.149471282958984,0.1521448525049353
475,475,475,475,475,475,475,475,475,475,475,475,475,475,475,475,475,475,1-18234,23,13,1-18234,43,5,0,2,6.524911880493164,0.15174213675565498
351,351,351,351,351,351,351,351,351,351,351,351,351,351,351,351,351,351,1-19229,1,2,1-19229,38,5,0,1,5.762455940246582,0.15164357737491005
399,399,399,399,399,399,399,399,399,399,399,399,399,399,399,399,399,399,MLG60,3,19,MLG60,47,4,0,4,7.049823760986328,0.14999625023375165
345,345,345,345,345,345,345,345,345,345,345,345,345,345,345,345,345,345,1-1131,12,21,1-1131,138,16,0,6,20.574735641479492,0.14909228725709778
521,521,521,521,521,521,521,521,521,521,521,521,521,521,521,521,521,521,1-19549,3,19,1-19549,29,2,0,3,4.287367820739746,0.1478402696806809
449,449,449,449,449,449,449,449,449,449,449,449,449,449,449,449,449,449,1-1935,9,20,1-1935,12,1,0,1,1.762455940246582,0.14687132835388184
192,192,192,192,192,192,192,192,192,192,192,192,192,192,192,192,192,192,1-9770,17,4,1-9770,50,2,0,7,7.337191581726074,0.14674383163452148
407,407,407,407,407,407,407,407,407,407,407,407,407,407,407,407,407,407,1-8421,22,16,1-8421,109,3,0,17,15.961750984191895,0.14643808242377884
42,42,42,42,42,42,42,42,42,42,42,42,42,42,42,42,42,42,1-1207,15,22,1-1207,66,2,0,10,9.62455940246582,0.1458266576131185
54,54,54,54,54,54,54,54,54,54,54,54,54,54,54,54,54,54,1-8125,3,19,1-8125,21,0,0,4,3.049823760986328,0.14522970290411086
250,250,250,250,250,250,250,250,250,250,250,250,250,250,250,250,250,250,1-9333,17,15,1-9333,102,11,0,5,14.81227970123291,0.1452184284434599
456,456,456,456,456,456,456,456,456,456,456,456,456,456,456,456,456,456,1-8186,20,14,1-8186,26,3,0,1,3.762455940246582,0.14470984385563776
161,161,161,161,161,161,161,161,161,161,161,161,161,161,161,161,161,161,MLG41,12,21,MLG41,66,8,0,2,9.524911880493164,0.14431684667413885
405,405,405,405,405,405,405,405,405,405,405,405,405,405,405,405,405,405,1-3104,8,9,1-3104,16,0,0,3,2.287367820739746,0.14296048879623413
84,84,84,84,84,84,84,84,84,84,84,84,84,84,84,84,84,84,1-18714,2,18,1-18714,32,3,0,2,4.524911880493164,0.14140349626541138
96,96,96,96,96,96,96,96,96,96,96,96,96,96,96,96,96,96,MLG37,9,20,MLG37,116,14,0,3,16.287367820739746,0.1404083432822392
276,276,276,276,276,276,276,276,276,276,276,276,276,276,276,276,276,276,1-9495,16,3,1-9495,18,1,0,2,2.524911880493164,0.14027288224962023
203,203,203,203,203,203,203,203,203,203,203,203,203,203,203,203,203,203,1-1250,10,12,1-1250,34,4,0,1,4.762455940246582,0.14007223353666418
132,132,132,132,132,132,132,132,132,132,132,132,132,132,132,132,132,132,1-9110,15,22,1-9110,29,1,0,4,4.049823760986328,0.1396490952064251
71,71,71,71,71,71,71,71,71,71,71,71,71,71,71,71,71,71,1-6532,17,4,1-6532,27,3,0,1,3.762455940246582,0.13935022000913266
272,272,272,272,272,272,272,272,272,272,272,272,272,272,272,272,272,272,1-1570,1,17,1-1570,142,6,0,18,19.724206924438477,0.1389028656650597
205,205,205,205,205,205,205,205,205,205,205,205,205,205,205,205,205,205,1-8018,3,19,1-8018,58,5,0,4,8.049823760986328,0.13879006484459186
108,108,108,108,108,108,108,108,108,108,108,108,108,108,108,108,108,108,1-9731,4,10,1-9731,11,0,0,2,1.524911880493164,0.13862835277210583
411,411,411,411,411,411,411,411,411,411,411,411,411,411,411,411,411,411,MLG15,6,8,MLG15,105,6,0,11,14.387015342712402,0.13701919374011812
488,488,488,488,488,488,488,488,488,488,488,488,488,488,488,488,488,488,1-11350,20,14,1-11350,100,3,0,14,13.674383163452148,0.13674383163452147
241,241,241,241,241,241,241,241,241,241,241,241,241,241,241,241,241,241,1-19448,17,4,1-19448,45,0,0,8,6.099647521972656,0.13554772271050347
26,26,26,26,26,26,26,26,26,26,26,26,26,26,26,26,26,26,1-9907,2,18,1-9907,17,0,0,3,2.287367820739746,0.1345510482788086
462,462,462,462,462,462,462,462,462,462,462,462,462,462,462,462,462,462,1-1183,14,5,1-1183,45,3,0,4,6.049823760986328,0.13444052802191842
61,61,61,61,61,61,61,61,61,61,61,61,61,61,61,61,61,61,1-7341,20,14,1-7341,110,14,0,1,14.762455940246582,0.13420414491133256
423,423,423,423,423,423,423,423,423,423,423,423,423,423,423,423,423,423,1-7122,3,19,1-7122,197,18,0,11,26.387015342712402,0.13394424031833707
91,91,91,91,91,91,91,91,91,91,91,91,91,91,91,91,91,91,72-12171,7,19,72-12171,19,1,0,2,2.524911880493164,0.13289009897332443
409,409,409,409,409,409,409,409,409,409,409,409,409,409,409,409,409,409,1-9645,17,4,1-9645,69,3,0,8,9.099647521972656,0.1318789495938066
293,293,293,293,293,293,293,293,293,293,293,293,293,293,293,293,293,293,1-8066,3,19,1-8066,86,6,0,7,11.337191581726074,0.13182780908983807
463,463,463,463,463,463,463,463,463,463,463,463,463,463,463,463,463,463,1-1989,3,19,1-1989,46,3,0,4,6.049823760986328,0.13151790784752887
450,450,450,450,450,450,450,450,450,450,450,450,450,450,450,450,450,450,1-2297,8,14,1-2297,25,1,0,3,3.287367820739746,0.13149471282958985
304,304,304,304,304,304,304,304,304,304,304,304,304,304,304,304,304,304,1-19004,11,11,1-19004,60,1,0,9,7.862103462219238,0.13103505770365398
188,188,188,188,188,188,188,188,188,188,188,188,188,188,188,188,188,188,1-20167,2,18,1-20167,56,2,0,7,7.337191581726074,0.13102127824510848
431,431,431,431,431,431,431,431,431,431,431,431,431,431,431,431,431,431,1-7614,2,18,1-7614,72,1,0,11,9.387015342712402,0.1303752130932278
320,320,320,320,320,320,320,320,320,320,320,320,320,320,320,320,320,320,MLG13,21,1,MLG13,140,9,0,12,18.149471282958984,0.12963908059256418
174,174,174,174,174,174,174,174,174,174,174,174,174,174,174,174,174,174,MLG38,3,19,MLG38,77,6,0,5,9.81227970123291,0.1274322039121157
347,347,347,347,347,347,347,347,347,347,347,347,347,347,347,347,347,347,1-8188,1,17,1-8188,140,14,0,5,17.81227970123291,0.12723056929452078
74,74,74,74,74,74,74,74,74,74,74,74,74,74,74,74,74,74,1-8124,19,1,1-8124,18,0,0,3,2.287367820739746,0.12707599004109701
112,112,112,112,112,112,112,112,112,112,112,112,112,112,112,112,112,112,1-10698,1,17,1-10698,6,0,0,1,0.762455940246582,0.12707599004109701
498,498,498,498,498,498,498,498,498,498,498,498,498,498,498,498,498,498,1-19915,22,16,1-19915,62,1,0,9,7.862103462219238,0.1268081203583748
289,289,289,289,289,289,289,289,289,289,289,289,289,289,289,289,289,289,1-1592,21,1,1-1592,32,1,0,4,4.049823760986328,0.12655699253082275
13,13,13,13,13,13,13,13,13,13,13,13,13,13,13,13,13,13,1-9805,14,14,1-9805,26,1,0,3,3.287367820739746,0.12643722387460563
160,160,160,160,160,160,160,160,160,160,160,160,160,160,160,160,160,160,1-19813,13,15,1-19813,20,1,0,2,2.524911880493164,0.1262455940246582
349,349,349,349,349,349,349,349,349,349,349,349,349,349,349,349,349,349,1-3052,21,1,1-3052,166,14,0,9,20.86210346221924,0.12567532206156168
117,117,117,117,117,117,117,117,117,117,117,117,117,117,117,117,117,117,1-0358,22,16,1-0358,22,2,0,1,2.762455940246582,0.12556617910211737
376,376,376,376,376,376,376,376,376,376,376,376,376,376,376,376,376,376,1-7874,21,1,1-7874,258,24,0,11,32.3870153427124,0.12553106721981552
92,92,92,92,92,92,92,92,92,92,92,92,92,92,92,92,92,92,1-7807,18,24,1-7807,239,0,0,39,29.7357816696167,0.12441749652559288
410,410,410,410,410,410,410,410,410,410,410,410,410,410,410,410,410,410,MLG12,23,13,MLG12,146,8,0,13,17.911927223205566,0.12268443303565456
129,129,129,129,129,129,129,129,129,129,129,129,129,129,129,129,129,129,1-2573,21,1,1-2573,37,3,0,2,4.524911880493164,0.12229491568900444
560,560,560,560,560,560,560,560,560,560,560,560,560,560,560,560,560,560,1-0027,14,5,1-0027,29,2,0,2,3.524911880493164,0.12154868553424704
311,311,311,311,311,311,311,311,311,311,311,311,311,311,311,311,311,311,1-20578,1,24,1-20578,19,0,0,3,2.287367820739746,0.12038778003893401
373,373,373,373,373,373,373,373,373,373,373,373,373,373,373,373,373,373,1-6918,6,8,1-6918,43,5,0,0,5.0,0.11627906976744186
401,401,401,401,401,401,401,401,401,401,401,401,401,401,401,401,401,401,1-7204,20,14,1-7204,26,3,0,0,3.0,0.11538461538461539
269,269,269,269,269,269,269,269,269,269,269,269,269,269,269,269,269,269,1-7839,5,6,1-7839,24,2,0,1,2.762455940246582,0.11510233084360759
116,116,116,116,116,116,116,116,116,116,116,116,116,116,116,116,116,116,1-20047,1,17,1-20047,20,0,0,3,2.287367820739746,0.1143683910369873
513,513,513,513,513,513,513,513,513,513,513,513,513,513,513,513,513,513,1-8094,20,14,1-8094,58,2,0,6,6.574735641479492,0.11335751105999124
182,182,182,182,182,182,182,182,182,182,182,182,182,182,182,182,182,182,1-7752,13,15,1-7752,29,1,0,3,3.287367820739746,0.11335751105999124
168,168,168,168,168,168,168,168,168,168,168,168,168,168,168,168,168,168,1-9655,13,24,1-9655,27,0,0,4,3.049823760986328,0.11295643559208622
37,37,37,37,37,37,37,37,37,37,37,37,37,37,37,37,37,37,1-5508,12,21,1-5508,38,2,0,3,4.287367820739746,0.11282546896683543
136,136,136,136,136,136,136,136,136,136,136,136,136,136,136,136,136,136,1-9549,10,12,1-9549,18,2,0,0,2.0,0.1111111111111111
65,65,65,65,65,65,65,65,65,65,65,65,65,65,65,65,65,65,1-8659,23,13,1-8659,91,4,0,8,10.099647521972656,0.11098513760409512
374,374,374,374,374,374,374,374,374,374,374,374,374,374,374,374,374,374,1-6919,21,1,1-6919,43,4,0,1,4.762455940246582,0.11075478930806004
355,355,355,355,355,355,355,355,355,355,355,355,355,355,355,355,355,355,1-9498,1,17,1-9498,64,4,0,4,7.049823760986328,0.11015349626541138
344,344,344,344,344,344,344,344,344,344,344,344,344,344,344,344,344,344,1-6035,17,4,1-6035,23,1,0,2,2.524911880493164,0.10977877741274626
258,258,258,258,258,258,258,258,258,258,258,258,258,258,258,258,258,258,1-9516,21,1,1-9516,76,3,0,7,8.337191581726074,0.10969988923323781
111,111,111,111,111,111,111,111,111,111,111,111,111,111,111,111,111,111,1-19897,2,18,1-19897,53,2,0,5,5.81227970123291,0.10966565474024359
544,544,544,544,544,544,544,544,544,544,544,544,544,544,544,544,544,544,1-5799,2,18,1-5799,7,0,0,1,0.762455940246582,0.10892227717808314
307,307,307,307,307,307,307,307,307,307,307,307,307,307,307,307,307,307,1-5530,15,22,1-5530,7,0,0,1,0.762455940246582,0.10892227717808314
279,279,279,279,279,279,279,279,279,279,279,279,279,279,279,279,279,279,MLG43,19,19,MLG43,14,0,0,2,1.524911880493164,0.10892227717808314
187,187,187,187,187,187,187,187,187,187,187,187,187,187,187,187,187,187,1-7321,2,18,1-7321,7,0,0,1,0.762455940246582,0.10892227717808314
264,264,264,264,264,264,264,264,264,264,264,264,264,264,264,264,264,264,P-0009,23,13,P-0009,7,0,0,1,0.762455940246582,0.10892227717808314
224,224,224,224,224,224,224,224,224,224,224,224,224,224,224,224,224,224,1-9227,21,1,1-9227,801,36,0,67,87.084547996521,0.10871978526407115
180,180,180,180,180,180,180,180,180,180,180,180,180,180,180,180,180,180,1-0037,14,17,1-0037,35,3,0,1,3.762455940246582,0.10749874114990235
103,103,103,103,103,103,103,103,103,103,103,103,103,103,103,103,103,103,1-8820,8,9,1-8820,83,2,0,9,8.862103462219238,0.1067723308701113
482,482,482,482,482,482,482,482,482,482,482,482,482,482,482,482,482,482,1-4390,12,21,1-4390,45,4,0,1,4.762455940246582,0.10583235422770182
295,295,295,295,295,295,295,295,295,295,295,295,295,295,295,295,295,295,1-3639,5,6,1-3639,17,1,0,1,1.762455940246582,0.10367387883803424
201,201,201,201,201,201,201,201,201,201,201,201,201,201,201,201,201,201,1-9902,3,24,1-9902,30,0,0,4,3.049823760986328,0.1016607920328776
78,78,78,78,78,78,78,78,78,78,78,78,78,78,78,78,78,78,1-4088,2,18,1-4088,30,3,0,0,3.0,0.1
135,135,135,135,135,135,135,135,135,135,135,135,135,135,135,135,135,135,1-9712,1,17,1-9712,10,1,0,0,1.0,0.1
114,114,114,114,114,114,114,114,114,114,114,114,114,114,114,114,114,114,1-7496,18,24,1-7496,246,0,0,32,24.398590087890625,0.09918126051988059
33,33,33,33,33,33,33,33,33,33,33,33,33,33,33,33,33,33,1-7991,20,14,1-7991,46,3,0,2,4.524911880493164,0.09836764957593835
454,454,454,454,454,454,454,454,454,454,454,454,454,454,454,454,454,454,1-0272,18,24,1-0272,111,0,0,14,10.674383163452148,0.09616561408515449
238,238,238,238,238,238,238,238,238,238,238,238,238,238,238,238,238,238,1-9855,18,24,1-9855,8,0,0,1,0.762455940246582,0.09530699253082275
186,186,186,186,186,186,186,186,186,186,186,186,186,186,186,186,186,186,72-11994,6,8,72-11994,8,0,0,1,0.762455940246582,0.09530699253082275
169,169,169,169,169,169,169,169,169,169,169,169,169,169,169,169,169,169,1-9606,20,14,1-9606,16,0,0,2,1.524911880493164,0.09530699253082275
308,308,308,308,308,308,308,308,308,308,308,308,308,308,308,308,308,308,1-6743,13,15,1-6743,58,4,0,2,5.524911880493164,0.09525710138781317
56,56,56,56,56,56,56,56,56,56,56,56,56,56,56,56,56,56,1-5877,5,6,1-5877,79,2,0,7,7.337191581726074,0.09287584280665917
67,67,67,67,67,67,67,67,67,67,67,67,67,67,67,67,67,67,1-7481,15,22,1-7481,33,0,0,4,3.049823760986328,0.09241890184807056
458,458,458,458,458,458,458,458,458,458,458,458,458,458,458,458,458,458,1-7182,1,2,1-7182,22,2,0,0,2.0,0.09090909090909091
540,540,540,540,540,540,540,540,540,540,540,540,540,540,540,540,540,540,1-5413,10,21,1-5413,39,2,0,2,3.524911880493164,0.09038235591008113
522,522,522,522,522,522,522,522,522,522,522,522,522,522,522,522,522,522,1-5282,14,24,1-5282,17,0,0,2,1.524911880493164,0.08970069885253906
562,562,562,562,562,562,562,562,562,562,562,562,562,562,562,562,562,562,1-0003,16,24,1-0003,17,0,0,2,1.524911880493164,0.08970069885253906
486,486,486,486,486,486,486,486,486,486,486,486,486,486,486,486,486,486,1-8678,15,22,1-8678,17,0,0,2,1.524911880493164,0.08970069885253906
1,1,1,1,1,1,1,1,1,1,1,1,1,1,1,1,1,1,1-9185,3,19,1-9185,31,2,0,1,2.762455940246582,0.08911148194343813
0,0,0,0,0,0,0,0,0,0,0,0,0,0,0,0,0,0,72-0103,11,11,72-0103,71,4,0,3,6.287367820739746,0.08855447634844713
197,197,197,197,197,197,197,197,197,197,197,197,197,197,197,197,197,197,1-8646,9,6,1-8646,20,1,0,1,1.762455940246582,0.0881227970123291
379,379,379,379,379,379,379,379,379,379,379,379,379,379,379,379,379,379,1-4640,18,24,1-4640,87,0,0,10,7.62455940246582,0.0876386138214462
145,145,145,145,145,145,145,145,145,145,145,145,145,145,145,145,145,145,MLG06,7,16,MLG06,18,0,0,2,1.524911880493164,0.08471732669406468
413,413,413,413,413,413,413,413,413,413,413,413,413,413,413,413,413,413,1-8314,22,16,1-8314,36,0,0,4,3.049823760986328,0.08471732669406468
452,452,452,452,452,452,452,452,452,452,452,452,452,452,452,452,452,452,1-8529,3,19,1-8529,56,0,0,6,4.574735641479492,0.08169170788356236
87,87,87,87,87,87,87,87,87,87,87,87,87,87,87,87,87,87,MLG35,3,19,MLG35,49,4,0,0,4.0,0.08163265306122448
303,303,303,303,303,303,303,303,303,303,303,303,303,303,303,303,303,303,1-8157,2,18,1-8157,75,2,0,5,5.81227970123291,0.07749706268310547
538,538,538,538,538,538,538,538,538,538,538,538,538,538,538,538,538,538,1-9576,1,24,1-9576,10,0,0,1,0.762455940246582,0.0762455940246582
446,446,446,446,446,446,446,446,446,446,446,446,446,446,446,446,446,446,1-3534,18,24,1-3534,279,0,0,27,20.586310386657715,0.0737860587335402
424,424,424,424,424,424,424,424,424,424,424,424,424,424,424,424,424,424,1-4700,1,24,1-4700,31,0,0,3,2.287367820739746,0.0737860587335402
47,47,47,47,47,47,47,47,47,47,47,47,47,47,47,47,47,47,1-19547,21,1,1-19547,66,1,0,5,4.81227970123291,0.07291332880655925
383,383,383,383,383,383,383,383,383,383,383,383,383,383,383,383,383,383,1-8551,21,1,1-8551,38,2,0,1,2.762455940246582,0.07269620895385742
70,70,70,70,70,70,70,70,70,70,70,70,70,70,70,70,70,70,1-2584,4,10,1-2584,36,1,0,2,2.524911880493164,0.07013644112481011
217,217,217,217,217,217,217,217,217,217,217,217,217,217,217,217,217,217,1-9630,22,24,1-9630,33,0,0,3,2.287367820739746,0.06931417638605292
206,206,206,206,206,206,206,206,206,206,206,206,206,206,206,206,206,206,1-9752,13,1,1-9752,22,0,0,2,1.524911880493164,0.06931417638605292
474,474,474,474,474,474,474,474,474,474,474,474,474,474,474,474,474,474,1-8400,13,24,1-8400,33,0,0,3,2.287367820739746,0.06931417638605292
2,2,2,2,2,2,2,2,2,2,2,2,2,2,2,2,2,2,MLG17,2,18,MLG17,153,6,0,6,10.574735641479492,0.06911591922535616
467,467,467,467,467,467,467,467,467,467,467,467,467,467,467,467,467,467,1-13247,1,17,1-13247,29,2,0,0,2.0,0.06896551724137931
495,495,495,495,495,495,495,495,495,495,495,495,495,495,495,495,495,495,MLG08,12,21,MLG08,107,5,0,3,7.287367820739746,0.06810624131532474
50,50,50,50,50,50,50,50,50,50,50,50,50,50,50,50,50,50,1-8174,1,17,1-8174,45,0,0,4,3.049823760986328,0.06777386135525174
86,86,86,86,86,86,86,86,86,86,86,86,86,86,86,86,86,86,1-9345,4,18,1-9345,47,0,0,4,3.049823760986328,0.06488986725502825
52,52,52,52,52,52,52,52,52,52,52,52,52,52,52,52,52,52,72-12387,5,6,72-12387,71,3,0,2,4.524911880493164,0.0637311532463826
118,118,118,118,118,118,118,118,118,118,118,118,118,118,118,118,118,118,1-6543,14,5,1-6543,12,0,0,1,0.762455940246582,0.06353799502054851
477,477,477,477,477,477,477,477,477,477,477,477,477,477,477,477,477,477,1-9055,11,1,1-9055,12,0,0,1,0.762455940246582,0.06353799502054851
163,163,163,163,163,163,163,163,163,163,163,163,163,163,163,163,163,163,1-9137,4,10,1-9137,111,4,0,4,7.049823760986328,0.0635119257746516
447,447,447,447,447,447,447,447,447,447,447,447,447,447,447,447,447,447,1-7152,18,24,1-7152,109,0,0,9,6.862103462219238,0.06295507763503888
428,428,428,428,428,428,428,428,428,428,428,428,428,428,428,428,428,428,1-2701,18,24,1-2701,61,0,0,5,3.81227970123291,0.06249638854480181
191,191,191,191,191,191,191,191,191,191,191,191,191,191,191,191,191,191,1-8328,18,24,1-8328,114,0,0,9,6.862103462219238,0.060193890019467004
362,362,362,362,362,362,362,362,362,362,362,362,362,362,362,362,362,362,1-1462,21,1,1-1462,192,6,0,7,11.337191581726074,0.05904787282148997
148,148,148,148,148,148,148,148,148,148,148,148,148,148,148,148,148,148,1-0001,19,2,1-0001,17,1,0,0,1.0,0.058823529411764705
66,66,66,66,66,66,66,66,66,66,66,66,66,66,66,66,66,66,1-7536,18,19,1-7536,17,1,0,0,1.0,0.058823529411764705
40,40,40,40,40,40,40,40,40,40,40,40,40,40,40,40,40,40,1-7722,20,14,1-7722,60,2,0,2,3.524911880493164,0.05874853134155274
406,406,406,406,406,406,406,406,406,406,406,406,406,406,406,406,406,406,1-17907,18,24,1-17907,119,0,0,9,6.862103462219238,0.057664734976632256
326,326,326,326,326,326,326,326,326,326,326,326,326,326,326,326,326,326,1-8826,21,1,1-8826,123,4,0,4,7.049823760986328,0.05731564033322218
29,29,29,29,29,29,29,29,29,29,29,29,29,29,29,29,29,29,1-18735,3,19,1-18735,27,0,0,2,1.524911880493164,0.05647821779604311
134,134,134,134,134,134,134,134,134,134,134,134,134,134,134,134,134,134,1-9465,5,6,1-9465,18,1,0,0,1.0,0.05555555555555555
34,34,34,34,34,34,34,34,34,34,34,34,34,34,34,34,34,34,1-6642,1,17,1-6642,36,2,0,0,2.0,0.05555555555555555
38,38,38,38,38,38,38,38,38,38,38,38,38,38,38,38,38,38,1-2104,1,17,1-2104,36,2,0,0,2.0,0.05555555555555555
365,365,365,365,365,365,365,365,365,365,365,365,365,365,365,365,365,365,MLG48,9,20,MLG48,159,5,0,5,8.81227970123291,0.05542314277504975
237,237,237,237,237,237,237,237,237,237,237,237,237,237,237,237,237,237,1-9667,3,19,1-9667,14,0,0,1,0.762455940246582,0.05446113858904157
122,122,122,122,122,122,122,122,122,122,122,122,122,122,122,122,122,122,MLG42,3,4,MLG42,14,0,0,1,0.762455940246582,0.05446113858904157
227,227,227,227,227,227,227,227,227,227,227,227,227,227,227,227,227,227,1-3068,18,24,1-3068,180,0,0,12,9.149471282958984,0.0508303960164388
79,79,79,79,79,79,79,79,79,79,79,79,79,79,79,79,79,79,1-9739,5,6,1-9739,31,0,0,2,1.524911880493164,0.04919070582236013
23,23,23,23,23,23,23,23,23,23,23,23,23,23,23,23,23,23,1-2025,13,15,1-2025,41,2,0,0,2.0,0.04878048780487805
83,83,83,83,83,83,83,83,83,83,83,83,83,83,83,83,83,83,1-18423,2,18,1-18423,47,0,0,3,2.287367820739746,0.04866740044127119
98,98,98,98,98,98,98,98,98,98,98,98,98,98,98,98,98,98,1-8127,21,1,1-8127,32,0,0,2,1.524911880493164,0.04765349626541138
80,80,80,80,80,80,80,80,80,80,80,80,80,80,80,80,80,80,1-9115,9,24,1-9115,16,0,0,1,0.762455940246582,0.04765349626541138
27,27,27,27,27,27,27,27,27,27,27,27,27,27,27,27,27,27,1-18409,12,21,1-18409,22,1,0,0,1.0,0.045454545454545456
183,183,183,183,183,183,183,183,183,183,183,183,183,183,183,183,183,183,1-9496,6,8,1-9496,39,1,0,1,1.762455940246582,0.045191177955040567
453,453,453,453,453,453,453,453,453,453,453,453,453,453,453,453,453,453,1-8397,22,16,1-8397,51,0,0,3,2.287367820739746,0.04485034942626953
45,45,45,45,45,45,45,45,45,45,45,45,45,45,45,45,45,45,1-9444,6,8,1-9444,24,1,0,0,1.0,0.041666666666666664
336,336,336,336,336,336,336,336,336,336,336,336,336,336,336,336,336,336,1-1827,21,1,1-1827,24,1,0,0,1.0,0.041666666666666664
309,309,309,309,309,309,309,309,309,309,309,309,309,309,309,309,309,309,1-3516,18,24,1-3516,156,0,0,8,6.099647521972656,0.039100304628029846
340,340,340,340,340,340,340,340,340,340,340,340,340,340,340,340,340,340,1-3362,18,24,1-3362,117,0,0,6,4.574735641479492,0.039100304628029846
548,548,548,548,548,548,548,548,548,548,548,548,548,548,548,548,548,548,1-3087,7,7,1-3087,26,1,0,0,1.0,0.038461538461538464
511,511,511,511,511,511,511,511,511,511,511,511,511,511,511,511,511,511,1-9697,9,20,1-9697,20,0,0,1,0.762455940246582,0.0381227970123291
93,93,93,93,93,93,93,93,93,93,93,93,93,93,93,93,93,93,1-20003,15,22,1-20003,21,0,0,1,0.762455940246582,0.036307425726027714
310,310,310,310,310,310,310,310,310,310,310,310,310,310,310,310,310,310,1-4855,16,22,1-4855,22,0,0,1,0.762455940246582,0.03465708819302646
104,104,104,104,104,104,104,104,104,104,104,104,104,104,104,104,104,104,1-8267,18,24,1-8267,133,0,0,6,4.574735641479492,0.034396508582552575
281,281,281,281,281,281,281,281,281,281,281,281,281,281,281,281,281,281,1-9995,11,18,1-9995,24,0,0,1,0.762455940246582,0.031768997510274254
159,159,159,159,159,159,159,159,159,159,159,159,159,159,159,159,159,159,1-10696,4,24,1-10696,24,0,0,1,0.762455940246582,0.031768997510274254
468,468,468,468,468,468,468,468,468,468,468,468,468,468,468,468,468,468,1-6228,15,22,1-6228,48,0,0,2,1.524911880493164,0.031768997510274254
248,248,248,248,248,248,248,248,248,248,248,248,248,248,248,248,248,248,1-2400,18,24,1-2400,49,0,0,2,1.524911880493164,0.03112065062230947
243,243,243,243,243,243,243,243,243,243,243,243,243,243,243,243,243,243,1-1015,18,24,1-1015,155,0,0,6,4.574735641479492,0.02951442349341608
223,223,223,223,223,223,223,223,223,223,223,223,223,223,223,223,223,223,1-0205,21,1,1-0205,34,1,0,0,1.0,0.029411764705882353
53,53,53,53,53,53,53,53,53,53,53,53,53,53,53,53,53,53,1-9850,2,22,1-9850,27,0,0,1,0.762455940246582,0.028239108898021555
195,195,195,195,195,195,195,195,195,195,195,195,195,195,195,195,195,195,1-2670,2,18,1-2670,104,1,0,2,2.524911880493164,0.024277998850895807
491,491,491,491,491,491,491,491,491,491,491,491,491,491,491,491,491,491,MLG09,1,17,MLG09,125,2,0,1,2.762455940246582,0.022099647521972656
41,41,41,41,41,41,41,41,41,41,41,41,41,41,41,41,41,41,1-7509,10,12,1-7509,40,0,0,1,0.762455940246582,0.01906139850616455
196,196,196,196,196,196,196,196,196,196,196,196,196,196,196,196,196,196,1-9646,12,21,1-9646,105,2,0,0,2.0,0.01904761904761905
233,233,233,233,233,233,233,233,233,233,233,233,233,233,233,233,233,233,MLG07,21,1,MLG07,90,0,0,2,1.524911880493164,0.016943465338812934
16,16,16,16,16,16,16,16,16,16,16,16,16,16,16,16,16,16,1-9955,15,22,1-9955,60,0,0,1,0.762455940246582,0.0127075990041097
48,48,48,48,48,48,48,48,48,48,48,48,48,48,48,48,48,48,1-0405,1,5,1-0405,64,0,0,1,0.762455940246582,0.011913374066352844
121,121,121,121,121,121,121,121,121,121,121,121,121,121,121,121,121,121,1-7070,18,24,1-7070,129,0,0,2,1.524911880493164,0.011821022329404372
369,369,369,369,369,369,369,369,369,369,369,369,369,369,369,369,369,369,1-6594,9,20,1-6594,70,0,0,1,0.762455940246582,0.010892227717808315
120,120,120,120,120,120,120,120,120,120,120,120,120,120,120,120,120,120,1-10232,1,17,1-10232,5,0,0,0,0.0,0.0
181,181,181,181,181,181,181,181,181,181,181,181,181,181,181,181,181,181,1-8641,12,21,1-8641,30,0,0,0,0.0,0.0
100,100,100,100,100,100,100,100,100,100,100,100,100,100,100,100,100,100,1-19598,1,17,1-19598,11,0,0,0,0.0,0.0
82,82,82,82,82,82,82,82,82,82,82,82,82,82,82,82,82,82,1-17645,11,11,1-17645,9,0,0,0,0.0,0.0
559,559,559,559,559,559,559,559,559,559,559,559,559,559,559,559,559,559,1-5914,1,6,1-5914,3,0,0,0,0.0,0.0
21,21,21,21,21,21,21,21,21,21,21,21,21,21,21,21,21,21,1-3519,5,6,1-3519,27,0,0,0,0.0,0.0
158,158,158,158,158,158,158,158,158,158,158,158,158,158,158,158,158,158,1-7599,8,9,1-7599,3,0,0,0,0.0,0.0
550,550,550,550,550,550,550,550,550,550,550,550,550,550,550,550,550,550,1-19568,16,3,1-19568,2,0,0,0,0.0,0.0
496,496,496,496,496,496,496,496,496,496,496,496,496,496,496,496,496,496,1-3176,1,17,1-3176,3,0,0,0,0.0,0.0
15,15,15,15,15,15,15,15,15,15,15,15,15,15,15,15,15,15,1-8093,16,10,1-8093,4,0,0,0,0.0,0.0
229,229,229,229,229,229,229,229,229,229,229,229,229,229,229,229,229,229,1-4361,1,17,1-4361,10,0,0,0,0.0,0.0
541,541,541,541,541,541,541,541,541,541,541,541,541,541,541,541,541,541,1-5424,8,1,1-5424,5,0,0,0,0.0,0.0
556,556,556,556,556,556,556,556,556,556,556,556,556,556,556,556,556,556,1-10951,1,1,1-10951,1,0,0,0,0.0,0.0
530,530,530,530,530,530,530,530,530,530,530,530,530,530,530,530,530,530,1-4847,4,8,1-4847,2,0,0,0,0.0,0.0
75,75,75,75,75,75,75,75,75,75,75,75,75,75,75,75,75,75,1-8401,4,10,1-8401,57,0,0,0,0.0,0.0
444,444,444,444,444,444,444,444,444,444,444,444,444,444,444,444,444,444,1-3217,14,21,1-3217,5,0,0,0,0.0,0.0
543,543,543,543,543,543,543,543,543,543,543,543,543,543,543,543,543,543,1-5803,3,24,1-5803,15,0,0,0,0.0,0.0
492,492,492,492,492,492,492,492,492,492,492,492,492,492,492,492,492,492,1-6028,5,20,1-6028,2,0,0,0,0.0,0.0
275,275,275,275,275,275,275,275,275,275,275,275,275,275,275,275,275,275,1-3216,9,20,1-3216,5,0,0,0,0.0,0.0
249,249,249,249,249,249,249,249,249,249,249,249,249,249,249,249,249,249,1-6931,15,22,1-6931,1,0,0,0,0.0,0.0
212,212,212,212,212,212,212,212,212,212,212,212,212,212,212,212,212,212,1-10922,14,5,1-10922,1,0,0,0,0.0,0.0
507,507,507,507,507,507,507,507,507,507,507,507,507,507,507,507,507,507,1-6909,18,24,1-6909,36,0,0,0,0.0,0.0
226,226,226,226,226,226,226,226,226,226,226,226,226,226,226,226,226,226,1-9996,19,2,1-9996,28,0,0,0,0.0,0.0
235,235,235,235,235,235,235,235,235,235,235,235,235,235,235,235,235,235,1-8113,1,17,1-8113,9,0,0,0,0.0,0.0
28,28,28,28,28,28,28,28,28,28,28,28,28,28,28,28,28,28,1-10071,5,6,1-10071,30,0,0,0,0.0,0.0
278,278,278,278,278,278,278,278,278,278,278,278,278,278,278,278,278,278,1-10762,17,19,1-10762,6,0,0,0,0.0,0.0
532,532,532,532,532,532,532,532,532,532,532,532,532,532,532,532,532,532,1-19447,12,21,1-19447,15,0,0,0,0.0,0.0
561,561,561,561,561,561,561,561,561,561,561,561,561,561,561,561,561,561,1-9455,1,17,1-9455,2,0,0,0,0.0,0.0
89,89,89,89,89,89,89,89,89,89,89,89,89,89,89,89,89,89,1-18004,12,21,1-18004,12,0,0,0,0.0,0.0
119,119,119,119,119,119,119,119,119,119,119,119,119,119,119,119,119,119,1-5929,1,1,1-5929,4,0,0,0,0.0,0.0
175,175,175,175,175,175,175,175,175,175,175,175,175,175,175,175,175,175,1-4910,10,12,1-4910,4,0,0,0,0.0,0.0
36,36,36,36,36,36,36,36,36,36,36,36,36,36,36,36,36,36,1-2714,12,21,1-2714,61,0,0,0,0.0,0.0
155,155,155,155,155,155,155,155,155,155,155,155,155,155,155,155,155,155,1-9447,19,8,1-9447,7,0,0,0,0.0,0.0
18,18,18,18,18,18,18,18,18,18,18,18,18,18,18,18,18,18,1-3521,16,3,1-3521,22,0,0,0,0.0,0.0
7,7,7,7,7,7,7,7,7,7,7,7,7,7,7,7,7,7,1-8767,13,15,1-8767,48,0,0,0,0.0,0.0
49,49,49,49,49,49,49,49,49,49,49,49,49,49,49,49,49,49,1-2178,18,24,1-2178,12,0,0,0,0.0,0.0
211,211,211,211,211,211,211,211,211,211,211,211,211,211,211,211,211,211,1-5406,16,3,1-5406,10,0,0,0,0.0,0.0
247,247,247,247,247,247,247,247,247,247,247,247,247,247,247,247,247,247,1-20467,4,14,1-20467,13,0,0,0,0.0,0.0
219,219,219,219,219,219,219,219,219,219,219,219,219,219,219,219,219,219,1-5653,2,18,1-5653,11,0,0,0,0.0,0.0
25,25,25,25,25,25,25,25,25,25,25,25,25,25,25,25,25,25,1-9607,12,21,1-9607,19,0,0,0,0.0,0.0
555,555,555,555,555,555,555,555,555,555,555,555,555,555,555,555,555,555,1-3646,1,17,1-3646,7,0,0,0,0.0,0.0
546,546,546,546,546,546,546,546,546,546,546,546,546,546,546,546,546,546,1-7527,13,15,1-7527,1,0,0,0,0.0,0.0
19,19,19,19,19,19,19,19,19,19,19,19,19,19,19,19,19,19,1-2596,6,8,1-2596,35,0,0,0,0.0,0.0
284,284,284,284,284,284,284,284,284,284,284,284,284,284,284,284,284,284,1-4136,15,22,1-4136,5,0,0,0,0.0,0.0
325,325,325,325,325,325,325,325,325,325,325,325,325,325,325,325,325,325,1-19924,1,17,1-19924,1,0,0,0,0.0,0.0
9,9,9,9,9,9,9,9,9,9,9,9,9,9,9,9,9,9,1-8020,7,7,1-8020,56,0,0,0,0.0,0.0
35,35,35,35,35,35,35,35,35,35,35,35,35,35,35,35,35,35,1-2869,16,3,1-2869,9,0,0,0,0.0,0.0
317,317,317,317,317,317,317,317,317,317,317,317,317,317,317,317,317,317,1-10978,10,12,1-10978,1,0,0,0,0.0,0.0
147,147,147,147,147,147,147,147,147,147,147,147,147,147,147,147,147,147,1-17657,6,8,1-17657,8,0,0,0,0.0,0.0
146,146,146,146,146,146,146,146,146,146,146,146,146,146,146,146,146,146,1-7453,1,17,1-7453,13,0,0,0,0.0,0.0
242,242,242,242,242,242,242,242,242,242,242,242,242,242,242,242,242,242,1-20791,6,8,1-20791,13,0,0,0,0.0,0.0
77,77,77,77,77,77,77,77,77,77,77,77,77,77,77,77,77,77,1-2153,10,12,1-2153,13,0,0,0,0.0,0.0
439,439,439,439,439,439,439,439,439,439,439,439,439,439,439,439,439,439,MLG72,1,19,MLG72,9,0,0,0,0.0,0.0
177,177,177,177,177,177,177,177,177,177,177,177,177,177,177,177,177,177,1-10948,20,14,1-10948,2,0,0,0,0.0,0.0
194,194,194,194,194,194,194,194,194,194,194,194,194,194,194,194,194,194,1-9253,18,24,1-9253,24,0,0,0,0.0,0.0
32,32,32,32,32,32,32,32,32,32,32,32,32,32,32,32,32,32,1-0022,12,21,1-0022,18,0,0,0,0.0,0.0
127,127,127,127,127,127,127,127,127,127,127,127,127,127,127,127,127,127,1-9643,10,12,1-9643,8,0,0,0,0.0,0.0
262,262,262,262,262,262,262,262,262,262,262,262,262,262,262,262,262,262,1-8623,11,11,1-8623,5,0,0,0,0.0,0.0
508,508,508,508,508,508,508,508,508,508,508,508,508,508,508,508,508,508,1-8532,1,12,1-8532,4,0,0,0,0.0,0.0
341,341,341,341,341,341,341,341,341,341,341,341,341,341,341,341,341,341,1-0031,22,16,1-0031,13,0,0,0,0.0,0.0
503,503,503,503,503,503,503,503,503,503,503,503,503,503,503,503,503,503,1-9076,14,12,1-9076,9,0,0,0,0.0,0.0
178,178,178,178,178,178,178,178,178,178,178,178,178,178,178,178,178,178,1-7525,16,3,1-7525,6,0,0,0,0.0,0.0
297,297,297,297,297,297,297,297,297,297,297,297,297,297,297,297,297,297,1-8352,14,5,1-8352,1,0,0,0,0.0,0.0
213,213,213,213,213,213,213,213,213,213,213,213,213,213,213,213,213,213,1-18563,11,11,1-18563,8,0,0,0,0.0,0.0
220,220,220,220,220,220,220,220,220,220,220,220,220,220,220,220,220,220,MLG73,12,21,MLG73,10,0,0,0,0.0,0.0
252,252,252,252,252,252,252,252,252,252,252,252,252,252,252,252,252,252,1-21195,16,3,1-21195,1,0,0,0,0.0,0.0
319,319,319,319,319,319,319,319,319,319,319,319,319,319,319,319,319,319,1-3584,9,6,1-3584,26,0,0,0,0.0,0.0
90,90,90,90,90,90,90,90,90,90,90,90,90,90,90,90,90,90,1-19222,12,1,1-19222,15,0,0,0,0.0,0.0
367,367,367,367,367,367,367,367,367,367,367,367,367,367,367,367,367,367,1-8544,19,24,1-8544,54,0,0,0,0.0,0.0
455,455,455,455,455,455,455,455,455,455,455,455,455,455,455,455,455,455,1-17790,11,11,1-17790,5,0,0,0,0.0,0.0
110,110,110,110,110,110,110,110,110,110,110,110,110,110,110,110,110,110,72-18936,18,24,72-18936,20,0,0,0,0.0,0.0
60,60,60,60,60,60,60,60,60,60,60,60,60,60,60,60,60,60,1-18202,2,18,1-18202,23,0,0,0,0.0,0.0
545,545,545,545,545,545,545,545,545,545,545,545,545,545,545,545,545,545,1-19567,1,1,1-19567,2,0,0,0,0.0,0.0
6,6,6,6,6,6,6,6,6,6,6,6,6,6,6,6,6,6,1-8021,19,2,1-8021,58,0,0,0,0.0,0.0
165,165,165,165,165,165,165,165,165,165,165,165,165,165,165,165,165,165,1-7721,18,24,1-7721,20,0,0,0,0.0,0.0
20,20,20,20,20,20,20,20,20,20,20,20,20,20,20,20,20,20,1-5167,9,20,1-5167,24,0,0,0,0.0,0.0
277,277,277,277,277,277,277,277,277,277,277,277,277,277,277,277,277,277,1-4051,5,1,1-4051,5,0,0,0,0.0,0.0
115,115,115,115,115,115,115,115,115,115,115,115,115,115,115,115,115,115,1-3178,15,22,1-3178,6,0,0,0,0.0,0.0
107,107,107,107,107,107,107,107,107,107,107,107,107,107,107,107,107,107,1-6971,1,17,1-6971,10,0,0,0,0.0,0.0
565,565,565,565,565,565,565,565,565,565,565,565,565,565,565,565,565,565,1-19927,6,8,1-19927,1,0,0,0,0.0,0.0
