Unnamed: 0.19,Unnamed: 0.18,Unnamed: 0.17,Unnamed: 0.16,Unnamed: 0.15,Unnamed: 0.14,Unnamed: 0.13,Unnamed: 0.12,Unnamed: 0.11,Unnamed: 0.10,Unnamed: 0.9,Unnamed: 0.8,Unnamed: 0.7,Unnamed: 0.6,Unnamed: 0.5,Unnamed: 0.4,Unnamed: 0.3,Unnamed: 0.2,Unnamed: 0.1,Unnamed: 0,Exam Group,Exam Block,slot,exam,size,b2bs,confs,2i3s,score,score_norm
399,399,399,399,399,399,399,399,399,399,399,399,399,399,399,399,399,399,399,399,MLG60,5,11,MLG60,47,31,0,9,35.40462011098862,0.7532897895955025
270,270,270,270,270,270,270,270,270,270,270,270,270,270,270,270,270,270,270,270,1-1390,21,2,1-1390,98,56,0,9,60.40462011098862,0.6163736746019247
463,463,463,463,463,463,463,463,463,463,463,463,463,463,463,463,463,463,463,463,1-1989,6,3,1-1989,46,23,0,6,25.936413407325745,0.5638350740722988
272,272,272,272,272,272,272,272,272,272,272,272,272,272,272,272,272,272,272,272,1-1570,11,12,1-1570,142,23,0,87,65.5779944062233,0.461816862015657
389,389,389,389,389,389,389,389,389,389,389,389,389,389,389,389,389,389,389,389,1-0278,15,10,1-0278,79,34,0,5,36.447011172771454,0.4613545718072336
364,364,364,364,364,364,364,364,364,364,364,364,364,364,364,364,364,364,364,364,1-7682,17,14,1-7682,141,15,0,100,63.94022345542908,0.4534767620952417
232,232,232,232,232,232,232,232,232,232,232,232,232,232,232,232,232,232,232,232,1-18371,15,10,1-18371,120,26,0,46,48.512502789497375,0.4042708565791448
141,141,141,141,141,141,141,141,141,141,141,141,141,141,141,141,141,141,141,141,MLG45,5,11,MLG45,70,24,0,8,27.915217876434326,0.39878882680620464
85,85,85,85,85,85,85,85,85,85,85,85,85,85,85,85,85,85,85,85,1-8084,8,9,1-8084,82,27,0,11,32.3834245800972,0.3949198119524049
166,166,166,166,166,166,166,166,166,166,166,166,166,166,166,166,166,166,166,166,MLG40,5,11,MLG40,51,14,0,11,19.3834245800972,0.3800671486293568
305,305,305,305,305,305,305,305,305,305,305,305,305,305,305,305,305,305,305,305,1-7866,7,7,1-7866,318,54,0,135,120.06930166482925,0.3775764203296517
382,382,382,382,382,382,382,382,382,382,382,382,382,382,382,382,382,382,382,382,1-18558,17,14,1-18558,307,42,0,149,114.92093294858932,0.37433528647748965
411,411,411,411,411,411,411,411,411,411,411,411,411,411,411,411,411,411,411,411,MLG15,5,11,MLG15,105,6,0,66,38.30054748058319,0.3647671188626971
92,92,92,92,92,92,92,92,92,92,92,92,92,92,92,92,92,92,92,92,1-7807,12,16,1-7807,239,25,0,125,86.17527931928635,0.36056602225642825
250,250,250,250,250,250,250,250,250,250,250,250,250,250,250,250,250,250,250,250,1-9333,15,10,1-9333,102,21,0,32,36.660871505737305,0.3594203088797775
378,378,378,378,378,378,378,378,378,378,378,378,378,378,378,378,378,378,378,378,1-6561,11,12,1-6561,65,15,0,17,23.319837987422943,0.3587667382680453
533,533,533,533,533,533,533,533,533,533,533,533,533,533,533,533,533,533,533,533,1-7530,2,16,1-7530,25,7,0,4,8.957608938217163,0.3583043575286865
526,526,526,526,526,526,526,526,526,526,526,526,526,526,526,526,526,526,526,526,1-5002,8,9,1-5002,45,7,0,18,15.809240221977234,0.35131644937727186
540,540,540,540,540,540,540,540,540,540,540,540,540,540,540,540,540,540,540,540,1-5413,21,2,1-5413,39,12,0,3,13.468206703662872,0.3453386334272531
400,400,400,400,400,400,400,400,400,400,400,400,400,400,400,400,400,400,400,400,1-18709,19,5,1-18709,33,6,0,11,11.383424580097198,0.34495226000294543
437,437,437,437,437,437,437,437,437,437,437,437,437,437,437,437,437,437,437,437,1-6980,13,18,1-6980,128,33,0,22,43.7668491601944,0.3419285090640187
446,446,446,446,446,446,446,446,446,446,446,446,446,446,446,446,446,446,446,446,1-3534,12,16,1-3534,279,62,0,68,95.27935194969177,0.3415030535831246
537,537,537,537,537,537,537,537,537,537,537,537,537,537,537,537,537,537,537,537,1-4494,2,21,1-4494,16,3,0,5,5.447011172771454,0.34043819829821587
375,375,375,375,375,375,375,375,375,375,375,375,375,375,375,375,375,375,375,375,MLG14,19,5,MLG14,232,64,0,30,78.68206703662872,0.3391468406751238
388,388,388,388,388,388,388,388,388,388,388,388,388,388,388,388,388,388,388,388,MLG49,15,10,MLG49,185,29,0,66,61.30054748058319,0.3313543107058551
436,436,436,436,436,436,436,436,436,436,436,436,436,436,436,436,436,436,436,436,1-5161,17,14,1-5161,12,2,0,4,3.957608938217163,0.32980074485143024
189,189,189,189,189,189,189,189,189,189,189,189,189,189,189,189,189,189,189,189,1-9156,5,11,1-9156,268,50,0,78,88.17337429523468,0.3290051279672936
536,536,536,536,536,536,536,536,536,536,536,536,536,536,536,536,536,536,536,536,1-9971,17,14,1-9971,15,0,0,10,4.894022345542908,0.32626815636952716
286,286,286,286,286,286,286,286,286,286,286,286,286,286,286,286,286,286,286,286,1-3587,20,13,1-3587,46,11,0,8,14.915217876434326,0.3242438668790071
240,240,240,240,240,240,240,240,240,240,240,240,240,240,240,240,240,240,240,240,MLG33,19,5,MLG33,20,4,0,5,6.447011172771454,0.3223505586385727
295,295,295,295,295,295,295,295,295,295,295,295,295,295,295,295,295,295,295,295,1-3639,17,14,1-3639,17,4,0,3,5.468206703662872,0.3216592178625219
419,419,419,419,419,419,419,419,419,419,419,419,419,419,419,419,419,419,419,419,1-6692,15,11,1-6692,71,13,0,20,22.788044691085815,0.32095837593078613
95,95,95,95,95,95,95,95,95,95,95,95,95,95,95,95,95,95,95,95,1-3312,10,6,1-3312,36,9,0,5,11.447011172771454,0.3179725325769848
464,464,464,464,464,464,464,464,464,464,464,464,464,464,464,464,464,464,464,464,1-10060,9,1,1-10060,36,0,0,23,11.256251394748688,0.3126736498541302
473,473,473,473,473,473,473,473,473,473,473,473,473,473,473,473,473,473,473,473,1-9452,21,2,1-9452,16,4,0,2,4.9788044691085815,0.31117527931928635
315,315,315,315,315,315,315,315,315,315,315,315,315,315,315,315,315,315,315,315,1-1769,14,4,1-1769,89,7,0,42,27.554893851280212,0.3096055488907889
380,380,380,380,380,380,380,380,380,380,380,380,380,380,380,380,380,380,380,380,1-7004,12,16,1-7004,381,14,0,210,116.77446925640106,0.30649466996430724
218,218,218,218,218,218,218,218,218,218,218,218,218,218,218,218,218,218,218,218,1-9416,12,16,1-9416,13,3,0,2,3.9788044691085815,0.3060618822391217
190,190,190,190,190,190,190,190,190,190,190,190,190,190,190,190,190,190,190,190,1-2382,21,2,1-2382,139,36,0,13,42.36222904920578,0.30476423776407036
377,377,377,377,377,377,377,377,377,377,377,377,377,377,377,377,377,377,377,377,1-7213,18,19,1-7213,23,7,0,0,7.0,0.30434782608695654
302,302,302,302,302,302,302,302,302,302,302,302,302,302,302,302,302,302,302,302,MLG51,6,3,MLG51,248,43,0,66,75.30054748058319,0.3036312398410613
407,407,407,407,407,407,407,407,407,407,407,407,407,407,407,407,407,407,407,407,1-8421,19,5,1-8421,109,25,0,16,32.83043575286865,0.30119665828319864
12,12,12,12,12,12,12,12,12,12,12,12,12,12,12,12,12,12,12,12,MLG84,21,2,MLG84,63,15,0,8,18.915217876434326,0.30024155359419563
5,5,5,5,5,5,5,5,5,5,5,5,5,5,5,5,5,5,5,5,1-5549,7,7,1-5549,35,9,0,3,10.468206703662872,0.2990916201046535
337,337,337,337,337,337,337,337,337,337,337,337,337,337,337,337,337,337,337,337,1-18613,2,21,1-18613,25,6,0,3,7.468206703662872,0.2987282681465149
398,398,398,398,398,398,398,398,398,398,398,398,398,398,398,398,398,398,398,398,1-0303,4,23,1-0303,212,48,0,31,63.171469271183014,0.29797862863765573
538,538,538,538,538,538,538,538,538,538,538,538,538,538,538,538,538,538,538,538,1-9576,14,4,1-9576,10,2,0,2,2.9788044691085815,0.29788044691085813
140,140,140,140,140,140,140,140,140,140,140,140,140,140,140,140,140,140,140,140,1-2294,7,7,1-2294,75,15,0,15,22.34103351831436,0.29788044691085813
342,342,342,342,342,342,342,342,342,342,342,342,342,342,342,342,342,342,342,342,MLG65,18,19,MLG65,201,50,0,19,59.298642456531525,0.2950181216742862
500,500,500,500,500,500,500,500,500,500,500,500,500,500,500,500,500,500,500,500,1-0292,10,6,1-0292,99,15,0,29,29.192664802074432,0.29487540204115587
114,114,114,114,114,114,114,114,114,114,114,114,114,114,114,114,114,114,114,114,1-7496,12,16,1-7496,246,38,0,70,72.25815641880035,0.2937323431658551
316,316,316,316,316,316,316,316,316,316,316,316,316,316,316,316,316,316,316,316,1-7441,11,12,1-7441,111,6,0,54,32.4277206659317,0.2921416276210063
427,427,427,427,427,427,427,427,427,427,427,427,427,427,427,427,427,427,427,427,1-9379,21,2,1-9379,58,13,0,8,16.915217876434326,0.29164168752472974
138,138,138,138,138,138,138,138,138,138,138,138,138,138,138,138,138,138,138,138,1-5515,6,3,1-5515,29,6,0,5,8.447011172771454,0.2912762473369467
338,338,338,338,338,338,338,338,338,338,338,338,338,338,338,338,338,338,338,338,1-6296,10,6,1-6296,254,63,0,22,73.7668491601944,0.2904206659850173
384,384,384,384,384,384,384,384,384,384,384,384,384,384,384,384,384,384,384,384,1-9270,11,12,1-9270,128,26,0,22,36.7668491601944,0.2872410090640187
192,192,192,192,192,192,192,192,192,192,192,192,192,192,192,192,192,192,192,192,1-9770,15,10,1-9770,50,7,0,15,14.341033518314362,0.2868206703662872
327,327,327,327,327,327,327,327,327,327,327,327,327,327,327,327,327,327,327,327,P-16616,20,24,P-16616,28,8,0,0,8.0,0.2857142857142857
516,516,516,516,516,516,516,516,516,516,516,516,516,516,516,516,516,516,516,516,1-5036,4,23,1-5036,14,3,0,2,3.9788044691085815,0.28420031922204153
452,452,452,452,452,452,452,452,452,452,452,452,452,452,452,452,452,452,452,452,1-8529,3,22,1-8529,56,9,0,14,15.85163128376007,0.2830648443528584
333,333,333,333,333,333,333,333,333,333,333,333,333,333,333,333,333,333,333,333,1-11329,21,2,1-11329,14,2,0,4,3.957608938217163,0.28268635272979736
474,474,474,474,474,474,474,474,474,474,474,474,474,474,474,474,474,474,474,474,1-8400,20,13,1-8400,33,1,0,17,9.319837987422943,0.2824193329522104
432,432,432,432,432,432,432,432,432,432,432,432,432,432,432,432,432,432,432,432,1-6914,16,15,1-6914,73,20,0,1,20.48940223455429,0.2806767429390999
318,318,318,318,318,318,318,318,318,318,318,318,318,318,318,318,318,318,318,318,1-2324,21,2,1-2324,25,7,0,0,7.0,0.28
102,102,102,102,102,102,102,102,102,102,102,102,102,102,102,102,102,102,102,102,1-3564,7,7,1-3564,41,7,0,9,11.404620110988617,0.2781614661216736
450,450,450,450,450,450,450,450,450,450,450,450,450,450,450,450,450,450,450,450,1-2297,19,5,1-2297,25,3,0,8,6.915217876434326,0.27660871505737306
363,363,363,363,363,363,363,363,363,363,363,363,363,363,363,363,363,363,363,363,1-10785,11,12,1-10785,279,22,0,112,76.81305027008057,0.27531559236588016
236,236,236,236,236,236,236,236,236,236,236,236,236,236,236,236,236,236,236,236,1-7024,21,2,1-7024,498,86,0,104,136.89783239364624,0.274895245770374
340,340,340,340,340,340,340,340,340,340,340,340,340,340,340,340,340,340,340,340,1-3362,12,16,1-3362,117,16,0,33,32.150273740291595,0.2747886644469367
453,453,453,453,453,453,453,453,453,453,453,453,453,453,453,453,453,453,453,453,1-8397,4,23,1-8397,51,13,0,2,13.978804469108582,0.27409420527663886
99,99,99,99,99,99,99,99,99,99,99,99,99,99,99,99,99,99,99,99,1-5775,15,10,1-5775,244,31,0,73,66.72636312246323,0.2734687013215706
101,101,101,101,101,101,101,101,101,101,101,101,101,101,101,101,101,101,101,101,1-9892,14,4,1-9892,22,4,0,4,5.957608938217163,0.2708004062825983
303,303,303,303,303,303,303,303,303,303,303,303,303,303,303,303,303,303,303,303,1-8157,5,11,1-8157,75,9,0,23,20.256251394748688,0.2700833519299825
356,356,356,356,356,356,356,356,356,356,356,356,356,356,356,356,356,356,356,356,1-9761,12,16,1-9761,35,7,0,5,9.447011172771454,0.26991460493632724
345,345,345,345,345,345,345,345,345,345,345,345,345,345,345,345,345,345,345,345,1-1131,19,5,1-1131,138,25,0,25,37.23505586385727,0.2698192453902701
268,268,268,268,268,268,268,268,268,268,268,268,268,268,268,268,268,268,268,268,MLG44,20,13,MLG44,59,11,0,10,15.894022345542908,0.26939020924649
246,246,246,246,246,246,246,246,246,246,246,246,246,246,246,246,246,246,246,246,MLG56,14,4,MLG56,511,63,0,152,137.3891396522522,0.2688632869907088
24,24,24,24,24,24,24,24,24,24,24,24,24,24,24,24,24,24,24,24,1-7140,19,5,1-7140,397,50,0,115,106.28125697374344,0.2677109747449457
406,406,406,406,406,406,406,406,406,406,406,406,406,406,406,406,406,406,406,406,1-17907,12,16,1-17907,119,15,0,34,31.639675974845886,0.26587963004072174
31,31,31,31,31,31,31,31,31,31,31,31,31,31,31,31,31,31,31,31,1-8938,2,21,1-8938,30,6,0,4,7.957608938217163,0.26525363127390544
548,548,548,548,548,548,548,548,548,548,548,548,548,548,548,548,548,548,548,548,1-3087,6,10,1-3087,26,2,0,10,6.894022345542908,0.26515470559780413
154,154,154,154,154,154,154,154,154,154,154,154,154,154,154,154,154,154,154,154,1-18994,17,14,1-18994,28,1,0,13,7.36222904920578,0.26293675175734926
552,552,552,552,552,552,552,552,552,552,552,552,552,552,552,552,552,552,552,552,MLG46,20,13,MLG46,17,2,0,5,4.447011172771454,0.2615888925159679
367,367,367,367,367,367,367,367,367,367,367,367,367,367,367,367,367,367,367,367,1-8544,18,19,1-8544,54,14,0,0,14.0,0.25925925925925924
259,259,259,259,259,259,259,259,259,259,259,259,259,259,259,259,259,259,259,259,1-3596,17,14,1-3596,223,24,0,69,57.76875418424606,0.2590527093463949
390,390,390,390,390,390,390,390,390,390,390,390,390,390,390,390,390,390,390,390,MLG64,20,13,MLG64,245,53,0,21,63.277446925640106,0.2582752935740413
392,392,392,392,392,392,392,392,392,392,392,392,392,392,392,392,392,392,392,392,1-9609,8,9,1-9609,25,4,0,5,6.447011172771454,0.25788044691085815
39,39,39,39,39,39,39,39,39,39,39,39,39,39,39,39,39,39,39,39,1-7467,11,5,1-7467,64,9,0,15,16.34103351831436,0.2553286487236619
150,150,150,150,150,150,150,150,150,150,150,150,150,150,150,150,150,150,150,150,1-7005,13,18,1-7005,285,13,0,122,72.70707261562347,0.2551125354934157
144,144,144,144,144,144,144,144,144,144,144,144,144,144,144,144,144,144,144,144,1-7744,11,12,1-7744,37,6,0,7,9.425815641880035,0.2547517741048658
339,339,339,339,339,339,339,339,339,339,339,339,339,339,339,339,339,339,339,339,1-3523,7,7,1-3523,543,92,0,93,137.51440781354904,0.25324936982237395
422,422,422,422,422,422,422,422,422,422,422,422,422,422,422,422,422,422,422,422,1-6878,19,6,1-6878,167,32,0,21,42.277446925640106,0.25315836482419224
429,429,429,429,429,429,429,429,429,429,429,429,429,429,429,429,429,429,429,429,1-6693,8,9,1-6693,98,16,0,18,24.809240221977234,0.25315551246915546
300,300,300,300,300,300,300,300,300,300,300,300,300,300,300,300,300,300,300,300,1-4020,14,4,1-4020,37,3,0,13,9.36222904920578,0.25303321754610214
454,454,454,454,454,454,454,454,454,454,454,454,454,454,454,454,454,454,454,454,1-0272,12,16,1-0272,111,7,0,43,28.044296085834503,0.25265131608859914
293,293,293,293,293,293,293,293,293,293,293,293,293,293,293,293,293,293,293,293,1-8066,5,11,1-8066,86,5,0,34,21.639675974845886,0.251624139242394
459,459,459,459,459,459,459,459,459,459,459,459,459,459,459,459,459,459,459,459,1-2545,7,7,1-2545,145,27,0,19,36.298642456531525,0.2503354652174588
563,563,563,563,563,563,563,563,563,563,563,563,563,563,563,563,563,563,563,563,1-21192,12,16,1-21192,4,1,0,0,1.0,0.25
523,523,523,523,523,523,523,523,523,523,523,523,523,523,523,523,523,523,523,523,1-9861,16,15,1-9861,8,2,0,0,2.0,0.25
45,45,45,45,45,45,45,45,45,45,45,45,45,45,45,45,45,45,45,45,1-9444,5,11,1-9444,24,6,0,0,6.0,0.25
265,265,265,265,265,265,265,265,265,265,265,265,265,265,265,265,265,265,265,265,1-11330,3,22,1-11330,14,3,0,1,3.4894022345542908,0.24924301675387792
391,391,391,391,391,391,391,391,391,391,391,391,391,391,391,391,391,391,391,391,MLG30,1,24,MLG30,208,42,0,20,51.788044691085815,0.24898098409175873
481,481,481,481,481,481,481,481,481,481,481,481,481,481,481,481,481,481,481,481,1-10038,16,15,1-10038,76,15,0,8,18.915217876434326,0.24888444574255691
451,451,451,451,451,451,451,451,451,451,451,451,451,451,451,451,451,451,451,451,1-4098,2,21,1-4098,16,3,0,2,3.9788044691085815,0.24867527931928635
292,292,292,292,292,292,292,292,292,292,292,292,292,292,292,292,292,292,292,292,1-9997,3,22,1-9997,16,3,0,2,3.9788044691085815,0.24867527931928635
404,404,404,404,404,404,404,404,404,404,404,404,404,404,404,404,404,404,404,404,1-4682,6,3,1-4682,16,3,0,2,3.9788044691085815,0.24867527931928635
509,509,509,509,509,509,509,509,509,509,509,509,509,509,509,509,509,509,509,509,1-18935,21,2,1-18935,30,5,0,5,7.447011172771454,0.24823370575904846
278,278,278,278,278,278,278,278,278,278,278,278,278,278,278,278,278,278,278,278,1-10762,6,3,1-10762,6,1,0,1,1.4894022345542908,0.24823370575904846
465,465,465,465,465,465,465,465,465,465,465,465,465,465,465,465,465,465,465,465,1-5913,2,21,1-5913,14,2,0,3,3.4682067036628723,0.24772905026163375
527,527,527,527,527,527,527,527,527,527,527,527,527,527,527,527,527,527,527,527,1-5531,19,18,1-5531,8,1,0,2,1.9788044691085815,0.2473505586385727
336,336,336,336,336,336,336,336,336,336,336,336,336,336,336,336,336,336,336,336,1-1827,20,13,1-1827,24,3,0,6,5.936413407325745,0.2473505586385727
352,352,352,352,352,352,352,352,352,352,352,352,352,352,352,352,352,352,352,352,MLG63,20,13,MLG63,380,65,0,58,93.38532960414886,0.24575086737933913
440,440,440,440,440,440,440,440,440,440,440,440,440,440,440,440,440,440,440,440,MLG52,8,9,MLG52,125,16,0,30,30.682067036628723,0.2454565362930298
561,561,561,561,561,561,561,561,561,561,561,561,561,561,561,561,561,561,561,561,1-9455,1,24,1-9455,2,0,0,1,0.48940223455429077,0.24470111727714539
531,531,531,531,531,531,531,531,531,531,531,531,531,531,531,531,531,531,531,531,1-5891,16,15,1-5891,96,23,0,1,23.48940223455429,0.2446812732766072
139,139,139,139,139,139,139,139,139,139,139,139,139,139,139,139,139,139,139,139,1-7863,11,12,1-7863,351,29,0,116,85.77065920829773,0.24436085244529268
403,403,403,403,403,403,403,403,403,403,403,403,403,403,403,403,403,403,403,403,1-1770,15,10,1-1770,35,8,0,1,8.48940223455429,0.242554349558694
267,267,267,267,267,267,267,267,267,267,267,267,267,267,267,267,267,267,267,267,1-6181,10,6,1-6181,659,125,0,71,159.74755865335464,0.24240904196260188
106,106,106,106,106,106,106,106,106,106,106,106,106,106,106,106,106,106,106,106,MLG69,17,14,MLG69,576,57,0,168,139.21957540512085,0.24170065174500147
294,294,294,294,294,294,294,294,294,294,294,294,294,294,294,294,294,294,294,294,1-3509,10,6,1-3509,35,6,0,5,8.447011172771454,0.2413431763648987
105,105,105,105,105,105,105,105,105,105,105,105,105,105,105,105,105,105,105,105,1-1258,11,12,1-1258,435,43,0,126,104.66468155384064,0.24060846334216238
547,547,547,547,547,547,547,547,547,547,547,547,547,547,547,547,547,547,547,547,MLG67,15,10,MLG67,27,6,0,1,6.489402234554291,0.24034823090941818
67,67,67,67,67,67,67,67,67,67,67,67,67,67,67,67,67,67,67,67,1-7481,5,11,1-7481,33,4,0,8,7.915217876434326,0.23985508716467654
370,370,370,370,370,370,370,370,370,370,370,370,370,370,370,370,370,370,370,370,MLG62,17,14,MLG62,525,67,0,120,125.72826814651489,0.23948241551717123
505,505,505,505,505,505,505,505,505,505,505,505,505,505,505,505,505,505,505,505,1-4747,21,2,1-4747,25,5,0,2,5.9788044691085815,0.23915217876434325
193,193,193,193,193,193,193,193,193,193,193,193,193,193,193,193,193,193,193,193,1-9553,11,12,1-9553,23,4,0,3,5.468206703662872,0.23774811755055966
1,1,1,1,1,1,1,1,1,1,1,1,1,1,1,1,1,1,1,1,1-9185,14,4,1-9185,31,1,0,13,7.36222904920578,0.23749125965179935
109,109,109,109,109,109,109,109,109,109,109,109,109,109,109,109,109,109,109,109,1-9768,15,10,1-9768,241,20,0,76,57.1945698261261,0.23732186649844855
176,176,176,176,176,176,176,176,176,176,176,176,176,176,176,176,176,176,176,176,1-8042,7,7,1-8042,52,3,0,19,12.298642456531525,0.23651235493329856
428,428,428,428,428,428,428,428,428,428,428,428,428,428,428,428,428,428,428,428,1-2701,5,11,1-2701,61,10,0,9,14.404620110988617,0.23614131329489535
30,30,30,30,30,30,30,30,30,30,30,30,30,30,30,30,30,30,30,30,1-8418,7,7,1-8418,46,1,0,20,10.788044691085815,0.2345227106757786
311,311,311,311,311,311,311,311,311,311,311,311,311,311,311,311,311,311,311,311,1-20578,7,7,1-20578,19,2,0,5,4.447011172771454,0.2340532196195502
410,410,410,410,410,410,410,410,410,410,410,410,410,410,410,410,410,410,410,410,MLG12,20,13,MLG12,146,8,0,53,33.93831843137741,0.23245423583135214
330,330,330,330,330,330,330,330,330,330,330,330,330,330,330,330,330,330,330,330,1-4531,13,18,1-4531,94,14,0,16,21.830435752868652,0.23223867822200694
283,283,283,283,283,283,283,283,283,283,283,283,283,283,283,283,283,283,283,283,1-3535,15,10,1-3535,315,52,0,43,73.0442960858345,0.23188665424074445
433,433,433,433,433,433,433,433,433,433,433,433,433,433,433,433,433,433,433,433,1-5654,14,4,1-5654,15,1,0,5,3.447011172771454,0.22980074485143026
478,478,478,478,478,478,478,478,478,478,478,478,478,478,478,478,478,478,478,478,1-9394,15,10,1-9394,117,20,0,14,26.85163128376007,0.2295011220834194
386,386,386,386,386,386,386,386,386,386,386,386,386,386,386,386,386,386,386,386,MLG68,16,15,MLG68,642,134,0,26,146.72445809841156,0.22854276962369402
298,298,298,298,298,298,298,298,298,298,298,298,298,298,298,298,298,298,298,298,1-7019,2,21,1-7019,107,2,0,45,24.023100554943085,0.224514958457412
534,534,534,534,534,534,534,534,534,534,534,534,534,534,534,534,534,534,534,534,1-9457,14,4,1-9457,11,1,0,3,2.4682067036628723,0.22438242760571567
65,65,65,65,65,65,65,65,65,65,65,65,65,65,65,65,65,65,65,65,1-8659,4,23,1-8659,91,15,0,11,20.3834245800972,0.22399367670436482
217,217,217,217,217,217,217,217,217,217,217,217,217,217,217,217,217,217,217,217,1-9630,2,21,1-9630,33,2,0,11,7.3834245800971985,0.2237401387908242
285,285,285,285,285,285,285,285,285,285,285,285,285,285,285,285,285,285,285,285,1-18615,6,3,1-18615,22,1,0,8,4.915217876434326,0.22341899438337845
151,151,151,151,151,151,151,151,151,151,151,151,151,151,151,151,151,151,151,151,1-9870,5,11,1-9870,27,6,0,0,6.0,0.2222222222222222
87,87,87,87,87,87,87,87,87,87,87,87,87,87,87,87,87,87,87,87,MLG35,19,5,MLG35,49,5,0,12,10.87282681465149,0.22189442478880592
461,461,461,461,461,461,461,461,461,461,461,461,461,461,461,461,461,461,461,461,1-9651,19,5,1-9651,38,5,0,7,8.425815641880035,0.2217319905757904
482,482,482,482,482,482,482,482,482,482,482,482,482,482,482,482,482,482,482,482,1-4390,19,22,1-4390,45,8,0,4,9.957608938217163,0.22128019862704806
475,475,475,475,475,475,475,475,475,475,475,475,475,475,475,475,475,475,475,475,1-18234,16,15,1-18234,43,9,0,1,9.48940223455429,0.22068377289661142
346,346,346,346,346,346,346,346,346,346,346,346,346,346,346,346,346,346,346,346,MLG32,4,23,MLG32,52,10,0,3,11.468206703662872,0.22054243660890138
558,558,558,558,558,558,558,558,558,558,558,558,558,558,558,558,558,558,558,558,1-0055,6,3,1-0055,18,2,0,4,3.957608938217163,0.21986716323428684
448,448,448,448,448,448,448,448,448,448,448,448,448,448,448,448,448,448,448,448,1-3106,14,4,1-3106,34,6,0,3,7.468206703662872,0.21965313834302566
214,214,214,214,214,214,214,214,214,214,214,214,214,214,214,214,214,214,214,214,1-0053,8,9,1-0053,142,16,0,31,31.171469271183014,0.2195173892336832
322,322,322,322,322,322,322,322,322,322,322,322,322,322,322,322,322,322,322,322,1-0296,3,10,1-0296,41,7,0,4,8.957608938217163,0.21847826678578447
396,396,396,396,396,396,396,396,396,396,396,396,396,396,396,396,396,396,396,396,1-9963,11,12,1-9963,116,18,0,15,25.34103351831436,0.21845718550271
488,488,488,488,488,488,488,488,488,488,488,488,488,488,488,488,488,488,488,488,1-11350,7,7,1-11350,100,11,0,22,21.766849160194397,0.21766849160194396
33,33,33,33,33,33,33,33,33,33,33,33,33,33,33,33,33,33,33,33,1-7991,5,19,1-7991,46,9,0,2,9.978804469108582,0.21693053193714307
470,470,470,470,470,470,470,470,470,470,470,470,470,470,470,470,470,470,470,470,1-1204,4,23,1-1204,39,6,0,5,8.447011172771454,0.21659003007106292
499,499,499,499,499,499,499,499,499,499,499,499,499,499,499,499,499,499,499,499,1-8627,2,21,1-8627,25,1,0,9,5.404620110988617,0.2161848044395447
245,245,245,245,245,245,245,245,245,245,245,245,245,245,245,245,245,245,245,245,1-6647,4,4,1-6647,62,6,0,15,13.341033518314362,0.21517795997281228
306,306,306,306,306,306,306,306,306,306,306,306,306,306,306,306,306,306,306,306,1-18377,1,24,1-18377,14,3,0,0,3.0,0.21428571428571427
395,395,395,395,395,395,395,395,395,395,395,395,395,395,395,395,395,395,395,395,1-6787,17,4,1-6787,56,10,0,4,11.957608938217163,0.2135287310395922
76,76,76,76,76,76,76,76,76,76,76,76,76,76,76,76,76,76,76,76,1-8541,14,4,1-8541,232,28,0,44,49.533698320388794,0.2135073203465034
264,264,264,264,264,264,264,264,264,264,264,264,264,264,264,264,264,264,264,264,P-0009,7,7,P-0009,7,1,0,1,1.4894022345542908,0.2127717477934701
251,251,251,251,251,251,251,251,251,251,251,251,251,251,251,251,251,251,251,251,1-7268,4,23,1-7268,70,9,0,12,14.87282681465149,0.21246895449502126
434,434,434,434,434,434,434,434,434,434,434,434,434,434,434,434,434,434,434,434,MLG59,21,2,MLG59,71,14,0,2,14.978804469108582,0.21096907702969833
331,331,331,331,331,331,331,331,331,331,331,331,331,331,331,331,331,331,331,331,MLG75,2,21,MLG75,185,16,0,47,39.001905024051666,0.21082110823811712
512,512,512,512,512,512,512,512,512,512,512,512,512,512,512,512,512,512,512,512,1-3033,17,14,1-3033,7,0,0,3,1.4682067036628723,0.20974381480898177
258,258,258,258,258,258,258,258,258,258,258,258,258,258,258,258,258,258,258,258,1-9516,12,16,1-9516,76,9,0,14,15.85163128376007,0.2085740958389483
40,40,40,40,40,40,40,40,40,40,40,40,40,40,40,40,40,40,40,40,1-7722,9,1,1-7722,60,11,0,3,12.468206703662872,0.20780344506104786
383,383,383,383,383,383,383,383,383,383,383,383,383,383,383,383,383,383,383,383,1-8551,12,16,1-8551,38,3,0,10,7.894022345542908,0.207737430145866
288,288,288,288,288,288,288,288,288,288,288,288,288,288,288,288,288,288,288,288,1-8590,3,22,1-8590,24,4,0,2,4.9788044691085815,0.20745018621285757
449,449,449,449,449,449,449,449,449,449,449,449,449,449,449,449,449,449,449,449,1-1935,4,23,1-1935,12,2,0,1,2.4894022345542908,0.20745018621285757
423,423,423,423,423,423,423,423,423,423,423,423,423,423,423,423,423,423,423,423,1-7122,16,15,1-7122,197,38,0,5,40.447011172771454,0.20531477752675864
14,14,14,14,14,14,14,14,14,14,14,14,14,14,14,14,14,14,14,14,1-6098,8,9,1-6098,1327,114,0,323,272.0769217610359,0.20503159137983112
73,73,73,73,73,73,73,73,73,73,73,73,73,73,73,73,73,73,73,73,1-5355,11,4,1-5355,53,4,0,14,10.85163128376007,0.20474776007094472
117,117,117,117,117,117,117,117,117,117,117,117,117,117,117,117,117,117,117,117,1-0358,6,11,1-0358,22,3,0,3,4.468206703662872,0.20310030471194873
394,394,394,394,394,394,394,394,394,394,394,394,394,394,394,394,394,394,394,394,1-2423,10,6,1-2423,79,13,0,6,15.936413407325745,0.20172675199146511
321,321,321,321,321,321,321,321,321,321,321,321,321,321,321,321,321,321,321,321,1-5172,11,12,1-5172,120,3,0,43,24.044296085834503,0.20036913404862086
360,360,360,360,360,360,360,360,360,360,360,360,360,360,360,360,360,360,360,360,1-6611,12,16,1-6611,89,10,0,16,17.830435752868652,0.20034197475133317
123,123,123,123,123,123,123,123,123,123,123,123,123,123,123,123,123,123,123,123,MLG55,3,22,MLG55,92,14,0,9,18.404620110988617,0.20005021859770236
165,165,165,165,165,165,165,165,165,165,165,165,165,165,165,165,165,165,165,165,1-7721,6,3,1-7721,20,4,0,0,4.0,0.2
46,46,46,46,46,46,46,46,46,46,46,46,46,46,46,46,46,46,46,46,1-8566,1,24,1-8566,5,1,0,0,1.0,0.2
493,493,493,493,493,493,493,493,493,493,493,493,493,493,493,493,493,493,493,493,1-1836,1,24,1-1836,20,4,0,0,4.0,0.2
44,44,44,44,44,44,44,44,44,44,44,44,44,44,44,44,44,44,44,44,1-5214,12,16,1-5214,40,7,0,2,7.9788044691085815,0.19947011172771453
61,61,61,61,61,61,61,61,61,61,61,61,61,61,61,61,61,61,61,61,1-7341,10,6,1-7341,110,16,0,12,21.87282681465149,0.19884388013319534
387,387,387,387,387,387,387,387,387,387,387,387,387,387,387,387,387,387,387,387,1-10539,16,15,1-10539,63,12,0,1,12.48940223455429,0.19824447991356017
167,167,167,167,167,167,167,167,167,167,167,167,167,167,167,167,167,167,167,167,1-4929,1,24,1-4929,10,1,0,2,1.9788044691085815,0.19788044691085815
362,362,362,362,362,362,362,362,362,362,362,362,362,362,362,362,362,362,362,362,1-1462,13,18,1-1462,192,28,0,20,37.788044691085815,0.19681273276607195
354,354,354,354,354,354,354,354,354,354,354,354,354,354,354,354,354,354,354,354,1-9417,4,23,1-9417,76,12,0,6,14.936413407325745,0.19653175535954928
455,455,455,455,455,455,455,455,455,455,455,455,455,455,455,455,455,455,455,455,1-17790,7,7,1-17790,5,0,0,2,0.9788044691085815,0.1957608938217163
55,55,55,55,55,55,55,55,55,55,55,55,55,55,55,55,55,55,55,55,1-8095,3,22,1-8095,46,9,0,0,9.0,0.1956521739130435
385,385,385,385,385,385,385,385,385,385,385,385,385,385,385,385,385,385,385,385,1-6974,5,11,1-6974,207,14,0,54,40.4277206659317,0.19530299838614348
136,136,136,136,136,136,136,136,136,136,136,136,136,136,136,136,136,136,136,136,1-9549,15,10,1-9549,18,3,0,1,3.4894022345542908,0.1938556796974606
216,216,216,216,216,216,216,216,216,216,216,216,216,216,216,216,216,216,216,216,1-9887,10,6,1-9887,36,6,0,2,6.9788044691085815,0.1938556796974606
353,353,353,353,353,353,353,353,353,353,353,353,353,353,353,353,353,353,353,353,MLG50,18,19,MLG50,319,53,0,18,61.809240221977234,0.19375937373660576
312,312,312,312,312,312,312,312,312,312,312,312,312,312,312,312,312,312,312,312,1-3108,11,12,1-3108,18,2,0,3,3.4682067036628723,0.1926781502034929
435,435,435,435,435,435,435,435,435,435,435,435,435,435,435,435,435,435,435,435,1-9610,20,13,1-9610,49,6,0,7,9.425815641880035,0.192363584528164
456,456,456,456,456,456,456,456,456,456,456,456,456,456,456,456,456,456,456,456,1-8186,16,15,1-8186,26,5,0,0,5.0,0.19230769230769232
517,517,517,517,517,517,517,517,517,517,517,517,517,517,517,517,517,517,517,517,1-18028,16,15,1-18028,309,50,0,19,59.298642456531525,0.19190499176871043
203,203,203,203,203,203,203,203,203,203,203,203,203,203,203,203,203,203,203,203,1-1250,15,10,1-1250,34,6,0,1,6.489402234554291,0.19086477160453796
266,266,266,266,266,266,266,266,266,266,266,266,266,266,266,266,266,266,266,266,1-2103,14,12,1-2103,26,3,0,4,4.957608938217163,0.19067726685450628
4,4,4,4,4,4,4,4,4,4,4,4,4,4,4,4,4,4,4,4,1-6240,6,3,1-6240,698,66,0,137,133.04810613393784,0.1906133325701115
247,247,247,247,247,247,247,247,247,247,247,247,247,247,247,247,247,247,247,247,1-20467,14,4,1-20467,13,1,0,3,2.4682067036628723,0.18986205412791327
124,124,124,124,124,124,124,124,124,124,124,124,124,124,124,124,124,124,124,124,1-8427,16,15,1-8427,189,30,0,12,35.87282681465149,0.1898033164796375
162,162,162,162,162,162,162,162,162,162,162,162,162,162,162,162,162,162,162,162,1-8067,9,1,1-8067,322,48,0,26,60.72445809841156,0.18858527359755142
282,282,282,282,282,282,282,282,282,282,282,282,282,282,282,282,282,282,282,282,1-1608,14,4,1-1608,307,42,0,32,57.660871505737305,0.1878204283574505
397,397,397,397,397,397,397,397,397,397,397,397,397,397,397,397,397,397,397,397,1-9808,10,6,1-9808,74,9,0,10,13.894022345542908,0.1877570587235528
334,334,334,334,334,334,334,334,334,334,334,334,334,334,334,334,334,334,334,334,1-20641,5,11,1-20641,16,3,0,0,3.0,0.1875
281,281,281,281,281,281,281,281,281,281,281,281,281,281,281,281,281,281,281,281,1-9995,12,4,1-9995,24,4,0,1,4.489402234554291,0.18705842643976212
487,487,487,487,487,487,487,487,487,487,487,487,487,487,487,487,487,487,487,487,1-6900,4,23,1-6900,67,12,0,1,12.48940223455429,0.18640898857543717
147,147,147,147,147,147,147,147,147,147,147,147,147,147,147,147,147,147,147,147,1-17657,8,9,1-17657,8,1,0,1,1.4894022345542908,0.18617527931928635
348,348,348,348,348,348,348,348,348,348,348,348,348,348,348,348,348,348,348,348,1-17758,16,15,1-17758,40,5,0,5,7.447011172771454,0.18617527931928635
430,430,430,430,430,430,430,430,430,430,430,430,430,430,430,430,430,430,430,430,1-3141,11,12,1-3141,136,13,0,25,25.23505586385727,0.18555188135189168
357,357,357,357,357,357,357,357,357,357,357,357,357,357,357,357,357,357,357,357,1-4760,7,7,1-4760,40,3,0,9,7.404620110988617,0.18511550277471542
80,80,80,80,80,80,80,80,80,80,80,80,80,80,80,80,80,80,80,80,1-9115,7,7,1-9115,16,1,0,4,2.957608938217163,0.1848505586385727
515,515,515,515,515,515,515,515,515,515,515,515,515,515,515,515,515,515,515,515,1-6531,2,21,1-6531,27,1,0,8,4.915217876434326,0.18204510653460468
518,518,518,518,518,518,518,518,518,518,518,518,518,518,518,518,518,518,518,518,1-1850,7,7,1-1850,30,3,0,5,5.447011172771454,0.18156703909238178
88,88,88,88,88,88,88,88,88,88,88,88,88,88,88,88,88,88,88,88,1-5626,20,13,1-5626,125,8,0,30,22.682067036628723,0.1814565362930298
29,29,29,29,29,29,29,29,29,29,29,29,29,29,29,29,29,29,29,29,1-18735,8,9,1-18735,27,0,0,10,4.894022345542908,0.18126008687195955
484,484,484,484,484,484,484,484,484,484,484,484,484,484,484,484,484,484,484,484,MLG31,20,23,MLG31,33,5,0,2,5.9788044691085815,0.18117589300329034
408,408,408,408,408,408,408,408,408,408,408,408,408,408,408,408,408,408,408,408,MLG53,15,10,MLG53,91,15,0,3,16.468206703662872,0.18096930443585574
201,201,201,201,201,201,201,201,201,201,201,201,201,201,201,201,201,201,201,201,1-9902,19,5,1-9902,30,0,0,11,5.3834245800971985,0.17944748600323995
244,244,244,244,244,244,244,244,244,244,244,244,244,244,244,244,244,244,244,244,MLG57,6,3,MLG57,629,68,0,91,112.53560334444046,0.17891192900546973
10,10,10,10,10,10,10,10,10,10,10,10,10,10,10,10,10,10,10,10,1-7964,16,15,1-7964,202,34,0,4,35.95760893821716,0.17800796504067903
219,219,219,219,219,219,219,219,219,219,219,219,219,219,219,219,219,219,219,219,1-5653,10,6,1-5653,11,0,0,4,1.957608938217163,0.177964448928833
350,350,350,350,350,350,350,350,350,350,350,350,350,350,350,350,350,350,350,350,1-2282,3,22,1-2282,219,33,0,12,38.87282681465149,0.1775014923043447
56,56,56,56,56,56,56,56,56,56,56,56,56,56,56,56,56,56,56,56,1-5877,3,22,1-5877,79,14,0,0,14.0,0.17721518987341772
441,441,441,441,441,441,441,441,441,441,441,441,441,441,441,441,441,441,441,441,1-19166,1,24,1-19166,45,6,0,4,7.957608938217163,0.1768357541826036
153,153,153,153,153,153,153,153,153,153,153,153,153,153,153,153,153,153,153,153,1-1350,14,4,1-1350,195,10,0,50,34.47011172771454,0.17676980373186943
228,228,228,228,228,228,228,228,228,228,228,228,228,228,228,228,228,228,228,228,1-17835,1,24,1-17835,17,3,0,0,3.0,0.17647058823529413
301,301,301,301,301,301,301,301,301,301,301,301,301,301,301,301,301,301,301,301,1-1177,11,12,1-1177,17,2,0,2,2.9788044691085815,0.1752237923005048
486,486,486,486,486,486,486,486,486,486,486,486,486,486,486,486,486,486,486,486,1-8678,20,7,1-8678,17,2,0,2,2.9788044691085815,0.1752237923005048
314,314,314,314,314,314,314,314,314,314,314,314,314,314,314,314,314,314,314,314,1-3139,13,18,1-3139,93,6,0,21,16.277446925640106,0.17502631102838823
522,522,522,522,522,522,522,522,522,522,522,522,522,522,522,522,522,522,522,522,1-5282,5,11,1-5282,17,1,0,4,2.957608938217163,0.17397699636571548
157,157,157,157,157,157,157,157,157,157,157,157,157,157,157,157,157,157,157,157,1-6061,8,9,1-6061,40,2,0,10,6.894022345542908,0.17235055863857268
197,197,197,197,197,197,197,197,197,197,197,197,197,197,197,197,197,197,197,197,1-8646,8,9,1-8646,20,1,0,5,3.447011172771454,0.17235055863857268
501,501,501,501,501,501,501,501,501,501,501,501,501,501,501,501,501,501,501,501,1-18487,18,19,1-18487,23,2,0,4,3.957608938217163,0.17206995383552884
479,479,479,479,479,479,479,479,479,479,479,479,479,479,479,479,479,479,479,479,1-9286,4,23,1-9286,81,11,0,6,13.936413407325745,0.17205448651019437
131,131,131,131,131,131,131,131,131,131,131,131,131,131,131,131,131,131,131,131,1-9283,16,15,1-9283,235,31,0,19,40.298642456531525,0.17148358492141075
224,224,224,224,224,224,224,224,224,224,224,224,224,224,224,224,224,224,224,224,1-9227,13,18,1-9227,801,68,0,140,136.5163128376007,0.17043235060873996
379,379,379,379,379,379,379,379,379,379,379,379,379,379,379,379,379,379,379,379,1-4640,12,16,1-4640,87,6,0,18,14.809240221977234,0.1702211519767498
291,291,291,291,291,291,291,291,291,291,291,291,291,291,291,291,291,291,291,291,MLG02,10,6,MLG02,320,42,0,24,53.74565362930298,0.1679551675915718
96,96,96,96,96,96,96,96,96,96,96,96,96,96,96,96,96,96,96,96,MLG37,21,2,MLG37,116,18,0,3,19.468206703662872,0.16782936813502475
260,260,260,260,260,260,260,260,260,260,260,260,260,260,260,260,260,260,260,260,1-0129,11,12,1-0129,142,15,0,18,23.809240221977234,0.16767070578857207
498,498,498,498,498,498,498,498,498,498,498,498,498,498,498,498,498,498,498,498,1-19915,11,12,1-19915,62,5,0,11,10.383424580097198,0.16747459000156772
476,476,476,476,476,476,476,476,476,476,476,476,476,476,476,476,476,476,476,476,1-19205,10,6,1-19205,12,2,0,0,2.0,0.16666666666666666
178,178,178,178,178,178,178,178,178,178,178,178,178,178,178,178,178,178,178,178,1-7525,6,3,1-7525,6,1,0,0,1.0,0.16666666666666666
549,549,549,549,549,549,549,549,549,549,549,549,549,549,549,549,549,549,549,549,1-4842,10,6,1-4842,6,1,0,0,1.0,0.16666666666666666
477,477,477,477,477,477,477,477,477,477,477,477,477,477,477,477,477,477,477,477,1-9055,13,18,1-9055,12,2,0,0,2.0,0.16666666666666666
525,525,525,525,525,525,525,525,525,525,525,525,525,525,525,525,525,525,525,525,1-3175,3,22,1-3175,6,1,0,0,1.0,0.16666666666666666
490,490,490,490,490,490,490,490,490,490,490,490,490,490,490,490,490,490,490,490,1-3551,14,4,1-3551,6,1,0,0,1.0,0.16666666666666666
191,191,191,191,191,191,191,191,191,191,191,191,191,191,191,191,191,191,191,191,1-8328,12,16,1-8328,114,10,0,18,18.809240221977234,0.16499333528050206
273,273,273,273,273,273,273,273,273,273,273,273,273,273,273,273,273,273,273,273,1-3589,10,6,1-3589,27,2,0,5,4.447011172771454,0.16470411751005384
130,130,130,130,130,130,130,130,130,130,130,130,130,130,130,130,130,130,130,130,1-1833,18,19,1-1833,124,12,0,17,20.319837987422943,0.1638696611888947
308,308,308,308,308,308,308,308,308,308,308,308,308,308,308,308,308,308,308,308,1-6743,4,23,1-6743,58,8,0,3,9.468206703662872,0.16324494316660124
118,118,118,118,118,118,118,118,118,118,118,118,118,118,118,118,118,118,118,118,1-6543,9,1,1-6543,12,0,0,4,1.957608938217163,0.16313407818476358
320,320,320,320,320,320,320,320,320,320,320,320,320,320,320,320,320,320,320,320,MLG13,13,18,MLG13,140,14,0,18,22.809240221977234,0.16292314444269454
128,128,128,128,128,128,128,128,128,128,128,128,128,128,128,128,128,128,128,128,1-19286,3,22,1-19286,40,6,0,1,6.489402234554291,0.16223505586385728
483,483,483,483,483,483,483,483,483,483,483,483,483,483,483,483,483,483,483,483,1-9491,1,24,1-9491,80,9,0,8,12.915217876434326,0.16144022345542908
420,420,420,420,420,420,420,420,420,420,420,420,420,420,420,420,420,420,420,420,1-8172,3,22,1-8172,40,4,0,5,6.447011172771454,0.16117527931928635
149,149,149,149,149,149,149,149,149,149,149,149,149,149,149,149,149,149,149,149,MLG58,2,21,MLG58,71,4,0,15,11.341033518314362,0.15973286645513185
188,188,188,188,188,188,188,188,188,188,188,188,188,188,188,188,188,188,188,188,1-20167,8,9,1-20167,56,5,0,8,8.915217876434326,0.15920031922204153
225,225,225,225,225,225,225,225,225,225,225,225,225,225,225,225,225,225,225,225,1-9650,19,5,1-9650,25,3,0,2,3.9788044691085815,0.15915217876434326
261,261,261,261,261,261,261,261,261,261,261,261,261,261,261,261,261,261,261,261,1-1942,13,18,1-1942,34,1,0,9,5.404620110988617,0.15895941502907696
310,310,310,310,310,310,310,310,310,310,310,310,310,310,310,310,310,310,310,310,1-4855,18,19,1-4855,22,3,0,1,3.4894022345542908,0.15860919247974048
161,161,161,161,161,161,161,161,161,161,161,161,161,161,161,161,161,161,161,161,MLG41,4,23,MLG41,66,9,0,3,10.468206703662872,0.15860919247974048
361,361,361,361,361,361,361,361,361,361,361,361,361,361,361,361,361,361,361,361,1-0008,10,6,1-0008,230,30,0,13,36.36222904920578,0.15809664804002513
415,415,415,415,415,415,415,415,415,415,415,415,415,415,415,415,415,415,415,415,1-1957,6,3,1-1957,47,3,0,9,7.404620110988617,0.15754510874443867
494,494,494,494,494,494,494,494,494,494,494,494,494,494,494,494,494,494,494,494,1-3265,7,7,1-3265,19,2,0,2,2.9788044691085815,0.1567791825846622
200,200,200,200,200,200,200,200,200,200,200,200,200,200,200,200,200,200,200,200,1-4634,5,11,1-4634,48,7,0,1,7.489402234554291,0.15602921321988106
222,222,222,222,222,222,222,222,222,222,222,222,222,222,222,222,222,222,222,222,1-4149,6,3,1-4149,16,2,0,1,2.4894022345542908,0.15558763965964317
349,349,349,349,349,349,349,349,349,349,349,349,349,349,349,349,349,349,349,349,1-3052,13,18,1-3052,166,16,0,20,25.788044691085815,0.15534966681376997
309,309,309,309,309,309,309,309,309,309,309,309,309,309,309,309,309,309,309,309,1-3516,12,16,1-3516,156,10,0,29,24.192664802074432,0.15508118462868226
180,180,180,180,180,180,180,180,180,180,180,180,180,180,180,180,180,180,180,180,1-0037,9,1,1-0037,35,2,0,7,5.425815641880035,0.1550233040537153
205,205,205,205,205,205,205,205,205,205,205,205,205,205,205,205,205,205,205,205,1-8018,4,23,1-8018,58,7,0,4,8.957608938217163,0.1544415334175373
485,485,485,485,485,485,485,485,485,485,485,485,485,485,485,485,485,485,485,485,1-5980,8,9,1-5980,29,3,0,3,4.468206703662872,0.1540760932297542
125,125,125,125,125,125,125,125,125,125,125,125,125,125,125,125,125,125,125,125,1-8622,7,7,1-8622,54,0,0,17,8.319837987422943,0.1540710738411656
366,366,366,366,366,366,366,366,366,366,366,366,366,366,366,366,366,366,366,366,1-5163,17,14,1-5163,16,0,0,5,2.447011172771454,0.15293819829821587
248,248,248,248,248,248,248,248,248,248,248,248,248,248,248,248,248,248,248,248,1-2400,10,6,1-2400,49,6,0,3,7.468206703662872,0.15241238170740556
170,170,170,170,170,170,170,170,170,170,170,170,170,170,170,170,170,170,170,170,1-5043,11,12,1-5043,123,7,0,24,18.74565362930298,0.15240368804311363
412,412,412,412,412,412,412,412,412,412,412,412,412,412,412,412,412,412,412,412,1-6858,1,24,1-6858,23,3,0,1,3.4894022345542908,0.15171314063279526
344,344,344,344,344,344,344,344,344,344,344,344,344,344,344,344,344,344,344,344,1-6035,5,11,1-6035,23,3,0,1,3.4894022345542908,0.15171314063279526
409,409,409,409,409,409,409,409,409,409,409,409,409,409,409,409,409,409,409,409,1-9645,19,4,1-9645,69,4,0,13,10.36222904920578,0.1501772325971852
347,347,347,347,347,347,347,347,347,347,347,347,347,347,347,347,347,347,347,347,1-8188,4,23,1-8188,140,19,0,4,20.957608938217163,0.14969720670155118
332,332,332,332,332,332,332,332,332,332,332,332,332,332,332,332,332,332,332,332,MLG78,20,13,MLG78,80,6,0,12,11.87282681465149,0.14841033518314362
239,239,239,239,239,239,239,239,239,239,239,239,239,239,239,239,239,239,239,239,1-7042,12,16,1-7042,117,3,0,29,17.192664802074432,0.14694585300918317
184,184,184,184,184,184,184,184,184,184,184,184,184,184,184,184,184,184,184,184,1-8074,5,11,1-8074,145,9,0,25,21.23505586385727,0.14644866113005015
445,445,445,445,445,445,445,445,445,445,445,445,445,445,445,445,445,445,445,445,1-6538,17,14,1-6538,44,3,0,7,6.425815641880035,0.14604126458818262
94,94,94,94,94,94,94,94,94,94,94,94,94,94,94,94,94,94,94,94,1-3083,7,7,1-3083,78,5,0,13,11.36222904920578,0.1456696031949459
234,234,234,234,234,234,234,234,234,234,234,234,234,234,234,234,234,234,234,234,MLG29,2,21,MLG29,164,6,0,36,23.618480443954468,0.14401512465825894
155,155,155,155,155,155,155,155,155,155,155,155,155,155,155,155,155,155,155,155,1-9447,9,1,1-9447,7,1,0,0,1.0,0.14285714285714285
226,226,226,226,226,226,226,226,226,226,226,226,226,226,226,226,226,226,226,226,1-9996,3,22,1-9996,28,4,0,0,4.0,0.14285714285714285
241,241,241,241,241,241,241,241,241,241,241,241,241,241,241,241,241,241,241,241,1-19448,6,3,1-19448,45,2,0,9,6.404620110988617,0.1423248913553026
290,290,290,290,290,290,290,290,290,290,290,290,290,290,290,290,290,290,290,290,1-8341,1,24,1-8341,197,24,0,8,27.915217876434326,0.14170161358596103
174,174,174,174,174,174,174,174,174,174,174,174,174,174,174,174,174,174,174,174,MLG38,4,23,MLG38,77,6,0,10,10.894022345542908,0.14148080968237542
263,263,263,263,263,263,263,263,263,263,263,263,263,263,263,263,263,263,263,263,1-6927,9,1,1-6927,179,15,0,21,25.277446925640106,0.1412147872940788
426,426,426,426,426,426,426,426,426,426,426,426,426,426,426,426,426,426,426,426,1-4355,7,7,1-4355,49,3,0,8,6.915217876434326,0.14112689543743523
22,22,22,22,22,22,22,22,22,22,22,22,22,22,22,22,22,22,22,22,1-7995,6,3,1-7995,14,0,0,4,1.957608938217163,0.13982920987265451
83,83,83,83,83,83,83,83,83,83,83,83,83,83,83,83,83,83,83,83,1-18423,5,11,1-18423,47,6,0,1,6.489402234554291,0.13807238796924023
104,104,104,104,104,104,104,104,104,104,104,104,104,104,104,104,104,104,104,104,1-8267,12,16,1-8267,133,7,0,23,18.256251394748688,0.13726504808081721
414,414,414,414,414,414,414,414,414,414,414,414,414,414,414,414,414,414,414,414,1-8285,14,4,1-8285,72,4,0,12,9.87282681465149,0.13712259464793736
402,402,402,402,402,402,402,402,402,402,402,402,402,402,402,402,402,402,402,402,1-5744,1,24,1-5744,18,1,0,3,2.4682067036628723,0.13712259464793736
442,442,442,442,442,442,442,442,442,442,442,442,442,442,442,442,442,442,442,442,MLG11,7,7,MLG11,87,6,0,12,11.87282681465149,0.13646927373162632
524,524,524,524,524,524,524,524,524,524,524,524,524,524,524,524,524,524,524,524,1-9338,2,21,1-9338,29,2,0,4,3.957608938217163,0.13646927373162632
413,413,413,413,413,413,413,413,413,413,413,413,413,413,413,413,413,413,413,413,1-8314,21,2,1-8314,36,0,0,10,4.894022345542908,0.13594506515396965
469,469,469,469,469,469,469,469,469,469,469,469,469,469,469,469,469,469,469,469,1-8578,13,18,1-8578,11,1,0,1,1.4894022345542908,0.13540020314129916
206,206,206,206,206,206,206,206,206,206,206,206,206,206,206,206,206,206,206,206,1-9752,5,18,1-9752,22,2,0,2,2.9788044691085815,0.13540020314129916
133,133,133,133,133,133,133,133,133,133,133,133,133,133,133,133,133,133,133,133,1-8576,7,7,1-8576,55,1,0,13,7.36222904920578,0.13385870998555963
543,543,543,543,543,543,543,543,543,543,543,543,543,543,543,543,543,543,543,543,1-5803,4,23,1-5803,15,2,0,0,2.0,0.13333333333333333
164,164,164,164,164,164,164,164,164,164,164,164,164,164,164,164,164,164,164,164,1-9740,13,18,1-9740,34,4,0,1,4.489402234554291,0.13204124219277324
257,257,257,257,257,257,257,257,257,257,257,257,257,257,257,257,257,257,257,257,1-9504,10,6,1-9504,30,2,0,4,3.957608938217163,0.1319202979405721
271,271,271,271,271,271,271,271,271,271,271,271,271,271,271,271,271,271,271,271,1-7897,3,22,1-7897,95,9,0,7,12.425815641880035,0.1307980593882109
351,351,351,351,351,351,351,351,351,351,351,351,351,351,351,351,351,351,351,351,1-19229,9,1,1-19229,38,3,0,4,4.957608938217163,0.130463393110978
299,299,299,299,299,299,299,299,299,299,299,299,299,299,299,299,299,299,299,299,MLG54,18,19,MLG54,595,48,0,60,77.36413407325745,0.1300237547449705
126,126,126,126,126,126,126,126,126,126,126,126,126,126,126,126,126,126,126,126,1-8488,2,4,1-8488,23,2,0,2,2.9788044691085815,0.12951323778732962
328,328,328,328,328,328,328,328,328,328,328,328,328,328,328,328,328,328,328,328,1-9497,8,9,1-9497,150,10,0,19,19.298642456531525,0.12865761637687684
358,358,358,358,358,358,358,358,358,358,358,358,358,358,358,358,358,358,358,358,1-9831,9,1,1-9831,132,10,0,14,16.85163128376007,0.12766387336181872
183,183,183,183,183,183,183,183,183,183,183,183,183,183,183,183,183,183,183,183,1-9496,8,9,1-9496,39,0,0,10,4.894022345542908,0.12548775244981814
243,243,243,243,243,243,243,243,243,243,243,243,243,243,243,243,243,243,243,243,1-1015,18,19,1-1015,155,17,0,5,19.447011172771454,0.12546458821142872
86,86,86,86,86,86,86,86,86,86,86,86,86,86,86,86,86,86,86,86,1-9345,17,14,1-9345,47,1,0,10,5.894022345542908,0.12540473075623207
376,376,376,376,376,376,376,376,376,376,376,376,376,376,376,376,376,376,376,376,1-7874,13,18,1-7874,258,19,0,27,32.21386033296585,0.12485992377118547
198,198,198,198,198,198,198,198,198,198,198,198,198,198,198,198,198,198,198,198,1-9839,1,24,1-9839,20,2,0,1,2.4894022345542908,0.12447011172771454
98,98,98,98,98,98,98,98,98,98,98,98,98,98,98,98,98,98,98,98,1-8127,19,5,1-8127,32,3,0,2,3.9788044691085815,0.12433763965964317
137,137,137,137,137,137,137,137,137,137,137,137,137,137,137,137,137,137,137,137,1-1972,5,11,1-1972,32,3,0,2,3.9788044691085815,0.12433763965964317
520,520,520,520,520,520,520,520,520,520,520,520,520,520,520,520,520,520,520,520,1-2034,2,21,1-2034,16,1,0,2,1.9788044691085815,0.12367527931928635
466,466,466,466,466,466,466,466,466,466,466,466,466,466,466,466,466,466,466,466,1-5981,6,3,1-5981,28,1,0,5,3.447011172771454,0.12310754188469478
324,324,324,324,324,324,324,324,324,324,324,324,324,324,324,324,324,324,324,324,1-6734,2,21,1-6734,44,1,0,9,5.404620110988617,0.12283227524974129
508,508,508,508,508,508,508,508,508,508,508,508,508,508,508,508,508,508,508,508,1-8532,21,2,1-8532,4,0,0,1,0.48940223455429077,0.12235055863857269
238,238,238,238,238,238,238,238,238,238,238,238,238,238,238,238,238,238,238,238,1-9855,9,1,1-9855,8,0,0,2,0.9788044691085815,0.12235055863857269
204,204,204,204,204,204,204,204,204,204,204,204,204,204,204,204,204,204,204,204,1-9733,7,7,1-9733,4,0,0,1,0.48940223455429077,0.12235055863857269
175,175,175,175,175,175,175,175,175,175,175,175,175,175,175,175,175,175,175,175,1-4910,1,24,1-4910,4,0,0,1,0.48940223455429077,0.12235055863857269
519,519,519,519,519,519,519,519,519,519,519,519,519,519,519,519,519,519,519,519,1-4926,10,24,1-4926,4,0,0,1,0.48940223455429077,0.12235055863857269
425,425,425,425,425,425,425,425,425,425,425,425,425,425,425,425,425,425,425,425,1-6006,3,22,1-6006,57,5,0,4,6.957608938217163,0.12206331470556427
152,152,152,152,152,152,152,152,152,152,152,152,152,152,152,152,152,152,152,152,1-9500,3,22,1-9500,33,4,0,0,4.0,0.12121212121212122
335,335,335,335,335,335,335,335,335,335,335,335,335,335,335,335,335,335,335,335,1-8910,3,22,1-8910,137,15,0,3,16.468206703662872,0.12020588834790417
513,513,513,513,513,513,513,513,513,513,513,513,513,513,513,513,513,513,513,513,1-8094,5,11,1-8094,58,4,0,6,6.936413407325745,0.11959333460906456
560,560,560,560,560,560,560,560,560,560,560,560,560,560,560,560,560,560,560,560,1-0027,2,21,1-0027,29,1,0,5,3.447011172771454,0.11886245423349841
381,381,381,381,381,381,381,381,381,381,381,381,381,381,381,381,381,381,381,381,1-2335,2,21,1-2335,145,4,0,27,17.21386033296585,0.11871627815838517
148,148,148,148,148,148,148,148,148,148,148,148,148,148,148,148,148,148,148,148,1-0001,3,22,1-0001,17,2,0,0,2.0,0.11764705882352941
562,562,562,562,562,562,562,562,562,562,562,562,562,562,562,562,562,562,562,562,1-0003,4,23,1-0003,17,2,0,0,2.0,0.11764705882352941
210,210,210,210,210,210,210,210,210,210,210,210,210,210,210,210,210,210,210,210,1-7842,3,22,1-7842,21,1,0,3,2.4682067036628723,0.11753365255537487
471,471,471,471,471,471,471,471,471,471,471,471,471,471,471,471,471,471,471,471,1-9794,2,21,1-9794,46,1,0,9,5.404620110988617,0.1174917415432308
51,51,51,51,51,51,51,51,51,51,51,51,51,51,51,51,51,51,51,51,1-9925,2,21,1-9925,93,5,0,12,10.87282681465149,0.11691211628657515
359,359,359,359,359,359,359,359,359,359,359,359,359,359,359,359,359,359,359,359,1-4417,10,6,1-4417,151,16,0,3,17.468206703662872,0.11568348810372762
231,231,231,231,231,231,231,231,231,231,231,231,231,231,231,231,231,231,231,231,1-8450,18,19,1-8450,52,5,0,2,5.9788044691085815,0.11497700902131888
374,374,374,374,374,374,374,374,374,374,374,374,374,374,374,374,374,374,374,374,1-6919,8,9,1-6919,43,1,0,8,4.915217876434326,0.11430739247521689
326,326,326,326,326,326,326,326,326,326,326,326,326,326,326,326,326,326,326,326,1-8826,13,18,1-8826,123,14,0,0,14.0,0.11382113821138211
172,172,172,172,172,172,172,172,172,172,172,172,172,172,172,172,172,172,172,172,1-8573,1,24,1-8573,184,10,0,22,20.766849160194397,0.11286331065323042
529,529,529,529,529,529,529,529,529,529,529,529,529,529,529,529,529,529,529,529,1-6217,11,12,1-6217,44,3,0,4,4.957608938217163,0.11267293041402643
458,458,458,458,458,458,458,458,458,458,458,458,458,458,458,458,458,458,458,458,1-7182,1,24,1-7182,22,1,0,3,2.4682067036628723,0.11219121380285783
134,134,134,134,134,134,134,134,134,134,134,134,134,134,134,134,134,134,134,134,1-9465,2,21,1-9465,18,2,0,0,2.0,0.1111111111111111
480,480,480,480,480,480,480,480,480,480,480,480,480,480,480,480,480,480,480,480,1-1005,8,9,1-1005,125,5,0,18,13.809240221977234,0.11047392177581787
510,510,510,510,510,510,510,510,510,510,510,510,510,510,510,510,510,510,510,510,1-3206,7,7,1-3206,45,3,0,4,4.957608938217163,0.11016908751593696
145,145,145,145,145,145,145,145,145,145,145,145,145,145,145,145,145,145,145,145,MLG06,2,21,MLG06,18,1,0,2,1.9788044691085815,0.10993358161714342
53,53,53,53,53,53,53,53,53,53,53,53,53,53,53,53,53,53,53,53,1-9850,5,11,1-9850,27,1,0,4,2.957608938217163,0.10954107178582086
296,296,296,296,296,296,296,296,296,296,296,296,296,296,296,296,296,296,296,296,1-9404,9,1,1-9404,100,6,0,10,10.894022345542908,0.10894022345542907
393,393,393,393,393,393,393,393,393,393,393,393,393,393,393,393,393,393,393,393,1-7819,4,23,1-7819,59,3,0,7,6.425815641880035,0.10891212952339042
168,168,168,168,168,168,168,168,168,168,168,168,168,168,168,168,168,168,168,168,1-9655,12,16,1-9655,27,0,0,6,2.9364134073257446,0.10875605212317573
68,68,68,68,68,68,68,68,68,68,68,68,68,68,68,68,68,68,68,68,1-7845,2,21,1-7845,36,0,0,8,3.915217876434326,0.10875605212317573
417,417,417,417,417,417,417,417,417,417,417,417,417,417,417,417,417,417,417,417,1-10451,21,2,1-10451,46,3,0,4,4.957608938217163,0.10777410735254703
103,103,103,103,103,103,103,103,103,103,103,103,103,103,103,103,103,103,103,103,1-8820,9,1,1-8820,83,6,0,6,8.936413407325745,0.10766763141356318
2,2,2,2,2,2,2,2,2,2,2,2,2,2,2,2,2,2,2,2,MLG17,15,10,MLG17,153,14,0,5,16.447011172771454,0.10749680505079381
304,304,304,304,304,304,304,304,304,304,304,304,304,304,304,304,304,304,304,304,1-19004,10,6,1-19004,60,3,0,7,6.425815641880035,0.10709692736466726
122,122,122,122,122,122,122,122,122,122,122,122,122,122,122,122,122,122,122,122,MLG42,6,3,MLG42,14,0,0,3,1.4682067036628723,0.10487190740449089
514,514,514,514,514,514,514,514,514,514,514,514,514,514,514,514,514,514,514,514,1-11206,2,21,1-11206,14,0,0,3,1.4682067036628723,0.10487190740449089
227,227,227,227,227,227,227,227,227,227,227,227,227,227,227,227,227,227,227,227,1-3068,12,16,1-3068,180,9,0,20,18.788044691085815,0.10437802606158786
329,329,329,329,329,329,329,329,329,329,329,329,329,329,329,329,329,329,329,329,1-1317,9,1,1-1317,414,26,0,35,43.12907820940018,0.10417651741401009
223,223,223,223,223,223,223,223,223,223,223,223,223,223,223,223,223,223,223,223,1-0205,2,21,1-0205,34,1,0,5,3.447011172771454,0.10138268155210159
355,355,355,355,355,355,355,355,355,355,355,355,355,355,355,355,355,355,355,355,1-9498,11,12,1-9498,64,4,0,5,6.447011172771454,0.10073454957455397
274,274,274,274,274,274,274,274,274,274,274,274,274,274,274,274,274,274,274,274,1-0033,2,19,1-0033,10,1,0,0,1.0,0.1
156,156,156,156,156,156,156,156,156,156,156,156,156,156,156,156,156,156,156,156,1-8634,10,6,1-8634,10,1,0,0,1.0,0.1
8,8,8,8,8,8,8,8,8,8,8,8,8,8,8,8,8,8,8,8,1-8181,19,19,1-8181,30,3,0,0,3.0,0.1
72,72,72,72,72,72,72,72,72,72,72,72,72,72,72,72,72,72,72,72,1-9614,4,23,1-9614,30,2,0,2,2.9788044691085815,0.09929348230361938
90,90,90,90,90,90,90,90,90,90,90,90,90,90,90,90,90,90,90,90,1-19222,6,3,1-19222,15,0,0,3,1.4682067036628723,0.09788044691085815
535,535,535,535,535,535,535,535,535,535,535,535,535,535,535,535,535,535,535,535,1-5990,16,15,1-5990,5,0,0,1,0.48940223455429077,0.09788044691085815
207,207,207,207,207,207,207,207,207,207,207,207,207,207,207,207,207,207,207,207,1-7058,11,12,1-7058,80,7,0,1,7.489402234554291,0.09361752793192864
129,129,129,129,129,129,129,129,129,129,129,129,129,129,129,129,129,129,129,129,1-2573,18,19,1-2573,37,1,0,5,3.447011172771454,0.0931624641289582
457,457,457,457,457,457,457,457,457,457,457,457,457,457,457,457,457,457,457,457,1-8503,15,10,1-8503,16,1,0,1,1.4894022345542908,0.09308763965964317
71,71,71,71,71,71,71,71,71,71,71,71,71,71,71,71,71,71,71,71,1-6532,10,6,1-6532,27,2,0,1,2.4894022345542908,0.09220008276127002
37,37,37,37,37,37,37,37,37,37,37,37,37,37,37,37,37,37,37,37,1-5508,3,22,1-5508,38,3,0,1,3.4894022345542908,0.09182637459353397
343,343,343,343,343,343,343,343,343,343,343,343,343,343,343,343,343,343,343,343,1-4319,9,1,1-4319,163,9,0,12,14.87282681465149,0.09124433628620546
47,47,47,47,47,47,47,47,47,47,47,47,47,47,47,47,47,47,47,47,1-19547,3,22,1-19547,66,4,0,4,5.957608938217163,0.09026680209419945
368,368,368,368,368,368,368,368,368,368,368,368,368,368,368,368,368,368,368,368,1-5197,9,1,1-5197,72,4,0,5,6.447011172771454,0.08954182184404796
42,42,42,42,42,42,42,42,42,42,42,42,42,42,42,42,42,42,42,42,1-1207,17,14,1-1207,66,1,0,10,5.894022345542908,0.08930336887186224
108,108,108,108,108,108,108,108,108,108,108,108,108,108,108,108,108,108,108,108,1-9731,6,3,1-9731,11,0,0,2,0.9788044691085815,0.0889822244644165
447,447,447,447,447,447,447,447,447,447,447,447,447,447,447,447,447,447,447,447,1-7152,12,16,1-7152,109,6,0,7,9.425815641880035,0.08647537286128473
253,253,253,253,253,253,253,253,253,253,253,253,253,253,253,253,253,253,253,253,1-4649,18,19,1-4649,244,12,0,18,20.809240221977234,0.08528377140154604
132,132,132,132,132,132,132,132,132,132,132,132,132,132,132,132,132,132,132,132,1-9110,2,21,1-9110,29,1,0,3,2.4682067036628723,0.0851105759883749
208,208,208,208,208,208,208,208,208,208,208,208,208,208,208,208,208,208,208,208,1-10468,9,1,1-10468,549,20,0,53,45.93831843137741,0.08367635415551442
34,34,34,34,34,34,34,34,34,34,34,34,34,34,34,34,34,34,34,34,1-6642,2,21,1-6642,36,3,0,0,3.0,0.08333333333333333
255,255,255,255,255,255,255,255,255,255,255,255,255,255,255,255,255,255,255,255,1-9946,6,1,1-9946,12,1,0,0,1.0,0.08333333333333333
431,431,431,431,431,431,431,431,431,431,431,431,431,431,431,431,431,431,431,431,1-7614,3,22,1-7614,72,6,0,0,6.0,0.08333333333333333
269,269,269,269,269,269,269,269,269,269,269,269,269,269,269,269,269,269,269,269,1-7839,6,3,1-7839,24,1,0,2,1.9788044691085815,0.08245018621285756
57,57,57,57,57,57,57,57,57,57,57,57,57,57,57,57,57,57,57,57,1-1224,9,1,1-1224,151,6,0,13,12.36222904920578,0.08186906655103166
507,507,507,507,507,507,507,507,507,507,507,507,507,507,507,507,507,507,507,507,1-6909,20,13,1-6909,36,0,0,6,2.9364134073257446,0.08156703909238179
58,58,58,58,58,58,58,58,58,58,58,58,58,58,58,58,58,58,58,58,1-17733,9,1,1-17733,74,4,0,4,5.957608938217163,0.08050822889482653
424,424,424,424,424,424,424,424,424,424,424,424,424,424,424,424,424,424,424,424,1-4700,6,16,1-4700,31,1,0,3,2.4682067036628723,0.07961957108589911
371,371,371,371,371,371,371,371,371,371,371,371,371,371,371,371,371,371,371,371,1-1580,7,7,1-1580,400,18,0,28,31.70326256752014,0.07925815641880035
462,462,462,462,462,462,462,462,462,462,462,462,462,462,462,462,462,462,462,462,1-1183,15,10,1-1183,45,3,0,1,3.4894022345542908,0.07754227187898424
97,97,97,97,97,97,97,97,97,97,97,97,97,97,97,97,97,97,97,97,1-9237,11,22,1-9237,38,0,0,6,2.9364134073257446,0.07727403703488801
443,443,443,443,443,443,443,443,443,443,443,443,443,443,443,443,443,443,443,443,1-3447,18,19,1-3447,110,2,0,13,8.36222904920578,0.07602026408368891
179,179,179,179,179,179,179,179,179,179,179,179,179,179,179,179,179,179,179,179,1-4052,2,21,1-4052,13,0,0,2,0.9788044691085815,0.07529265146989089
160,160,160,160,160,160,160,160,160,160,160,160,160,160,160,160,160,160,160,160,1-19813,2,21,1-19813,20,1,0,1,1.4894022345542908,0.07447011172771453
43,43,43,43,43,43,43,43,43,43,43,43,43,43,43,43,43,43,43,43,1-8705,4,23,1-8705,48,2,0,3,3.4682067036628723,0.07225430632630984
173,173,173,173,173,173,173,173,173,173,173,173,173,173,173,173,173,173,173,173,1-9588,1,24,1-9588,14,1,0,0,1.0,0.07142857142857142
54,54,54,54,54,54,54,54,54,54,54,54,54,54,54,54,54,54,54,54,1-8125,17,14,1-8125,21,1,0,1,1.4894022345542908,0.0709239159311567
489,489,489,489,489,489,489,489,489,489,489,489,489,489,489,489,489,489,489,489,1-9578,7,7,1-9578,42,0,0,6,2.9364134073257446,0.06991460493632726
237,237,237,237,237,237,237,237,237,237,237,237,237,237,237,237,237,237,237,237,1-9667,4,23,1-9667,14,0,0,2,0.9788044691085815,0.06991460493632726
62,62,62,62,62,62,62,62,62,62,62,62,62,62,62,62,62,62,62,62,1-9818,8,9,1-9818,28,0,0,4,1.957608938217163,0.06991460493632726
279,279,279,279,279,279,279,279,279,279,279,279,279,279,279,279,279,279,279,279,MLG43,3,22,MLG43,14,0,0,2,0.9788044691085815,0.06991460493632726
70,70,70,70,70,70,70,70,70,70,70,70,70,70,70,70,70,70,70,70,1-2584,6,3,1-2584,36,2,0,1,2.4894022345542908,0.06915006207095252
521,521,521,521,521,521,521,521,521,521,521,521,521,521,521,521,521,521,521,521,1-19549,15,13,1-19549,29,1,0,2,1.9788044691085815,0.06823463686581316
467,467,467,467,467,467,467,467,467,467,467,467,467,467,467,467,467,467,467,467,1-13247,4,23,1-13247,29,1,0,2,1.9788044691085815,0.06823463686581316
202,202,202,202,202,202,202,202,202,202,202,202,202,202,202,202,202,202,202,202,1-8988,2,21,1-8988,29,0,0,4,1.957608938217163,0.06750375649024701
472,472,472,472,472,472,472,472,472,472,472,472,472,472,472,472,472,472,472,472,1-9518,7,7,1-9518,22,0,0,3,1.4682067036628723,0.06673666834831238
532,532,532,532,532,532,532,532,532,532,532,532,532,532,532,532,532,532,532,532,1-19447,2,21,1-19447,15,0,0,2,0.9788044691085815,0.06525363127390543
64,64,64,64,64,64,64,64,64,64,64,64,64,64,64,64,64,64,64,64,1-9674,9,1,1-9674,144,4,0,11,9.383424580097198,0.06516267069511944
79,79,79,79,79,79,79,79,79,79,79,79,79,79,79,79,79,79,79,79,1-9739,6,3,1-9739,31,2,0,0,2.0,0.06451612903225806
199,199,199,199,199,199,199,199,199,199,199,199,199,199,199,199,199,199,199,199,MLG39,2,21,MLG39,23,0,0,3,1.4682067036628723,0.0638350740722988
209,209,209,209,209,209,209,209,209,209,209,209,209,209,209,209,209,209,209,209,1-9938,9,1,1-9938,55,1,0,5,3.447011172771454,0.06267293041402644
169,169,169,169,169,169,169,169,169,169,169,169,169,169,169,169,169,169,169,169,1-9606,1,15,1-9606,16,1,0,0,1.0,0.0625
289,289,289,289,289,289,289,289,289,289,289,289,289,289,289,289,289,289,289,289,1-1592,12,16,1-1592,32,1,0,2,1.9788044691085815,0.06183763965964317
230,230,230,230,230,230,230,230,230,230,230,230,230,230,230,230,230,230,230,230,1-3089,8,9,1-3089,16,0,0,2,0.9788044691085815,0.061175279319286346
186,186,186,186,186,186,186,186,186,186,186,186,186,186,186,186,186,186,186,186,72-11994,9,1,72-11994,8,0,0,1,0.48940223455429077,0.061175279319286346
221,221,221,221,221,221,221,221,221,221,221,221,221,221,221,221,221,221,221,221,1-8023,6,3,1-8023,16,0,0,2,0.9788044691085815,0.061175279319286346
554,554,554,554,554,554,554,554,554,554,554,554,554,554,554,554,554,554,554,554,1-10444,10,6,1-10444,8,0,0,1,0.48940223455429077,0.061175279319286346
127,127,127,127,127,127,127,127,127,127,127,127,127,127,127,127,127,127,127,127,1-9643,6,3,1-9643,8,0,0,1,0.48940223455429077,0.061175279319286346
504,504,504,504,504,504,504,504,504,504,504,504,504,504,504,504,504,504,504,504,1-5425,9,1,1-5425,17,1,0,0,1.0,0.058823529411764705
319,319,319,319,319,319,319,319,319,319,319,319,319,319,319,319,319,319,319,319,1-3584,8,9,1-3584,26,0,0,3,1.4682067036628723,0.05646948860241817
13,13,13,13,13,13,13,13,13,13,13,13,13,13,13,13,13,13,13,13,1-9805,11,12,1-9805,26,0,0,3,1.4682067036628723,0.05646948860241817
276,276,276,276,276,276,276,276,276,276,276,276,276,276,276,276,276,276,276,276,1-9495,9,1,1-9495,18,1,0,0,1.0,0.05555555555555555
495,495,495,495,495,495,495,495,495,495,495,495,495,495,495,495,495,495,495,495,MLG08,20,13,MLG08,107,3,0,6,5.936413407325745,0.05548049913388546
74,74,74,74,74,74,74,74,74,74,74,74,74,74,74,74,74,74,74,74,1-8124,2,21,1-8124,18,0,0,2,0.9788044691085815,0.05437802606158786
256,256,256,256,256,256,256,256,256,256,256,256,256,256,256,256,256,256,256,256,1-9277,13,18,1-9277,48,2,0,1,2.4894022345542908,0.05186254655321439
25,25,25,25,25,25,25,25,25,25,25,25,25,25,25,25,25,25,25,25,1-9607,2,21,1-9607,19,0,0,2,0.9788044691085815,0.05151602468992535
143,143,143,143,143,143,143,143,143,143,143,143,143,143,143,143,143,143,143,143,1-8928,16,15,1-8928,39,2,0,0,2.0,0.05128205128205128
41,41,41,41,41,41,41,41,41,41,41,41,41,41,41,41,41,41,41,41,1-7509,2,21,1-7509,40,2,0,0,2.0,0.05
528,528,528,528,528,528,528,528,528,528,528,528,528,528,528,528,528,528,528,528,1-6718,3,22,1-6718,20,1,0,0,1.0,0.05
52,52,52,52,52,52,52,52,52,52,52,52,52,52,52,52,52,52,52,52,72-12387,3,22,72-12387,71,3,0,1,3.4894022345542908,0.04914651034583508
78,78,78,78,78,78,78,78,78,78,78,78,78,78,78,78,78,78,78,78,1-4088,8,9,1-4088,30,0,0,3,1.4682067036628723,0.048940223455429074
220,220,220,220,220,220,220,220,220,220,220,220,220,220,220,220,220,220,220,220,MLG73,8,9,MLG73,10,0,0,1,0.48940223455429077,0.048940223455429074
84,84,84,84,84,84,84,84,84,84,84,84,84,84,84,84,84,84,84,84,1-18714,7,7,1-18714,32,1,0,1,1.4894022345542908,0.04654381982982159
11,11,11,11,11,11,11,11,11,11,11,11,11,11,11,11,11,11,11,11,1-9722,1,24,1-9722,22,0,0,2,0.9788044691085815,0.04449111223220825
50,50,50,50,50,50,50,50,50,50,50,50,50,50,50,50,50,50,50,50,1-8174,3,22,1-8174,45,2,0,0,2.0,0.044444444444444446
365,365,365,365,365,365,365,365,365,365,365,365,365,365,365,365,365,365,365,365,MLG48,4,23,MLG48,159,3,0,8,6.915217876434326,0.04349193632977564
121,121,121,121,121,121,121,121,121,121,121,121,121,121,121,121,121,121,121,121,1-7070,16,15,1-7070,129,4,0,3,5.468206703662872,0.04238919925320056
89,89,89,89,89,89,89,89,89,89,89,89,89,89,89,89,89,89,89,89,1-18004,8,9,1-18004,12,0,0,1,0.48940223455429077,0.040783519546190895
59,59,59,59,59,59,59,59,59,59,59,59,59,59,59,59,59,59,59,59,1-9331,10,6,1-9331,25,1,0,0,1.0,0.04
497,497,497,497,497,497,497,497,497,497,497,497,497,497,497,497,497,497,497,497,1-8493,9,1,1-8493,38,1,0,1,1.4894022345542908,0.03919479564616555
401,401,401,401,401,401,401,401,401,401,401,401,401,401,401,401,401,401,401,401,1-7204,18,19,1-7204,26,0,0,2,0.9788044691085815,0.037646325734945446
69,69,69,69,69,69,69,69,69,69,69,69,69,69,69,69,69,69,69,69,1-18498,7,7,1-18498,13,0,0,1,0.48940223455429077,0.037646325734945446
77,77,77,77,77,77,77,77,77,77,77,77,77,77,77,77,77,77,77,77,1-2153,9,1,1-2153,13,0,0,1,0.48940223455429077,0.037646325734945446
21,21,21,21,21,21,21,21,21,21,21,21,21,21,21,21,21,21,21,21,1-3519,16,15,1-3519,27,1,0,0,1.0,0.037037037037037035
6,6,6,6,6,6,6,6,6,6,6,6,6,6,6,6,6,6,6,6,1-8021,2,21,1-8021,58,2,0,0,2.0,0.034482758620689655
372,372,372,372,372,372,372,372,372,372,372,372,372,372,372,372,372,372,372,372,1-6916,12,24,1-6916,43,0,0,3,1.4682067036628723,0.03414434194564819
418,418,418,418,418,418,418,418,418,418,418,418,418,418,418,418,418,418,418,418,1-6216,3,18,1-6216,45,1,0,1,1.4894022345542908,0.033097827434539796
405,405,405,405,405,405,405,405,405,405,405,405,405,405,405,405,405,405,405,405,1-3104,18,19,1-3104,16,0,0,1,0.48940223455429077,0.030587639659643173
0,0,0,0,0,0,0,0,0,0,0,0,0,0,0,0,0,0,0,0,72-0103,10,6,72-0103,71,1,0,2,1.9788044691085815,0.02787048548040256
171,171,171,171,171,171,171,171,171,171,171,171,171,171,171,171,171,171,171,171,1-8100,2,16,1-8100,19,0,0,1,0.48940223455429077,0.025758012344962673
36,36,36,36,36,36,36,36,36,36,36,36,36,36,36,36,36,36,36,36,1-2714,9,1,1-2714,61,0,0,3,1.4682067036628723,0.024068962355129054
27,27,27,27,27,27,27,27,27,27,27,27,27,27,27,27,27,27,27,27,1-18409,6,3,1-18409,22,0,0,1,0.48940223455429077,0.022245556116104126
196,196,196,196,196,196,196,196,196,196,196,196,196,196,196,196,196,196,196,196,1-9646,8,9,1-9646,105,2,0,0,2.0,0.01904761904761905
421,421,421,421,421,421,421,421,421,421,421,421,421,421,421,421,421,421,421,421,1-8398,1,24,1-8398,54,1,0,0,1.0,0.018518518518518517
542,542,542,542,542,542,542,542,542,542,542,542,542,542,542,542,542,542,542,542,1-1191,12,16,1-1191,53,0,0,2,0.9788044691085815,0.018468008851105312
111,111,111,111,111,111,111,111,111,111,111,111,111,111,111,111,111,111,111,111,1-19897,2,21,1-19897,53,0,0,2,0.9788044691085815,0.018468008851105312
182,182,182,182,182,182,182,182,182,182,182,182,182,182,182,182,182,182,182,182,1-7752,5,4,1-7752,29,0,0,1,0.48940223455429077,0.016875939122561752
233,233,233,233,233,233,233,233,233,233,233,233,233,233,233,233,233,233,233,233,MLG07,13,18,MLG07,90,0,0,3,1.4682067036628723,0.016313407818476358
491,491,491,491,491,491,491,491,491,491,491,491,491,491,491,491,491,491,491,491,MLG09,17,24,MLG09,125,2,0,0,2.0,0.016
369,369,369,369,369,369,369,369,369,369,369,369,369,369,369,369,369,369,369,369,1-6594,3,22,1-6594,70,1,0,0,1.0,0.014285714285714285
38,38,38,38,38,38,38,38,38,38,38,38,38,38,38,38,38,38,38,38,1-2104,2,21,1-2104,36,0,0,1,0.48940223455429077,0.013594506515396966
468,468,468,468,468,468,468,468,468,468,468,468,468,468,468,468,468,468,468,468,1-6228,18,19,1-6228,48,0,0,1,0.48940223455429077,0.010195879886547724
7,7,7,7,7,7,7,7,7,7,7,7,7,7,7,7,7,7,7,7,1-8767,9,1,1-8767,48,0,0,1,0.48940223455429077,0.010195879886547724
506,506,506,506,506,506,506,506,506,506,506,506,506,506,506,506,506,506,506,506,1-6227,2,21,1-6227,52,0,0,1,0.48940223455429077,0.009411581433736362
16,16,16,16,16,16,16,16,16,16,16,16,16,16,16,16,16,16,16,16,1-9955,8,9,1-9955,60,0,0,1,0.48940223455429077,0.008156703909238179
48,48,48,48,48,48,48,48,48,48,48,48,48,48,48,48,48,48,48,48,1-0405,8,24,1-0405,64,0,0,1,0.48940223455429077,0.007646909914910793
195,195,195,195,195,195,195,195,195,195,195,195,195,195,195,195,195,195,195,195,1-2670,3,21,1-2670,104,0,0,1,0.48940223455429077,0.004705790716868181
66,66,66,66,66,66,66,66,66,66,66,66,66,66,66,66,66,66,66,66,1-7536,12,16,1-7536,17,0,0,0,0.0,0.0
110,110,110,110,110,110,110,110,110,110,110,110,110,110,110,110,110,110,110,110,72-18936,7,7,72-18936,20,0,0,0,0.0,0.0
113,113,113,113,113,113,113,113,113,113,113,113,113,113,113,113,113,113,113,113,1-4499,1,24,1-4499,12,0,0,0,0.0,0.0
112,112,112,112,112,112,112,112,112,112,112,112,112,112,112,112,112,112,112,112,1-10698,13,18,1-10698,6,0,0,0,0.0,0.0
556,556,556,556,556,556,556,556,556,556,556,556,556,556,556,556,556,556,556,556,1-10951,18,19,1-10951,1,0,0,0,0.0,0.0
75,75,75,75,75,75,75,75,75,75,75,75,75,75,75,75,75,75,75,75,1-8401,8,9,1-8401,57,0,0,0,0.0,0.0
215,215,215,215,215,215,215,215,215,215,215,215,215,215,215,215,215,215,215,215,1-19839,8,15,1-19839,13,0,0,0,0.0,0.0
280,280,280,280,280,280,280,280,280,280,280,280,280,280,280,280,280,280,280,280,1-7608,5,6,1-7608,4,0,0,0,0.0,0.0
323,323,323,323,323,323,323,323,323,323,323,323,323,323,323,323,323,323,323,323,1-3647,1,24,1-3647,5,0,0,0,0.0,0.0
553,553,553,553,553,553,553,553,553,553,553,553,553,553,553,553,553,553,553,553,1-5555,9,1,1-5555,10,0,0,0,0.0,0.0
287,287,287,287,287,287,287,287,287,287,287,287,287,287,287,287,287,287,287,287,1-9836,2,21,1-9836,5,0,0,0,0.0,0.0
503,503,503,503,503,503,503,503,503,503,503,503,503,503,503,503,503,503,503,503,1-9076,21,22,1-9076,9,0,0,0,0.0,0.0
213,213,213,213,213,213,213,213,213,213,213,213,213,213,213,213,213,213,213,213,1-18563,2,21,1-18563,8,0,0,0,0.0,0.0
262,262,262,262,262,262,262,262,262,262,262,262,262,262,262,262,262,262,262,262,1-8623,1,24,1-8623,5,0,0,0,0.0,0.0
177,177,177,177,177,177,177,177,177,177,177,177,177,177,177,177,177,177,177,177,1-10948,1,24,1-10948,2,0,0,0,0.0,0.0
107,107,107,107,107,107,107,107,107,107,107,107,107,107,107,107,107,107,107,107,1-6971,10,6,1-6971,10,0,0,0,0.0,0.0
539,539,539,539,539,539,539,539,539,539,539,539,539,539,539,539,539,539,539,539,1-9436,2,21,1-9436,21,0,0,0,0.0,0.0
551,551,551,551,551,551,551,551,551,551,551,551,551,551,551,551,551,551,551,551,1-9838,14,24,1-9838,3,0,0,0,0.0,0.0
438,438,438,438,438,438,438,438,438,438,438,438,438,438,438,438,438,438,438,438,MLG10,1,24,MLG10,60,0,0,0,0.0,0.0
249,249,249,249,249,249,249,249,249,249,249,249,249,249,249,249,249,249,249,249,1-6931,1,24,1-6931,1,0,0,0,0.0,0.0
439,439,439,439,439,439,439,439,439,439,439,439,439,439,439,439,439,439,439,439,MLG72,3,22,MLG72,9,0,0,0,0.0,0.0
545,545,545,545,545,545,545,545,545,545,545,545,545,545,545,545,545,545,545,545,1-19567,11,12,1-19567,2,0,0,0,0.0,0.0
496,496,496,496,496,496,496,496,496,496,496,496,496,496,496,496,496,496,496,496,1-3176,4,23,1-3176,3,0,0,0,0.0,0.0
18,18,18,18,18,18,18,18,18,18,18,18,18,18,18,18,18,18,18,18,1-3521,7,7,1-3521,22,0,0,0,0.0,0.0
15,15,15,15,15,15,15,15,15,15,15,15,15,15,15,15,15,15,15,15,1-8093,2,21,1-8093,4,0,0,0,0.0,0.0
511,511,511,511,511,511,511,511,511,511,511,511,511,511,511,511,511,511,511,511,1-9697,1,24,1-9697,20,0,0,0,0.0,0.0
341,341,341,341,341,341,341,341,341,341,341,341,341,341,341,341,341,341,341,341,1-0031,7,1,1-0031,13,0,0,0,0.0,0.0
235,235,235,235,235,235,235,235,235,235,235,235,235,235,235,235,235,235,235,235,1-8113,5,11,1-8113,9,0,0,0,0.0,0.0
565,565,565,565,565,565,565,565,565,565,565,565,565,565,565,565,565,565,565,565,1-19927,1,24,1-19927,1,0,0,0,0.0,0.0
460,460,460,460,460,460,460,460,460,460,460,460,460,460,460,460,460,460,460,460,1-7993,13,18,1-7993,24,0,0,0,0.0,0.0
212,212,212,212,212,212,212,212,212,212,212,212,212,212,212,212,212,212,212,212,1-10922,1,24,1-10922,1,0,0,0,0.0,0.0
564,564,564,564,564,564,564,564,564,564,564,564,564,564,564,564,564,564,564,564,1-9034,4,1,1-9034,3,0,0,0,0.0,0.0
373,373,373,373,373,373,373,373,373,373,373,373,373,373,373,373,373,373,373,373,1-6918,13,18,1-6918,43,0,0,0,0.0,0.0
146,146,146,146,146,146,146,146,146,146,146,146,146,146,146,146,146,146,146,146,1-7453,1,24,1-7453,13,0,0,0,0.0,0.0
158,158,158,158,158,158,158,158,158,158,158,158,158,158,158,158,158,158,158,158,1-7599,5,11,1-7599,3,0,0,0,0.0,0.0
181,181,181,181,181,181,181,181,181,181,181,181,181,181,181,181,181,181,181,181,1-8641,2,21,1-8641,30,0,0,0,0.0,0.0
187,187,187,187,187,187,187,187,187,187,187,187,187,187,187,187,187,187,187,187,1-7321,6,3,1-7321,7,0,0,0,0.0,0.0
555,555,555,555,555,555,555,555,555,555,555,555,555,555,555,555,555,555,555,555,1-3646,20,13,1-3646,7,0,0,0,0.0,0.0
559,559,559,559,559,559,559,559,559,559,559,559,559,559,559,559,559,559,559,559,1-5914,1,24,1-5914,3,0,0,0,0.0,0.0
307,307,307,307,307,307,307,307,307,307,307,307,307,307,307,307,307,307,307,307,1-5530,10,18,1-5530,7,0,0,0,0.0,0.0
142,142,142,142,142,142,142,142,142,142,142,142,142,142,142,142,142,142,142,142,P-16454,1,24,P-16454,8,0,0,0,0.0,0.0
275,275,275,275,275,275,275,275,275,275,275,275,275,275,275,275,275,275,275,275,1-3216,1,24,1-3216,5,0,0,0,0.0,0.0
115,115,115,115,115,115,115,115,115,115,115,115,115,115,115,115,115,115,115,115,1-3178,1,24,1-3178,6,0,0,0,0.0,0.0
60,60,60,60,60,60,60,60,60,60,60,60,60,60,60,60,60,60,60,60,1-18202,3,22,1-18202,23,0,0,0,0.0,0.0
116,116,116,116,116,116,116,116,116,116,116,116,116,116,116,116,116,116,116,116,1-20047,1,15,1-20047,20,0,0,0,0.0,0.0
100,100,100,100,100,100,100,100,100,100,100,100,100,100,100,100,100,100,100,100,1-19598,2,21,1-19598,11,0,0,0,0.0,0.0
194,194,194,194,194,194,194,194,194,194,194,194,194,194,194,194,194,194,194,194,1-9253,11,12,1-9253,24,0,0,0,0.0,0.0
82,82,82,82,82,82,82,82,82,82,82,82,82,82,82,82,82,82,82,82,1-17645,4,23,1-17645,9,0,0,0,0.0,0.0
185,185,185,185,185,185,185,185,185,185,185,185,185,185,185,185,185,185,185,185,1-8906,3,22,1-8906,15,0,0,0,0.0,0.0
19,19,19,19,19,19,19,19,19,19,19,19,19,19,19,19,19,19,19,19,1-2596,6,3,1-2596,35,0,0,0,0.0,0.0
252,252,252,252,252,252,252,252,252,252,252,252,252,252,252,252,252,252,252,252,1-21195,1,24,1-21195,1,0,0,0,0.0,0.0
544,544,544,544,544,544,544,544,544,544,544,544,544,544,544,544,544,544,544,544,1-5799,16,24,1-5799,7,0,0,0,0.0,0.0
541,541,541,541,541,541,541,541,541,541,541,541,541,541,541,541,541,541,541,541,1-5424,15,1,1-5424,5,0,0,0,0.0,0.0
91,91,91,91,91,91,91,91,91,91,91,91,91,91,91,91,91,91,91,91,72-12171,1,24,72-12171,19,0,0,0,0.0,0.0
163,163,163,163,163,163,163,163,163,163,163,163,163,163,163,163,163,163,163,163,1-9137,1,24,1-9137,111,0,0,0,0.0,0.0
254,254,254,254,254,254,254,254,254,254,254,254,254,254,254,254,254,254,254,254,1-8379,1,24,1-8379,5,0,0,0,0.0,0.0
416,416,416,416,416,416,416,416,416,416,416,416,416,416,416,416,416,416,416,416,1-18203,14,24,1-18203,29,0,0,0,0.0,0.0
546,546,546,546,546,546,546,546,546,546,546,546,546,546,546,546,546,546,546,546,1-7527,3,5,1-7527,1,0,0,0,0.0,0.0
35,35,35,35,35,35,35,35,35,35,35,35,35,35,35,35,35,35,35,35,1-2869,8,9,1-2869,9,0,0,0,0.0,0.0
63,63,63,63,63,63,63,63,63,63,63,63,63,63,63,63,63,63,63,63,1-7066,4,23,1-7066,23,0,0,0,0.0,0.0
3,3,3,3,3,3,3,3,3,3,3,3,3,3,3,3,3,3,3,3,1-8222,8,9,1-8222,12,0,0,0,0.0,0.0
9,9,9,9,9,9,9,9,9,9,9,9,9,9,9,9,9,9,9,9,1-8020,1,24,1-8020,56,0,0,0,0.0,0.0
23,23,23,23,23,23,23,23,23,23,23,23,23,23,23,23,23,23,23,23,1-2025,14,4,1-2025,41,0,0,0,0.0,0.0
211,211,211,211,211,211,211,211,211,211,211,211,211,211,211,211,211,211,211,211,1-5406,1,24,1-5406,10,0,0,0,0.0,0.0
277,277,277,277,277,277,277,277,277,277,277,277,277,277,277,277,277,277,277,277,1-4051,1,24,1-4051,5,0,0,0,0.0,0.0
284,284,284,284,284,284,284,284,284,284,284,284,284,284,284,284,284,284,284,284,1-4136,1,24,1-4136,5,0,0,0,0.0,0.0
17,17,17,17,17,17,17,17,17,17,17,17,17,17,17,17,17,17,17,17,1-18603,1,24,1-18603,19,0,0,0,0.0,0.0
49,49,49,49,49,49,49,49,49,49,49,49,49,49,49,49,49,49,49,49,1-2178,5,11,1-2178,12,0,0,0,0.0,0.0
229,229,229,229,229,229,229,229,229,229,229,229,229,229,229,229,229,229,229,229,1-4361,1,24,1-4361,10,0,0,0,0.0,0.0
242,242,242,242,242,242,242,242,242,242,242,242,242,242,242,242,242,242,242,242,1-20791,9,1,1-20791,13,0,0,0,0.0,0.0
325,325,325,325,325,325,325,325,325,325,325,325,325,325,325,325,325,325,325,325,1-19924,1,24,1-19924,1,0,0,0,0.0,0.0
530,530,530,530,530,530,530,530,530,530,530,530,530,530,530,530,530,530,530,530,1-4847,5,16,1-4847,2,0,0,0,0.0,0.0
313,313,313,313,313,313,313,313,313,313,313,313,313,313,313,313,313,313,313,313,1-7521,4,23,1-7521,10,0,0,0,0.0,0.0
159,159,159,159,159,159,159,159,159,159,159,159,159,159,159,159,159,159,159,159,1-10696,1,24,1-10696,24,0,0,0,0.0,0.0
317,317,317,317,317,317,317,317,317,317,317,317,317,317,317,317,317,317,317,317,1-10978,11,12,1-10978,1,0,0,0,0.0,0.0
297,297,297,297,297,297,297,297,297,297,297,297,297,297,297,297,297,297,297,297,1-8352,1,24,1-8352,1,0,0,0,0.0,0.0
557,557,557,557,557,557,557,557,557,557,557,557,557,557,557,557,557,557,557,557,1-9806,5,1,1-9806,8,0,0,0,0.0,0.0
32,32,32,32,32,32,32,32,32,32,32,32,32,32,32,32,32,32,32,32,1-0022,1,24,1-0022,18,0,0,0,0.0,0.0
119,119,119,119,119,119,119,119,119,119,119,119,119,119,119,119,119,119,119,119,1-5929,2,21,1-5929,4,0,0,0,0.0,0.0
26,26,26,26,26,26,26,26,26,26,26,26,26,26,26,26,26,26,26,26,1-9907,1,24,1-9907,17,0,0,0,0.0,0.0
28,28,28,28,28,28,28,28,28,28,28,28,28,28,28,28,28,28,28,28,1-10071,1,24,1-10071,30,0,0,0,0.0,0.0
81,81,81,81,81,81,81,81,81,81,81,81,81,81,81,81,81,81,81,81,1-7770,9,1,1-7770,11,0,0,0,0.0,0.0
93,93,93,93,93,93,93,93,93,93,93,93,93,93,93,93,93,93,93,93,1-20003,13,18,1-20003,21,0,0,0,0.0,0.0
492,492,492,492,492,492,492,492,492,492,492,492,492,492,492,492,492,492,492,492,1-6028,14,4,1-6028,2,0,0,0,0.0,0.0
135,135,135,135,135,135,135,135,135,135,135,135,135,135,135,135,135,135,135,135,1-9712,3,22,1-9712,10,0,0,0,0.0,0.0
444,444,444,444,444,444,444,444,444,444,444,444,444,444,444,444,444,444,444,444,1-3217,16,19,1-3217,5,0,0,0,0.0,0.0
120,120,120,120,120,120,120,120,120,120,120,120,120,120,120,120,120,120,120,120,1-10232,1,1,1-10232,5,0,0,0,0.0,0.0
20,20,20,20,20,20,20,20,20,20,20,20,20,20,20,20,20,20,20,20,1-5167,1,24,1-5167,24,0,0,0,0.0,0.0
502,502,502,502,502,502,502,502,502,502,502,502,502,502,502,502,502,502,502,502,1-20012,5,11,1-20012,12,0,0,0,0.0,0.0
550,550,550,550,550,550,550,550,550,550,550,550,550,550,550,550,550,550,550,550,1-19568,4,4,1-19568,2,0,0,0,0.0,0.0
