Unnamed: 0.4,Unnamed: 0.3,Unnamed: 0.2,Unnamed: 0.1,Unnamed: 0,exam,slot,Exam Group,Exam Block,size,b2bs,confs,2i3s,score,score_norm
215,215,215,215,215,MLG40,23,MLG40,3,51,0,1,12,1009.0968332998455,19.786212417644027
168,168,168,168,168,MLG45,7,MLG45,5,70,17,1,16,1029.1291110664606,14.70184444380658
32,32,32,32,32,1-7874,23,1-7874,19,258,0,1,38,1028.806638782844,3.9876226309412557
8,8,8,8,8,1-10468,7,1-10468,5,549,61,1,150,1174.7104162480682,2.1397275341494866
85,85,85,85,85,1-1131,13,1-1131,12,138,67,0,25,85.9517360413447,0.622838666966266
267,267,267,267,267,1-5413,17,1-5413,16,39,11,0,14,21.612972183153033,0.5541787739270009
256,256,256,256,256,1-0296,5,1-0296,3,41,5,0,23,22.435597158037126,0.5472096867813934
165,165,165,165,165,MLG59,7,MLG59,5,71,18,0,21,33.91945827472955,0.4777388489398528
22,22,22,22,22,MLG50,16,MLG50,15,319,43,0,144,152.16199959814548,0.47699686394402974
66,66,66,66,66,MLG48,8,MLG48,6,159,12,0,82,74.16169421561062,0.4664257497837146
57,57,57,57,57,MLG75,10,MLG75,9,185,41,0,59,85.7260970575735,0.4633843084193162
71,71,71,71,71,1-4417,19,1-4417,18,151,21,0,64,69.51644426584244,0.46037380308504927
112,112,112,112,112,1-3447,6,1-3447,4,110,34,0,21,49.91945827472955,0.4538132570429959
203,203,203,203,203,1-9938,8,1-9938,6,55,18,0,9,24.822624974884093,0.45132045408880167
206,206,206,206,206,1-8544,9,1-8544,8,54,5,0,25,23.951736041344702,0.4435506674323093
541,541,541,541,541,1-8532,11,1-8532,10,4,1,0,1,1.758069441653788,0.439517360413447
62,62,62,62,62,1-6878,19,1-6878,18,167,8,0,86,73.19397198222578,0.4382872573785975
195,195,195,195,195,1-9379,10,1-9379,9,58,13,0,16,25.12911106646061,0.4332605356286312
101,101,101,101,101,1-18371,11,1-18371,10,120,38,0,18,51.645249949768186,0.43037708291473487
67,67,67,67,67,1-3516,21,1-3516,8,156,0,0,88,66.71011086553335,0.42762891580470097
295,295,295,295,295,1-1942,3,1-1942,1,34,3,0,15,14.371041624806821,0.4226776948472595
34,34,34,34,34,MLG51,17,MLG51,16,248,71,0,44,104.35505543276668,0.4207865138418011
218,218,218,218,218,1-9610,11,1-9610,10,49,10,0,14,20.612972183153033,0.42067290169700067
217,217,217,217,217,1-9770,11,1-9770,10,50,18,0,4,21.032277766615152,0.420645555332303
54,54,54,54,54,1-1350,12,1-1350,11,195,53,0,38,81.80663878284395,0.41952122452740487
296,296,296,296,296,1-0205,3,1-0205,1,34,2,0,16,14.12911106646061,0.41556209019001794
146,146,146,146,146,MLG78,16,MLG78,15,80,17,0,21,32.91945827472955,0.4114932284341194
31,31,31,31,31,1-9156,11,1-9156,10,268,56,0,71,109.82293035741895,0.40978705357245876
124,124,124,124,124,1-0292,19,1-0292,18,99,4,0,48,40.38733319938183,0.40795286059981645
23,23,23,23,23,1-7866,5,1-7866,3,318,28,0,134,129.5813051816076,0.40748838107423774
5,5,5,5,5,MLG57,17,MLG57,16,629,120,0,178,254.93636061437428,0.40530422991156484
89,89,89,89,89,1-9831,7,1-9831,5,132,13,0,53,53.17768040765077,0.40286121520947554
242,242,242,242,242,1-3206,14,1-3206,13,45,8,0,13,17.854902741499245,0.396775616477761
512,512,512,512,512,1-5799,15,1-5799,14,7,2,0,1,2.758069441653788,0.3940099202362554
239,239,239,239,239,1-5002,9,1-5002,7,45,7,0,14,17.612972183153033,0.3913993818478452
70,70,70,70,70,1-1224,17,1-1224,16,151,15,0,58,58.96802761591971,0.39051673917827623
150,150,150,150,150,1-3083,5,1-3083,3,78,6,0,32,30.25822213292122,0.38792592478104126
94,94,94,94,94,1-1005,9,1-1005,7,125,19,0,38,47.80663878284395,0.3824531102627516
9,9,9,9,9,1-3523,5,1-3523,3,543,93,0,150,206.7104162480682,0.3806821662027039
280,280,280,280,280,1-8314,17,1-8314,15,36,0,0,18,13.645249949768186,0.37903472082689404
166,166,166,166,166,MLG58,13,MLG58,12,71,14,0,17,26.887180508114398,0.37869268321287886
345,345,345,345,345,1-3584,18,1-3584,17,26,9,0,1,9.758069441653788,0.3753103631405303
350,350,350,350,350,1-9609,13,1-9609,12,25,4,0,7,9.306486091576517,0.3722594436630607
199,199,199,199,199,1-20167,6,1-20167,4,56,14,0,9,20.822624974884093,0.3718325888372159
441,441,441,441,441,1-9997,9,1-9997,7,16,2,0,5,5.7903472082689404,0.3618967005168088
74,74,74,74,74,1-8074,11,1-8074,10,145,32,0,27,52.46787492465228,0.361847413273464
123,123,123,123,123,1-11350,4,1-11350,2,100,28,0,10,35.58069441653788,0.35580694416537884
386,386,386,386,386,1-4855,12,1-4855,11,22,7,0,1,7.758069441653788,0.3526395200751722
7,7,7,7,7,MLG69,14,MLG69,13,576,103,0,132,203.06516629830003,0.3525436914901042
445,445,445,445,445,1-5654,12,1-5654,19,15,3,0,3,5.274208324961364,0.35161388833075763
376,376,376,376,376,1-18487,16,1-18487,15,23,2,0,8,8.064555533230305,0.35063284927088284
64,64,64,64,64,MLG29,9,MLG29,7,164,29,0,37,57.04856934119016,0.34785713012920827
55,55,55,55,55,1-1462,3,1-1462,1,192,19,0,63,66.75837482418865,0.34769986887598253
326,326,326,326,326,1-0027,9,1-0027,7,29,4,0,8,10.064555533230305,0.34705363907690706
84,84,84,84,84,1-2382,6,1-2382,4,139,25,0,30,47.74208324961364,0.34346822481736433
265,265,265,265,265,1-1204,11,1-1204,10,39,2,0,15,13.371041624806821,0.3428472211488929
163,163,163,163,163,1-6692,13,1-6692,12,71,16,0,11,24.33876385819167,0.34279949096044604
228,228,228,228,228,MLG60,4,MLG60,2,47,13,0,4,16.032277766615152,0.34111229290670536
236,236,236,236,236,1-9794,11,1-9794,10,46,5,0,14,15.612972183153033,0.33941243876419636
93,93,93,93,93,MLG52,13,MLG52,12,125,16,0,34,41.774361016228795,0.33419488812983034
154,154,154,154,154,1-9417,8,1-9417,6,76,14,0,15,25.37104162480682,0.33382949506324766
52,52,52,52,52,1-7122,11,1-7122,10,197,24,0,54,64.93574984930456,0.329623095681749
13,13,13,13,13,1-1258,16,1-1258,15,435,91,0,69,143.30679147411138,0.3294408999404859
45,45,45,45,45,1-3596,6,1-3596,4,223,40,0,44,73.35505543276668,0.3289464369182362
227,227,227,227,227,1-1957,11,1-1957,10,47,7,0,11,15.338763858191669,0.3263566778338653
161,161,161,161,161,1-8285,12,1-8285,11,72,12,0,15,23.37104162480682,0.32459780034453917
38,38,38,38,38,1-4649,14,1-4649,13,244,29,0,66,79.03258314915001,0.3239040292997951
76,76,76,76,76,1-2335,11,1-2335,10,145,11,0,47,46.62926375772804,0.32158112936364164
26,26,26,26,26,1-18558,18,1-18558,17,307,78,0,27,98.46787492465228,0.3207422635982159
238,238,238,238,238,1-4390,3,1-4390,1,45,2,0,16,14.12911106646061,0.3139802459213469
323,323,323,323,323,1-13247,21,1-13247,8,29,0,0,12,9.096833299845457,0.31368390689122266
125,125,125,125,125,1-1390,17,1-1390,16,98,20,0,14,30.612972183153033,0.31237726717503095
78,78,78,78,78,1-1570,15,1-1570,14,142,26,0,24,44.193666599690914,0.31122300422317545
387,387,387,387,387,1-9436,7,1-9436,4,21,5,0,2,6.516138883307576,0.31029232777655125
384,384,384,384,384,1-0358,10,1-0358,9,22,3,0,5,6.7903472082689404,0.3086521458304064
247,247,247,247,247,1-6734,8,1-6734,14,44,6,0,10,13.580694416537881,0.3086521458304064
216,216,216,216,216,1-8397,6,1-8397,4,51,8,0,10,15.580694416537881,0.30550381208897803
43,43,43,43,43,MLG14,4,MLG14,2,232,54,0,22,70.67752771638334,0.3046445160188937
0,0,0,0,0,1-6098,9,1-6098,7,1327,158,0,323,402.85642965417355,0.3035843478931225
404,404,404,404,404,1-20578,18,1-20578,5,19,5,0,1,5.758069441653788,0.30305628640283094
232,232,232,232,232,1-8095,3,1-8095,1,46,1,0,17,13.887180508114398,0.3018952284372695
77,77,77,77,77,1-9674,8,1-9674,6,144,32,0,15,43.37104162480682,0.3011877890611585
48,48,48,48,48,MLG30,19,MLG30,18,208,19,0,57,62.20995817426592,0.2990863373762785
299,299,299,299,299,MLG31,23,MLG31,19,33,0,0,13,9.854902741499245,0.29863341640906804
63,63,63,63,63,1-3052,3,1-3052,1,166,16,0,44,49.355055432766676,0.2973196110407631
143,143,143,143,143,1-9286,12,1-9286,11,81,18,0,8,24.064555533230305,0.29709327818802844
126,126,126,126,126,1-6693,9,1-6693,7,98,10,0,25,28.951736041344702,0.29542587797290515
290,290,290,290,290,1-3509,19,1-3509,18,35,2,0,11,10.338763858191669,0.2953932530911905
182,182,182,182,182,1-6647,10,1-6647,9,62,13,0,7,18.306486091576517,0.295265904702847
233,233,233,233,233,1-3587,14,1-3587,13,46,6,0,10,13.580694416537881,0.2952324873160409
122,122,122,122,122,1-9404,8,1-9404,6,100,18,0,15,29.37104162480682,0.2937104162480682
111,111,111,111,111,1-0272,21,1-0272,8,111,0,0,43,32.59698599111289,0.29366654046047647
80,80,80,80,80,1-0053,9,1-0053,7,142,25,0,22,41.67752771638334,0.2935037163125587
308,308,308,308,308,1-4700,21,1-4700,8,31,0,0,12,9.096833299845457,0.2934462354788857
348,348,348,348,348,1-3087,1,1-3087,20,26,0,0,10,7.580694416537881,0.29156516986684156
27,27,27,27,27,1-1608,12,1-1608,11,307,63,0,34,88.7743610162288,0.2891672997271296
155,155,155,155,155,1-8157,10,1-8157,10,75,5,0,22,21.677527716383338,0.28903370288511115
286,286,286,286,286,1-1770,12,1-1770,11,35,4,0,8,10.064555533230305,0.28755872952086586
142,142,142,142,142,1-8084,9,1-8084,7,82,5,0,24,23.193666599690914,0.2828495926791575
439,439,439,439,439,1-4682,17,1-4682,16,16,3,0,2,4.516138883307576,0.2822586802067235
221,221,221,221,221,1-4355,5,1-4355,3,49,7,0,9,13.822624974884093,0.2820943872425325
300,300,300,300,300,1-18709,9,1-18709,3,33,4,0,7,9.306486091576517,0.2820147300477732
412,412,412,412,412,1-0055,17,1-0055,16,18,2,0,4,5.032277766615152,0.27957098703417516
212,212,212,212,212,MLG32,23,MLG32,19,52,0,0,19,14.403319391421974,0.2769869113734995
329,329,329,329,329,1-5980,6,1-5980,4,29,5,0,4,8.032277766615152,0.2769750954005225
214,214,214,214,214,1-8450,13,1-8450,12,52,9,0,7,14.306486091576517,0.2751247325303176
102,102,102,102,102,1-17907,21,1-17907,8,119,0,0,43,32.59698599111289,0.2739242520261587
33,33,33,33,33,1-6296,19,1-6296,18,254,18,0,68,69.54872203245759,0.2738138662695181
466,466,466,466,466,1-9416,10,1-9416,9,13,2,0,2,3.516138883307576,0.2704722217928905
246,246,246,246,246,1-6538,12,1-6538,11,44,2,0,13,11.854902741499245,0.2694296077613465
81,81,81,81,81,1-7682,12,1-7682,11,141,18,0,26,37.70980548299849,0.2674454289574361
72,72,72,72,72,1-9497,9,1-9497,7,150,12,0,37,40.04856934119016,0.26699046227460105
83,83,83,83,83,MLG13,3,MLG13,1,140,7,0,40,37.322777666151524,0.2665912690439394
11,11,11,11,11,MLG56,14,MLG56,13,511,54,0,108,135.8714996986091,0.2658933457898417
153,153,153,153,153,1-9516,3,1-9516,1,76,2,0,24,20.193666599690914,0.2657061394696173
250,250,250,250,250,1-18234,1,1-18234,20,43,0,0,15,11.371041624806821,0.26444282848387957
147,147,147,147,147,1-2423,13,1-2423,12,79,11,0,13,20.854902741499245,0.2639861106518892
130,130,130,130,130,1-3139,3,1-3139,1,93,4,0,27,24.46787492465228,0.2630954292973363
262,262,262,262,262,1-8172,13,1-8172,10,40,9,0,2,10.516138883307576,0.2629034720826894
3,3,3,3,3,1-6181,19,1-6181,18,659,44,0,170,172.87180508114398,0.26232443866637933
14,14,14,14,14,1-1317,8,1-1317,6,414,60,0,64,108.51644426584244,0.2621170151348851
10,10,10,10,10,MLG62,6,MLG62,4,525,56,0,107,137.11343025695533,0.2611684385846768
358,358,358,358,358,1-8627,12,1-8627,11,25,5,0,2,6.516138883307576,0.26064555533230305
28,28,28,28,28,1-7005,3,1-7005,1,285,3,0,94,74.25852751545608,0.2605562368963371
104,104,104,104,104,1-9394,11,1-9394,10,117,9,0,28,30.225944366306067,0.2583414048402228
91,91,91,91,91,1-9270,15,1-9270,14,128,23,0,13,32.854902741499245,0.25667892766796285
244,244,244,244,244,1-19448,11,1-19448,10,45,7,0,6,11.548416649922729,0.256631481109394
190,190,190,190,190,1-7819,12,1-7819,1,59,6,0,12,15.096833299845457,0.2558785305058552
20,20,20,20,20,1-8067,8,1-8067,6,322,50,0,42,81.8389165494591,0.2541581259299972
127,127,127,127,127,1-5891,18,1-5891,17,96,13,0,15,24.37104162480682,0.2538650169250711
4,4,4,4,4,MLG68,18,MLG68,17,642,105,0,76,162.6132775656879,0.2532917096038752
473,473,473,473,473,1-5161,1,1-5161,20,12,0,0,4,3.0322777666151524,0.25268981388459605
152,152,152,152,152,1-10038,17,1-10038,16,76,4,0,20,19.161388833075762,0.2521235372773127
428,428,428,428,428,1-9606,9,1-9606,7,16,1,0,4,4.032277766615152,0.252017360413447
389,389,389,389,389,1-7842,10,1-7842,20,21,3,0,3,5.274208324961364,0.25115277737911257
454,454,454,454,454,1-5913,11,1-5913,4,14,2,0,2,3.516138883307576,0.25115277737911257
331,331,331,331,331,1-5981,4,1-5981,2,28,4,0,4,7.032277766615152,0.25115277737911257
46,46,46,46,46,1-2282,6,1-2282,4,219,29,0,34,54.774361016228795,0.25011123751702646
545,545,545,545,545,1-4926,18,1-4926,19,4,1,0,0,1.0,0.25
503,503,503,503,503,1-5531,18,1-5531,1,8,2,0,0,2.0,0.25
332,332,332,332,332,P-16616,18,P-16616,17,28,7,0,0,7.0,0.25
65,65,65,65,65,1-4319,7,1-4319,5,163,17,0,31,40.50015269126743,0.24846719442495357
29,29,29,29,29,1-3534,21,1-3534,8,279,0,0,91,68.98431919049472,0.24725562433869075
231,231,231,231,231,1-7991,16,1-7991,15,46,9,0,3,11.274208324961364,0.24509148532524705
157,157,157,157,157,1-17733,8,1-17733,6,74,9,0,12,18.096833299845457,0.24455180134926294
75,75,75,75,75,1-2545,4,1-2545,2,145,18,0,23,35.435597158037126,0.24438342867611812
82,82,82,82,82,1-8188,1,1-8188,20,140,0,0,45,34.113124874420464,0.24366517767443188
12,12,12,12,12,1-7024,10,1-7024,9,498,66,0,73,121.33906924072653,0.24365274947937055
297,297,297,297,297,1-9630,15,1-9630,14,33,5,0,4,8.032277766615152,0.24340235656409553
321,321,321,321,321,1-7752,11,1-7752,10,29,4,0,4,7.032277766615152,0.24249233677983284
151,151,151,151,151,MLG38,6,MLG38,4,77,11,0,10,18.58069441653788,0.24130771969529716
255,255,255,255,255,1-3564,5,1-3564,3,41,3,0,9,9.822624974884093,0.23957621889961203
24,24,24,24,24,1-3535,11,1-3535,10,315,33,0,56,75.45188873261213,0.239529805500356
129,129,129,129,129,1-4531,3,1-4531,1,94,8,0,19,22.403319391421974,0.23833318501512737
403,403,403,403,403,72-12171,18,72-12171,17,19,3,0,2,4.516138883307576,0.23769152017408296
417,417,417,417,417,1-5425,7,1-5425,5,17,1,0,4,4.032277766615152,0.2371928098008913
1,1,1,1,1,1-9227,3,1-9227,1,801,30,0,210,189.1945827472955,0.23619798095792197
59,59,59,59,59,1-8573,7,1-8573,5,184,16,0,36,43.29049989953637,0.23527445597574115
434,434,434,434,434,1-4149,5,1-4149,1,16,3,0,1,3.758069441653788,0.23487934010336176
205,205,205,205,205,1-8398,6,1-8398,4,54,8,0,6,12.548416649922729,0.23237808610968017
219,219,219,219,219,1-2400,21,1-2400,8,49,0,0,15,11.371041624806821,0.2320620739756494
277,277,277,277,277,1-10060,1,1-10060,20,36,0,0,11,8.338763858191669,0.23163232939421302
60,60,60,60,60,1-3068,21,1-3068,8,180,0,0,55,41.693819290958345,0.23163232939421302
53,53,53,53,53,1-8341,3,1-8341,1,197,10,0,47,45.62926375772804,0.23162062821181748
357,357,357,357,357,1-9650,17,1-9650,16,25,2,0,5,5.7903472082689404,0.2316138883307576
174,174,174,174,174,MLG41,23,MLG41,19,66,0,0,20,15.161388833075762,0.22971801262236002
368,368,368,368,368,1-6858,7,1-6858,5,23,3,0,3,5.274208324961364,0.2293134054331028
243,243,243,243,243,1-19166,14,1-19166,13,45,5,0,7,10.306486091576517,0.2290330242572559
311,311,311,311,311,1-8938,6,1-8938,4,30,3,0,5,6.7903472082689404,0.226344906942298
224,224,224,224,224,1-9277,3,1-9277,1,48,1,0,13,10.854902741499245,0.2261438071145676
30,30,30,30,30,1-10785,15,1-10785,14,279,28,0,46,62.87119431607425,0.2253447824948898
21,21,21,21,21,MLG02,19,MLG02,18,320,16,0,74,72.09713868238032,0.22530355838243848
414,414,414,414,414,MLG06,16,MLG06,15,18,1,0,4,4.032277766615152,0.22401543147861958
337,337,337,337,337,1-6532,10,1-6532,9,27,3,0,4,6.032277766615152,0.22341769505982045
137,137,137,137,137,1-6611,21,1-6611,8,89,0,0,26,19.70980548299849,0.22145848857301675
426,426,426,426,426,1-3639,7,1-3639,5,17,3,0,1,3.758069441653788,0.22106290833257577
423,423,423,423,423,MLG46,15,MLG46,14,17,3,0,1,3.758069441653788,0.22106290833257577
438,438,438,438,438,1-5163,11,1-5163,10,16,2,0,2,3.516138883307576,0.2197586802067235
51,51,51,51,51,MLG65,6,MLG65,4,201,24,0,26,43.70980548299849,0.21746171882088802
511,511,511,511,511,1-3033,6,1-3033,4,7,0,0,2,1.5161388833075762,0.21659126904393947
115,115,115,115,115,1-8421,15,1-8421,14,109,19,0,6,23.54841664992273,0.21604051972406174
210,210,210,210,210,1-1191,21,1-1191,10,53,0,0,15,11.371041624806821,0.21454795518503436
450,450,450,450,450,1-11206,15,1-11206,14,14,3,0,0,3.0,0.21428571428571427
406,406,406,406,406,1-3265,5,1-3265,3,19,1,0,4,4.032277766615152,0.2122251456113238
79,79,79,79,79,1-0129,16,1-0129,15,142,14,0,21,29.91945827472955,0.21070041038541937
275,275,275,275,275,1-4020,12,1-4020,11,37,4,0,5,7.7903472082689404,0.21054992454780921
18,18,18,18,18,MLG63,5,MLG63,3,380,35,0,59,79.7260970575735,0.20980551857256183
477,477,477,477,477,1-8222,17,1-8222,16,12,1,0,2,2.516138883307576,0.20967824027563134
324,324,324,324,324,1-5515,12,1-5515,11,29,3,0,4,6.032277766615152,0.20800957815914317
158,158,158,158,158,1-9808,19,1-9808,18,74,4,0,15,15.371041624806821,0.2077167787136057
197,197,197,197,197,1-6006,3,1-6006,1,57,5,0,9,11.822624974884093,0.2074144732435806
144,144,144,144,144,1-7058,18,1-7058,17,80,15,0,2,16.516138883307576,0.2064517360413447
268,268,268,268,268,1-8493,16,1-8493,15,38,4,0,5,7.7903472082689404,0.20500913705970897
17,17,17,17,17,1-7004,21,1-7004,8,381,0,0,102,77.32308304868639,0.20294772453723461
347,347,347,347,347,1-7204,13,1-7204,20,26,3,0,3,5.274208324961364,0.20285416634466785
160,160,160,160,160,1-5197,8,1-5197,6,72,7,0,10,14.580694416537881,0.20250964467413723
283,283,283,283,283,1-6909,6,1-6909,4,36,5,0,3,7.274208324961364,0.2020613423600379
263,263,263,263,263,1-6061,13,1-6061,12,40,2,0,8,8.064555533230305,0.2016138883307576
220,220,220,220,220,MLG35,23,MLG35,19,49,0,0,13,9.854902741499245,0.2011204641122295
141,141,141,141,141,1-8820,7,1-8820,5,83,3,0,18,16.645249949768186,0.200545180117689
493,493,493,493,493,1-0033,6,1-0033,8,10,2,0,0,2.0,0.2
401,401,401,401,401,1-8100,21,1-8100,9,19,0,0,5,3.7903472082689404,0.19949195832994424
270,270,270,270,270,1-9651,1,1-9651,20,38,0,0,10,7.580694416537881,0.19949195832994424
325,325,325,325,325,1-9338,16,1-9338,15,29,5,0,1,5.758069441653788,0.19855411867771683
449,449,449,449,449,MLG43,6,MLG43,4,14,2,0,1,2.758069441653788,0.1970049601181277
176,176,176,176,176,1-6561,15,1-6561,14,65,9,0,5,12.79034720826894,0.19677457243490679
106,106,106,106,106,1-9963,15,1-9963,14,116,16,0,9,22.822624974884093,0.19674676702486288
36,36,36,36,36,MLG64,23,MLG64,19,245,0,0,63,47.75837482418865,0.19493214213954552
316,316,316,316,316,1-8181,9,1-8181,7,30,2,0,5,5.7903472082689404,0.19301157360896468
108,108,108,108,108,1-8328,21,1-8328,8,114,0,0,29,21.984013807959855,0.19284222638561277
136,136,136,136,136,1-1769,7,1-1769,5,89,8,0,12,17.096833299845457,0.1920992505600613
128,128,128,128,128,1-7897,11,1-7897,10,95,6,0,16,18.12911106646061,0.1908327480680064
98,98,98,98,98,1-5043,16,1-5043,15,123,6,0,23,23.435597158037126,0.19053331022794412
433,433,433,433,433,1-20641,21,1-20641,8,16,0,0,4,3.0322777666151524,0.18951736041344702
435,435,435,435,435,1-4494,23,1-4494,12,16,0,0,4,3.0322777666151524,0.18951736041344702
285,285,285,285,285,1-9887,19,1-9887,18,36,0,0,9,6.822624974884093,0.18951736041344702
543,543,543,543,543,1-7608,6,1-7608,4,4,0,0,1,0.7580694416537881,0.18951736041344702
538,538,538,538,538,1-5929,3,1-5929,1,4,0,0,1,0.7580694416537881,0.18951736041344702
468,468,468,468,468,1-9946,1,1-9946,20,12,0,0,3,2.2742083249613643,0.18951736041344702
222,222,222,222,222,1-8705,19,1-8705,18,48,3,0,8,9.064555533230305,0.18884490694229802
133,133,133,133,133,MLG53,16,MLG53,15,91,11,0,8,17.064555533230305,0.1875225882772561
87,87,87,87,87,1-3141,15,1-3141,14,136,8,0,23,25.435597158037126,0.18702644969144946
156,156,156,156,156,1-2294,7,1-2294,5,75,4,0,13,13.854902741499245,0.18473203655332326
294,294,294,294,294,1-3106,6,1-3106,4,34,4,0,3,6.274208324961364,0.18453553896945188
446,446,446,446,446,1-19447,14,1-19447,20,15,2,0,1,2.758069441653788,0.18387129611025255
447,447,447,447,447,1-9971,12,1-9971,11,15,2,0,1,2.758069441653788,0.18387129611025255
319,319,319,319,319,1-18935,4,1-18935,2,30,4,0,2,5.516138883307576,0.18387129611025255
16,16,16,16,16,1-7140,19,1-7140,18,397,15,0,76,72.6132775656879,0.18290498127377303
483,483,483,483,483,1-8578,3,1-8578,1,11,2,0,0,2.0,0.18181818181818182
103,103,103,103,103,1-3362,21,1-3362,8,117,0,0,28,21.225944366306067,0.18141832791714588
132,132,132,132,132,MLG55,1,MLG55,20,92,0,0,22,16.677527716383338,0.18127747517807977
114,114,114,114,114,1-7152,21,1-7152,8,109,0,0,26,19.70980548299849,0.1808239035137476
35,35,35,35,35,1-7496,21,1-7496,8,246,0,0,58,43.96802761591971,0.1787318195769094
425,425,425,425,425,1-0003,12,1-0003,11,17,0,0,4,3.0322777666151524,0.1783692803891266
312,312,312,312,312,1-1850,1,1-1850,20,30,0,0,7,5.306486091576517,0.1768828697192172
422,422,422,422,422,1-7536,10,1-7536,9,17,3,0,0,3.0,0.17647058823529413
424,424,424,424,424,1-1177,11,1-1177,10,17,3,0,0,3.0,0.17647058823529413
105,105,105,105,105,1-7042,4,1-7042,2,117,10,0,14,20.612972183153033,0.1761792494286584
392,392,392,392,392,MLG33,6,MLG33,4,20,2,0,2,3.516138883307576,0.17580694416537881
298,298,298,298,298,1-7481,3,1-7481,1,33,2,0,5,5.7903472082689404,0.17546506691724062
301,301,301,301,301,1-8400,10,1-8400,9,33,5,0,1,5.758069441653788,0.17448695277738752
223,223,223,223,223,1-6228,3,1-6228,1,48,0,0,11,8.338763858191669,0.17372424704565978
245,245,245,245,245,1-1183,11,1-1183,10,45,4,0,5,7.7903472082689404,0.1731188268504209
269,269,269,269,269,1-8551,3,1-8551,1,38,2,0,6,6.5484166499227285,0.17232675394533495
378,378,378,378,378,1-9518,1,1-9518,20,22,0,0,5,3.7903472082689404,0.17228850946677002
385,385,385,385,385,1-18615,1,1-18615,20,22,0,0,5,3.7903472082689404,0.17228850946677002
49,49,49,49,49,1-6974,1,1-6974,20,207,0,0,47,35.62926375772804,0.1721220471387828
201,201,201,201,201,1-8529,11,1-8529,10,56,2,0,10,9.580694416537881,0.17108382886674786
37,37,37,37,37,1-5775,1,1-5775,20,244,0,0,55,41.693819290958345,0.17087630856950142
99,99,99,99,99,1-8826,3,1-8826,1,123,5,0,21,20.91945827472955,0.17007689654251668
193,193,193,193,193,1-8094,5,1-8094,3,58,3,0,9,9.822624974884093,0.16935560301524297
260,260,260,260,260,1-4760,18,1-4760,17,40,6,0,1,6.758069441653788,0.1689517360413447
278,278,278,278,278,1-7845,1,1-7845,20,36,0,0,8,6.064555533230305,0.16845987592306402
496,496,496,496,496,1-9076,1,1-9076,20,9,0,0,2,1.5161388833075762,0.16845987592306402
338,338,338,338,338,1-3589,23,1-3589,1,27,0,0,6,4.5484166499227285,0.16845987592306402
497,497,497,497,497,MLG72,19,MLG72,18,9,0,0,2,1.5161388833075762,0.16845987592306402
40,40,40,40,40,1-7807,21,1-7807,8,239,0,0,53,40.17768040765077,0.1681074494043965
442,442,442,442,442,1-5803,11,1-5803,10,15,1,0,2,2.516138883307576,0.16774259222050508
191,191,191,191,191,MLG44,23,MLG44,19,59,0,0,13,9.854902741499245,0.1670322498559194
291,291,291,291,291,1-0037,15,1-0037,14,35,2,0,5,5.7903472082689404,0.16543849166482688
61,61,61,61,61,1-6927,23,1-6927,19,179,0,0,39,29.564708224497736,0.16516596773462422
148,148,148,148,148,1-0278,16,1-0278,15,79,10,0,4,13.032277766615152,0.1649655413495589
189,189,189,189,189,MLG10,1,MLG10,20,60,0,0,13,9.854902741499245,0.16424837902498743
86,86,86,86,86,1-8910,3,1-8910,1,137,5,0,23,22.435597158037126,0.16376348290538048
371,371,371,371,371,1-6035,15,1-6035,14,23,3,0,1,3.758069441653788,0.1633943235501647
458,458,458,458,458,1-9667,1,1-9667,20,14,0,0,3,2.2742083249613643,0.16244345178295458
292,292,292,292,292,1-9740,6,1-9740,4,34,4,0,2,5.516138883307576,0.16223937892081106
169,169,169,169,169,1-7268,12,1-7268,11,70,3,0,11,11.338763858191669,0.16198234083130955
145,145,145,145,145,1-9491,1,1-9491,20,80,0,0,17,12.887180508114398,0.16108975635142997
39,39,39,39,39,1-9768,1,1-9768,20,241,0,0,51,38.66154152434319,0.16042133412590537
211,211,211,211,211,1-8042,23,1-8042,19,52,0,0,11,8.338763858191669,0.16036084342676288
258,258,258,258,258,1-17758,7,1-17758,5,40,1,0,7,6.306486091576517,0.1576621522894129
440,440,440,440,440,1-2034,10,1-2034,8,16,1,0,2,2.516138883307576,0.1572586802067235
208,208,208,208,208,1-5355,15,1-5355,14,53,3,0,7,8.306486091576517,0.15672615267125503
2,2,2,2,2,1-6240,12,1-6240,11,698,62,0,58,105.96802761591971,0.15181665847552966
97,97,97,97,97,1-1833,6,1-1833,4,124,12,0,9,18.822624974884093,0.15179536270067817
287,287,287,287,287,1-2596,11,1-2596,10,35,0,0,7,5.306486091576517,0.15161388833075762
537,537,537,537,537,1-5990,10,1-5990,9,5,0,0,1,0.7580694416537881,0.15161388833075762
394,394,394,394,394,1-9697,1,1-9697,20,20,0,0,4,3.0322777666151524,0.15161388833075762
492,492,492,492,492,MLG73,1,MLG73,20,10,0,0,2,1.5161388833075762,0.15161388833075762
527,527,527,527,527,1-17790,6,1-17790,4,5,0,0,1,0.7580694416537881,0.15161388833075762
354,354,354,354,354,1-7530,21,1-7530,13,25,0,0,5,3.7903472082689404,0.15161388833075762
261,261,261,261,261,1-5214,21,1-5214,8,40,0,0,8,6.064555533230305,0.15161388833075762
532,532,532,532,532,1-4136,1,1-4136,20,5,0,0,1,0.7580694416537881,0.15161388833075762
535,535,535,535,535,1-8566,1,1-8566,20,5,0,0,1,0.7580694416537881,0.15161388833075762
315,315,315,315,315,1-9614,4,1-9614,2,30,3,0,2,4.516138883307576,0.1505379627769192
15,15,15,15,15,1-1580,4,1-1580,2,400,28,0,42,59.8389165494591,0.14959729137364774
235,235,235,235,235,1-1989,23,1-1989,19,46,0,0,9,6.822624974884093,0.14831793423661072
420,420,420,420,420,1-8678,5,1-8678,3,17,1,0,2,2.516138883307576,0.148008169606328
181,181,181,181,181,MLG84,8,MLG84,6,63,4,0,7,9.306486091576517,0.14772200145359551
281,281,281,281,281,1-3312,23,1-3312,6,36,0,0,7,5.306486091576517,0.14740239143268102
252,252,252,252,252,1-6918,9,1-6918,8,43,4,0,3,6.274208324961364,0.1459118215107294
334,334,334,334,334,1-18994,5,1-18994,3,28,1,0,4,4.032277766615152,0.14400992023625545
289,289,289,289,289,1-5549,7,1-5549,5,35,2,0,4,5.032277766615152,0.14377936476043293
274,274,274,274,274,1-7744,15,1-7744,14,37,0,0,7,5.306486091576517,0.14341854301558152
266,266,266,266,266,1-9496,7,1-9496,5,39,1,0,6,5.5484166499227285,0.14226709358776227
429,429,429,429,429,1-9452,23,1-9452,19,16,0,0,3,2.2742083249613643,0.14213802031008527
432,432,432,432,432,1-3089,10,1-3089,9,16,0,0,3,2.2742083249613643,0.14213802031008527
411,411,411,411,411,1-8124,5,1-8124,3,18,1,0,2,2.516138883307576,0.13978549351708758
44,44,44,44,44,1-0008,19,1-0008,18,230,1,0,41,32.08084710780531,0.1394819439469796
328,328,328,328,328,1-9110,18,1-9110,17,29,4,0,0,4.0,0.13793103448275862
257,257,257,257,257,1-19286,7,1-19286,5,40,4,0,2,5.516138883307576,0.1379034720826894
41,41,41,41,41,1-9283,12,1-9283,11,235,18,0,19,32.403319391421974,0.13788646549541264
88,88,88,88,88,1-8267,21,1-8267,8,133,0,0,24,18.193666599690914,0.13679448571196176
344,344,344,344,344,1-2103,15,1-2103,14,26,2,0,2,3.516138883307576,0.13523611089644524
421,421,421,421,421,1-5282,1,1-5282,20,17,0,0,3,2.2742083249613643,0.13377696029184497
56,56,56,56,56,1-8427,12,1-8427,11,189,13,0,16,25.12911106646061,0.13295825961090268
369,369,369,369,369,MLG39,1,MLG39,20,23,0,0,4,3.0322777666151524,0.13183816376587618
73,73,73,73,73,MLG12,13,MLG12,12,146,12,0,9,18.822624974884093,0.12892208886906914
359,359,359,359,359,1-7839,21,1-7839,8,24,0,0,4,3.0322777666151524,0.12634490694229802
470,470,470,470,470,1-9055,21,1-9055,1,12,0,0,2,1.5161388833075762,0.12634490694229802
407,407,407,407,407,1-9549,21,1-9549,8,18,0,0,3,2.2742083249613643,0.12634490694229802
360,360,360,360,360,1-7993,15,1-7993,14,24,0,0,4,3.0322777666151524,0.12634490694229802
521,521,521,521,521,1-3551,8,1-3551,6,6,0,0,1,0.7580694416537881,0.12634490694229802
518,518,518,518,518,1-4842,10,1-4842,9,6,0,0,1,0.7580694416537881,0.12634490694229802
272,272,272,272,272,1-19229,5,1-19229,3,38,1,0,5,4.7903472082689404,0.12606176863865634
273,273,273,273,273,1-9237,16,1-9237,15,38,1,0,5,4.7903472082689404,0.12606176863865634
451,451,451,451,451,1-11329,11,1-11329,10,14,1,0,1,1.758069441653788,0.12557638868955628
377,377,377,377,377,1-9892,15,1-9892,14,22,2,0,1,2.758069441653788,0.12536679280244492
204,204,204,204,204,1-8576,19,1-8576,18,55,3,0,5,6.7903472082689404,0.12346085833216255
276,276,276,276,276,1-2573,3,1-2573,1,37,0,0,6,4.5484166499227285,0.12293017972764131
264,264,264,264,264,1-8928,14,1-8928,13,39,1,0,5,4.7903472082689404,0.1228294155966395
138,138,138,138,138,1-4640,21,1-4640,8,87,0,0,14,10.612972183153033,0.12198818601325326
234,234,234,234,234,1-10451,13,1-10451,12,46,4,0,2,5.516138883307576,0.11991606268059948
173,173,173,173,173,1-1207,3,1-1207,1,66,1,0,9,7.822624974884093,0.11852462083157717
179,179,179,179,179,1-7467,1,1-7467,20,64,0,0,10,7.580694416537881,0.11844835025840439
47,47,47,47,47,1-0303,1,1-0303,20,212,0,0,33,25.016291574575007,0.1180013753517689
109,109,109,109,109,1-7441,15,1-7441,14,111,10,0,4,13.032277766615152,0.11740790780734371
249,249,249,249,249,1-6916,3,1-6916,1,43,2,0,4,5.032277766615152,0.11702971550267796
90,90,90,90,90,1-7070,12,1-7070,11,129,9,0,8,15.064555533230305,0.11677950025759926
140,140,140,140,140,1-8066,18,1-8066,17,86,7,0,4,10.032277766615152,0.11665439263505992
460,460,460,460,460,1-20791,3,1-20791,1,13,0,0,2,1.5161388833075762,0.11662606794673663
349,349,349,349,349,1-8186,12,1-8186,11,26,0,0,4,3.0322777666151524,0.11662606794673663
467,467,467,467,467,1-0031,14,1-0031,13,13,0,0,2,1.5161388833075762,0.11662606794673663
171,171,171,171,171,1-9645,10,1-9645,9,69,5,0,4,8.032277766615152,0.11640982270456743
175,175,175,175,175,1-19547,21,1-19547,8,66,0,0,10,7.580694416537881,0.11485900631118001
6,6,6,6,6,MLG54,13,MLG54,12,595,37,0,41,68.08084710780531,0.11442159177782406
177,177,177,177,177,1-9498,15,1-9498,14,64,5,0,3,7.274208324961364,0.11365950507752132
183,183,183,183,183,1-19915,15,1-19915,14,62,4,0,4,7.032277766615152,0.11342383494540569
408,408,408,408,408,1-9495,18,1-9495,17,18,2,0,0,2.0,0.1111111111111111
293,293,293,293,293,1-1250,18,1-1250,17,34,3,0,1,3.758069441653788,0.11053145416628789
351,351,351,351,351,1-2324,12,1-2324,11,25,2,0,1,2.758069441653788,0.11032277766615152
117,117,117,117,117,1-7019,10,1-7019,9,107,8,0,5,11.79034720826894,0.11019016082494337
430,430,430,430,430,1-8023,19,1-8023,18,16,1,0,1,1.758069441653788,0.10987934010336176
427,427,427,427,427,1-3104,3,1-3104,1,16,1,0,1,1.758069441653788,0.10987934010336176
370,370,370,370,370,1-7066,3,1-7066,1,23,1,0,2,2.516138883307576,0.10939734275250332
253,253,253,253,253,1-9578,1,1-9578,20,42,0,0,6,4.5484166499227285,0.10829563452196973
513,513,513,513,513,1-5530,17,1-5530,16,7,0,0,1,0.7580694416537881,0.10829563452196973
455,455,455,455,455,1-18377,21,1-18377,8,14,0,0,2,1.5161388833075762,0.10829563452196973
515,515,515,515,515,1-3646,1,1-3646,20,7,0,0,1,0.7580694416537881,0.10829563452196973
457,457,457,457,457,1-11330,23,1-11330,1,14,0,0,2,1.5161388833075762,0.10829563452196973
514,514,514,514,514,P-0009,21,P-0009,8,7,0,0,1,0.7580694416537881,0.10829563452196973
202,202,202,202,202,1-6787,6,1-6787,4,56,3,0,4,6.032277766615152,0.10771924583241343
284,284,284,284,284,1-2584,11,1-2584,10,36,0,0,5,3.7903472082689404,0.10528742245191501
100,100,100,100,100,1-5172,15,1-5172,14,120,5,0,10,12.580694416537881,0.10483912013781567
19,19,19,19,19,1-7863,15,1-7863,14,351,17,0,26,36.70980548299849,0.10458634040740311
380,380,380,380,380,1-9722,1,1-9722,20,22,0,0,3,2.2742083249613643,0.10337310568006201
288,288,288,288,288,1-9761,3,1-9761,1,35,2,0,2,3.516138883307576,0.10046111095164503
491,491,491,491,491,1-5555,10,1-5555,9,10,1,0,0,1.0,0.1
489,489,489,489,489,1-7521,18,1-7521,17,10,1,0,0,1.0,0.1
375,375,375,375,375,1-7213,10,1-7213,9,23,0,0,3,2.2742083249613643,0.09887862282440714
50,50,50,50,50,1-7964,19,1-7964,18,202,0,0,26,19.70980548299849,0.09757329447028956
180,180,180,180,180,1-10539,1,1-10539,20,63,0,0,8,6.064555533230305,0.09626278624175087
327,327,327,327,327,1-8988,4,1-8988,2,29,2,0,1,2.758069441653788,0.09510584281564786
502,502,502,502,502,72-11994,11,72-11994,10,8,0,0,1,0.7580694416537881,0.09475868020672351
505,505,505,505,505,1-9855,21,1-9855,20,8,0,0,1,0.7580694416537881,0.09475868020672351
506,506,506,506,506,1-17657,12,1-17657,11,8,0,0,1,0.7580694416537881,0.09475868020672351
510,510,510,510,510,1-10444,23,1-10444,19,8,0,0,1,0.7580694416537881,0.09475868020672351
95,95,95,95,95,1-5626,15,1-5626,14,125,5,0,9,11.822624974884093,0.09458099979907274
58,58,58,58,58,MLG49,1,MLG49,20,185,0,0,23,17.435597158037126,0.094246471124525
355,355,355,355,355,1-4747,16,1-4747,15,25,0,0,3,2.2742083249613643,0.09096833299845457
480,480,480,480,480,1-5653,17,1-5653,16,11,1,0,0,1.0,0.09090909090909091
68,68,68,68,68,1-1015,21,1-1015,8,155,0,0,18,13.645249949768186,0.08803387064366572
25,25,25,25,25,1-18028,14,1-18028,13,309,15,0,16,27.12911106646061,0.08779647594323822
230,230,230,230,230,1-9345,12,1-9345,11,47,4,0,0,4.0,0.0851063829787234
318,318,318,318,318,1-9902,18,1-9902,17,30,1,0,2,2.516138883307576,0.08387129611025254
121,121,121,121,121,1-9333,1,1-9333,20,102,0,0,11,8.338763858191669,0.08175258684501636
330,330,330,330,330,1-9818,6,1-9818,4,28,0,0,3,2.2742083249613643,0.08122172589147729
194,194,194,194,194,1-8018,1,1-8018,20,58,0,0,6,4.5484166499227285,0.07842097672280567
462,462,462,462,462,1-4052,18,1-4052,17,13,1,0,0,1.0,0.07692307692307693
398,398,398,398,398,1-20047,15,1-20047,14,20,0,0,2,1.5161388833075762,0.07580694416537881
487,487,487,487,487,1-4929,8,1-4929,6,10,0,0,1,0.7580694416537881,0.07580694416537881
486,486,486,486,486,1-5406,1,1-5406,20,10,0,0,1,0.7580694416537881,0.07580694416537881
207,207,207,207,207,1-8622,17,1-8622,16,54,1,0,4,4.032277766615152,0.07467181049287319
42,42,42,42,42,1-8541,3,1-8541,1,232,2,0,20,17.161388833075762,0.0739715035908438
107,107,107,107,107,MLG37,4,MLG37,2,116,3,0,7,8.306486091576517,0.07160763872048721
303,303,303,303,303,1-18714,7,1-18714,5,32,0,0,3,2.2742083249613643,0.07106901015504263
306,306,306,306,306,1-1972,23,1-1972,19,32,0,0,3,2.2742083249613643,0.07106901015504263
131,131,131,131,131,1-9925,7,1-9925,5,93,5,0,2,6.516138883307576,0.07006600949793093
229,229,229,229,229,1-18423,3,1-18423,1,47,1,0,3,3.2742083249613643,0.06966400691407158
482,482,482,482,482,1-9457,3,1-9457,1,11,0,0,1,0.7580694416537881,0.068915403786708
346,346,346,346,346,1-9805,16,1-9805,15,26,1,0,1,1.758069441653788,0.06761805544822262
164,164,164,164,164,72-0103,19,72-0103,1,71,4,0,1,4.758069441653788,0.06701506255850406
209,209,209,209,209,1-19897,4,1-19897,2,53,2,0,2,3.516138883307576,0.06634224308127502
237,237,237,237,237,1-8418,1,1-8418,20,46,0,0,4,3.0322777666151524,0.06591908188293809
139,139,139,139,139,MLG11,16,MLG11,15,87,4,0,2,5.516138883307576,0.06340389521043191
478,478,478,478,478,1-20012,12,1-20012,11,12,0,0,1,0.7580694416537881,0.06317245347114901
474,474,474,474,474,1-18004,7,1-18004,5,12,0,0,1,0.7580694416537881,0.06317245347114901
366,366,366,366,366,1-9444,18,1-9444,17,24,0,0,2,1.5161388833075762,0.06317245347114901
362,362,362,362,362,1-1827,12,1-1827,11,24,0,0,2,1.5161388833075762,0.06317245347114901
365,365,365,365,365,1-8590,5,1-8590,3,24,0,0,2,1.5161388833075762,0.06317245347114901
178,178,178,178,178,1-0405,14,1-0405,13,64,1,0,4,4.032277766615152,0.06300434010336176
436,436,436,436,436,1-9115,13,1-9115,12,16,1,0,0,1.0,0.0625
437,437,437,437,437,1-4098,18,1-4098,17,16,1,0,0,1.0,0.0625
110,110,110,110,110,1-9137,8,1-9137,6,111,3,0,5,6.7903472082689404,0.06117429917359406
352,352,352,352,352,1-2297,16,1-2297,15,25,0,0,2,1.5161388833075762,0.06064555533230305
356,356,356,356,356,1-18613,23,1-18613,19,25,0,0,2,1.5161388833075762,0.06064555533230305
320,320,320,320,320,1-18203,10,1-18203,9,29,1,0,1,1.758069441653788,0.06062308419495821
196,196,196,196,196,1-6743,6,1-6743,4,58,2,0,2,3.516138883307576,0.06062308419495821
418,418,418,418,418,1-17835,19,1-17835,16,17,1,0,0,1.0,0.058823529411764705
213,213,213,213,213,1-6227,23,1-6227,19,52,0,0,4,3.0322777666151524,0.05831303397336832
172,172,172,172,172,1-6900,1,1-6900,20,67,0,0,5,3.7903472082689404,0.05657234639207374
341,341,341,341,341,1-9870,9,1-9870,7,27,0,0,2,1.5161388833075762,0.056153291974354674
336,336,336,336,336,1-9655,21,1-9655,8,27,0,0,2,1.5161388833075762,0.056153291974354674
343,343,343,343,343,MLG67,1,MLG67,20,27,0,0,2,1.5161388833075762,0.056153291974354674
339,339,339,339,339,1-9850,3,1-9850,1,27,0,0,2,1.5161388833075762,0.056153291974354674
305,305,305,305,305,1-8127,4,1-8127,2,32,1,0,1,1.758069441653788,0.05493967005168088
452,452,452,452,452,1-9588,3,1-9588,1,14,0,0,1,0.7580694416537881,0.054147817260984867
302,302,302,302,302,1-9500,16,1-9500,15,33,1,0,1,1.758069441653788,0.05327483156526631
402,402,402,402,402,1-18603,7,1-18603,5,19,1,0,0,1.0,0.05263157894736842
405,405,405,405,405,1-9607,15,1-9607,14,19,1,0,0,1.0,0.05263157894736842
322,322,322,322,322,1-19549,16,1-19549,15,29,0,0,2,1.5161388833075762,0.05228065114853711
188,188,188,188,188,1-7722,21,1-7722,8,60,0,0,4,3.0322777666151524,0.05053796277691921
317,317,317,317,317,1-9504,23,1-9504,19,30,0,0,2,1.5161388833075762,0.05053796277691921
241,241,241,241,241,1-6216,4,1-6216,1,45,0,0,3,2.2742083249613643,0.05053796277691921
443,443,443,443,443,1-19222,23,1-19222,6,15,0,0,1,0.7580694416537881,0.05053796277691921
118,118,118,118,118,MLG15,6,MLG15,4,105,3,0,3,5.274208324961364,0.050230555475822516
186,186,186,186,186,1-19004,18,1-19004,17,60,3,0,0,3.0,0.05
393,393,393,393,393,1-6718,12,1-6718,11,20,1,0,0,1.0,0.05
390,390,390,390,390,1-20003,10,1-20003,9,21,1,0,0,1.0,0.047619047619047616
431,431,431,431,431,1-8503,1,1-8503,20,16,0,0,1,0.7580694416537881,0.047379340103361756
379,379,379,379,379,1-7182,12,1-7182,11,22,1,0,0,1.0,0.045454545454545456
416,416,416,416,416,1-9907,12,1-9907,11,17,0,0,1,0.7580694416537881,0.04459232009728165
409,409,409,409,409,1-5744,18,1-5744,17,18,0,0,1,0.7580694416537881,0.042114968980766006
134,134,134,134,134,1-8659,21,1-8659,8,91,0,0,5,3.7903472082689404,0.04165216712383451
400,400,400,400,400,1-8646,7,1-8646,5,20,0,0,1,0.7580694416537881,0.037903472082689404
395,395,395,395,395,1-1836,15,1-1836,14,20,0,0,1,0.7580694416537881,0.037903472082689404
391,391,391,391,391,72-18936,1,72-18936,20,20,0,0,1,0.7580694416537881,0.037903472082689404
120,120,120,120,120,1-2670,1,1-2670,20,104,0,0,5,3.7903472082689404,0.036445646233355194
333,333,333,333,333,1-9996,14,1-9996,13,28,1,0,0,1.0,0.03571428571428571
116,116,116,116,116,MLG08,16,MLG08,15,107,3,0,1,3.758069441653788,0.03512214431452138
69,69,69,69,69,MLG17,1,MLG17,20,153,0,0,7,5.306486091576517,0.034682915631219065
381,381,381,381,381,1-9752,1,1-9752,20,22,0,0,1,0.7580694416537881,0.034457701893354
92,92,92,92,92,1-6980,15,1-6980,14,128,2,0,3,4.274208324961364,0.03339225253876066
372,372,372,372,372,1-9553,16,1-9553,15,23,0,0,1,0.7580694416537881,0.032959540941469044
373,373,373,373,373,1-8488,23,1-8488,9,23,0,0,1,0.7580694416537881,0.032959540941469044
307,307,307,307,307,1-9739,9,1-9739,20,31,1,0,0,1.0,0.03225806451612903
367,367,367,367,367,1-9995,17,1-9995,16,24,0,0,1,0.7580694416537881,0.031586226735574506
342,342,342,342,342,1-6531,3,1-6531,1,27,0,0,1,0.7580694416537881,0.028076645987177337
149,149,149,149,149,1-5877,15,1-5877,14,79,2,0,0,2.0,0.02531645569620253
313,313,313,313,313,1-8641,8,1-8641,6,30,0,0,1,0.7580694416537881,0.025268981388459604
135,135,135,135,135,MLG07,23,MLG07,1,90,0,0,3,2.2742083249613643,0.025268981388459604
259,259,259,259,259,1-7509,18,1-7509,17,40,1,0,0,1.0,0.025
309,309,309,309,309,1-9185,12,1-9185,11,31,0,0,1,0.7580694416537881,0.024453852956573808
167,167,167,167,167,72-12387,15,72-12387,14,71,0,0,2,1.5161388833075762,0.021354068778979947
271,271,271,271,271,1-5508,3,1-5508,1,38,0,0,1,0.7580694416537881,0.019949195832994423
96,96,96,96,96,MLG09,1,MLG09,20,125,0,0,3,2.2742083249613643,0.018193666599690916
113,113,113,113,113,1-7341,9,1-7341,7,110,1,0,1,1.758069441653788,0.01598244946957989
159,159,159,159,159,1-6914,4,1-6914,1,73,0,0,1,0.7580694416537881,0.01038451289936696
119,119,119,119,119,1-9646,13,1-9646,12,105,0,0,1,0.7580694416537881,0.007219708968131315
517,517,517,517,517,1-7321,12,1-7321,11,7,0,0,0,0.0,0.0
410,410,410,410,410,1-3108,14,1-3108,13,18,0,0,0,0.0,0.0
463,463,463,463,463,1-20467,16,1-20467,15,13,0,0,0,0.0,0.0
475,475,475,475,475,1-4499,1,1-4499,20,12,0,0,0,0.0,0.0
498,498,498,498,498,1-8113,7,1-8113,5,9,0,0,0,0.0,0.0
556,556,556,556,556,1-9455,21,1-9455,20,2,0,0,0,0.0,0.0
540,540,540,540,540,1-9733,10,1-9733,9,4,0,0,0,0.0,0.0
187,187,187,187,187,1-9955,3,1-9955,1,60,0,0,0,0.0,0.0
248,248,248,248,248,1-6217,6,1-6217,4,44,0,0,0,0.0,0.0
453,453,453,453,453,1-5036,18,1-5036,17,14,0,0,0,0.0,0.0
548,548,548,548,548,1-5914,15,1-5914,14,3,0,0,0,0.0,0.0
459,459,459,459,459,1-19839,15,1-19839,14,13,0,0,0,0.0,0.0
413,413,413,413,413,1-0022,16,1-0022,15,18,0,0,0,0.0,0.0
490,490,490,490,490,1-8634,12,1-8634,11,10,0,0,0,0.0,0.0
528,528,528,528,528,1-8623,3,1-8623,1,5,0,0,0,0.0,0.0
448,448,448,448,448,MLG42,12,MLG42,11,14,0,0,0,0.0,0.0
557,557,557,557,557,1-19927,3,1-19927,1,1,0,0,0,0.0,0.0
485,485,485,485,485,1-4361,3,1-4361,1,10,0,0,0,0.0,0.0
363,363,363,363,363,1-5167,1,1-5167,20,24,0,0,0,0.0,0.0
559,559,559,559,559,1-10978,3,1-10978,1,1,0,0,0,0.0,0.0
509,509,509,509,509,P-16454,6,P-16454,4,8,0,0,0,0.0,0.0
530,530,530,530,530,1-3647,6,1-3647,4,5,0,0,0,0.0,0.0
533,533,533,533,533,1-3217,4,1-3217,2,5,0,0,0,0.0,0.0
484,484,484,484,484,1-9731,6,1-9731,4,11,0,0,0,0.0,0.0
554,554,554,554,554,1-10948,3,1-10948,1,2,0,0,0,0.0,0.0
198,198,198,198,198,1-8401,9,1-8401,20,57,0,0,0,0.0,0.0
561,561,561,561,561,1-21195,3,1-21195,1,1,0,0,0,0.0,0.0
534,534,534,534,534,1-8379,1,1-8379,20,5,0,0,0,0.0,0.0
415,415,415,415,415,1-9465,13,1-9465,12,18,0,0,0,0.0,0.0
525,525,525,525,525,1-3216,6,1-3216,4,5,0,0,0,0.0,0.0
558,558,558,558,558,1-10951,14,1-10951,13,1,0,0,0,0.0,0.0
552,552,552,552,552,1-19568,4,1-19568,1,2,0,0,0,0.0,0.0
501,501,501,501,501,1-18563,7,1-18563,5,8,0,0,0,0.0,0.0
516,516,516,516,516,1-9447,6,1-9447,4,7,0,0,0,0.0,0.0
520,520,520,520,520,1-10698,1,1-10698,20,6,0,0,0,0.0,0.0
251,251,251,251,251,1-6919,23,1-6919,19,43,0,0,0,0.0,0.0
565,565,565,565,565,1-10922,3,1-10922,1,1,0,0,0,0.0,0.0
469,469,469,469,469,1-6543,16,1-6543,15,12,0,0,0,0.0,0.0
314,314,314,314,314,1-4088,1,1-4088,1,30,0,0,0,0.0,0.0
507,507,507,507,507,1-9643,16,1-9643,15,8,0,0,0,0.0,0.0
560,560,560,560,560,1-19924,3,1-19924,1,1,0,0,0,0.0,0.0
500,500,500,500,500,1-2869,3,1-2869,1,9,0,0,0,0.0,0.0
542,542,542,542,542,1-8093,18,1-8093,17,4,0,0,0,0.0,0.0
396,396,396,396,396,1-7721,7,1-7721,5,20,0,0,0,0.0,0.0
508,508,508,508,508,1-9806,13,1-9806,12,8,0,0,0,0.0,0.0
335,335,335,335,335,1-18735,7,1-18735,5,27,0,0,0,0.0,0.0
555,555,555,555,555,1-6028,6,1-6028,7,2,0,0,0,0.0,0.0
162,162,162,162,162,1-7614,1,1-7614,20,72,0,0,0,0.0,0.0
551,551,551,551,551,1-19567,12,1-19567,10,2,0,0,0,0.0,0.0
170,170,170,170,170,1-6594,1,1-6594,20,70,0,0,0,0.0,0.0
279,279,279,279,279,1-6642,7,1-6642,5,36,0,0,0,0.0,0.0
254,254,254,254,254,1-2025,1,1-2025,20,41,0,0,0,0.0,0.0
374,374,374,374,374,1-18202,6,1-18202,4,23,0,0,0,0.0,0.0
185,185,185,185,185,1-2714,6,1-2714,4,61,0,0,0,0.0,0.0
465,465,465,465,465,1-18498,12,1-18498,11,13,0,0,0,0.0,0.0
550,550,550,550,550,1-3176,12,1-3176,11,3,0,0,0,0.0,0.0
524,524,524,524,524,1-7525,16,1-7525,15,6,0,0,0,0.0,0.0
364,364,364,364,364,1-9253,3,1-9253,1,24,0,0,0,0.0,0.0
494,494,494,494,494,1-6971,3,1-6971,1,10,0,0,0,0.0,0.0
382,382,382,382,382,1-18409,16,1-18409,15,22,0,0,0,0.0,0.0
562,562,562,562,562,1-6931,3,1-6931,1,1,0,0,0,0.0,0.0
419,419,419,419,419,1-0001,1,1-0001,20,17,0,0,0,0.0,0.0
461,461,461,461,461,1-2153,15,1-2153,14,13,0,0,0,0.0,0.0
553,553,553,553,553,1-4847,7,1-4847,6,2,0,0,0,0.0,0.0
225,225,225,225,225,1-8767,6,1-8767,4,48,0,0,0,0.0,0.0
495,495,495,495,495,1-9712,7,1-9712,5,10,0,0,0,0.0,0.0
544,544,544,544,544,1-4910,6,1-4910,4,4,0,0,0,0.0,0.0
192,192,192,192,192,1-8021,1,1-8021,20,58,0,0,0,0.0,0.0
479,479,479,479,479,1-19598,1,1-19598,20,11,0,0,0,0.0,0.0
481,481,481,481,481,1-7770,16,1-7770,15,11,0,0,0,0.0,0.0
523,523,523,523,523,1-3175,1,1-3175,20,6,0,0,0,0.0,0.0
240,240,240,240,240,1-8174,6,1-8174,4,45,0,0,0,0.0,0.0
282,282,282,282,282,1-2104,1,1-2104,20,36,0,0,0,0.0,0.0
499,499,499,499,499,1-17645,17,1-17645,16,9,0,0,0,0.0,0.0
549,549,549,549,549,1-7599,8,1-7599,6,3,0,0,0,0.0,0.0
526,526,526,526,526,1-9836,16,1-9836,15,5,0,0,0,0.0,0.0
564,564,564,564,564,1-7527,18,1-7527,17,1,0,0,0,0.0,0.0
304,304,304,304,304,1-1592,23,1-1592,1,32,0,0,0,0.0,0.0
488,488,488,488,488,1-9576,1,1-9576,20,10,0,0,0,0.0,0.0
399,399,399,399,399,1-19813,15,1-19813,14,20,0,0,0,0.0,0.0
200,200,200,200,200,1-8020,3,1-8020,1,56,0,0,0,0.0,0.0
226,226,226,226,226,1-4634,21,1-4634,8,48,0,0,0,0.0,0.0
310,310,310,310,310,1-10071,12,1-10071,11,30,0,0,0,0.0,0.0
184,184,184,184,184,1-2701,23,1-2701,19,61,0,0,0,0.0,0.0
519,519,519,519,519,1-10762,18,1-10762,17,6,0,0,0,0.0,0.0
563,563,563,563,563,1-8352,3,1-8352,1,1,0,0,0,0.0,0.0
397,397,397,397,397,1-9839,15,1-9839,14,20,0,0,0,0.0,0.0
388,388,388,388,388,1-8125,14,1-8125,13,21,0,0,0,0.0,0.0
504,504,504,504,504,1-9861,1,1-9861,20,8,0,0,0,0.0,0.0
383,383,383,383,383,1-3521,12,1-3521,11,22,0,0,0,0.0,0.0
471,471,471,471,471,1-19205,15,1-19205,14,12,0,0,0,0.0,0.0
456,456,456,456,456,1-7995,1,1-7995,20,14,0,0,0,0.0,0.0
476,476,476,476,476,1-2178,3,1-2178,1,12,0,0,0,0.0,0.0
539,539,539,539,539,1-21192,23,1-21192,1,4,0,0,0,0.0,0.0
472,472,472,472,472,1-1935,1,1-1935,20,12,0,0,0,0.0,0.0
464,464,464,464,464,1-7453,18,1-7453,17,13,0,0,0,0.0,0.0
531,531,531,531,531,1-4051,15,1-4051,14,5,0,0,0,0.0,0.0
444,444,444,444,444,1-8906,3,1-8906,1,15,0,0,0,0.0,0.0
522,522,522,522,522,1-3178,3,1-3178,1,6,0,0,0,0.0,0.0
536,536,536,536,536,1-10232,8,1-10232,6,5,0,0,0,0.0,0.0
529,529,529,529,529,1-5424,12,1-5424,1,5,0,0,0,0.0,0.0
361,361,361,361,361,1-10696,1,1-10696,10,24,0,0,0,0.0,0.0
546,546,546,546,546,1-9034,1,1-9034,20,3,0,0,0,0.0,0.0
340,340,340,340,340,1-3519,15,1-3519,14,27,0,0,0,0.0,0.0
547,547,547,547,547,1-9838,14,1-9838,13,3,0,0,0,0.0,0.0
353,353,353,353,353,1-9331,3,1-9331,1,25,0,0,0,0.0,0.0
