Unnamed: 0.9,Unnamed: 0.8,Unnamed: 0.7,Unnamed: 0.6,Unnamed: 0.5,Unnamed: 0.4,Unnamed: 0.3,Unnamed: 0.2,Unnamed: 0.1,Unnamed: 0,exam,slot,Exam Group,Exam Block,size,b2bs,confs,2i3s,score,score_norm
215,215,215,215,215,215,215,215,215,215,MLG40,6,MLG40,3,51,11,1,13,1013.3883002400398,19.870358828236075
168,168,168,168,168,168,168,168,168,168,MLG45,8,MLG45,5,70,17,1,16,1019.9394464492798,14.570563520703997
9,9,9,9,9,9,9,9,9,9,1-3523,6,1-3523,3,543,91,1,150,1118.557310461998,2.0599582144788178
8,8,8,8,8,8,8,8,8,8,1-10468,8,1-10468,5,549,54,1,157,1082.843318283558,1.9723922008807977
74,74,74,74,74,74,74,74,74,74,1-8074,16,1-8074,10,145,59,0,36,65.61375451087952,0.4525086517991691
212,212,212,212,212,212,212,212,212,212,MLG32,13,MLG32,19,52,21,0,11,23.020869433879852,0.44270902757461256
195,195,195,195,195,195,195,195,195,195,1-9379,11,1-9379,9,58,22,0,8,23.469723224639893,0.40465040042482575
112,112,112,112,112,112,112,112,112,112,1-3447,7,1-3447,4,110,38,0,21,41.85802346467972,0.3805274860425429
203,203,203,203,203,203,203,203,203,203,1-9938,9,1-9938,6,55,18,0,10,19.837154030799866,0.36067552783272483
228,228,228,228,228,228,228,228,228,228,MLG60,5,MLG60,2,47,16,0,4,16.734861612319946,0.3560608853685095
26,26,26,26,26,26,26,26,26,26,1-18558,17,1-18558,17,307,100,0,18,103.30687725543976,0.33650448617407086
93,93,93,93,93,93,93,93,93,93,MLG52,15,MLG52,12,125,30,0,50,39.18577015399933,0.31348616123199463
61,61,61,61,61,61,61,61,61,61,1-6927,13,1-6927,19,179,50,0,31,55.695177495479584,0.31114624299150606
165,165,165,165,165,165,165,165,165,165,MLG59,8,MLG59,5,71,18,0,21,21.858023464679718,0.3078594854180242
57,57,57,57,57,57,57,57,57,57,MLG75,11,MLG75,9,185,51,0,32,56.87889289855957,0.30745347512734905
123,123,123,123,123,123,123,123,123,123,1-11350,5,1-11350,2,100,28,0,13,30.388300240039825,0.3038830024003982
125,125,125,125,125,125,125,125,125,125,1-1390,7,1-1390,16,98,23,0,33,29.062608301639557,0.2965572275677506
239,239,239,239,239,239,239,239,239,239,1-5002,10,1-5002,7,45,9,0,22,13.041738867759705,0.289816419283549
332,332,332,332,332,332,332,332,332,332,P-16616,17,P-16616,17,28,7,0,2,7.367430806159973,0.2631225287914276
369,369,369,369,369,369,369,369,369,369,MLG39,12,MLG39,20,23,5,0,5,5.918577015399933,0.257329435452171
77,77,77,77,77,77,77,77,77,77,1-9674,9,1-9674,6,144,34,0,12,36.20458483695984,0.2514207280344433
174,174,174,174,174,174,174,174,174,174,MLG41,13,MLG41,19,66,15,0,7,16.286007821559906,0.24675769426605917
71,71,71,71,71,71,71,71,71,71,1-4417,18,1-4417,18,151,21,0,88,37.16695547103882,0.24613877795389946
43,43,43,43,43,43,43,43,43,43,MLG14,5,MLG14,2,232,54,0,14,56.57201564311981,0.24384489501344747
4,4,4,4,4,4,4,4,4,4,MLG68,17,MLG68,17,642,134,0,90,150.5343862771988,0.23447723719189842
154,154,154,154,154,154,154,154,154,154,1-9417,9,1-9417,6,76,15,0,12,17.20458483695984,0.22637611627578735
256,256,256,256,256,256,256,256,256,256,1-0296,6,1-0296,3,41,5,0,23,9.225454270839691,0.22501107977657783
45,45,45,45,45,45,45,45,45,45,1-3596,7,1-3596,4,223,42,0,42,49.716046929359436,0.22294191448143244
182,182,182,182,182,182,182,182,182,182,1-6647,6,1-6647,9,62,10,0,20,13.674308061599731,0.22055335583225374
404,404,404,404,404,404,404,404,404,404,1-20578,8,1-20578,5,19,4,0,1,4.183715403079987,0.22019554753052561
327,327,327,327,327,327,327,327,327,327,1-8988,5,1-8988,2,29,6,0,2,6.367430806159973,0.21956657952275768
84,84,84,84,84,84,84,84,84,84,1-2382,7,1-2382,4,139,25,0,30,30.511462092399597,0.21950692152805465
64,64,64,64,64,64,64,64,64,64,MLG29,10,MLG29,7,164,26,0,52,35.5532009601593,0.21678781073267867
144,144,144,144,144,144,144,144,144,144,1-7058,17,1-7058,17,80,17,0,1,17.183715403079987,0.21479644253849983
80,80,80,80,80,80,80,80,80,80,1-0053,10,1-0053,7,142,25,0,27,29.960315883159637,0.21098814002225097
54,54,54,54,54,54,54,54,54,54,1-1350,14,1-1350,11,195,31,0,55,41.10434716939926,0.21079152394563724
101,101,101,101,101,101,101,101,101,101,1-18371,16,1-18371,10,120,10,0,83,25.248378455638885,0.2104031537969907
166,166,166,166,166,166,166,166,166,166,MLG58,15,MLG58,12,71,13,0,10,14.837154030799866,0.20897400043380093
221,221,221,221,221,221,221,221,221,221,1-4355,6,1-4355,3,49,8,0,10,9.837154030799866,0.20075824552652788
260,260,260,260,260,260,260,260,260,260,1-4760,17,1-4760,17,40,8,0,0,8.0,0.2
85,85,85,85,85,85,85,85,85,85,1-1131,15,1-1131,12,138,25,0,14,27.572015643119812,0.19979721480521603
122,122,122,122,122,122,122,122,122,122,1-9404,9,1-9404,6,100,17,0,16,19.939446449279785,0.19939446449279785
244,244,244,244,244,244,244,244,244,244,1-19448,16,1-19448,10,45,6,0,15,8.755731046199799,0.1945718010266622
20,20,20,20,20,20,20,20,20,20,1-8067,9,1-8067,6,322,50,0,65,61.94150120019913,0.19236491055962462
199,199,199,199,199,199,199,199,199,199,1-20167,10,1-20167,4,56,8,0,15,10.755731046199799,0.1920666258249964
31,31,31,31,31,31,31,31,31,31,1-9156,16,1-9156,10,268,31,0,108,50.84126353263855,0.18970620721133788
27,27,27,27,27,27,27,27,27,27,1-1608,14,1-1608,11,307,48,0,55,58.10434716939926,0.1892649744931572
36,36,36,36,36,36,36,36,36,36,MLG64,13,MLG64,19,245,38,0,45,46.267193138599396,0.18884568627999754
86,86,86,86,86,86,86,86,86,86,1-8910,4,1-8910,1,137,5,0,113,25.759840548038483,0.1880280331973612
429,429,429,429,429,429,429,429,429,429,1-9452,11,1-9452,19,16,3,0,0,3.0,0.1875
277,277,277,277,277,277,277,277,277,277,1-10060,12,1-10060,20,36,5,0,9,6.653438627719879,0.18481773965888554
545,545,545,545,545,545,545,545,545,545,1-4926,14,1-4926,19,4,0,0,4,0.7348616123199463,0.18371540307998657
128,128,128,128,128,128,128,128,128,128,1-7897,16,1-7897,10,95,6,0,62,17.390354990959167,0.18305636832588598
454,454,454,454,454,454,454,454,454,454,1-5913,7,1-5913,4,14,2,0,3,2.5511462092399597,0.1822247292314257
337,337,337,337,337,337,337,337,337,337,1-6532,11,1-6532,9,27,4,0,5,4.918577015399933,0.1821695190888864
132,132,132,132,132,132,132,132,132,132,MLG55,12,MLG55,20,92,14,0,15,16.7557310461998,0.18212751137173694
145,145,145,145,145,145,145,145,145,145,1-9491,12,1-9491,20,80,11,0,19,14.490592658519745,0.18113240823149682
127,127,127,127,127,127,127,127,127,127,1-5891,14,1-5891,17,96,15,0,13,17.388300240039825,0.18112812750041485
76,76,76,76,76,76,76,76,76,76,1-2335,16,1-2335,10,145,17,0,50,26.18577015399933,0.18059151830344364
163,163,163,163,163,163,163,163,163,163,1-6692,15,1-6692,12,71,10,0,14,12.572015643119812,0.17707064286084243
66,66,66,66,66,66,66,66,66,66,MLG48,9,MLG48,6,159,13,0,82,28.0646630525589,0.17650731479596793
94,94,94,94,94,94,94,94,94,94,1-1005,10,1-1005,7,125,18,0,20,21.67430806159973,0.17339446449279786
325,325,325,325,325,325,325,325,325,325,1-9338,1,1-9338,15,29,5,0,0,5.0,0.1724137931034483
191,191,191,191,191,191,191,191,191,191,MLG44,13,MLG44,19,59,9,0,6,10.10229241847992,0.1712252952284732
441,441,441,441,441,441,441,441,441,441,1-9997,10,1-9997,7,16,2,0,4,2.7348616123199463,0.17092885076999664
92,92,92,92,92,92,92,92,92,92,1-6980,2,1-6980,14,128,1,0,113,21.759840548038483,0.16999875428155065
151,151,151,151,151,151,151,151,151,151,MLG38,7,MLG38,4,77,11,0,11,13.020869433879852,0.16910220043999807
512,512,512,512,512,512,512,512,512,512,1-5799,2,1-5799,14,7,1,0,1,1.1837154030799866,0.16910220043999807
205,205,205,205,205,205,205,205,205,205,1-8398,7,1-8398,4,54,8,0,6,9.10229241847992,0.1685609707125911
265,265,265,265,265,265,265,265,265,265,1-1204,16,1-1204,10,39,4,0,14,6.572015643119812,0.16851322161845672
176,176,176,176,176,176,176,176,176,176,1-6561,2,1-6561,14,65,8,0,16,10.939446449279785,0.16829917614276593
462,462,462,462,462,462,462,462,462,462,1-4052,17,1-4052,17,13,2,0,1,2.1837154030799866,0.16797810792922974
121,121,121,121,121,121,121,121,121,121,1-9333,12,1-9333,20,102,7,0,55,17.10434716939926,0.16768967813136532
162,162,162,162,162,162,162,162,162,162,1-7614,12,1-7614,20,72,8,0,22,12.041738867759705,0.16724637316332924
519,519,519,519,519,519,519,519,519,519,1-10762,17,1-10762,17,6,1,0,0,1.0,0.16666666666666666
412,412,412,412,412,412,412,412,412,412,1-0055,23,1-0055,16,18,3,0,0,3.0,0.16666666666666666
46,46,46,46,46,46,46,46,46,46,1-2282,7,1-2282,4,219,30,0,35,36.43003910779953,0.1663472105378974
386,386,386,386,386,386,386,386,386,386,1-4855,14,1-4855,11,22,2,0,9,3.653438627719879,0.16606539216908542
350,350,350,350,350,350,350,350,350,350,1-9609,18,1-9609,12,25,3,0,6,4.102292418479919,0.16409169673919677
18,18,18,18,18,18,18,18,18,18,MLG63,6,MLG63,3,380,47,0,81,61.88094764947891,0.1628445990775761
227,227,227,227,227,227,227,227,227,227,1-1957,16,1-1957,10,47,6,0,9,7.653438627719879,0.16283911973872084
150,150,150,150,150,150,150,150,150,150,1-3083,6,1-3083,3,78,7,0,31,12.695177495479584,0.16275868583948183
331,331,331,331,331,331,331,331,331,331,1-5981,5,1-5981,2,28,4,0,3,4.55114620923996,0.16254093604428427
23,23,23,23,23,23,23,23,23,23,1-7866,6,1-7866,3,318,27,0,134,51.6178640127182,0.1623203270840195
34,34,34,34,34,34,34,34,34,34,MLG51,23,MLG51,16,248,40,0,0,40.0,0.16129032258064516
348,348,348,348,348,348,348,348,348,348,1-3087,12,1-3087,20,26,4,0,1,4.183715403079987,0.1609121308876918
345,345,345,345,345,345,345,345,345,345,1-3584,17,1-3584,17,26,4,0,1,4.183715403079987,0.1609121308876918
300,300,300,300,300,300,300,300,300,300,1-18709,10,1-18709,3,33,4,0,7,5.286007821559906,0.16018205519878503
430,430,430,430,430,430,430,430,430,430,1-8023,18,1-8023,18,16,2,0,3,2.5511462092399597,0.15944663807749748
343,343,343,343,343,343,343,343,343,343,MLG67,12,MLG67,20,27,3,0,7,4.286007821559906,0.15874103042814466
445,445,445,445,445,445,445,445,445,445,1-5654,13,1-5654,19,15,2,0,2,2.367430806159973,0.15782872041066487
37,37,37,37,37,37,37,37,37,37,1-5775,12,1-5775,20,244,17,0,117,38.49470216035843,0.15776517278835422
0,0,0,0,0,0,0,0,0,0,1-6098,10,1-6098,7,1327,141,0,366,208.23983752727509,0.15692527319312366
449,449,449,449,449,449,449,449,449,449,MLG43,7,MLG43,4,14,2,0,1,2.1837154030799866,0.15597967164857046
161,161,161,161,161,161,161,161,161,161,1-8285,14,1-8285,11,72,7,0,23,11.225454270839691,0.1559090870949957
32,32,32,32,32,32,32,32,32,32,1-7874,13,1-7874,19,258,38,0,12,40.20458483695984,0.15583172417426294
217,217,217,217,217,217,217,217,217,217,1-9770,16,1-9770,10,50,3,0,26,7.776600480079651,0.15553200960159302
14,14,14,14,14,14,14,14,14,14,1-1317,9,1-1317,6,414,54,0,56,64.28806257247925,0.1552851752958436
368,368,368,368,368,368,368,368,368,368,1-6858,8,1-6858,5,23,3,0,3,3.5511462092399597,0.15439766127130258
143,143,143,143,143,143,143,143,143,143,1-9286,14,1-9286,11,81,9,0,19,12.490592658519745,0.15420484763604622
283,283,283,283,283,283,283,283,283,283,1-6909,7,1-6909,4,36,5,0,3,5.55114620923996,0.1541985058122211
24,24,24,24,24,24,24,24,24,24,1-3535,16,1-3535,10,315,32,0,89,48.350670874118805,0.1534941932511708
75,75,75,75,75,75,75,75,75,75,1-2545,5,1-2545,2,145,18,0,23,22.22545427083969,0.1532789949713082
295,295,295,295,295,295,295,295,295,295,1-1942,4,1-1942,1,34,3,0,12,5.204584836959839,0.15307602461646586
147,147,147,147,147,147,147,147,147,147,1-2423,17,1-2423,12,79,12,0,0,12.0,0.1518987341772152
63,63,63,63,63,63,63,63,63,63,1-3052,4,1-3052,1,166,16,0,50,25.18577015399933,0.1517215069518032
319,319,319,319,319,319,319,319,319,319,1-18935,5,1-18935,2,30,4,0,3,4.55114620923996,0.15170487364133198
157,157,157,157,157,157,157,157,157,157,1-17733,9,1-17733,6,74,9,0,12,11.204584836959839,0.15141330860756538
10,10,10,10,10,10,10,10,10,10,MLG62,7,MLG62,4,525,60,0,103,78.92268651723862,0.15032892669950212
420,420,420,420,420,420,420,420,420,420,1-8678,6,1-8678,3,17,2,0,3,2.5511462092399597,0.1500674240729388
425,425,425,425,425,425,425,425,425,425,1-0003,14,1-0003,11,17,2,0,3,2.5511462092399597,0.1500674240729388
432,432,432,432,432,432,432,432,432,432,1-3089,15,1-3089,9,16,2,0,2,2.367430806159973,0.14796442538499832
503,503,503,503,503,503,503,503,503,503,1-5531,4,1-5531,1,8,1,0,1,1.1837154030799866,0.14796442538499832
194,194,194,194,194,194,194,194,194,194,1-8018,12,1-8018,20,58,6,0,14,8.572015643119812,0.14779337315723814
326,326,326,326,326,326,326,326,326,326,1-0027,10,1-0027,7,29,3,0,7,4.286007821559906,0.14779337315723814
387,387,387,387,387,387,387,387,387,387,1-9436,7,1-9436,4,21,2,0,6,3.1022924184799194,0.14772821040380568
117,117,117,117,117,117,117,117,117,117,1-7019,11,1-7019,9,107,13,0,15,15.755731046199799,0.14724982286168037
235,235,235,235,235,235,235,235,235,235,1-1989,13,1-1989,19,46,6,0,4,6.734861612319946,0.14641003505043362
315,315,315,315,315,315,315,315,315,315,1-9614,5,1-9614,2,30,4,0,2,4.367430806159973,0.14558102687199911
91,91,91,91,91,91,91,91,91,91,1-9270,2,1-9270,14,128,14,0,25,18.592885076999664,0.14525691466405988
328,328,328,328,328,328,328,328,328,328,1-9110,17,1-9110,17,29,4,0,1,4.183715403079987,0.1442660483820685
38,38,38,38,38,38,38,38,38,38,1-4649,22,1-4649,13,244,27,0,44,35.08347773551941,0.1437847448177025
496,496,496,496,496,496,496,496,496,496,1-9076,12,1-9076,20,9,0,0,7,1.286007821559906,0.14288975795110068
453,453,453,453,453,453,453,453,453,453,1-5036,17,1-5036,17,14,2,0,0,2.0,0.14285714285714285
12,12,12,12,12,12,12,12,12,12,1-7024,11,1-7024,9,498,55,0,87,70.98324006795883,0.14253662664248762
39,39,39,39,39,39,39,39,39,39,1-9768,12,1-9768,20,241,12,0,121,34.229563772678375,0.14203138494887294
48,48,48,48,48,48,48,48,48,48,MLG30,18,MLG30,18,208,15,0,79,29.51351684331894,0.14189190790057182
281,281,281,281,281,281,281,281,281,281,1-3312,9,1-3312,6,36,4,0,6,5.102292418479919,0.14173034495777553
51,51,51,51,51,51,51,51,51,51,MLG65,7,MLG65,4,201,24,0,23,28.22545427083969,0.14042514562606812
218,218,218,218,218,218,218,218,218,218,1-9610,16,1-9610,10,49,3,0,21,6.858023464679718,0.13995966254448405
304,304,304,304,304,304,304,304,304,304,1-1592,4,1-1592,1,32,3,0,8,4.469723224639893,0.13967885076999664
220,220,220,220,220,220,220,220,220,220,MLG35,13,MLG35,19,49,5,0,10,6.837154030799866,0.1395337557306095
423,423,423,423,423,423,423,423,423,423,MLG46,2,MLG46,14,17,2,0,2,2.367430806159973,0.139260635656469
424,424,424,424,424,424,424,424,424,424,1-1177,16,1-1177,10,17,2,0,2,2.367430806159973,0.139260635656469
148,148,148,148,148,148,148,148,148,148,1-0278,1,1-0278,15,79,11,0,0,11.0,0.13924050632911392
297,297,297,297,297,297,297,297,297,297,1-9630,2,1-9630,14,33,2,0,14,4.572015643119812,0.13854592857938824
338,338,338,338,338,338,338,338,338,338,1-3589,4,1-3589,1,27,3,0,4,3.7348616123199463,0.1383282078637017
126,126,126,126,126,126,126,126,126,126,1-6693,10,1-6693,7,98,10,0,19,13.490592658519745,0.13765910876040555
89,89,89,89,89,89,89,89,89,89,1-9831,8,1-9831,5,132,7,0,59,17.839208781719208,0.13514552107363037
421,421,421,421,421,421,421,421,421,421,1-5282,12,1-5282,20,17,1,0,7,2.286007821559906,0.13447104832705328
172,172,172,172,172,172,172,172,172,172,1-6900,12,1-6900,20,67,6,0,16,8.939446449279785,0.13342457386984755
299,299,299,299,299,299,299,299,299,299,MLG31,22,MLG31,19,33,2,0,13,4.388300240039825,0.13297879515272198
133,133,133,133,133,133,133,133,133,133,MLG53,1,MLG53,15,91,12,0,0,12.0,0.13186813186813187
55,55,55,55,55,55,55,55,55,55,1-1462,4,1-1462,1,192,19,0,34,25.246323704719543,0.1314912692954143
184,184,184,184,184,184,184,184,184,184,1-2701,13,1-2701,19,61,6,0,11,8.020869433879852,0.13148966285048938
428,428,428,428,428,428,428,428,428,428,1-9606,10,1-9606,7,16,1,0,6,2.1022924184799194,0.13139327615499496
33,33,33,33,33,33,33,33,33,33,1-6296,18,1-6296,18,254,17,0,89,33.350670874118805,0.13130185383511342
290,290,290,290,290,290,290,290,290,290,1-3509,18,1-3509,18,35,2,0,14,4.572015643119812,0.13062901837485177
311,311,311,311,311,311,311,311,311,311,1-8938,7,1-8938,4,30,3,0,5,3.918577015399933,0.13061923384666443
472,472,472,472,472,472,472,472,472,472,1-1935,12,1-1935,20,12,1,0,3,1.5511462092399597,0.12926218410332999
468,468,468,468,468,468,468,468,468,468,1-9946,2,1-9946,20,12,1,0,3,1.5511462092399597,0.12926218410332999
47,47,47,47,47,47,47,47,47,47,1-0303,12,1-0303,20,212,16,0,62,27.390354990959167,0.12919978769320362
292,292,292,292,292,292,292,292,292,292,1-9740,7,1-9740,4,34,4,0,2,4.367430806159973,0.1284538472399992
81,81,81,81,81,81,81,81,81,81,1-7682,14,1-7682,11,141,6,0,65,17.941501200199127,0.12724468936311437
65,65,65,65,65,65,65,65,65,65,1-4319,8,1-4319,5,163,15,0,31,20.695177495479584,0.1269642791133717
371,371,371,371,371,371,371,371,371,371,1-6035,2,1-6035,14,23,2,0,5,2.918577015399933,0.12689465284347534
49,49,49,49,49,49,49,49,49,49,1-6974,12,1-6974,20,207,13,0,71,26.043793618679047,0.12581542810956062
502,502,502,502,502,502,502,502,502,502,72-11994,16,72-11994,10,8,1,0,0,1.0,0.125
377,377,377,377,377,377,377,377,377,377,1-9892,2,1-9892,14,22,2,0,4,2.7348616123199463,0.12431189146908847
450,450,450,450,450,450,450,450,450,450,1-11206,2,1-11206,14,14,1,0,4,1.7348616123199463,0.12391868659428187
3,3,3,3,3,3,3,3,3,3,1-6181,18,1-6181,18,659,42,0,212,80.94766545295715,0.12283409021693042
90,90,90,90,90,90,90,90,90,90,1-7070,14,1-7070,11,129,5,0,59,15.839208781719208,0.1227845641993737
251,251,251,251,251,251,251,251,251,251,1-6919,13,1-6919,19,43,5,0,1,5.183715403079987,0.12055152100186016
270,270,270,270,270,270,270,270,270,270,1-9651,12,1-9651,20,38,2,0,14,4.572015643119812,0.12031620113473189
129,129,129,129,129,129,129,129,129,129,1-4531,4,1-4531,1,94,8,0,18,11.306877255439758,0.12028592824935913
438,438,438,438,438,438,438,438,438,438,1-5163,16,1-5163,10,16,1,0,5,1.9185770153999329,0.1199110634624958
190,190,190,190,190,190,190,190,190,190,1-7819,4,1-7819,1,59,3,0,22,7.041738867759705,0.11935150623321533
229,229,229,229,229,229,229,229,229,229,1-18423,4,1-18423,1,47,1,0,25,5.592885076999664,0.1189975548297801
216,216,216,216,216,216,216,216,216,216,1-8397,14,1-8397,4,51,2,0,22,6.041738867759705,0.11846546799528833
41,41,41,41,41,41,41,41,41,41,1-9283,14,1-9283,11,235,17,0,59,27.839208781719208,0.11846471822008174
392,392,392,392,392,392,392,392,392,392,MLG33,7,MLG33,4,20,2,0,2,2.367430806159973,0.11837154030799865
6,6,6,6,6,6,6,6,6,6,MLG54,15,MLG54,12,595,56,0,78,70.32980144023895,0.1182013469583848
72,72,72,72,72,72,72,72,72,72,1-9497,10,1-9497,7,150,12,0,31,17.695177495479584,0.1179678499698639
118,118,118,118,118,118,118,118,118,118,MLG15,7,MLG15,4,105,12,0,1,12.183715403079987,0.11603538479123797
247,247,247,247,247,247,247,247,247,247,1-6734,2,1-6734,14,44,4,0,6,5.102292418479919,0.11596119132908908
253,253,253,253,253,253,253,253,253,253,1-9578,12,1-9578,20,42,3,0,10,4.837154030799866,0.11517033406666347
158,158,158,158,158,158,158,158,158,158,1-9808,18,1-9808,18,74,3,0,30,8.511462092399597,0.11501975800539996
115,115,115,115,115,115,115,115,115,115,1-8421,2,1-8421,14,109,9,0,19,12.490592658519745,0.11459259319742886
255,255,255,255,255,255,255,255,255,255,1-3564,6,1-3564,3,41,3,0,9,4.653438627719879,0.113498503115119
245,245,245,245,245,245,245,245,245,245,1-1183,16,1-1183,10,45,4,0,6,5.102292418479919,0.11338427596622043
106,106,106,106,106,106,106,106,106,106,1-9963,2,1-9963,14,116,8,0,28,13.144031286239624,0.11331061453654848
417,417,417,417,417,417,417,417,417,417,1-5425,8,1-5425,5,17,1,0,5,1.9185770153999329,0.1128574714941137
22,22,22,22,22,22,22,22,22,22,MLG50,1,MLG50,15,319,36,0,0,36.0,0.11285266457680251
62,62,62,62,62,62,62,62,62,62,1-6878,18,1-6878,18,167,7,0,64,18.75778579711914,0.11232207064143197
381,381,381,381,381,381,381,381,381,381,1-9752,12,1-9752,20,22,1,0,8,2.4697232246398926,0.11226014657454057
97,97,97,97,97,97,97,97,97,97,1-1833,7,1-1833,4,124,12,0,10,13.837154030799866,0.11158995186128924
408,408,408,408,408,408,408,408,408,408,1-9495,17,1-9495,17,18,2,0,0,2.0,0.1111111111111111
451,451,451,451,451,451,451,451,451,451,1-11329,16,1-11329,10,14,1,0,3,1.5511462092399597,0.11079615780285426
448,448,448,448,448,448,448,448,448,448,MLG42,14,MLG42,11,14,1,0,3,1.5511462092399597,0.11079615780285426
294,294,294,294,294,294,294,294,294,294,1-3106,7,1-3106,4,34,3,0,4,3.7348616123199463,0.10984887095058665
58,58,58,58,58,58,58,58,58,58,MLG49,12,MLG49,20,185,14,0,34,20.246323704719543,0.10943958759307862
257,257,257,257,257,257,257,257,257,257,1-19286,8,1-19286,5,40,4,0,2,4.367430806159973,0.10918577015399933
105,105,105,105,105,105,105,105,105,105,1-7042,5,1-7042,2,117,10,0,14,12.572015643119812,0.10745312515487018
171,171,171,171,171,171,171,171,171,171,1-9645,11,1-9645,9,69,7,0,2,7.367430806159973,0.10677435950956483
358,358,358,358,358,358,358,358,358,358,1-8627,14,1-8627,11,25,1,0,9,2.653438627719879,0.10613754510879517
11,11,11,11,11,11,11,11,11,11,MLG56,22,MLG56,13,511,34,0,109,54.024978935718536,0.10572402922841201
180,180,180,180,180,180,180,180,180,180,1-10539,12,1-10539,20,63,5,0,9,6.653438627719879,0.10561013694793459
467,467,467,467,467,467,467,467,467,467,1-0031,2,1-0031,13,13,1,0,2,1.3674308061599731,0.1051869850892287
266,266,266,266,266,266,266,266,266,266,1-9496,8,1-9496,5,39,3,0,6,4.102292418479919,0.1051869850892287
222,222,222,222,222,222,222,222,222,222,1-8705,18,1-8705,18,48,3,0,11,5.020869433879852,0.10460144653916359
288,288,288,288,288,288,288,288,288,288,1-9761,4,1-9761,1,35,2,0,9,3.653438627719879,0.10438396079199655
197,197,197,197,197,197,197,197,197,197,1-6006,4,1-6006,1,57,5,0,5,5.918577015399933,0.10383468448070057
83,83,83,83,83,83,83,83,83,83,MLG13,4,MLG13,1,140,7,0,41,14.53233152627945,0.10380236804485321
442,442,442,442,442,442,442,442,442,442,1-5803,16,1-5803,10,15,1,0,3,1.5511462092399597,0.10340974728266399
447,447,447,447,447,447,447,447,447,447,1-9971,14,1-9971,11,15,1,0,3,1.5511462092399597,0.10340974728266399
111,111,111,111,111,111,111,111,111,111,1-0272,20,1-0272,8,111,0,0,62,11.390354990959167,0.10261581072936186
141,141,141,141,141,141,141,141,141,141,1-8820,8,1-8820,5,83,5,0,19,8.490592658519745,0.10229629709059934
130,130,130,130,130,130,130,130,130,130,1-3139,4,1-3139,1,93,4,0,30,9.511462092399597,0.10227378593978062
104,104,104,104,104,104,104,104,104,104,1-9394,16,1-9394,10,117,7,0,27,11.960315883159637,0.1022249220782875
296,296,296,296,296,296,296,296,296,296,1-0205,4,1-0205,1,34,2,0,8,3.4697232246398926,0.1020506830776439
301,301,301,301,301,301,301,301,301,301,1-8400,11,1-8400,9,33,3,0,2,3.367430806159973,0.10204335776242343
183,183,183,183,183,183,183,183,183,183,1-19915,2,1-19915,14,62,3,0,18,6.306877255439758,0.10172382670064126
403,403,403,403,403,403,403,403,403,403,72-12171,14,72-12171,17,19,1,0,5,1.9185770153999329,0.10097773765262805
298,298,298,298,298,298,298,298,298,298,1-7481,4,1-7481,1,33,2,0,7,3.286007821559906,0.09957599459272443
470,470,470,470,470,470,470,470,470,470,1-9055,4,1-9055,1,12,1,0,1,1.1837154030799866,0.09864295025666554
155,155,155,155,155,155,155,155,155,155,1-8157,16,1-8157,10,75,5,0,13,7.388300240039825,0.09851066986719767
262,262,262,262,262,262,262,262,262,262,1-8172,16,1-8172,10,40,1,0,16,3.939446449279785,0.09848616123199463
59,59,59,59,59,59,59,59,59,59,1-8573,8,1-8573,5,184,14,0,22,18.041738867759705,0.09805292862912883
263,263,263,263,263,263,263,263,263,263,1-6061,15,1-6061,12,40,3,0,5,3.918577015399933,0.09796442538499832
7,7,7,7,7,7,7,7,7,7,MLG69,22,MLG69,13,576,31,0,138,56.35272562503815,0.09783459309902456
169,169,169,169,169,169,169,169,169,169,1-7268,14,1-7268,11,70,5,0,10,6.837154030799866,0.09767362901142665
15,15,15,15,15,15,15,15,15,15,1-1580,5,1-1580,2,400,31,0,43,38.89976233243942,0.09724940583109856
427,427,427,427,427,427,427,427,427,427,1-3104,4,1-3104,1,16,1,0,3,1.5511462092399597,0.09694663807749748
2,2,2,2,2,2,2,2,2,2,1-6240,14,1-6240,11,698,41,0,145,67.63873344659805,0.09690362957965337
67,67,67,67,67,67,67,67,67,67,1-3516,20,1-3516,8,156,0,0,82,15.064663052558899,0.09656835290101859
269,269,269,269,269,269,269,269,269,269,1-8551,4,1-8551,1,38,2,0,9,3.653438627719879,0.09614312178210209
1,1,1,1,1,1,1,1,1,1,1-9227,4,1-9227,1,801,30,0,255,76.84742778539658,0.09593936053108187
136,136,136,136,136,136,136,136,136,136,1-1769,8,1-1769,5,89,7,0,8,8.469723224639893,0.09516542949033586
160,160,160,160,160,160,160,160,160,160,1-5197,9,1-5197,6,72,5,0,10,6.837154030799866,0.09496047264999813
375,375,375,375,375,375,375,375,375,375,1-7213,18,1-7213,9,23,2,0,1,2.1837154030799866,0.09494414795999942
324,324,324,324,324,324,324,324,324,324,1-5515,14,1-5515,11,29,2,0,4,2.7348616123199463,0.09430557283861883
21,21,21,21,21,21,21,21,21,21,MLG02,18,MLG02,18,320,13,0,92,29.901817083358765,0.09344317838549614
52,52,52,52,52,52,52,52,52,52,1-7122,16,1-7122,10,197,6,0,67,18.3089320063591,0.09293874114903096
53,53,53,53,53,53,53,53,53,53,1-8341,4,1-8341,1,197,10,0,45,18.267193138599396,0.0927268687238548
556,556,556,556,556,556,556,556,556,556,1-9455,12,1-9455,20,2,0,0,1,0.18371540307998657,0.09185770153999329
551,551,551,551,551,551,551,551,551,551,1-19567,16,1-19567,10,2,0,0,1,0.18371540307998657,0.09185770153999329
406,406,406,406,406,406,406,406,406,406,1-3265,6,1-3265,3,19,1,0,4,1.7348616123199463,0.09130850591157612
210,210,210,210,210,210,210,210,210,210,1-1191,16,1-1191,10,53,3,0,10,4.837154030799866,0.09126705718490313
426,426,426,426,426,426,426,426,426,426,1-3639,8,1-3639,5,17,1,0,3,1.5511462092399597,0.09124389466117411
384,384,384,384,384,384,384,384,384,384,1-0358,23,1-0358,9,22,2,0,0,2.0,0.09090909090909091
483,483,483,483,483,483,483,483,483,483,1-8578,1,1-8578,1,11,1,0,0,1.0,0.09090909090909091
480,480,480,480,480,480,480,480,480,480,1-5653,23,1-5653,16,11,1,0,0,1.0,0.09090909090909091
73,73,73,73,73,73,73,73,73,73,MLG12,15,MLG12,12,146,12,0,6,13.10229241847992,0.08974172889369808
208,208,208,208,208,208,208,208,208,208,1-5355,2,1-5355,14,53,2,0,15,4.755731046199799,0.08973077445659998
278,278,278,278,278,278,278,278,278,278,1-7845,12,1-7845,20,36,1,0,12,3.204584836959839,0.08901624547110663
316,316,316,316,316,316,316,316,316,316,1-8181,10,1-8181,7,30,1,0,9,2.653438627719879,0.0884479542573293
29,29,29,29,29,29,29,29,29,29,1-3534,20,1-3534,8,279,0,0,133,24.434148609638214,0.08757759358293267
179,179,179,179,179,179,179,179,179,179,1-7467,12,1-7467,20,64,1,0,25,5.592885076999664,0.08738882932811975
385,385,385,385,385,385,385,385,385,385,1-18615,12,1-18615,20,22,1,0,5,1.9185770153999329,0.0872080461545424
177,177,177,177,177,177,177,177,177,177,1-9498,2,1-9498,14,64,3,0,14,5.572015643119812,0.08706274442374706
234,234,234,234,234,234,234,234,234,234,1-10451,15,1-10451,12,46,4,0,0,4.0,0.08695652173913043
437,437,437,437,437,437,437,437,437,437,1-4098,17,1-4098,17,16,1,0,2,1.3674308061599731,0.08546442538499832
243,243,243,243,243,243,243,243,243,243,1-19166,22,1-19166,13,45,2,0,10,3.8371540307998657,0.08527008957333035
156,156,156,156,156,156,156,156,156,156,1-2294,8,1-2294,5,75,4,0,13,6.388300240039825,0.08517733653386433
317,317,317,317,317,317,317,317,317,317,1-9504,13,1-9504,19,30,2,0,3,2.5511462092399597,0.08503820697466533
249,249,249,249,249,249,249,249,249,249,1-6916,4,1-6916,1,43,2,0,9,3.653438627719879,0.08496368901674138
349,349,349,349,349,349,349,349,349,349,1-8186,14,1-8186,11,26,0,0,12,2.204584836959839,0.08479172449845535
461,461,461,461,461,461,461,461,461,461,1-2153,2,1-2153,14,13,0,0,6,1.1022924184799194,0.08479172449845535
124,124,124,124,124,124,124,124,124,124,1-0292,18,1-0292,18,99,3,0,29,8.32774668931961,0.08411865342747081
351,351,351,351,351,351,351,351,351,351,1-2324,18,1-2324,11,25,1,0,6,2.1022924184799194,0.08409169673919678
237,237,237,237,237,237,237,237,237,237,1-8418,12,1-8418,20,46,2,0,10,3.8371540307998657,0.08341639197391013
308,308,308,308,308,308,308,308,308,308,1-4700,20,1-4700,8,31,0,0,14,2.572015643119812,0.082968246552252
389,389,389,389,389,389,389,389,389,389,1-7842,12,1-7842,20,21,1,0,4,1.7348616123199463,0.08261245772952125
99,99,99,99,99,99,99,99,99,99,1-8826,4,1-8826,1,123,5,0,28,10.144031286239624,0.0824717990751189
232,232,232,232,232,232,232,232,232,232,1-8095,4,1-8095,1,46,1,0,15,3.7557310461997986,0.08164632709129997
405,405,405,405,405,405,405,405,405,405,1-9607,2,1-9607,14,19,1,0,3,1.5511462092399597,0.08163927417052419
238,238,238,238,238,238,238,238,238,238,1-4390,4,1-4390,1,45,2,0,9,3.653438627719879,0.08118752506044176
56,56,56,56,56,56,56,56,56,56,1-8427,14,1-8427,11,189,3,0,67,15.3089320063591,0.08099964024528625
181,181,181,181,181,181,181,181,181,181,MLG84,9,MLG84,6,63,4,0,6,5.102292418479919,0.0809887685473003
344,344,344,344,344,344,344,344,344,344,1-2103,2,1-2103,14,26,1,0,6,2.1022924184799194,0.08085740071076614
435,435,435,435,435,435,435,435,435,435,1-4494,14,1-4494,12,16,0,0,7,1.286007821559906,0.08037548884749413
193,193,193,193,193,193,193,193,193,193,1-8094,6,1-8094,3,58,3,0,9,4.653438627719879,0.08023170047792895
50,50,50,50,50,50,50,50,50,50,1-7964,18,1-7964,18,202,0,0,88,16.16695547103882,0.08003443302494465
354,354,354,354,354,354,354,354,354,354,1-7530,22,1-7530,13,25,2,0,0,2.0,0.08
352,352,352,352,352,352,352,352,352,352,1-2297,1,1-2297,15,25,2,0,0,2.0,0.08
357,357,357,357,357,357,357,357,357,357,1-9650,23,1-9650,16,25,2,0,0,2.0,0.08
329,329,329,329,329,329,329,329,329,329,1-5980,10,1-5980,4,29,1,0,7,2.286007821559906,0.07882785591585882
457,457,457,457,457,457,457,457,457,457,1-11330,4,1-11330,1,14,0,0,6,1.1022924184799194,0.07873517274856567
291,291,291,291,291,291,291,291,291,291,1-0037,2,1-0037,14,35,2,0,4,2.7348616123199463,0.07813890320914132
204,204,204,204,204,204,204,204,204,204,1-8576,18,1-8576,18,55,3,0,7,4.286007821559906,0.07792741493745284
233,233,233,233,233,233,233,233,233,233,1-3587,22,1-3587,13,46,3,0,3,3.5511462092399597,0.07719883063565129
285,285,285,285,285,285,285,285,285,285,1-9887,18,1-9887,18,36,0,0,15,2.7557310461997986,0.07654808461666107
476,476,476,476,476,476,476,476,476,476,1-2178,4,1-2178,1,12,0,0,5,0.9185770153999329,0.07654808461666107
361,361,361,361,361,361,361,361,361,361,1-10696,16,1-10696,10,24,0,0,10,1.8371540307998657,0.07654808461666107
475,475,475,475,475,475,475,475,475,475,1-4499,12,1-4499,20,12,0,0,5,0.9185770153999329,0.07654808461666107
230,230,230,230,230,230,230,230,230,230,1-9345,14,1-9345,11,47,1,0,14,3.572015643119812,0.07600033283233643
411,411,411,411,411,411,411,411,411,411,1-8124,6,1-8124,3,18,1,0,2,1.3674308061599731,0.07596837811999851
16,16,16,16,16,16,16,16,16,16,1-7140,18,1-7140,18,397,15,0,81,29.880947649478912,0.07526687065359927
334,334,334,334,334,334,334,334,334,334,1-18994,6,1-18994,3,28,1,0,6,2.1022924184799194,0.07508187208856855
146,146,146,146,146,146,146,146,146,146,MLG78,1,MLG78,15,80,6,0,0,6.0,0.075
5,5,5,5,5,5,5,5,5,5,MLG57,23,MLG57,16,629,47,0,0,47.0,0.07472178060413355
40,40,40,40,40,40,40,40,40,40,1-7807,20,1-7807,8,239,0,0,97,17.820394098758698,0.0745623184048481
434,434,434,434,434,434,434,434,434,434,1-4149,4,1-4149,1,16,1,0,1,1.1837154030799866,0.07398221269249916
306,306,306,306,306,306,306,306,306,306,1-1972,13,1-1972,19,32,2,0,2,2.367430806159973,0.07398221269249916
142,142,142,142,142,142,142,142,142,142,1-8084,10,1-8084,7,82,2,0,22,6.041738867759705,0.07367974228975249
486,486,486,486,486,486,486,486,486,486,1-5406,12,1-5406,20,10,0,0,4,0.7348616123199463,0.07348616123199463
189,189,189,189,189,189,189,189,189,189,MLG10,12,MLG10,20,60,2,0,13,4.388300240039825,0.07313833733399709
153,153,153,153,153,153,153,153,153,153,1-9516,4,1-9516,1,76,2,0,19,5.490592658519745,0.07224464024368085
456,456,456,456,456,456,456,456,456,456,1-7995,12,1-7995,20,14,1,0,0,1.0,0.07142857142857142
465,465,465,465,465,465,465,465,465,465,1-18498,14,1-18498,11,13,0,0,5,0.9185770153999329,0.07065977041537945
224,224,224,224,224,224,224,224,224,224,1-9277,4,1-9277,1,48,1,0,13,3.3883002400398254,0.07058958833416303
102,102,102,102,102,102,102,102,102,102,1-17907,20,1-17907,8,119,0,0,45,8.267193138599396,0.06947221124873441
320,320,320,320,320,320,320,320,320,320,1-18203,11,1-18203,9,29,2,0,0,2.0,0.06896551724137931
504,504,504,504,504,504,504,504,504,504,1-9861,12,1-9861,20,8,0,0,3,0.5511462092399597,0.06889327615499496
505,505,505,505,505,505,505,505,505,505,1-9855,12,1-9855,20,8,0,0,3,0.5511462092399597,0.06889327615499496
433,433,433,433,433,433,433,433,433,433,1-20641,20,1-20641,8,16,0,0,6,1.1022924184799194,0.06889327615499496
250,250,250,250,250,250,250,250,250,250,1-18234,12,1-18234,20,43,0,0,16,2.939446449279785,0.06835921975069267
242,242,242,242,242,242,242,242,242,242,1-3206,22,1-3206,13,45,1,0,11,3.0208694338798523,0.06713043186399671
380,380,380,380,380,380,380,380,380,380,1-9722,12,1-9722,20,22,0,0,8,1.4697232246398926,0.06680560111999512
347,347,347,347,347,347,347,347,347,347,1-7204,12,1-7204,20,26,1,0,4,1.7348616123199463,0.06672544662769024
202,202,202,202,202,202,202,202,202,202,1-6787,7,1-6787,4,56,3,0,4,3.7348616123199463,0.06669395736285619
318,318,318,318,318,318,318,318,318,318,1-9902,17,1-9902,17,30,2,0,0,2.0,0.06666666666666667
321,321,321,321,321,321,321,321,321,321,1-7752,16,1-7752,10,29,1,0,5,1.9185770153999329,0.06615782811723907
30,30,30,30,30,30,30,30,30,30,1-10785,2,1-10785,14,279,3,0,84,18.432093858718872,0.06606485254021101
69,69,69,69,69,69,69,69,69,69,MLG17,12,MLG17,20,153,4,0,33,10.062608301639557,0.06576868171006246
415,415,415,415,415,415,415,415,415,415,1-9465,15,1-9465,12,18,1,0,1,1.1837154030799866,0.06576196683777703
78,78,78,78,78,78,78,78,78,78,1-1570,2,1-1570,14,142,4,0,29,9.32774668931961,0.06568835696703951
422,422,422,422,422,422,422,422,422,422,1-7536,20,1-7536,9,17,0,0,6,1.1022924184799194,0.06484073049881879
25,25,25,25,25,25,25,25,25,25,1-18028,22,1-18028,13,309,11,0,48,19.818339347839355,0.06413702054316943
28,28,28,28,28,28,28,28,28,28,1-7005,4,1-7005,1,285,3,0,81,17.880947649478912,0.06274016719115408
439,439,439,439,439,439,439,439,439,439,1-4682,23,1-4682,16,16,1,0,0,1.0,0.0625
379,379,379,379,379,379,379,379,379,379,1-7182,14,1-7182,11,22,1,0,2,1.3674308061599731,0.062155945734544235
137,137,137,137,137,137,137,137,137,137,1-6611,20,1-6611,8,89,0,0,30,5.511462092399597,0.06192654036404042
497,497,497,497,497,497,497,497,497,497,MLG72,18,MLG72,18,9,0,0,3,0.5511462092399597,0.06123846769332886
518,518,518,518,518,518,518,518,518,518,1-4842,11,1-4842,9,6,0,0,2,0.36743080615997314,0.06123846769332886
87,87,87,87,87,87,87,87,87,87,1-3141,2,1-3141,14,136,3,0,29,8.32774668931961,0.061233431539114785
82,82,82,82,82,82,82,82,82,82,1-8188,12,1-8188,20,140,4,0,24,8.409169673919678,0.06006549767085484
289,289,289,289,289,289,289,289,289,289,1-5549,8,1-5549,5,35,1,0,6,2.1022924184799194,0.06006549767085484
131,131,131,131,131,131,131,131,131,131,1-9925,8,1-9925,5,93,5,0,3,5.55114620923996,0.05968974418537591
167,167,167,167,167,167,167,167,167,167,72-12387,2,72-12387,14,71,0,0,23,4.225454270839691,0.059513440434361846
370,370,370,370,370,370,370,370,370,370,1-7066,4,1-7066,1,23,1,0,2,1.3674308061599731,0.05945351331130318
293,293,293,293,293,293,293,293,293,293,1-1250,17,1-1250,17,34,2,0,0,2.0,0.058823529411764705
440,440,440,440,440,440,440,440,440,440,1-2034,20,1-2034,8,16,0,0,5,0.9185770153999329,0.057411063462495804
258,258,258,258,258,258,258,258,258,258,1-17758,8,1-17758,5,40,1,0,7,2.286007821559906,0.05715019553899765
138,138,138,138,138,138,138,138,138,138,1-4640,20,1-4640,8,87,0,0,27,4.9603158831596375,0.057015125093788935
246,246,246,246,246,246,246,246,246,246,1-6538,14,1-6538,11,44,1,0,8,2.4697232246398926,0.056130073287270286
284,284,284,284,284,284,284,284,284,284,1-2584,16,1-2584,10,36,2,0,0,2.0,0.05555555555555555
330,330,330,330,330,330,330,330,330,330,1-9818,7,1-9818,4,28,1,0,3,1.5511462092399597,0.05539807890142713
493,493,493,493,493,493,493,493,493,493,1-0033,20,1-0033,8,10,0,0,3,0.5511462092399597,0.05511462092399597
275,275,275,275,275,275,275,275,275,275,1-4020,23,1-4020,11,37,2,0,0,2.0,0.05405405405405406
201,201,201,201,201,201,201,201,201,201,1-8529,1,1-8529,10,56,3,0,0,3.0,0.05357142857142857
70,70,70,70,70,70,70,70,70,70,1-1224,23,1-1224,16,151,8,0,0,8.0,0.052980132450331126
268,268,268,268,268,268,268,268,268,268,1-8493,1,1-8493,15,38,2,0,0,2.0,0.05263157894736842
402,402,402,402,402,402,402,402,402,402,1-18603,8,1-18603,5,19,1,0,0,1.0,0.05263157894736842
511,511,511,511,511,511,511,511,511,511,1-3033,7,1-3033,4,7,0,0,2,0.36743080615997314,0.05249011516571045
513,513,513,513,513,513,513,513,513,513,1-5530,20,1-5530,16,7,0,0,2,0.36743080615997314,0.05249011516571045
19,19,19,19,19,19,19,19,19,19,1-7863,2,1-7863,14,351,5,0,73,18.41122442483902,0.052453630839997205
267,267,267,267,267,267,267,267,267,267,1-5413,23,1-5413,16,39,2,0,0,2.0,0.05128205128205128
272,272,272,272,272,272,272,272,272,272,1-19229,6,1-19229,3,38,1,0,5,1.9185770153999329,0.05048886882631402
482,482,482,482,482,482,482,482,482,482,1-9457,4,1-9457,1,11,0,0,3,0.5511462092399597,0.05010420083999634
309,309,309,309,309,309,309,309,309,309,1-9185,14,1-9185,11,31,1,0,3,1.5511462092399597,0.050036974491611604
186,186,186,186,186,186,186,186,186,186,1-19004,17,1-19004,17,60,3,0,0,3.0,0.05
88,88,88,88,88,88,88,88,88,88,1-8267,20,1-8267,8,133,0,0,36,6.613754510879517,0.0497274775254099
44,44,44,44,44,44,44,44,44,44,1-0008,18,1-0008,18,230,1,0,56,11.288062572479248,0.04907853292382282
312,312,312,312,312,312,312,312,312,312,1-1850,12,1-1850,20,30,0,0,8,1.4697232246398926,0.04899077415466309
95,95,95,95,95,95,95,95,95,95,1-5626,2,1-5626,14,125,2,0,22,6.041738867759705,0.04833391094207764
68,68,68,68,68,68,68,68,68,68,1-1015,20,1-1015,8,155,0,0,40,7.348616123199463,0.04741042660128686
356,356,356,356,356,356,356,356,356,356,1-18613,13,1-18613,19,25,1,0,1,1.1837154030799866,0.04734861612319946
114,114,114,114,114,114,114,114,114,114,1-7152,20,1-7152,8,109,0,0,28,5.144031286239624,0.047192947580180035
96,96,96,96,96,96,96,96,96,96,MLG09,12,MLG09,20,125,3,0,15,5.755731046199799,0.04604584836959839
506,506,506,506,506,506,506,506,506,506,1-17657,14,1-17657,11,8,0,0,2,0.36743080615997314,0.04592885076999664
109,109,109,109,109,109,109,109,109,109,1-7441,2,1-7441,14,111,1,0,22,5.041738867759705,0.04542107088071806
35,35,35,35,35,35,35,35,35,35,1-7496,20,1-7496,8,246,0,0,60,11.022924184799194,0.0448086348975577
209,209,209,209,209,209,209,209,209,209,1-19897,5,1-19897,2,53,2,0,2,2.367430806159973,0.044668505776603265
323,323,323,323,323,323,323,323,323,323,1-13247,20,1-13247,8,29,0,0,7,1.286007821559906,0.044345097295169174
17,17,17,17,17,17,17,17,17,17,1-7004,20,1-7004,8,381,0,0,91,16.718101680278778,0.043879531969235636
206,206,206,206,206,206,206,206,206,206,1-8544,15,1-8544,8,54,2,0,2,2.367430806159973,0.04384131122518469
236,236,236,236,236,236,236,236,236,236,1-9794,23,1-9794,10,46,2,0,0,2.0,0.043478260869565216
466,466,466,466,466,466,466,466,466,466,1-9416,20,1-9416,9,13,0,0,3,0.5511462092399597,0.04239586224922767
378,378,378,378,378,378,378,378,378,378,1-9518,12,1-9518,20,22,0,0,5,0.9185770153999329,0.04175350069999695
407,407,407,407,407,407,407,407,407,407,1-9549,20,1-9549,8,18,0,0,4,0.7348616123199463,0.0408256451288859
196,196,196,196,196,196,196,196,196,196,1-6743,7,1-6743,4,58,2,0,2,2.367430806159973,0.04081777251999954
276,276,276,276,276,276,276,276,276,276,1-2573,4,1-2573,1,37,0,0,8,1.4697232246398926,0.039722249314591694
458,458,458,458,458,458,458,458,458,458,1-9667,12,1-9667,20,14,0,0,3,0.5511462092399597,0.03936758637428284
103,103,103,103,103,103,103,103,103,103,1-3362,20,1-3362,8,117,0,0,25,4.592885076999664,0.03925542800854414
140,140,140,140,140,140,140,140,140,140,1-8066,17,1-8066,17,86,3,0,2,3.367430806159973,0.03915617216465085
60,60,60,60,60,60,60,60,60,60,1-3068,20,1-3068,8,180,0,0,38,6.98118531703949,0.03878436287244161
211,211,211,211,211,211,211,211,211,211,1-8042,23,1-8042,19,52,2,0,0,2.0,0.038461538461538464
346,346,346,346,346,346,346,346,346,346,1-9805,1,1-9805,15,26,1,0,0,1.0,0.038461538461538464
307,307,307,307,307,307,307,307,307,307,1-9739,12,1-9739,20,31,1,0,1,1.1837154030799866,0.03818436784128989
305,305,305,305,305,305,305,305,305,305,1-8127,5,1-8127,2,32,1,0,1,1.1837154030799866,0.03699110634624958
107,107,107,107,107,107,107,107,107,107,MLG37,5,MLG37,2,116,3,0,7,4.286007821559906,0.036948343289309536
446,446,446,446,446,446,446,446,446,446,1-19447,12,1-19447,20,15,0,0,3,0.5511462092399597,0.03674308061599731
444,444,444,444,444,444,444,444,444,444,1-8906,4,1-8906,1,15,0,0,3,0.5511462092399597,0.03674308061599731
490,490,490,490,490,490,490,490,490,490,1-8634,14,1-8634,11,10,0,0,2,0.36743080615997314,0.03674308061599731
261,261,261,261,261,261,261,261,261,261,1-5214,20,1-5214,8,40,0,0,8,1.4697232246398926,0.03674308061599731
537,537,537,537,537,537,537,537,537,537,1-5990,11,1-5990,9,5,0,0,1,0.18371540307998657,0.03674308061599731
489,489,489,489,489,489,489,489,489,489,1-7521,17,1-7521,17,10,0,0,2,0.36743080615997314,0.03674308061599731
532,532,532,532,532,532,532,532,532,532,1-4136,12,1-4136,20,5,0,0,1,0.18371540307998657,0.03674308061599731
492,492,492,492,492,492,492,492,492,492,MLG73,12,MLG73,20,10,0,0,2,0.36743080615997314,0.03674308061599731
223,223,223,223,223,223,223,223,223,223,1-6228,4,1-6228,1,48,0,0,9,1.6534386277198792,0.03444663807749748
431,431,431,431,431,431,431,431,431,431,1-8503,12,1-8503,20,16,0,0,3,0.5511462092399597,0.03444663807749748
336,336,336,336,336,336,336,336,336,336,1-9655,20,1-9655,8,27,0,0,5,0.9185770153999329,0.03402137094073825
341,341,341,341,341,341,341,341,341,341,1-9870,10,1-9870,7,27,0,0,5,0.9185770153999329,0.03402137094073825
108,108,108,108,108,108,108,108,108,108,1-8328,20,1-8328,8,114,0,0,21,3.858023464679718,0.033842311093681736
173,173,173,173,173,173,173,173,173,173,1-1207,4,1-1207,1,66,1,0,6,2.1022924184799194,0.03185291543151393
42,42,42,42,42,42,42,42,42,42,1-8541,4,1-8541,1,232,2,0,28,7.144031286239624,0.030793238302757
478,478,478,478,478,478,478,478,478,478,1-20012,14,1-20012,11,12,0,0,2,0.36743080615997314,0.03061923384666443
471,471,471,471,471,471,471,471,471,471,1-19205,2,1-19205,14,12,0,0,2,0.36743080615997314,0.03061923384666443
274,274,274,274,274,274,274,274,274,274,1-7744,2,1-7744,14,37,0,0,6,1.1022924184799194,0.02979168698594377
120,120,120,120,120,120,120,120,120,120,1-2670,12,1-2670,20,104,3,0,0,3.0,0.028846153846153848
286,286,286,286,286,286,286,286,286,286,1-1770,1,1-1770,11,35,1,0,0,1.0,0.02857142857142857
110,110,110,110,110,110,110,110,110,110,1-9137,9,1-9137,6,111,2,0,6,3.1022924184799194,0.02794858034666594
175,175,175,175,175,175,175,175,175,175,1-19547,20,1-19547,8,66,0,0,10,1.8371540307998657,0.0278356671333313
100,100,100,100,100,100,100,100,100,100,1-5172,2,1-5172,14,120,0,0,18,3.3068772554397583,0.027557310461997987
395,395,395,395,395,395,395,395,395,395,1-1836,2,1-1836,14,20,0,0,3,0.5511462092399597,0.027557310461997987
219,219,219,219,219,219,219,219,219,219,1-2400,20,1-2400,8,49,0,0,7,1.286007821559906,0.026245057582855225
455,455,455,455,455,455,455,455,455,455,1-18377,20,1-18377,8,14,0,0,2,0.36743080615997314,0.026245057582855225
514,514,514,514,514,514,514,514,514,514,P-0009,20,P-0009,8,7,0,0,1,0.18371540307998657,0.026245057582855225
159,159,159,159,159,159,159,159,159,159,1-6914,4,1-6914,1,73,0,0,10,1.8371540307998657,0.0251664935726009
139,139,139,139,139,139,139,139,139,139,MLG11,1,MLG11,15,87,2,0,0,2.0,0.022988505747126436
508,508,508,508,508,508,508,508,508,508,1-9806,15,1-9806,12,8,0,0,1,0.18371540307998657,0.02296442538499832
231,231,231,231,231,231,231,231,231,231,1-7991,1,1-7991,15,46,1,0,0,1.0,0.021739130434782608
342,342,342,342,342,342,342,342,342,342,1-6531,4,1-6531,1,27,0,0,3,0.5511462092399597,0.02041282256444295
500,500,500,500,500,500,500,500,500,500,1-2869,4,1-2869,1,9,0,0,1,0.18371540307998657,0.02041282256444295
339,339,339,339,339,339,339,339,339,339,1-9850,4,1-9850,1,27,0,0,3,0.5511462092399597,0.02041282256444295
149,149,149,149,149,149,149,149,149,149,1-5877,2,1-5877,14,79,1,0,3,1.5511462092399597,0.01963476214227797
271,271,271,271,271,271,271,271,271,271,1-5508,4,1-5508,1,38,0,0,4,0.7348616123199463,0.01933846348210385
213,213,213,213,213,213,213,213,213,213,1-6227,23,1-6227,19,52,1,0,0,1.0,0.019230769230769232
398,398,398,398,398,398,398,398,398,398,1-20047,2,1-20047,14,20,0,0,2,0.36743080615997314,0.018371540307998657
487,487,487,487,487,487,487,487,487,487,1-4929,9,1-4929,6,10,0,0,1,0.18371540307998657,0.018371540307998657
399,399,399,399,399,399,399,399,399,399,1-19813,2,1-19813,14,20,0,0,2,0.36743080615997314,0.018371540307998657
393,393,393,393,393,393,393,393,393,393,1-6718,14,1-6718,11,20,0,0,2,0.36743080615997314,0.018371540307998657
303,303,303,303,303,303,303,303,303,303,1-18714,8,1-18714,5,32,0,0,3,0.5511462092399597,0.01722331903874874
479,479,479,479,479,479,479,479,479,479,1-19598,12,1-19598,20,11,0,0,1,0.18371540307998657,0.01670140027999878
187,187,187,187,187,187,187,187,187,187,1-9955,4,1-9955,1,60,0,0,5,0.9185770153999329,0.015309616923332214
362,362,362,362,362,362,362,362,362,362,1-1827,14,1-1827,11,24,0,0,2,0.36743080615997314,0.015309616923332214
474,474,474,474,474,474,474,474,474,474,1-18004,8,1-18004,5,12,0,0,1,0.18371540307998657,0.015309616923332214
359,359,359,359,359,359,359,359,359,359,1-7839,20,1-7839,8,24,0,0,2,0.36743080615997314,0.015309616923332214
365,365,365,365,365,365,365,365,365,365,1-8590,6,1-8590,3,24,0,0,2,0.36743080615997314,0.015309616923332214
360,360,360,360,360,360,360,360,360,360,1-7993,2,1-7993,14,24,0,0,2,0.36743080615997314,0.015309616923332214
178,178,178,178,178,178,178,178,178,178,1-0405,22,1-0405,13,64,0,0,5,0.9185770153999329,0.014352765865623951
452,452,452,452,452,452,452,452,452,452,1-9588,4,1-9588,1,14,0,0,1,0.18371540307998657,0.013122528791427612
113,113,113,113,113,113,113,113,113,113,1-7341,10,1-7341,7,110,1,0,2,1.3674308061599731,0.012431189146908847
188,188,188,188,188,188,188,188,188,188,1-7722,20,1-7722,8,60,0,0,4,0.7348616123199463,0.012247693538665772
134,134,134,134,134,134,134,134,134,134,1-8659,20,1-8659,8,91,0,0,6,1.1022924184799194,0.012113103499779334
226,226,226,226,226,226,226,226,226,226,1-4634,20,1-4634,8,48,0,0,3,0.5511462092399597,0.01148221269249916
436,436,436,436,436,436,436,436,436,436,1-9115,15,1-9115,12,16,0,0,1,0.18371540307998657,0.01148221269249916
119,119,119,119,119,119,119,119,119,119,1-9646,15,1-9646,12,105,1,0,1,1.1837154030799866,0.011273480029333205
416,416,416,416,416,416,416,416,416,416,1-9907,14,1-9907,11,17,0,0,1,0.18371540307998657,0.010806788416469799
170,170,170,170,170,170,170,170,170,170,1-6594,12,1-6594,20,70,0,0,4,0.7348616123199463,0.01049802303314209
401,401,401,401,401,401,401,401,401,401,1-8100,20,1-8100,9,19,0,0,1,0.18371540307998657,0.009669231741051925
116,116,116,116,116,116,116,116,116,116,MLG08,1,MLG08,15,107,1,0,0,1.0,0.009345794392523364
397,397,397,397,397,397,397,397,397,397,1-9839,2,1-9839,14,20,0,0,1,0.18371540307998657,0.009185770153999328
400,400,400,400,400,400,400,400,400,400,1-8646,8,1-8646,5,20,0,0,1,0.18371540307998657,0.009185770153999328
388,388,388,388,388,388,388,388,388,388,1-8125,22,1-8125,13,21,0,0,1,0.18371540307998657,0.008748352527618408
98,98,98,98,98,98,98,98,98,98,1-5043,1,1-5043,15,123,1,0,0,1.0,0.008130081300813009
373,373,373,373,373,373,373,373,373,373,1-8488,20,1-8488,9,23,0,0,1,0.18371540307998657,0.007987626220868982
363,363,363,363,363,363,363,363,363,363,1-5167,12,1-5167,20,24,0,0,1,0.18371540307998657,0.007654808461666107
367,367,367,367,367,367,367,367,367,367,1-9995,18,1-9995,16,24,0,0,1,0.18371540307998657,0.007654808461666107
353,353,353,353,353,353,353,353,353,353,1-9331,4,1-9331,1,25,0,0,1,0.18371540307998657,0.007348616123199463
333,333,333,333,333,333,333,333,333,333,1-9996,22,1-9996,13,28,0,0,1,0.18371540307998657,0.006561264395713806
310,310,310,310,310,310,310,310,310,310,1-10071,14,1-10071,11,30,0,0,1,0.18371540307998657,0.006123846769332886
135,135,135,135,135,135,135,135,135,135,MLG07,4,MLG07,1,90,0,0,3,0.5511462092399597,0.006123846769332886
164,164,164,164,164,164,164,164,164,164,72-0103,4,72-0103,1,71,0,0,2,0.36743080615997314,0.00517508177690103
264,264,264,264,264,264,264,264,264,264,1-8928,22,1-8928,13,39,0,0,1,0.18371540307998657,0.004710651361025297
13,13,13,13,13,13,13,13,13,13,1-1258,1,1-1258,15,435,2,0,0,2.0,0.004597701149425287
252,252,252,252,252,252,252,252,252,252,1-6918,20,1-6918,8,43,0,0,1,0.18371540307998657,0.004272451234418292
198,198,198,198,198,198,198,198,198,198,1-8401,12,1-8401,20,57,0,0,1,0.18371540307998657,0.0032230772470173085
443,443,443,443,443,443,443,443,443,443,1-19222,9,1-19222,6,15,0,0,0,0.0,0.0
528,528,528,528,528,528,528,528,528,528,1-8623,4,1-8623,1,5,0,0,0,0.0,0.0
552,552,552,552,552,552,552,552,552,552,1-19568,4,1-19568,1,2,0,0,0,0.0,0.0
520,520,520,520,520,520,520,520,520,520,1-10698,12,1-10698,20,6,0,0,0,0.0,0.0
534,534,534,534,534,534,534,534,534,534,1-8379,14,1-8379,20,5,0,0,0,0.0,0.0
313,313,313,313,313,313,313,313,313,313,1-8641,9,1-8641,6,30,0,0,0,0.0,0.0
241,241,241,241,241,241,241,241,241,241,1-6216,4,1-6216,1,45,0,0,0,0.0,0.0
391,391,391,391,391,391,391,391,391,391,72-18936,12,72-18936,20,20,0,0,0,0.0,0.0
382,382,382,382,382,382,382,382,382,382,1-18409,1,1-18409,15,22,0,0,0,0.0,0.0
531,531,531,531,531,531,531,531,531,531,1-4051,10,1-4051,14,5,0,0,0,0.0,0.0
544,544,544,544,544,544,544,544,544,544,1-4910,7,1-4910,4,4,0,0,0,0.0,0.0
481,481,481,481,481,481,481,481,481,481,1-7770,1,1-7770,15,11,0,0,0,0.0,0.0
390,390,390,390,390,390,390,390,390,390,1-20003,20,1-20003,9,21,0,0,0,0.0,0.0
555,555,555,555,555,555,555,555,555,555,1-6028,10,1-6028,7,2,0,0,0,0.0,0.0
501,501,501,501,501,501,501,501,501,501,1-18563,8,1-18563,5,8,0,0,0,0.0,0.0
550,550,550,550,550,550,550,550,550,550,1-3176,14,1-3176,11,3,0,0,0,0.0,0.0
477,477,477,477,477,477,477,477,477,477,1-8222,23,1-8222,16,12,0,0,0,0.0,0.0
536,536,536,536,536,536,536,536,536,536,1-10232,9,1-10232,6,5,0,0,0,0.0,0.0
539,539,539,539,539,539,539,539,539,539,1-21192,4,1-21192,1,4,0,0,0,0.0,0.0
273,273,273,273,273,273,273,273,273,273,1-9237,1,1-9237,15,38,0,0,0,0.0,0.0
410,410,410,410,410,410,410,410,410,410,1-3108,1,1-3108,13,18,0,0,0,0.0,0.0
517,517,517,517,517,517,517,517,517,517,1-7321,14,1-7321,11,7,0,0,0,0.0,0.0
547,547,547,547,547,547,547,547,547,547,1-9838,1,1-9838,13,3,0,0,0,0.0,0.0
549,549,549,549,549,549,549,549,549,549,1-7599,9,1-7599,6,3,0,0,0,0.0,0.0
185,185,185,185,185,185,185,185,185,185,1-2714,7,1-2714,4,61,0,0,0,0.0,0.0
542,542,542,542,542,542,542,542,542,542,1-8093,20,1-8093,17,4,0,0,0,0.0,0.0
564,564,564,564,564,564,564,564,564,564,1-7527,17,1-7527,17,1,0,0,0,0.0,0.0
540,540,540,540,540,540,540,540,540,540,1-9733,11,1-9733,9,4,0,0,0,0.0,0.0
562,562,562,562,562,562,562,562,562,562,1-6931,4,1-6931,1,1,0,0,0,0.0,0.0
340,340,340,340,340,340,340,340,340,340,1-3519,2,1-3519,14,27,0,0,0,0.0,0.0
522,522,522,522,522,522,522,522,522,522,1-3178,4,1-3178,1,6,0,0,0,0.0,0.0
282,282,282,282,282,282,282,282,282,282,1-2104,12,1-2104,20,36,0,0,0,0.0,0.0
279,279,279,279,279,279,279,279,279,279,1-6642,8,1-6642,5,36,0,0,0,0.0,0.0
248,248,248,248,248,248,248,248,248,248,1-6217,7,1-6217,4,44,0,0,0,0.0,0.0
374,374,374,374,374,374,374,374,374,374,1-18202,7,1-18202,4,23,0,0,0,0.0,0.0
538,538,538,538,538,538,538,538,538,538,1-5929,4,1-5929,1,4,0,0,0,0.0,0.0
557,557,557,557,557,557,557,557,557,557,1-19927,4,1-19927,1,1,0,0,0,0.0,0.0
396,396,396,396,396,396,396,396,396,396,1-7721,8,1-7721,5,20,0,0,0,0.0,0.0
287,287,287,287,287,287,287,287,287,287,1-2596,16,1-2596,10,35,0,0,0,0.0,0.0
322,322,322,322,322,322,322,322,322,322,1-19549,1,1-19549,15,29,0,0,0,0.0,0.0
546,546,546,546,546,546,546,546,546,546,1-9034,5,1-9034,20,3,0,0,0,0.0,0.0
469,469,469,469,469,469,469,469,469,469,1-6543,1,1-6543,15,12,0,0,0,0.0,0.0
280,280,280,280,280,280,280,280,280,280,1-8314,1,1-8314,15,36,0,0,0,0.0,0.0
558,558,558,558,558,558,558,558,558,558,1-10951,22,1-10951,13,1,0,0,0,0.0,0.0
495,495,495,495,495,495,495,495,495,495,1-9712,8,1-9712,5,10,0,0,0,0.0,0.0
565,565,565,565,565,565,565,565,565,565,1-10922,4,1-10922,1,1,0,0,0,0.0,0.0
355,355,355,355,355,355,355,355,355,355,1-4747,1,1-4747,15,25,0,0,0,0.0,0.0
527,527,527,527,527,527,527,527,527,527,1-17790,7,1-17790,4,5,0,0,0,0.0,0.0
554,554,554,554,554,554,554,554,554,554,1-10948,4,1-10948,1,2,0,0,0,0.0,0.0
541,541,541,541,541,541,541,541,541,541,1-8532,16,1-8532,10,4,0,0,0,0.0,0.0
200,200,200,200,200,200,200,200,200,200,1-8020,4,1-8020,1,56,0,0,0,0.0,0.0
459,459,459,459,459,459,459,459,459,459,1-19839,2,1-19839,14,13,0,0,0,0.0,0.0
563,563,563,563,563,563,563,563,563,563,1-8352,4,1-8352,1,1,0,0,0,0.0,0.0
484,484,484,484,484,484,484,484,484,484,1-9731,7,1-9731,4,11,0,0,0,0.0,0.0
559,559,559,559,559,559,559,559,559,559,1-10978,4,1-10978,1,1,0,0,0,0.0,0.0
152,152,152,152,152,152,152,152,152,152,1-10038,23,1-10038,16,76,0,0,0,0.0,0.0
314,314,314,314,314,314,314,314,314,314,1-4088,4,1-4088,1,30,0,0,0,0.0,0.0
214,214,214,214,214,214,214,214,214,214,1-8450,23,1-8450,12,52,0,0,0,0.0,0.0
535,535,535,535,535,535,535,535,535,535,1-8566,12,1-8566,20,5,0,0,0,0.0,0.0
254,254,254,254,254,254,254,254,254,254,1-2025,12,1-2025,20,41,0,0,0,0.0,0.0
259,259,259,259,259,259,259,259,259,259,1-7509,17,1-7509,17,40,0,0,0,0.0,0.0
561,561,561,561,561,561,561,561,561,561,1-21195,4,1-21195,1,1,0,0,0,0.0,0.0
494,494,494,494,494,494,494,494,494,494,1-6971,4,1-6971,1,10,0,0,0,0.0,0.0
394,394,394,394,394,394,394,394,394,394,1-9697,1,1-9697,20,20,0,0,0,0.0,0.0
560,560,560,560,560,560,560,560,560,560,1-19924,4,1-19924,1,1,0,0,0,0.0,0.0
240,240,240,240,240,240,240,240,240,240,1-8174,7,1-8174,4,45,0,0,0,0.0,0.0
498,498,498,498,498,498,498,498,498,498,1-8113,8,1-8113,5,9,0,0,0,0.0,0.0
553,553,553,553,553,553,553,553,553,553,1-4847,9,1-4847,6,2,0,0,0,0.0,0.0
79,79,79,79,79,79,79,79,79,79,1-0129,1,1-0129,15,142,0,0,0,0.0,0.0
521,521,521,521,521,521,521,521,521,521,1-3551,9,1-3551,6,6,0,0,0,0.0,0.0
515,515,515,515,515,515,515,515,515,515,1-3646,12,1-3646,20,7,0,0,0,0.0,0.0
207,207,207,207,207,207,207,207,207,207,1-8622,23,1-8622,16,54,0,0,0,0.0,0.0
225,225,225,225,225,225,225,225,225,225,1-8767,7,1-8767,4,48,0,0,0,0.0,0.0
335,335,335,335,335,335,335,335,335,335,1-18735,8,1-18735,5,27,0,0,0,0.0,0.0
499,499,499,499,499,499,499,499,499,499,1-17645,23,1-17645,16,9,0,0,0,0.0,0.0
302,302,302,302,302,302,302,302,302,302,1-9500,1,1-9500,15,33,0,0,0,0.0,0.0
488,488,488,488,488,488,488,488,488,488,1-9576,20,1-9576,20,10,0,0,0,0.0,0.0
516,516,516,516,516,516,516,516,516,516,1-9447,7,1-9447,4,7,0,0,0,0.0,0.0
418,418,418,418,418,418,418,418,418,418,1-17835,23,1-17835,16,17,0,0,0,0.0,0.0
543,543,543,543,543,543,543,543,543,543,1-7608,7,1-7608,4,4,0,0,0,0.0,0.0
460,460,460,460,460,460,460,460,460,460,1-20791,4,1-20791,1,13,0,0,0,0.0,0.0
530,530,530,530,530,530,530,530,530,530,1-3647,7,1-3647,4,5,0,0,0,0.0,0.0
523,523,523,523,523,523,523,523,523,523,1-3175,12,1-3175,20,6,0,0,0,0.0,0.0
491,491,491,491,491,491,491,491,491,491,1-5555,22,1-5555,9,10,0,0,0,0.0,0.0
409,409,409,409,409,409,409,409,409,409,1-5744,17,1-5744,17,18,0,0,0,0.0,0.0
413,413,413,413,413,413,413,413,413,413,1-0022,1,1-0022,15,18,0,0,0,0.0,0.0
419,419,419,419,419,419,419,419,419,419,1-0001,12,1-0001,20,17,0,0,0,0.0,0.0
473,473,473,473,473,473,473,473,473,473,1-5161,23,1-5161,20,12,0,0,0,0.0,0.0
383,383,383,383,383,383,383,383,383,383,1-3521,5,1-3521,11,22,0,0,0,0.0,0.0
524,524,524,524,524,524,524,524,524,524,1-7525,1,1-7525,15,6,0,0,0,0.0,0.0
364,364,364,364,364,364,364,364,364,364,1-9253,4,1-9253,1,24,0,0,0,0.0,0.0
507,507,507,507,507,507,507,507,507,507,1-9643,1,1-9643,15,8,0,0,0,0.0,0.0
463,463,463,463,463,463,463,463,463,463,1-20467,1,1-20467,15,13,0,0,0,0.0,0.0
525,525,525,525,525,525,525,525,525,525,1-3216,7,1-3216,4,5,0,0,0,0.0,0.0
372,372,372,372,372,372,372,372,372,372,1-9553,1,1-9553,15,23,0,0,0,0.0,0.0
526,526,526,526,526,526,526,526,526,526,1-9836,1,1-9836,15,5,0,0,0,0.0,0.0
548,548,548,548,548,548,548,548,548,548,1-5914,2,1-5914,14,3,0,0,0,0.0,0.0
533,533,533,533,533,533,533,533,533,533,1-3217,5,1-3217,2,5,0,0,0,0.0,0.0
509,509,509,509,509,509,509,509,509,509,P-16454,7,P-16454,4,8,0,0,0,0.0,0.0
192,192,192,192,192,192,192,192,192,192,1-8021,12,1-8021,20,58,0,0,0,0.0,0.0
414,414,414,414,414,414,414,414,414,414,MLG06,1,MLG06,15,18,0,0,0,0.0,0.0
529,529,529,529,529,529,529,529,529,529,1-5424,4,1-5424,1,5,0,0,0,0.0,0.0
464,464,464,464,464,464,464,464,464,464,1-7453,17,1-7453,17,13,0,0,0,0.0,0.0
510,510,510,510,510,510,510,510,510,510,1-10444,1,1-10444,19,8,0,0,0,0.0,0.0
366,366,366,366,366,366,366,366,366,366,1-9444,17,1-9444,17,24,0,0,0,0.0,0.0
376,376,376,376,376,376,376,376,376,376,1-18487,1,1-18487,15,23,0,0,0,0.0,0.0
485,485,485,485,485,485,485,485,485,485,1-4361,4,1-4361,1,10,0,0,0,0.0,0.0
