Unnamed: 0.1,Unnamed: 0,Exam Group,Exam Block,slot,exam,size,b2bs,confs,2i3s,score,score_norm
365,365,MLG48,2,14,MLG48,159,22,0,105,124.6694267988205,0.7840844452756006
342,342,MLG65,18,10,MLG65,201,38,0,105,140.6694267988205,0.699847894521495
359,359,1-4417,20,7,1-4417,151,19,0,78,95.26871705055237,0.6309186559639229
166,166,MLG40,7,6,MLG40,51,31,0,1,31.97780406475067,0.6270157659755033
234,234,MLG29,9,17,MLG29,164,42,0,61,101.64604794979095,0.6197929753036033
463,463,1-1989,12,22,1-1989,46,2,0,27,28.400709748268127,0.6174067336580028
488,488,1-11350,14,13,1-11350,100,19,0,42,60.0677707195282,0.600677707195282
270,270,1-1390,18,10,1-1390,98,41,0,18,58.600473165512085,0.5979640118929804
361,361,1-0008,20,7,1-0008,230,11,0,128,136.15892028808594,0.5919953056003736
462,462,1-1183,2,14,1-1183,45,7,0,20,26.556081295013428,0.5901351398891873
434,434,MLG59,9,17,MLG59,71,16,0,26,41.422905683517456,0.583421206810105
426,426,1-4355,7,6,1-4355,49,20,0,8,27.82243251800537,0.5678047452654157
267,267,1-6181,20,7,1-6181,659,95,0,285,373.67415845394135,0.5670321069103814
141,141,MLG45,13,18,MLG45,70,18,0,22,39.51168942451477,0.5644527060644967
338,338,1-6296,20,7,1-6296,254,26,0,120,143.33648777008057,0.5643168809845691
302,302,MLG51,11,11,MLG51,248,13,0,128,138.15892028808594,0.5570924205164756
391,391,MLG30,20,7,MLG30,208,24,0,93,114.93577802181244,0.5525758558740983
209,209,1-9938,15,9,1-9938,55,3,0,28,30.3785138130188,0.55233661478216
346,346,MLG32,1,8,MLG32,52,17,0,11,27.755844712257385,0.5337662444664881
309,309,1-3516,3,5,1-3516,156,9,0,75,82.33530485630035,0.5277904157455151
526,526,1-5002,13,18,1-5002,45,9,0,15,23.66706097126007,0.5259346882502238
394,394,1-2423,20,7,1-2423,79,28,0,13,40.71145284175873,0.5153348460982118
392,392,1-9609,20,11,1-9609,25,5,0,8,12.822432518005371,0.5128973007202149
217,217,1-9630,18,10,1-9630,33,9,0,8,16.82243251800537,0.5097706823637991
291,291,MLG02,20,7,MLG02,320,51,0,114,162.46966338157654,0.5077176980674267
305,305,1-7866,14,13,1-7866,318,28,0,135,160.00354874134064,0.5031558136520146
389,389,1-0278,7,6,1-0278,79,32,0,7,38.8446284532547,0.49170415763613545
470,470,1-1204,14,22,1-1204,39,7,0,12,18.733648777008057,0.4803499686412322
294,294,1-3509,20,7,1-3509,35,3,0,14,16.6892569065094,0.47683591161455424
320,320,MLG13,7,6,MLG13,140,53,0,14,66.6892569065094,0.4763518350464957
93,93,1-20003,11,11,1-20003,21,8,0,2,9.955608129501343,0.47407657759530203
494,494,1-3265,9,17,1-3265,19,4,0,5,8.889020323753357,0.4678431749343872
429,429,1-6693,13,18,1-6693,98,23,0,23,45.48949348926544,0.4641785049925045
77,77,1-2153,9,17,1-2153,13,5,0,1,5.977804064750671,0.4598310819038978
257,257,1-9504,20,7,1-9504,30,0,0,14,13.6892569065094,0.4563085635503133
500,500,1-0292,1,8,1-0292,99,6,0,40,45.112162590026855,0.45567841000027126
341,341,1-0031,1,8,1-0031,13,2,0,4,5.9112162590026855,0.4547089430002066
215,215,1-19839,4,20,1-19839,13,1,0,5,5.889020323753357,0.45300156336564285
247,247,1-20467,13,18,1-20467,13,1,0,5,5.889020323753357,0.45300156336564285
14,14,1-6098,13,18,1-6098,1327,107,0,497,592.9686201810837,0.44684899787572246
427,427,1-9379,1,8,1-9379,58,20,0,6,25.86682438850403,0.44597973083627634
162,162,1-8067,8,9,1-8067,322,68,0,77,143.2909129858017,0.4450028353596326
399,399,MLG60,2,14,MLG60,47,14,0,7,20.8446284532547,0.44350273304797233
157,157,1-6061,13,18,1-6061,40,5,0,13,17.711452841758728,0.4427863210439682
161,161,MLG41,1,8,MLG41,66,22,0,7,28.8446284532547,0.43703982504931366
172,172,1-8573,8,9,1-8573,184,8,0,74,80.35750079154968,0.4367255477801613
537,537,1-4494,16,17,1-4494,16,6,0,1,6.977804064750671,0.43611275404691696
362,362,1-1462,4,20,1-1462,192,9,0,76,83.31310892105103,0.4339224422971408
451,451,1-4098,2,14,1-4098,16,4,0,3,6.933412194252014,0.4333382621407509
263,263,1-6927,1,8,1-6927,179,45,0,33,77.26753413677216,0.4316622018814087
405,405,1-3104,4,20,1-3104,16,2,0,5,6.889020323753357,0.4305637702345848
73,73,1-5355,19,12,1-5355,53,14,0,9,22.800236582756042,0.4301931430708687
520,520,1-2034,1,22,1-2034,16,1,0,6,6.866824388504028,0.42917652428150177
279,279,MLG43,1,8,MLG43,14,6,0,0,6.0,0.42857142857142855
208,208,1-10468,8,9,1-10468,549,63,0,176,235.09351539611816,0.42822133951934094
378,378,1-6561,9,17,1-6561,65,15,0,13,27.711452841758728,0.42633004371936506
516,516,1-5036,10,16,1-5036,14,4,0,2,5.955608129501343,0.4254005806786673
106,106,MLG69,10,16,MLG69,576,79,0,168,243.2710828781128,0.4223456299967236
351,351,1-19229,2,14,1-19229,38,13,0,3,15.933412194252014,0.4193003209013688
49,49,1-2178,10,16,1-2178,12,5,0,0,5.0,0.4166666666666667
329,329,1-1317,8,9,1-1317,414,36,0,139,171.91476500034332,0.41525305555638486
58,58,1-17733,8,9,1-17733,74,12,0,19,30.578277230262756,0.4132199625711183
560,560,1-0027,1,19,1-0027,29,9,0,3,11.933412194252014,0.4114969722155867
397,397,1-9808,20,7,1-9808,74,3,0,28,30.3785138130188,0.41052045693268646
33,33,1-7991,1,8,1-7991,46,10,0,9,18.800236582756042,0.4087007952773053
540,540,1-5413,9,6,1-5413,39,13,0,3,15.933412194252014,0.4085490306218465
310,310,1-4855,7,6,1-4855,22,8,0,1,8.977804064750671,0.40808200294321234
552,552,MLG46,1,14,MLG46,17,4,0,3,6.933412194252014,0.4078477761324714
303,303,1-8157,12,22,1-8157,75,4,0,27,30.400709748268127,0.40534279664357503
295,295,1-3639,9,17,1-3639,17,2,0,5,6.889020323753357,0.40523648963255043
453,453,1-8397,11,11,1-8397,51,3,0,18,20.600473165512085,0.4039308463825899
353,353,MLG50,11,11,MLG50,319,23,0,108,128.6028389930725,0.4031436959030486
144,144,1-7744,9,17,1-7744,37,11,0,4,14.911216259002686,0.4030058448379104
432,432,1-6914,4,20,1-6914,73,3,0,27,29.400709748268127,0.4027494486064127
66,66,1-7536,4,20,1-7536,17,0,0,7,6.8446284532547,0.4026252031326294
562,562,1-0003,12,22,1-0003,17,0,0,7,6.8446284532547,0.4026252031326294
349,349,1-3052,4,20,1-3052,166,7,0,61,66.64604794979095,0.40148221656500577
275,275,1-3216,1,8,1-3216,5,2,0,0,2.0,0.4
241,241,1-19448,15,19,1-19448,45,16,0,2,17.955608129501343,0.3990135139889187
343,343,1-4319,8,9,1-4319,163,14,0,52,64.84581136703491,0.39782706360144116
532,532,1-19447,9,17,1-19447,15,4,0,2,5.955608129501343,0.3970405419667562
505,505,1-4747,11,11,1-4747,25,6,0,4,9.911216259002686,0.3964486503601074
284,284,1-4136,2,14,1-4136,5,0,0,2,1.9556081295013428,0.39112162590026855
484,484,MLG31,9,17,MLG31,33,3,0,10,12.778040647506714,0.3872133529547489
443,443,1-3447,4,20,1-3447,110,9,0,34,42.24533820152283,0.38404852910475296
382,382,1-18558,10,16,1-18558,307,64,0,55,117.77922356128693,0.38364567935272614
344,344,1-6035,13,18,1-6035,23,1,0,8,8.822432518005371,0.38358402252197266
179,179,1-4052,15,19,1-4052,13,4,0,1,4.977804064750671,0.3829080049808209
314,314,1-3139,4,20,1-3139,93,7,0,29,35.35631787776947,0.38017546105128464
298,298,1-7019,1,7,1-7019,107,20,0,21,40.5338853597641,0.37882135850246823
149,149,MLG58,15,19,MLG58,71,21,0,6,26.86682438850403,0.3784059773028736
331,331,MLG75,15,19,MLG75,185,62,0,8,69.82243251800537,0.37741855415138037
485,485,1-5980,13,11,1-5980,29,7,0,4,10.911216259002686,0.376248836517334
259,259,1-3596,10,16,1-3596,223,34,0,51,83.86800730228424,0.37608971884432396
205,205,1-8018,18,10,1-8018,58,13,0,9,21.800236582756042,0.37586614797855245
539,539,1-9436,13,18,1-9436,21,3,0,5,7.889020323753357,0.37566763446444557
557,557,1-9806,19,12,1-9806,8,3,0,0,3.0,0.375
527,527,1-5531,7,6,1-5531,8,3,0,0,3.0,0.375
523,523,1-9861,15,19,1-9861,8,3,0,0,3.0,0.375
128,128,1-19286,2,14,1-19286,40,13,0,2,14.955608129501343,0.3738902032375336
268,268,MLG44,7,6,MLG44,59,22,0,0,22.0,0.3728813559322034
39,39,1-7467,2,14,1-7467,64,16,0,8,23.82243251800537,0.3722255080938339
190,190,1-2382,18,10,1-2382,139,39,0,13,51.71145284175873,0.3720248405881923
414,414,1-8285,16,15,1-8285,72,16,0,11,26.755844712257385,0.3716089543369081
132,132,1-9110,4,20,1-9110,29,0,0,11,10.755844712257385,0.3708911969743926
221,221,1-8023,11,16,1-8023,16,2,0,4,5.9112162590026855,0.36945101618766785
238,238,1-9855,1,8,1-9855,8,1,0,2,2.9556081295013428,0.36945101618766785
282,282,1-1608,16,15,1-1608,307,30,0,85,113.11334550380707,0.36844737949122824
233,233,MLG07,1,8,MLG07,90,32,0,1,32.97780406475067,0.36642004516389637
91,91,72-12171,14,13,72-12171,19,5,0,2,6.955608129501343,0.36608463839480754
251,251,1-7268,16,15,1-7268,70,8,0,18,25.600473165512085,0.3657210452216012
459,459,1-2545,7,6,1-2545,145,49,0,4,52.911216259002686,0.3649049397172599
296,296,1-9404,8,9,1-9404,100,10,0,27,36.40070974826813,0.3640070974826813
311,311,1-20578,18,10,1-20578,19,3,0,4,6.9112162590026855,0.3637482241580361
469,469,1-8578,19,12,1-8578,11,4,0,0,4.0,0.36363636363636365
388,388,MLG49,2,14,MLG49,185,21,0,47,66.95679104328156,0.36192860023395435
354,354,1-9417,8,9,1-9417,76,5,0,23,27.489493489265442,0.36170386170086105
31,31,1-8938,9,17,1-8938,30,1,0,10,10.778040647506714,0.35926802158355714
422,422,1-6878,20,7,1-6878,167,12,0,49,59.9123991727829,0.35875688127414906
415,415,1-1957,18,10,1-1957,47,7,0,10,16.778040647506714,0.3569795882448237
318,318,1-2324,19,12,1-2324,25,5,0,4,8.911216259002686,0.3564486503601074
472,472,1-9518,14,13,1-9518,22,0,0,8,7.822432518005371,0.3555651144547896
368,368,1-5197,8,9,1-5197,72,6,0,20,25.556081295013428,0.3549455735418532
514,514,1-11206,9,17,1-11206,14,3,0,2,4.955608129501343,0.3539720092500959
154,154,1-18994,11,15,1-18994,28,4,0,6,9.866824388504028,0.3523865853037153
466,466,1-5981,9,17,1-5981,28,3,0,7,9.8446284532547,0.351593873330525
315,315,1-1769,8,9,1-1769,89,0,0,32,31.289730072021484,0.3515700008092302
376,376,1-7874,4,20,1-7874,258,8,0,84,90.1355414390564,0.34936256371727287
131,131,1-9283,16,15,1-9283,235,16,0,67,81.51287233829498,0.3468632865459361
339,339,1-3523,14,13,1-3523,543,67,0,124,188.24770402908325,0.3466808545655308
246,246,MLG56,11,11,MLG56,511,69,0,110,176.55844712257385,0.34551555209897034
87,87,MLG35,1,8,MLG35,49,10,0,7,16.8446284532547,0.34376792761744285
377,377,1-7213,11,11,1-7213,23,2,0,6,7.866824388504028,0.34203584297843603
10,10,1-7964,20,7,1-7964,202,22,0,48,68.93459510803223,0.3412603718219417
180,180,1-0037,1,8,1-0037,35,8,0,4,11.911216259002686,0.34032046454293385
445,445,1-6538,16,15,1-6538,44,11,0,4,14.911216259002686,0.3388912786136974
403,403,1-1770,2,14,1-1770,35,4,0,8,11.822432518005371,0.3377837862287249
335,335,1-8910,4,20,1-8910,137,2,0,45,46.00118291378021,0.3357750577648191
123,123,MLG55,19,12,MLG55,92,26,0,5,30.889020323753357,0.33575022091036255
85,85,1-8084,13,18,1-8084,82,4,0,24,27.467297554016113,0.33496704334165994
551,551,1-9838,9,13,1-9838,3,1,0,0,1.0,0.3333333333333333
449,449,1-1935,10,16,1-1935,12,3,0,1,3.9778040647506714,0.33148367206255597
440,440,MLG52,11,11,MLG52,125,7,0,35,41.2231422662735,0.329785138130188
558,558,1-0055,16,15,1-0055,18,3,0,3,5.933412194252014,0.32963401079177856
490,490,1-3551,10,18,1-3551,6,1,0,1,1.9778040647506714,0.32963401079177856
109,109,1-9768,6,1,1-9768,241,79,0,0,79.0,0.3278008298755187
518,518,1-1850,12,22,1-1850,30,2,0,8,9.822432518005371,0.3274144172668457
281,281,1-9995,11,11,1-9995,24,1,0,7,7.8446284532547,0.3268595188856125
278,278,1-10762,16,15,1-10762,6,0,0,2,1.9556081295013428,0.3259346882502238
496,496,1-3176,16,15,1-3176,3,0,0,1,0.9778040647506714,0.3259346882502238
248,248,1-2400,3,5,1-2400,49,14,0,2,15.955608129501343,0.32562465570410903
153,153,1-1350,16,15,1-1350,195,40,0,24,63.46729755401611,0.3254733207898262
164,164,1-9740,1,8,1-9740,34,11,0,0,11.0,0.3235294117647059
290,290,1-8341,4,20,1-8341,197,7,0,58,63.71263575553894,0.3234143946981672
224,224,1-9227,4,20,1-9227,801,37,0,227,258.9615226984024,0.3232977811465698
174,174,MLG38,1,8,MLG38,77,17,0,8,24.82243251800537,0.32236925348058926
498,498,1-19915,14,13,1-19915,62,13,0,7,19.8446284532547,0.32007465247185
24,24,1-7140,20,7,1-7140,397,23,0,106,126.64723086357117,0.31901065708708104
379,379,1-4640,4,20,1-4640,87,7,0,21,27.5338853597641,0.3164814409168287
411,411,MLG15,15,19,MLG15,105,32,0,1,32.97780406475067,0.31407432442619687
12,12,MLG84,9,17,MLG84,63,9,0,11,19.755844712257385,0.3135848367024982
332,332,MLG78,10,16,MLG78,80,17,0,8,24.82243251800537,0.31028040647506716
103,103,1-8820,8,9,1-8820,83,14,0,12,25.733648777008057,0.31004396116877175
253,253,1-4649,4,20,1-4649,244,16,0,61,75.64604794979095,0.31002478667947114
230,230,1-3089,12,22,1-3089,16,3,0,2,4.955608129501343,0.3097255080938339
283,283,1-3535,12,22,1-3535,315,17,0,82,97.17993330955505,0.30850772479223826
222,222,1-4149,4,20,1-4149,16,1,0,4,4.9112162590026855,0.30695101618766785
169,169,1-9606,10,16,1-9606,16,1,0,4,4.9112162590026855,0.30695101618766785
13,13,1-9805,15,19,1-9805,26,7,0,1,7.977804064750671,0.3068386178750258
202,202,1-8988,1,8,1-8988,29,4,0,5,8.889020323753357,0.3065179421983916
419,419,1-6692,12,22,1-6692,71,9,0,13,21.711452841758728,0.305795110447306
340,340,1-3362,3,5,1-3362,117,18,0,18,35.600473165512085,0.3042775484231802
371,371,1-1580,14,13,1-1580,400,25,0,98,120.8247983455658,0.30206199586391447
140,140,1-2294,8,9,1-2294,75,7,0,16,22.644865036010742,0.30193153381347654
501,501,1-18487,2,14,1-18487,23,4,0,3,6.933412194252014,0.30145270409791364
192,192,1-9770,6,1,1-9770,50,15,0,0,15.0,0.3
167,167,1-4929,5,23,1-4929,10,3,0,0,3.0,0.3
196,196,1-9646,15,19,1-9646,105,5,0,27,31.400709748268127,0.29905437855493455
240,240,MLG33,13,8,MLG33,20,4,0,2,5.955608129501343,0.29778040647506715
360,360,1-6611,3,5,1-6611,89,2,0,25,26.445101618766785,0.29713597324457064
244,244,MLG57,19,12,MLG57,629,82,0,107,186.62503492832184,0.2967011684075069
357,357,1-4760,14,13,1-4760,40,5,0,7,11.8446284532547,0.2961157113313675
493,493,1-1836,14,13,1-1836,20,2,0,4,5.9112162590026855,0.29556081295013426
125,125,1-8622,2,14,1-8622,54,14,0,2,15.955608129501343,0.29547422462039524
64,64,1-9674,8,9,1-9674,144,10,0,33,42.267534136772156,0.2935245426164733
367,367,1-8544,13,22,1-8544,54,6,0,10,15.778040647506714,0.292185937916791
504,504,1-5425,19,12,1-5425,17,3,0,2,4.955608129501343,0.2915063605589025
322,322,1-0296,10,16,1-0296,41,8,0,4,11.911216259002686,0.29051746973177284
350,350,1-2282,19,12,1-2282,219,37,0,27,63.40070974826813,0.28950095775464896
223,223,1-0205,4,20,1-0205,34,1,0,9,9.800236582756042,0.28824225243400126
352,352,MLG63,7,6,MLG63,380,93,0,16,108.64486503601074,0.28590753956844933
176,176,1-8042,14,13,1-8042,52,9,0,6,14.866824388504028,0.28590046900969285
555,555,1-3646,1,8,1-3646,7,2,0,0,2.0,0.2857142857142857
163,163,1-9137,9,17,1-9137,111,4,0,28,31.3785138130188,0.28268931363079997
307,307,1-5530,3,5,1-5530,7,1,0,1,1.9778040647506714,0.28254343782152447
5,5,1-5549,8,9,1-5549,35,4,0,6,9.866824388504028,0.28190926824297224
479,479,1-9286,16,15,1-9286,81,15,0,8,22.82243251800537,0.28175842614821445
62,62,1-9818,19,12,1-9818,28,3,0,5,7.889020323753357,0.28175072584833416
446,446,1-3534,3,5,1-3534,279,14,0,66,78.53506827354431,0.28148769990517675
122,122,MLG42,15,22,MLG42,14,1,0,3,3.933412194252014,0.28095801387514385
94,94,1-3083,18,10,1-3083,78,15,0,7,21.8446284532547,0.28005933914429104
326,326,1-8826,3,5,1-8826,123,8,0,27,34.40070974826813,0.27968056705909045
57,57,1-1224,8,9,1-1224,151,8,0,35,42.2231422662735,0.279623458717043
286,286,1-3587,3,5,1-3587,46,5,0,8,12.822432518005371,0.27874853300011676
475,475,1-18234,7,6,1-18234,43,11,0,1,11.977804064750671,0.27855358290117843
542,542,1-1191,3,5,1-1191,53,4,0,11,14.755844712257385,0.27841216438221483
145,145,MLG06,2,14,MLG06,18,5,0,0,5.0,0.2777777777777778
134,134,1-9465,1,8,1-9465,18,4,0,1,4.977804064750671,0.2765446702639262
437,437,1-6980,19,12,1-6980,128,4,0,32,35.289730072021484,0.27570101618766785
524,524,1-9338,4,20,1-9338,29,2,0,6,7.866824388504028,0.27126980650013893
256,256,1-9277,4,19,1-9277,48,12,0,1,12.977804064750671,0.270370918015639
408,408,MLG53,11,11,MLG53,91,7,0,18,24.600473165512085,0.27033486995068223
300,300,1-4020,9,17,1-4020,37,9,0,1,9.977804064750671,0.2696703801283965
150,150,1-7005,4,20,1-7005,285,13,0,65,76.55726420879364,0.2686219796799777
480,480,1-1005,13,18,1-1005,125,8,0,26,33.422905683517456,0.26738324546813963
534,534,1-9457,8,9,1-9457,11,0,0,3,2.933412194252014,0.2666738358410922
487,487,1-6900,10,16,1-6900,67,10,0,8,17.82243251800537,0.2660064554926175
387,387,1-10539,6,15,1-10539,63,6,0,11,16.755844712257385,0.26596578908345053
124,124,1-8427,16,15,1-8427,189,10,0,41,50.08996665477753,0.26502627859670647
406,406,1-17907,3,5,1-17907,119,5,0,27,31.400709748268127,0.26387151048964813
510,510,1-3206,11,11,1-3206,45,3,0,9,11.800236582756042,0.26222747961680093
293,293,1-8066,12,22,1-8066,86,1,0,22,22.51168942451477,0.2617638305176136
497,497,1-8493,8,16,1-8493,38,7,0,3,9.933412194252014,0.2614055840592635
151,151,1-9870,7,6,1-9870,27,6,0,1,6.977804064750671,0.2584371875833582
193,193,1-9553,4,20,1-9553,23,2,0,4,5.9112162590026855,0.25700940256533417
71,71,1-6532,12,8,1-6532,27,3,0,4,6.9112162590026855,0.25597097255565504
183,183,1-9496,2,9,1-9496,39,5,0,5,9.889020323753357,0.25356462368598354
358,358,1-9831,8,9,1-9831,132,10,0,24,33.46729755401611,0.2535401329849706
99,99,1-5775,12,22,1-5775,244,7,0,56,61.7570276260376,0.253102572237859
214,214,1-0053,9,17,1-0053,142,19,0,17,35.622669100761414,0.25086386690677054
147,147,1-17657,6,1,1-17657,8,2,0,0,2.0,0.25
477,477,1-9055,15,19,1-9055,12,3,0,0,3.0,0.25
280,280,1-7608,10,16,1-7608,4,1,0,0,1.0,0.25
204,204,1-9733,16,15,1-9733,4,1,0,0,1.0,0.25
519,519,1-4926,15,19,1-4926,4,1,0,0,1.0,0.25
127,127,1-9643,7,6,1-9643,8,2,0,0,2.0,0.25
528,528,1-6718,6,1,1-6718,20,5,0,0,5.0,0.25
15,15,1-8093,6,1,1-8093,4,1,0,0,1.0,0.25
231,231,1-8450,19,12,1-8450,52,12,0,1,12.977804064750671,0.24957315509135908
189,189,1-9156,12,22,1-9156,268,16,0,52,66.84581136703491,0.24942466927998103
255,255,1-9946,19,12,1-9946,12,2,0,1,2.9778040647506714,0.24815033872922262
197,197,1-8646,20,9,1-8646,20,2,0,3,4.933412194252014,0.2466706097126007
390,390,MLG64,9,17,MLG64,245,28,0,33,60.267534136772156,0.24598993525213125
258,258,1-9516,3,5,1-9516,76,5,0,14,18.6892569065094,0.24591127508565
95,95,1-3312,8,9,1-3312,36,2,0,7,8.8446284532547,0.24568412370151943
563,563,1-21192,3,5,1-21192,4,0,0,1,0.9778040647506714,0.24445101618766785
381,381,1-2335,12,22,1-2335,145,7,0,29,35.35631787776947,0.2438366750190998
435,435,1-9610,12,22,1-9610,49,3,0,9,11.800236582756042,0.2408211547501233
474,474,1-8400,10,13,1-8400,33,5,0,3,7.933412194252014,0.2404064301288489
337,337,1-18613,5,23,1-18613,25,6,0,0,6.0,0.24
482,482,1-4390,15,19,1-4390,45,1,0,10,10.778040647506714,0.23951201438903807
184,184,1-8074,1,8,1-8074,145,15,0,20,34.55608129501343,0.23831780203457537
225,225,1-9650,19,12,1-9650,25,3,0,3,5.933412194252014,0.23733648777008057
104,104,1-8267,3,5,1-8267,133,10,0,22,31.51168942451477,0.23692999567304338
489,489,1-9578,2,14,1-9578,42,7,0,3,9.933412194252014,0.23650981414885747
383,383,1-8551,7,6,1-8551,38,6,0,3,8.933412194252014,0.23508979458557933
210,210,1-7842,14,13,1-7842,21,2,0,3,4.933412194252014,0.23492439020247685
448,448,1-3106,15,19,1-3106,34,7,0,1,7.977804064750671,0.23464129602207856
486,486,1-8678,14,13,1-8678,17,2,0,2,3.9556081295013428,0.2326828311471378
133,133,1-8576,20,7,1-8576,55,2,0,11,12.755844712257385,0.23192444931377065
509,509,1-18935,4,11,1-18935,30,3,0,4,6.9112162590026855,0.23037387530008951
328,328,1-9497,13,18,1-9497,150,13,0,22,34.51168942451477,0.23007792949676514
456,456,1-8186,2,14,1-8186,26,0,0,6,5.866824388504028,0.22564709186553955
191,191,1-8328,3,5,1-8328,114,9,0,17,25.622669100761414,0.22476025526983695
227,227,1-3068,3,5,1-3068,180,10,0,31,40.31192600727081,0.22395514448483786
424,424,1-4700,3,5,1-4700,31,2,0,5,6.889020323753357,0.2222264620565599
481,481,1-10038,18,10,1-10038,76,11,0,6,16.86682438850403,0.2219318998487372
431,431,1-7614,8,9,1-7614,72,5,0,11,15.755844712257385,0.21883117655913034
441,441,1-19166,4,20,1-19166,45,2,0,8,9.822432518005371,0.21827627817789713
447,447,1-7152,3,5,1-7152,109,2,0,22,23.51168942451477,0.21570357270197038
327,327,P-16616,5,23,P-16616,28,6,0,0,6.0,0.21428571428571427
232,232,1-18371,12,22,1-18371,120,6,0,20,25.556081295013428,0.2129673441251119
428,428,1-2701,16,15,1-2701,61,9,0,4,12.911216259002686,0.21165928293447026
67,67,1-7481,2,14,1-7481,33,6,0,1,6.977804064750671,0.21144860802274762
506,506,1-6227,7,6,1-6227,52,10,0,1,10.977804064750671,0.21111161662982061
86,86,1-9345,16,15,1-9345,47,0,0,10,9.778040647506714,0.20804341803205775
200,200,1-4634,1,8,1-4634,48,7,0,3,9.933412194252014,0.2069460873802503
308,308,1-6743,1,8,1-6743,58,10,0,2,11.955608129501343,0.20613117464657488
121,121,1-7070,16,15,1-7070,129,6,0,21,26.5338853597641,0.20568903379662093
269,269,1-7839,9,17,1-7839,24,1,0,4,4.9112162590026855,0.20463401079177856
203,203,1-1250,11,22,1-1250,34,2,0,5,6.889020323753357,0.20261824481627522
114,114,1-7496,3,5,1-7496,246,20,0,30,49.33412194252014,0.20054521114845586
198,198,1-9839,10,16,1-9839,20,4,0,0,4.0,0.2
450,450,1-2297,5,23,1-2297,25,5,0,0,5.0,0.2
229,229,1-4361,1,8,1-4361,10,2,0,0,2.0,0.2
277,277,1-4051,4,20,1-4051,5,1,0,0,1.0,0.2
536,536,1-9971,6,1,1-9971,15,3,0,0,3.0,0.2
254,254,1-8379,1,8,1-8379,5,1,0,0,1.0,0.2
444,444,1-3217,5,23,1-3217,5,1,0,0,1.0,0.2
330,330,1-4531,4,20,1-4531,94,3,0,16,18.644865036010742,0.19834962804266748
348,348,1-17758,18,10,1-17758,40,4,0,4,7.9112162590026855,0.19778040647506714
543,543,1-5803,18,16,1-5803,15,1,0,2,2.9556081295013428,0.1970405419667562
19,19,1-2596,20,7,1-2596,35,1,0,6,6.866824388504028,0.19619498252868653
44,44,1-5214,3,5,1-5214,40,1,0,7,7.8446284532547,0.1961157113313675
274,274,1-0033,3,5,1-0033,10,0,0,2,1.9556081295013428,0.19556081295013428
364,364,1-7682,16,15,1-7682,141,5,0,23,27.489493489265442,0.19496094673237901
395,395,1-6787,13,18,1-6787,56,2,0,9,10.800236582756042,0.19286136754921504
1,1,1-9185,2,14,1-9185,31,4,0,2,5.955608129501343,0.19211639127423685
548,548,1-3087,18,10,1-3087,26,3,0,2,4.955608129501343,0.19060031267312857
425,425,1-6006,4,20,1-6006,57,2,0,9,10.800236582756042,0.18947783478519373
423,423,1-7122,12,22,1-7122,197,2,0,36,37.20094633102417,0.18883729102042726
83,83,1-18423,14,13,1-18423,47,2,0,7,8.8446284532547,0.1881835841118021
513,513,1-8094,10,16,1-8094,58,6,0,5,10.889020323753357,0.18774172971988545
468,468,1-6228,4,6,1-6228,48,9,0,0,9.0,0.1875
404,404,1-4682,2,23,1-4682,16,3,0,0,3.0,0.1875
271,271,1-7897,12,22,1-7897,95,6,0,12,17.733648777008057,0.1866699871264006
457,457,1-8503,15,14,1-8503,16,2,0,1,2.9778040647506714,0.18611275404691696
478,478,1-9394,12,22,1-9394,117,5,0,17,21.622669100761414,0.18480913761334541
366,366,1-5163,4,20,1-5163,16,0,0,3,2.933412194252014,0.18333826214075089
386,386,MLG68,15,19,MLG68,642,67,0,51,116.86800730228424,0.18203739455184462
92,92,1-7807,3,5,1-7807,239,21,0,23,43.48949348926544,0.18196440790487634
81,81,1-7770,16,15,1-7770,11,2,0,0,2.0,0.18181818181818182
108,108,1-9731,15,19,1-9731,11,2,0,0,2.0,0.18181818181818182
206,206,1-9752,20,12,1-9752,22,3,0,1,3.9778040647506714,0.18080927567048508
97,97,1-9237,14,13,1-9237,38,1,0,6,6.866824388504028,0.18070590496063232
11,11,1-9722,11,11,1-9722,22,2,0,2,3.9556081295013428,0.1798003695227883
529,529,1-6217,8,9,1-6217,44,2,0,6,7.866824388504028,0.17879146337509155
219,219,1-5653,1,8,1-5653,11,0,0,2,1.9556081295013428,0.1777825572273948
370,370,MLG62,10,16,MLG62,525,13,0,81,92.20212924480438,0.17562310332343692
301,301,1-1177,2,6,1-1177,17,2,0,1,2.9778040647506714,0.1751649449853336
250,250,1-9333,12,22,1-9333,102,8,0,10,17.778040647506714,0.1742945161520266
26,26,1-9907,13,18,1-9907,17,1,0,2,2.9556081295013428,0.17385930173537312
522,522,1-5282,3,5,1-5282,17,0,0,3,2.933412194252014,0.1725536584854126
199,199,MLG39,13,12,MLG39,23,2,0,2,3.9556081295013428,0.1719829621522323
30,30,1-8418,9,17,1-8418,46,2,0,6,7.866824388504028,0.17101792148921802
521,521,1-19549,7,6,1-19549,29,3,0,2,4.955608129501343,0.17088303894832216
138,138,1-5515,12,22,1-5515,29,3,0,2,4.955608129501343,0.17088303894832216
356,356,1-9761,15,19,1-9761,35,5,0,1,5.977804064750671,0.17079440185001918
4,4,1-6240,16,15,1-6240,698,70,0,50,118.89020323753357,0.17032980406523435
3,3,1-8222,20,16,1-8222,12,2,0,0,2.0,0.16666666666666666
178,178,1-7525,2,14,1-7525,6,1,0,0,1.0,0.16666666666666666
216,216,1-9887,5,23,1-9887,36,6,0,0,6.0,0.16666666666666666
413,413,1-8314,1,12,1-8314,36,4,0,2,5.955608129501343,0.16543355915281507
136,136,1-9549,2,14,1-9549,18,2,0,1,2.9778040647506714,0.16543355915281507
8,8,1-8181,13,18,1-8181,30,3,0,2,4.955608129501343,0.16518693765004475
118,118,1-6543,3,5,1-6543,12,0,0,2,1.9556081295013428,0.1629673441251119
476,476,1-19205,11,11,1-19205,12,0,0,2,1.9556081295013428,0.1629673441251119
549,549,1-4842,7,6,1-4842,6,0,0,1,0.9778040647506714,0.1629673441251119
299,299,MLG54,18,10,MLG54,595,43,0,55,96.77922356128693,0.16265415724586038
260,260,1-0129,17,2,1-0129,142,23,0,0,23.0,0.1619718309859155
130,130,1-1833,19,12,1-1833,124,13,0,7,19.8446284532547,0.160037326235925
499,499,1-8627,5,23,1-8627,25,4,0,0,4.0,0.16
243,243,1-1015,3,5,1-1015,155,10,0,15,24.66706097126007,0.15914232884683915
533,533,1-7530,3,5,1-7530,25,1,0,3,3.933412194252014,0.15733648777008058
171,171,1-8100,10,16,1-8100,19,2,0,1,2.9778040647506714,0.15672652972371956
139,139,1-7863,17,2,1-7863,351,55,0,0,55.0,0.15669515669515668
59,59,1-9331,11,11,1-9331,25,0,0,4,3.9112162590026855,0.1564486503601074
37,37,1-5508,3,5,1-5508,38,1,0,5,5.889020323753357,0.15497421904614098
25,25,1-9607,11,11,1-9607,19,0,0,3,2.933412194252014,0.15439011548694812
266,266,1-2103,14,13,1-2103,26,1,0,3,3.933412194252014,0.15128508439430824
218,218,1-9416,2,5,1-9416,13,0,0,2,1.9556081295013428,0.15043139457702637
471,471,1-9794,12,22,1-9794,46,2,0,5,6.889020323753357,0.14976131138594254
160,160,1-19813,18,10,1-19813,20,2,0,1,2.9778040647506714,0.14889020323753357
51,51,1-9925,8,9,1-9925,93,6,0,8,13.822432518005371,0.14862830664521903
116,116,1-20047,13,18,1-20047,20,1,0,2,2.9556081295013428,0.14778040647506713
544,544,1-5799,1,1,1-5799,7,1,0,0,1.0,0.14285714285714285
512,512,1-3033,10,16,1-3033,7,1,0,0,1.0,0.14285714285714285
333,333,1-11329,5,23,1-11329,14,2,0,0,2.0,0.14285714285714285
155,155,1-9447,4,20,1-9447,7,1,0,0,1.0,0.14285714285714285
375,375,MLG14,5,23,MLG14,232,33,0,0,33.0,0.14224137931034483
22,22,1-7995,2,14,1-7995,14,0,0,2,1.9556081295013428,0.13968629496438162
372,372,1-6916,10,16,1-6916,43,6,0,0,6.0,0.13953488372093023
380,380,1-7004,3,5,1-7004,381,10,0,44,53.02337884902954,0.1391689733570329
464,464,1-10060,2,1,1-10060,36,5,0,0,5.0,0.1388888888888889
182,182,1-7752,12,22,1-7752,29,2,0,2,3.9556081295013428,0.13640028032763252
467,467,1-13247,8,22,1-13247,29,2,0,2,3.9556081295013428,0.13640028032763252
72,72,1-9614,6,1,1-9614,30,4,0,0,4.0,0.13333333333333333
185,185,1-8906,5,23,1-8906,15,2,0,0,2.0,0.13333333333333333
433,433,1-5654,5,23,1-5654,15,2,0,0,2.0,0.13333333333333333
363,363,1-10785,17,2,1-10785,279,37,0,0,37.0,0.13261648745519714
418,418,1-6216,4,20,1-6216,45,2,0,4,5.9112162590026855,0.1313603613111708
412,412,1-6858,8,23,1-6858,23,3,0,0,3.0,0.13043478260869565
63,63,1-7066,3,5,1-7066,23,1,0,2,2.9556081295013428,0.12850470128266708
369,369,1-6594,1,8,1-6594,70,8,0,1,8.977804064750671,0.12825434378215245
55,55,1-8095,4,20,1-8095,46,1,0,5,5.889020323753357,0.12802218095115994
336,336,1-1827,7,6,1-1827,24,3,0,0,3.0,0.125
554,554,1-10444,2,20,1-10444,8,1,0,0,1.0,0.125
292,292,1-9997,13,2,1-9997,16,2,0,0,2.0,0.125
473,473,1-9452,5,23,1-9452,16,2,0,0,2.0,0.125
289,289,1-1592,15,19,1-1592,32,4,0,0,4.0,0.125
188,188,1-20167,19,12,1-20167,56,6,0,1,6.977804064750671,0.12460364401340485
454,454,1-0272,3,5,1-0272,111,3,0,11,13.755844712257385,0.12392652893925572
460,460,1-7993,11,11,1-7993,24,0,0,3,2.933412194252014,0.12222550809383392
400,400,1-18709,5,23,1-18709,33,4,0,0,4.0,0.12121212121212122
47,47,1-19547,7,6,1-19547,66,8,0,0,8.0,0.12121212121212122
96,96,MLG37,14,13,MLG37,116,10,0,4,13.911216259002686,0.11992427809485073
261,261,1-1942,5,23,1-1942,34,4,0,0,4.0,0.11764705882352941
228,228,1-17835,13,13,1-17835,17,2,0,0,2.0,0.11764705882352941
517,517,1-18028,9,17,1-18028,309,27,0,9,35.80023658275604,0.11585837081798071
483,483,1-9491,5,23,1-9491,80,9,0,0,9.0,0.1125
439,439,MLG72,5,23,MLG72,9,1,0,0,1.0,0.1111111111111111
53,53,1-9850,19,12,1-9850,27,2,0,1,2.9778040647506714,0.11028903943521005
65,65,1-8659,6,1,1-8659,91,10,0,0,10.0,0.10989010989010989
384,384,1-9270,17,2,1-9270,128,14,0,0,14.0,0.109375
515,515,1-6531,7,6,1-6531,27,0,0,3,2.933412194252014,0.10864489608340794
35,35,1-2869,3,5,1-2869,9,0,0,1,0.9778040647506714,0.10864489608340794
74,74,1-8124,4,20,1-8124,18,0,0,2,1.9556081295013428,0.10864489608340794
495,495,MLG08,10,16,MLG08,107,4,0,7,10.8446284532547,0.1013516677874271
156,156,1-8634,19,12,1-8634,10,1,0,0,1.0,0.1
511,511,1-9697,16,2,1-9697,20,2,0,0,2.0,0.1
553,553,1-5555,5,23,1-5555,10,1,0,0,1.0,0.1
110,110,72-18936,1,8,72-18936,20,1,0,1,1.9778040647506714,0.09889020323753357
538,538,1-9576,7,6,1-9576,10,0,0,1,0.9778040647506714,0.09778040647506714
102,102,1-3564,17,2,1-3564,41,4,0,0,4.0,0.0975609756097561
410,410,MLG12,14,13,MLG12,146,3,0,11,13.755844712257385,0.09421811446751634
76,76,1-8541,4,20,1-8541,232,6,0,16,21.644865036010742,0.09329683205177045
54,54,1-8125,2,14,1-8125,21,0,0,2,1.9556081295013428,0.09312419664292108
48,48,1-0405,13,18,1-0405,64,1,0,5,5.889020323753357,0.0920159425586462
84,84,1-18714,4,20,1-18714,32,0,0,3,2.933412194252014,0.09166913107037544
374,374,1-6919,4,20,1-6919,43,0,0,4,3.9112162590026855,0.09095851765122524
458,458,1-7182,18,10,1-7182,22,2,0,0,2.0,0.09090909090909091
285,285,1-18615,6,1,1-18615,22,2,0,0,2.0,0.09090909090909091
236,236,1-7024,6,1,1-7024,498,45,0,0,45.0,0.09036144578313253
316,316,1-7441,17,2,1-7441,111,10,0,0,10.0,0.09009009009009009
396,396,1-9963,17,2,1-9963,116,10,0,0,10.0,0.08620689655172414
126,126,1-8488,2,5,1-8488,23,1,0,1,1.9778040647506714,0.08599148107611615
438,438,MLG10,5,23,MLG10,60,5,0,0,5.0,0.08333333333333333
68,68,1-7845,6,1,1-7845,36,3,0,0,3.0,0.08333333333333333
436,436,1-5161,1,23,1-5161,12,1,0,0,1.0,0.08333333333333333
89,89,1-18004,12,22,1-18004,12,0,0,1,0.9778040647506714,0.08148367206255595
45,45,1-9444,19,12,1-9444,24,0,0,2,1.9556081295013428,0.08148367206255595
442,442,MLG11,18,10,MLG11,87,3,0,4,6.9112162590026855,0.07943926734485846
129,129,1-2573,4,20,1-2573,37,0,0,3,2.933412194252014,0.07928141065545984
272,272,1-1570,17,2,1-1570,142,11,0,0,11.0,0.07746478873239436
401,401,1-7204,6,1,1-7204,26,2,0,0,2.0,0.07692307692307693
143,143,1-8928,5,23,1-8928,39,3,0,0,3.0,0.07692307692307693
242,242,1-20791,18,10,1-20791,13,0,0,1,0.9778040647506714,0.07521569728851318
146,146,1-7453,10,16,1-7453,13,0,0,1,0.9778040647506714,0.07521569728851318
170,170,1-5043,17,2,1-5043,123,9,0,0,9.0,0.07317073170731707
168,168,1-9655,3,5,1-9655,27,0,0,2,1.9556081295013428,0.07242993072227195
29,29,1-18735,7,6,1-18735,27,0,0,2,1.9556081295013428,0.07242993072227195
273,273,1-3589,1,20,1-3589,27,0,0,2,1.9556081295013428,0.07242993072227195
265,265,1-11330,5,23,1-11330,14,1,0,0,1.0,0.07142857142857142
306,306,1-18377,2,5,1-18377,14,0,0,1,0.9778040647506714,0.06984314748219081
173,173,1-9588,3,5,1-9588,14,0,0,1,0.9778040647506714,0.06984314748219081
0,0,72-0103,3,5,72-0103,71,0,0,5,4.889020323753357,0.06885944117962474
324,324,1-6734,17,2,1-6734,44,3,0,0,3.0,0.06818181818181818
201,201,1-9902,5,23,1-9902,30,2,0,0,2.0,0.06666666666666667
40,40,1-7722,18,10,1-7722,60,3,0,1,3.9778040647506714,0.06629673441251119
430,430,1-3141,17,2,1-3141,136,9,0,0,9.0,0.0661764705882353
56,56,1-5877,17,2,1-5877,79,5,0,0,5.0,0.06329113924050633
207,207,1-7058,17,2,1-7058,80,5,0,0,5.0,0.0625
80,80,1-9115,7,6,1-9115,16,1,0,0,1.0,0.0625
98,98,1-8127,12,22,1-8127,32,1,0,1,1.9778040647506714,0.06180637702345848
137,137,1-1972,1,8,1-1972,32,1,0,1,1.9778040647506714,0.06180637702345848
398,398,1-0303,6,1,1-0303,212,13,0,0,13.0,0.06132075471698113
42,42,1-1207,5,23,1-1207,66,4,0,0,4.0,0.06060606060606061
195,195,1-2670,19,12,1-2670,104,5,0,1,5.977804064750671,0.05747888523798723
111,111,1-19897,3,5,1-19897,53,1,0,2,2.9556081295013428,0.05576619112266684
32,32,1-0022,1,8,1-0022,18,1,0,0,1.0,0.05555555555555555
276,276,1-9495,5,23,1-9495,18,1,0,0,1.0,0.05555555555555555
452,452,1-8529,18,1,1-8529,56,3,0,0,3.0,0.05357142857142857
385,385,1-6974,6,1,1-6974,207,11,0,0,11.0,0.05314009661835749
461,461,1-9651,7,1,1-9651,38,2,0,0,2.0,0.05263157894736842
17,17,1-18603,8,9,1-18603,19,0,0,1,0.9778040647506714,0.0514633718289827
393,393,1-7819,6,1,1-7819,59,3,0,0,3.0,0.05084745762711865
304,304,1-19004,5,23,1-19004,60,3,0,0,3.0,0.05
41,41,1-7509,1,8,1-7509,40,0,0,2,1.9556081295013428,0.04889020323753357
355,355,1-9498,17,2,1-9498,64,3,0,0,3.0,0.046875
27,27,1-18409,17,2,1-18409,22,1,0,0,1.0,0.045454545454545456
2,2,MLG17,11,11,MLG17,153,4,0,3,6.933412194252014,0.0453164195702746
117,117,1-0358,3,5,1-0358,22,0,0,1,0.9778040647506714,0.0444456393068487
50,50,1-8174,1,8,1-8174,45,2,0,0,2.0,0.044444444444444446
345,345,1-1131,5,23,1-1131,138,6,0,0,6.0,0.043478260869565216
417,417,1-10451,1,13,1-10451,46,0,0,2,1.9556081295013428,0.04251322020655093
239,239,1-7042,3,5,1-7042,117,0,0,5,4.889020323753357,0.041786498493618436
288,288,1-8590,6,1,1-8590,24,1,0,0,1.0,0.041666666666666664
43,43,1-8705,6,1,1-8705,48,2,0,0,2.0,0.041666666666666664
547,547,MLG67,6,1,MLG67,27,1,0,0,1.0,0.037037037037037035
421,421,1-8398,17,2,1-8398,54,2,0,0,2.0,0.037037037037037035
347,347,1-8188,6,1,1-8188,140,5,0,0,5.0,0.03571428571428571
226,226,1-9996,17,2,1-9996,28,1,0,0,1.0,0.03571428571428571
6,6,1-8021,14,13,1-8021,58,2,0,0,2.0,0.034482758620689655
181,181,1-8641,1,8,1-8641,30,0,0,1,0.9778040647506714,0.03259346882502238
245,245,1-6647,6,1,1-6647,62,2,0,0,2.0,0.03225806451612903
52,52,72-12387,13,18,72-12387,71,1,0,1,1.9778040647506714,0.02785639527817847
407,407,1-8421,17,2,1-8421,109,3,0,0,3.0,0.027522935779816515
23,23,1-2025,2,14,1-2025,41,1,0,0,1.0,0.024390243902439025
373,373,1-6918,3,5,1-6918,43,0,0,1,0.9778040647506714,0.02273962941280631
7,7,1-8767,6,1,1-8767,48,1,0,0,1.0,0.020833333333333332
531,531,1-5891,5,23,1-5891,96,2,0,0,2.0,0.020833333333333332
105,105,1-1258,17,2,1-1258,435,7,0,0,7.0,0.016091954022988506
88,88,1-5626,17,2,1-5626,125,2,0,0,2.0,0.016
491,491,MLG09,2,2,MLG09,125,2,0,0,2.0,0.016
409,409,1-9645,6,1,1-9645,69,1,0,0,1.0,0.014492753623188406
61,61,1-7341,17,2,1-7341,110,1,0,0,1.0,0.00909090909090909
321,321,1-5172,17,2,1-5172,120,1,0,0,1.0,0.008333333333333333
213,213,1-18563,11,11,1-18563,8,0,0,0,0.0,0.0
119,119,1-5929,1,8,1-5929,4,0,0,0,0.0,0.0
159,159,1-10696,6,1,1-10696,24,0,0,0,0.0,0.0
323,323,1-3647,2,14,1-3647,5,0,0,0,0.0,0.0
158,158,1-7599,4,20,1-7599,3,0,0,0,0.0,0.0
18,18,1-3521,10,1,1-3521,22,0,0,0,0.0,0.0
211,211,1-5406,9,17,1-5406,10,0,0,0,0.0,0.0
70,70,1-2584,1,8,1-2584,36,0,0,0,0.0,0.0
416,416,1-18203,6,1,1-18203,29,0,0,0,0.0,0.0
69,69,1-18498,11,11,1-18498,13,0,0,0,0.0,0.0
46,46,1-8566,14,17,1-8566,5,0,0,0,0.0,0.0
559,559,1-5914,1,1,1-5914,3,0,0,0,0.0,0.0
101,101,1-9892,5,23,1-9892,22,0,0,0,0.0,0.0
546,546,1-7527,12,22,1-7527,1,0,0,0,0.0,0.0
561,561,1-9455,1,8,1-9455,2,0,0,0,0.0,0.0
252,252,1-21195,1,8,1-21195,1,0,0,0,0.0,0.0
235,235,1-8113,15,19,1-8113,9,0,0,0,0.0,0.0
75,75,1-8401,1,8,1-8401,57,0,0,0,0.0,0.0
545,545,1-19567,16,20,1-19567,2,0,0,0,0.0,0.0
112,112,1-10698,2,14,1-10698,6,0,0,0,0.0,0.0
78,78,1-4088,2,20,1-4088,30,0,0,0,0.0,0.0
194,194,1-9253,1,8,1-9253,24,0,0,0,0.0,0.0
535,535,1-5990,9,17,1-5990,5,0,0,0,0.0,0.0
120,120,1-10232,6,1,1-10232,5,0,0,0,0.0,0.0
492,492,1-6028,7,5,1-6028,2,0,0,0,0.0,0.0
113,113,1-4499,4,1,1-4499,12,0,0,0,0.0,0.0
212,212,1-10922,14,13,1-10922,1,0,0,0,0.0,0.0
319,319,1-3584,14,23,1-3584,26,0,0,0,0.0,0.0
564,564,1-9034,1,8,1-9034,3,0,0,0,0.0,0.0
28,28,1-10071,11,11,1-10071,30,0,0,0,0.0,0.0
186,186,72-11994,7,1,72-11994,8,0,0,0,0.0,0.0
175,175,1-4910,8,9,1-4910,4,0,0,0,0.0,0.0
297,297,1-8352,1,8,1-8352,1,0,0,0,0.0,0.0
525,525,1-3175,10,16,1-3175,6,0,0,0,0.0,0.0
34,34,1-6642,1,8,1-6642,36,0,0,0,0.0,0.0
565,565,1-19927,11,11,1-19927,1,0,0,0,0.0,0.0
38,38,1-2104,2,14,1-2104,36,0,0,0,0.0,0.0
79,79,1-9739,10,1,1-9739,31,0,0,0,0.0,0.0
107,107,1-6971,2,14,1-6971,10,0,0,0,0.0,0.0
90,90,1-19222,16,15,1-19222,15,0,0,0,0.0,0.0
402,402,1-5744,9,23,1-5744,18,0,0,0,0.0,0.0
21,21,1-3519,4,20,1-3519,27,0,0,0,0.0,0.0
317,317,1-10978,1,8,1-10978,1,0,0,0,0.0,0.0
237,237,1-9667,6,1,1-9667,14,0,0,0,0.0,0.0
187,187,1-7321,1,8,1-7321,7,0,0,0,0.0,0.0
60,60,1-18202,15,1,1-18202,23,0,0,0,0.0,0.0
325,325,1-19924,1,8,1-19924,1,0,0,0,0.0,0.0
264,264,P-0009,2,14,P-0009,7,0,0,0,0.0,0.0
465,465,1-5913,16,23,1-5913,14,0,0,0,0.0,0.0
334,334,1-20641,1,1,1-20641,16,0,0,0,0.0,0.0
313,313,1-7521,7,23,1-7521,10,0,0,0,0.0,0.0
530,530,1-4847,15,19,1-4847,2,0,0,0,0.0,0.0
541,541,1-5424,2,23,1-5424,5,0,0,0,0.0,0.0
177,177,1-10948,1,8,1-10948,2,0,0,0,0.0,0.0
9,9,1-8020,2,14,1-8020,56,0,0,0,0.0,0.0
312,312,1-3108,6,1,1-3108,18,0,0,0,0.0,0.0
556,556,1-10951,5,1,1-10951,1,0,0,0,0.0,0.0
165,165,1-7721,3,5,1-7721,20,0,0,0,0.0,0.0
16,16,1-9955,3,5,1-9955,60,0,0,0,0.0,0.0
508,508,1-8532,14,13,1-8532,4,0,0,0,0.0,0.0
287,287,1-9836,1,22,1-9836,5,0,0,0,0.0,0.0
455,455,1-17790,5,23,1-17790,5,0,0,0,0.0,0.0
502,502,1-20012,13,14,1-20012,12,0,0,0,0.0,0.0
135,135,1-9712,3,5,1-9712,10,0,0,0,0.0,0.0
249,249,1-6931,1,8,1-6931,1,0,0,0,0.0,0.0
148,148,1-0001,2,14,1-0001,17,0,0,0,0.0,0.0
507,507,1-6909,3,2,1-6909,36,0,0,0,0.0,0.0
262,262,1-8623,1,8,1-8623,5,0,0,0,0.0,0.0
82,82,1-17645,1,8,1-17645,9,0,0,0,0.0,0.0
36,36,1-2714,5,23,1-2714,61,0,0,0,0.0,0.0
100,100,1-19598,1,8,1-19598,11,0,0,0,0.0,0.0
142,142,P-16454,6,1,P-16454,8,0,0,0,0.0,0.0
503,503,1-9076,15,1,1-9076,9,0,0,0,0.0,0.0
152,152,1-9500,17,2,1-9500,33,0,0,0,0.0,0.0
550,550,1-19568,1,5,1-19568,2,0,0,0,0.0,0.0
420,420,1-8172,6,1,1-8172,40,0,0,0,0.0,0.0
20,20,1-5167,2,5,1-5167,24,0,0,0,0.0,0.0
115,115,1-3178,1,8,1-3178,6,0,0,0,0.0,0.0
220,220,MLG73,10,16,MLG73,10,0,0,0,0.0,0.0
