Unnamed: 0.10,Unnamed: 0.9,Unnamed: 0.8,Unnamed: 0.7,Unnamed: 0.6,Unnamed: 0.5,Unnamed: 0.4,Unnamed: 0.3,Unnamed: 0.2,Unnamed: 0.1,Unnamed: 0,exam,slot,Exam Group,Exam Block,size,b2bs,confs,2i3s,score,score_norm
215,215,215,215,215,215,215,215,215,215,215,MLG40,9,MLG40,3,51,11,1,11,1013.7374465763569,19.877204834830525
168,168,168,168,168,168,168,168,168,168,168,MLG45,7,MLG45,5,70,18,1,16,1021.9817404747009,14.599739149638586
9,9,9,9,9,9,9,9,9,9,9,1-3523,9,1-3523,3,543,92,1,109,1119.1256069839,2.0610048010753226
8,8,8,8,8,8,8,8,8,8,8,1-10468,7,1-10468,5,549,56,1,156,1094.821969628334,1.9942112379386776
147,147,147,147,147,147,147,147,147,147,147,1-2423,17,1-2423,12,79,34,0,0,34.0,0.43037974683544306
112,112,112,112,112,112,112,112,112,112,112,1-3447,8,1-3447,4,110,38,0,21,43.22603437304497,0.39296394884586333
195,195,195,195,195,195,195,195,195,195,195,1-9379,21,1-9379,9,58,22,0,0,22.0,0.3793103448275862
203,203,203,203,203,203,203,203,203,203,203,1-9938,6,1-9938,6,55,18,0,11,20.737446576356888,0.37704448320648887
211,211,211,211,211,211,211,211,211,211,211,1-8042,4,1-8042,19,52,13,0,23,18.723751932382584,0.3600721525458189
165,165,165,165,165,165,165,165,165,165,165,MLG59,7,MLG59,5,71,18,0,23,23.723751932382584,0.33413735116031806
22,22,22,22,22,22,22,22,22,22,22,MLG50,11,MLG50,15,319,82,0,85,103.15299627184868,0.32336362467664165
242,242,242,242,242,242,242,242,242,242,242,1-3206,13,1-3206,13,45,12,0,10,14.48858779668808,0.32196861770417956
34,34,34,34,34,34,34,34,34,34,34,MLG51,16,MLG51,16,248,57,0,73,75.16669091582298,0.3030914956283185
308,308,308,308,308,308,308,308,308,308,308,1-4700,20,1-4700,8,31,7,0,9,9.239729017019272,0.2980557747425572
189,189,189,189,189,189,189,189,189,189,189,MLG10,3,MLG10,20,60,12,0,23,17.723751932382584,0.2953958655397097
61,61,61,61,61,61,61,61,61,61,61,1-6927,4,1-6927,19,179,52,0,2,52.497717559337616,0.2932833383203219
166,166,166,166,166,166,166,166,166,166,166,MLG58,15,MLG58,12,71,18,0,11,20.737446576356888,0.29207671234305477
81,81,81,81,81,81,81,81,81,81,81,1-7682,14,1-7682,11,141,25,0,63,40.6781031191349,0.2884971852420915
123,123,123,123,123,123,123,123,123,123,123,1-11350,10,1-11350,2,100,23,0,23,28.723751932382584,0.28723751932382585
412,412,412,412,412,412,412,412,412,412,412,1-0055,10,1-0055,16,18,2,0,12,4.986305356025696,0.27701696422364974
26,26,26,26,26,26,26,26,26,26,26,1-18558,17,1-18558,17,307,78,0,22,83.47489315271378,0.27190518942252045
239,239,239,239,239,239,239,239,239,239,239,1-5002,5,1-5002,7,45,7,0,21,12.226034373044968,0.2716896527343326
67,67,67,67,67,67,67,67,67,67,67,1-3516,20,1-3516,8,156,17,0,100,41.8858779668808,0.2684992177364154
332,332,332,332,332,332,332,332,332,332,332,P-16616,17,P-16616,17,28,7,0,2,7.497717559337616,0.26777562711920055
233,233,233,233,233,233,233,233,233,233,233,1-3587,13,1-3587,13,46,11,0,5,12.24429389834404,0.26618030213791394
109,109,109,109,109,109,109,109,109,109,109,1-7441,12,1-7441,14,111,10,0,78,29.410984814167023,0.2649638271546579
32,32,32,32,32,32,32,32,32,32,32,1-7874,4,1-7874,19,258,61,0,29,68.21690461039543,0.26440660701703655
423,423,423,423,423,423,423,423,423,423,423,MLG46,12,MLG46,14,17,3,0,6,4.493152678012848,0.2643030987066381
80,80,80,80,80,80,80,80,80,80,80,1-0053,5,1-0053,7,142,31,0,26,37.47032827138901,0.2638755512069648
77,77,77,77,77,77,77,77,77,77,77,1-9674,6,1-9674,6,144,34,0,16,37.98174047470093,0.26376208662986755
267,267,267,267,267,267,267,267,267,267,267,1-5413,16,1-5413,16,39,7,0,13,10.235164135694504,0.2624401060434488
299,299,299,299,299,299,299,299,299,299,299,MLG31,4,MLG31,19,33,8,0,2,8.497717559337616,0.2575065927072005
213,213,213,213,213,213,213,213,213,213,213,1-6227,4,1-6227,19,52,13,0,1,13.248858779668808,0.25478574576286167
85,85,85,85,85,85,85,85,85,85,85,1-1131,15,1-1131,12,138,20,0,59,34.68266800045967,0.2513236811627512
212,212,212,212,212,212,212,212,212,212,212,MLG32,4,MLG32,19,52,12,0,4,12.995435118675232,0.24991221382067755
441,441,441,441,441,441,441,441,441,441,441,1-9997,5,1-9997,7,16,3,0,4,3.995435118675232,0.249714694917202
345,345,345,345,345,345,345,345,345,345,345,1-3584,5,1-3584,17,26,3,0,14,6.484022915363312,0.24938549674474275
57,57,57,57,57,57,57,57,57,57,57,MLG75,21,MLG75,9,185,46,0,0,46.0,0.24864864864864866
210,210,210,210,210,210,210,210,210,210,210,1-1191,22,1-1191,10,53,13,0,0,13.0,0.24528301886792453
71,71,71,71,71,71,71,71,71,71,71,1-4417,18,1-4417,18,151,21,0,64,36.92696189880371,0.24454941654836895
169,169,169,169,169,169,169,169,169,169,169,1-7268,14,1-7268,11,70,5,0,48,16.945221424102783,0.2420745917728969
243,243,243,243,243,243,243,243,243,243,243,1-19166,13,1-19166,13,45,10,0,3,10.746576339006424,0.23881280753347608
383,383,383,383,383,383,383,383,383,383,383,1-3521,14,1-3521,11,22,0,0,21,5.226034373044968,0.23754701695658945
394,394,394,394,394,394,394,394,394,394,394,1-9697,11,1-9697,20,20,3,0,7,4.742011457681656,0.2371005728840828
277,277,277,277,277,277,277,277,277,277,277,1-10060,3,1-10060,20,36,4,0,18,8.479458034038544,0.2355405009455151
84,84,84,84,84,84,84,84,84,84,84,1-2382,8,1-2382,4,139,25,0,31,32.71462216973305,0.23535699402685645
45,45,45,45,45,45,45,45,45,45,45,1-3596,8,1-3596,4,223,42,0,42,52.452068746089935,0.23521107061026877
96,96,96,96,96,96,96,96,96,96,96,MLG09,3,MLG09,20,125,1,0,114,29.36990088224411,0.23495920705795287
78,78,78,78,78,78,78,78,78,78,78,1-1570,12,1-1570,14,142,26,0,29,33.21690461039543,0.23392186345348895
445,445,445,445,445,445,445,445,445,445,445,1-5654,8,1-5654,19,15,3,0,2,3.497717559337616,0.23318117062250773
91,91,91,91,91,91,91,91,91,91,91,1-9270,12,1-9270,14,128,21,0,35,29.71005728840828,0.23210982256568968
256,256,256,256,256,256,256,256,256,256,256,1-0296,9,1-0296,3,41,5,0,18,9.479458034038544,0.2312062935131352
122,122,122,122,122,122,122,122,122,122,122,1-9404,6,1-9404,6,100,19,0,16,22.981740474700928,0.2298174047470093
184,184,184,184,184,184,184,184,184,184,184,1-2701,4,1-2701,19,61,13,0,4,13.995435118675232,0.22943336260123331
145,145,145,145,145,145,145,145,145,145,145,1-9491,3,1-9491,20,80,9,0,37,18.207774847745895,0.22759718559682368
66,66,66,66,66,66,66,66,66,66,66,MLG48,6,MLG48,6,159,13,0,93,36.14386650919914,0.22731991515219588
385,385,385,385,385,385,385,385,385,385,385,1-18615,3,1-18615,20,22,2,0,12,4.986305356025696,0.22665024345571344
404,404,404,404,404,404,404,404,404,404,404,1-20578,7,1-20578,5,19,4,0,1,4.248858779668808,0.2236241462983583
403,403,403,403,403,403,403,403,403,403,403,72-12171,17,72-12171,17,19,4,0,1,4.248858779668808,0.2236241462983583
154,154,154,154,154,154,154,154,154,154,154,1-9417,6,1-9417,6,76,15,0,8,16.990870237350464,0.22356408207040085
331,331,331,331,331,331,331,331,331,331,331,1-5981,10,1-5981,2,28,3,0,13,6.235164135694504,0.22268443341766084
337,337,337,337,337,337,337,337,337,337,337,1-6532,21,1-6532,9,27,6,0,0,6.0,0.2222222222222222
20,20,20,20,20,20,20,20,20,20,20,1-8067,6,1-8067,6,322,50,0,85,71.15299627184868,0.2209720381113313
356,356,356,356,356,356,356,356,356,356,356,1-18613,4,1-18613,19,25,4,0,6,5.493152678012848,0.2197261071205139
350,350,350,350,350,350,350,350,350,350,350,1-9609,18,1-9609,12,25,4,0,6,5.493152678012848,0.2197261071205139
105,105,105,105,105,105,105,105,105,105,105,1-7042,10,1-7042,2,117,10,0,63,25.678103119134903,0.21947096683021283
64,64,64,64,64,64,64,64,64,64,64,MLG29,5,MLG29,7,164,23,0,52,35.940656542778015,0.2191503447730367
163,163,163,163,163,163,163,163,163,163,163,1-6692,15,1-6692,12,71,12,0,14,15.484022915363312,0.21808482979384947
505,505,505,505,505,505,505,505,505,505,505,1-9855,3,1-9855,20,8,0,0,7,1.7420114576816559,0.21775143221020699
247,247,247,247,247,247,247,247,247,247,247,1-6734,12,1-6734,14,44,7,0,10,9.48858779668808,0.2156497226520018
329,329,329,329,329,329,329,329,329,329,329,1-5980,8,1-5980,4,29,5,0,5,6.24429389834404,0.21532047925324277
43,43,43,43,43,43,43,43,43,43,43,MLG14,10,MLG14,2,232,37,0,52,49.940656542778015,0.21526145061542248
512,512,512,512,512,512,512,512,512,512,512,1-5799,12,1-5799,14,7,1,0,2,1.497717559337616,0.21395965133394515
11,11,11,11,11,11,11,11,11,11,11,MLG56,13,MLG56,13,511,91,0,71,108.66897335648537,0.2126594390537874
0,0,0,0,0,0,0,0,0,0,0,1-6098,5,1-6098,7,1327,195,0,348,281.6028553247452,0.2122101396569293
146,146,146,146,146,146,146,146,146,146,146,MLG78,11,MLG78,15,80,11,0,24,16.97261071205139,0.2121576339006424
297,297,297,297,297,297,297,297,297,297,297,1-9630,21,1-9630,14,33,7,0,0,7.0,0.21212121212121213
7,7,7,7,7,7,7,7,7,7,7,MLG69,13,MLG69,13,576,87,0,139,121.59137037396431,0.2110961291214658
150,150,150,150,150,150,150,150,150,150,150,1-3083,9,1-3083,3,78,7,0,38,16.456633627414703,0.2109824824027526
348,348,348,348,348,348,348,348,348,348,348,1-3087,3,1-3087,20,26,2,0,14,5.484022915363312,0.2109239582832043
241,241,241,241,241,241,241,241,241,241,241,1-6216,1,1-6216,1,45,0,0,38,9.456633627414703,0.21014741394254896
27,27,27,27,27,27,27,27,27,27,27,1-1608,14,1-1608,11,307,49,0,62,64.4292443394661,0.20986724540542703
307,307,307,307,307,307,307,307,307,307,307,1-9739,3,1-9739,20,31,0,0,26,6.470328271389008,0.20872026681900024
317,317,317,317,317,317,317,317,317,317,317,1-9504,4,1-9504,19,30,6,0,1,6.248858779668808,0.20829529265562693
473,473,473,473,473,473,473,473,473,473,473,1-5161,3,1-5161,20,12,1,0,6,2.493152678012848,0.20776272316773733
280,280,280,280,280,280,280,280,280,280,280,1-8314,11,1-8314,15,36,3,0,18,7.479458034038544,0.20776272316773733
54,54,54,54,54,54,54,54,54,54,54,1-1350,14,1-1350,11,195,33,0,30,40.46576339006424,0.20751673533366277
125,125,125,125,125,125,125,125,125,125,125,1-1390,16,1-1390,16,98,17,0,13,20.235164135694504,0.20648126669076025
70,70,70,70,70,70,70,70,70,70,70,1-1224,16,1-1224,16,151,10,0,85,31.15299627184868,0.20631123358840184
38,38,38,38,38,38,38,38,38,38,38,1-4649,13,1-4649,13,244,36,0,57,50.184950441122055,0.20567602639804122
216,216,216,216,216,216,216,216,216,216,216,1-8397,8,1-8397,4,51,8,0,10,10.48858779668808,0.2056585842487859
72,72,72,72,72,72,72,72,72,72,72,1-9497,5,1-9497,7,150,23,0,31,30.714622169733047,0.2047641477982203
176,176,176,176,176,176,176,176,176,176,176,1-6561,12,1-6561,14,65,10,0,13,13.235164135694504,0.20361790977991545
144,144,144,144,144,144,144,144,144,144,144,1-7058,17,1-7058,17,80,16,0,1,16.248858779668808,0.2031107347458601
206,206,206,206,206,206,206,206,206,206,206,1-8544,20,1-8544,8,54,1,0,40,10.95435118675232,0.20285835531022814
12,12,12,12,12,12,12,12,12,12,12,1-7024,21,1-7024,9,498,101,0,0,101.0,0.20281124497991967
340,340,340,340,340,340,340,340,340,340,340,1-3519,12,1-3519,14,27,0,0,22,5.474893152713776,0.20277382047088058
106,106,106,106,106,106,106,106,106,106,106,1-9963,12,1-9963,14,116,15,0,34,23.46119850873947,0.20225171128223682
235,235,235,235,235,235,235,235,235,235,235,1-1989,4,1-1989,19,46,8,0,5,9.24429389834404,0.20096291083356607
278,278,278,278,278,278,278,278,278,278,278,1-7845,3,1-7845,20,36,1,0,25,7.2214694917202,0.20059637477000555
531,531,531,531,531,531,531,531,531,531,531,1-4051,12,1-4051,14,5,1,0,0,1.0,0.2
315,315,315,315,315,315,315,315,315,315,315,1-9614,10,1-9614,2,30,5,0,4,5.995435118675232,0.1998478372891744
4,4,4,4,4,4,4,4,4,4,4,MLG68,17,MLG68,17,642,105,0,90,127.39729017019272,0.19843814668254317
115,115,115,115,115,115,115,115,115,115,115,1-8421,12,1-8421,14,109,19,0,10,21.48858779668808,0.19714300730906495
214,214,214,214,214,214,214,214,214,214,214,1-8450,15,1-8450,12,52,9,0,5,10.24429389834404,0.19700565189123154
126,126,126,126,126,126,126,126,126,126,126,1-6693,5,1-6693,7,98,15,0,17,19.230599254369736,0.1962306046364259
454,454,454,454,454,454,454,454,454,454,454,1-5913,8,1-5913,4,14,2,0,3,2.746576339006424,0.19618402421474457
221,221,221,221,221,221,221,221,221,221,221,1-4355,9,1-4355,3,49,7,0,10,9.48858779668808,0.19364464891200162
41,41,41,41,41,41,41,41,41,41,41,1-9283,14,1-9283,11,235,19,0,106,45.379030644893646,0.19310225806337722
36,36,36,36,36,36,36,36,36,36,36,MLG64,4,MLG64,19,245,41,0,25,47.2214694917202,0.1927406918029396
199,199,199,199,199,199,199,199,199,199,199,1-20167,5,1-20167,4,56,7,0,15,10.73288169503212,0.19165860169700213
30,30,30,30,30,30,30,30,30,30,30,1-10785,12,1-10785,14,279,28,0,99,52.63701918721199,0.18866315120864513
143,143,143,143,143,143,143,143,143,143,143,1-9286,14,1-9286,11,81,9,0,25,15.2214694917202,0.1879193764409901
429,429,429,429,429,429,429,429,429,429,429,1-9452,4,1-9452,19,16,3,0,0,3.0,0.1875
435,435,435,435,435,435,435,435,435,435,435,1-4494,15,1-4494,12,16,2,0,4,2.995435118675232,0.187214694917202
439,439,439,439,439,439,439,439,439,439,439,1-4682,16,1-4682,16,16,2,0,4,2.995435118675232,0.187214694917202
545,545,545,545,545,545,545,545,545,545,545,1-4926,18,1-4926,19,4,0,0,3,0.746576339006424,0.186644084751606
164,164,164,164,164,164,164,164,164,164,164,72-0103,1,72-0103,1,71,0,0,53,13.189515322446823,0.185767821442913
174,174,174,174,174,174,174,174,174,174,174,MLG41,4,MLG41,19,66,11,0,5,12.24429389834404,0.18551960452036423
286,286,286,286,286,286,286,286,286,286,286,1-1770,11,1-1770,11,35,3,0,14,6.484022915363312,0.1852577975818089
137,137,137,137,137,137,137,137,137,137,137,1-6611,20,1-6611,8,89,7,0,38,16.456633627414703,0.18490599581364836
371,371,371,371,371,371,371,371,371,371,371,1-6035,12,1-6035,14,23,3,0,5,4.24429389834404,0.1845345173193061
93,93,93,93,93,93,93,93,93,93,93,MLG52,15,MLG52,12,125,13,0,39,22.70549240708351,0.18164393925666808
151,151,151,151,151,151,151,151,151,151,151,MLG38,8,MLG38,4,77,11,0,12,13.986305356025696,0.181640329299035
5,5,5,5,5,5,5,5,5,5,5,MLG57,16,MLG57,16,629,69,0,180,113.79458034038544,0.18091348225816445
414,414,414,414,414,414,414,414,414,414,414,MLG06,11,MLG06,15,18,2,0,5,3.24429389834404,0.18023854990800223
358,358,358,358,358,358,358,358,358,358,358,1-8627,14,1-8627,11,25,2,0,10,4.48858779668808,0.17954351186752318
389,389,389,389,389,389,389,389,389,389,389,1-7842,3,1-7842,20,21,1,0,11,3.737446576356888,0.17797364649318514
161,161,161,161,161,161,161,161,161,161,161,1-8285,14,1-8285,11,72,10,0,11,12.737446576356888,0.176908980227179
56,56,56,56,56,56,56,56,56,56,56,1-8427,14,1-8427,11,189,8,0,102,33.383595526218414,0.17663278056200218
292,292,292,292,292,292,292,292,292,292,292,1-9740,8,1-9740,4,34,4,0,8,5.990870237350464,0.1762020658044254
205,205,205,205,205,205,205,205,205,205,205,1-8398,8,1-8398,4,54,8,0,6,9.493152678012848,0.1757991236669046
343,343,343,343,343,343,343,343,343,343,343,MLG67,3,MLG67,20,27,3,0,7,4.742011457681656,0.17563005398820947
46,46,46,46,46,46,46,46,46,46,46,1-2282,8,1-2282,4,219,29,0,38,38.4566336274147,0.17560106679184795
135,135,135,135,135,135,135,135,135,135,135,MLG07,1,MLG07,1,90,0,0,63,15.678103119134903,0.1742011457681656
300,300,300,300,300,300,300,300,300,300,300,1-18709,5,1-18709,3,33,4,0,7,5.742011457681656,0.17400034720247443
283,283,283,283,283,283,283,283,283,283,283,1-6909,8,1-6909,4,36,5,0,5,6.24429389834404,0.17345260828733444
325,325,325,325,325,325,325,325,325,325,325,1-9338,6,1-9338,15,29,3,0,8,4.990870237350464,0.17209897370174013
326,326,326,326,326,326,326,326,326,326,326,1-0027,5,1-0027,7,29,3,0,8,4.990870237350464,0.17209897370174013
14,14,14,14,14,14,14,14,14,14,14,1-1317,6,1-1317,6,414,54,0,68,70.92239701747894,0.17131013772337908
62,62,62,62,62,62,62,62,62,62,62,1-6878,18,1-6878,18,167,7,0,86,28.401855051517487,0.17007098833244003
82,82,82,82,82,82,82,82,82,82,82,1-8188,3,1-8188,20,140,10,0,54,23.43837410211563,0.1674169578722545
15,15,15,15,15,15,15,15,15,15,15,1-1580,10,1-1580,2,400,49,0,71,66.66897335648537,0.1666724333912134
524,524,524,524,524,524,524,524,524,524,524,1-7525,11,1-7525,15,6,1,0,0,1.0,0.16666666666666666
387,387,387,387,387,387,387,387,387,387,387,1-9436,8,1-9436,4,21,2,0,6,3.493152678012848,0.1663406037148975
29,29,29,29,29,29,29,29,29,29,29,1-3534,20,1-3534,8,279,23,0,94,46.39272528886795,0.16628216949415037
10,10,10,10,10,10,10,10,10,10,10,MLG62,8,MLG62,4,525,61,0,104,86.88131308555603,0.1654882154010591
19,19,19,19,19,19,19,19,19,19,19,1-7863,12,1-7863,14,351,15,0,173,58.05256888270378,0.16539193413875722
148,148,148,148,148,148,148,148,148,148,148,1-0278,11,1-0278,15,79,11,0,8,12.990870237350464,0.16444139540949954
89,89,89,89,89,89,89,89,89,89,89,1-9831,7,1-9831,5,132,7,0,59,21.68266800045967,0.16426263636711871
268,268,268,268,268,268,268,268,268,268,268,1-8493,11,1-8493,15,38,3,0,13,6.235164135694504,0.16408326672880272
127,127,127,127,127,127,127,127,127,127,127,1-5891,17,1-5891,17,96,13,0,11,15.737446576356888,0.16393173517038426
368,368,368,368,368,368,368,368,368,368,368,1-6858,7,1-6858,5,23,3,0,3,3.746576339006424,0.16289462343506192
376,376,376,376,376,376,376,376,376,376,376,1-18487,11,1-18487,15,23,2,0,7,3.742011457681656,0.16269615033398505
263,263,263,263,263,263,263,263,263,263,263,1-6061,15,1-6061,12,40,6,0,2,6.497717559337616,0.1624429389834404
260,260,260,260,260,260,260,260,260,260,260,1-4760,17,1-4760,17,40,6,0,2,6.497717559337616,0.1624429389834404
133,133,133,133,133,133,133,133,133,133,133,MLG53,11,MLG53,15,91,13,0,7,14.742011457681656,0.16200012590858962
449,449,449,449,449,449,449,449,449,449,449,MLG43,8,MLG43,4,14,2,0,1,2.248858779668808,0.16063276997634343
450,450,450,450,450,450,450,450,450,450,450,1-11206,10,1-11206,14,14,2,0,1,2.248858779668808,0.16063276997634343
94,94,94,94,94,94,94,94,94,94,94,1-1005,5,1-1005,7,125,15,0,20,19.97717559337616,0.15981740474700928
228,228,228,228,228,228,228,228,228,228,228,MLG60,10,MLG60,2,47,2,0,22,7.474893152713776,0.15904027984497396
220,220,220,220,220,220,220,220,220,220,220,MLG35,4,MLG35,19,49,6,0,7,7.742011457681656,0.15800023383023787
314,314,314,314,314,314,314,314,314,314,314,1-4088,1,1-4088,1,30,0,0,19,4.728316813707352,0.1576105604569117
428,428,428,428,428,428,428,428,428,428,428,1-9606,5,1-9606,7,16,1,0,6,2.493152678012848,0.155822042375803
157,157,157,157,157,157,157,157,157,157,157,1-17733,6,1-17733,6,74,9,0,10,11.48858779668808,0.1552511864417308
324,324,324,324,324,324,324,324,324,324,324,1-5515,14,1-5515,11,29,3,0,6,4.493152678012848,0.15493629924182234
132,132,132,132,132,132,132,132,132,132,132,MLG55,3,MLG55,20,92,7,0,29,14.216904610395432,0.15453157185212427
264,264,264,264,264,264,264,264,264,264,264,1-8928,13,1-8928,13,39,6,0,0,6.0,0.15384615384615385
49,49,49,49,49,49,49,49,49,49,49,1-6974,3,1-6974,20,207,7,0,98,31.388160407543182,0.15163362515721343
48,48,48,48,48,48,48,48,48,48,48,MLG30,18,MLG30,18,208,18,0,54,31.43837410211563,0.15114602933709437
270,270,270,270,270,270,270,270,270,270,270,1-9651,3,1-9651,20,38,1,0,19,5.728316813707352,0.1507451793080882
47,47,47,47,47,47,47,47,47,47,47,1-0303,3,1-0303,20,212,13,0,76,31.913267254829407,0.1505342795039123
250,250,250,250,250,250,250,250,250,250,250,1-18234,3,1-18234,20,43,0,0,26,6.470328271389008,0.1504727504974188
493,493,493,493,493,493,493,493,493,493,493,1-0033,20,1-0033,8,10,1,0,2,1.497717559337616,0.1497717559337616
489,489,489,489,489,489,489,489,489,489,489,1-7521,17,1-7521,17,10,1,0,2,1.497717559337616,0.1497717559337616
354,354,354,354,354,354,354,354,354,354,354,1-7530,20,1-7530,13,25,2,0,7,3.742011457681656,0.14968045830726623
352,352,352,352,352,352,352,352,352,352,352,1-2297,11,1-2297,15,25,2,0,7,3.742011457681656,0.14968045830726623
117,117,117,117,117,117,117,117,117,117,117,1-7019,21,1-7019,9,107,16,0,0,16.0,0.14953271028037382
529,529,529,529,529,529,529,529,529,529,529,1-5424,1,1-5424,1,5,0,0,3,0.746576339006424,0.1493152678012848
124,124,124,124,124,124,124,124,124,124,124,1-0292,18,1-0292,18,99,3,0,47,14.696362644433975,0.1484481075195351
191,191,191,191,191,191,191,191,191,191,191,MLG44,4,MLG44,19,59,5,0,15,8.73288169503212,0.14801494398359524
51,51,51,51,51,51,51,51,51,51,51,MLG65,8,MLG65,4,201,24,0,23,29.723751932382584,0.14787936284767456
377,377,377,377,377,377,377,377,377,377,377,1-9892,12,1-9892,14,22,2,0,5,3.24429389834404,0.14746790447018363
420,420,420,420,420,420,420,420,420,420,420,1-8678,9,1-8678,3,17,2,0,2,2.497717559337616,0.1469245623139774
426,426,426,426,426,426,426,426,426,426,426,1-3639,7,1-3639,5,17,2,0,2,2.497717559337616,0.1469245623139774
2,2,2,2,2,2,2,2,2,2,2,1-6240,14,1-6240,11,698,55,0,180,99.79458034038544,0.14297217813808802
311,311,311,311,311,311,311,311,311,311,311,1-8938,8,1-8938,4,30,3,0,5,4.24429389834404,0.14147646327813465
100,100,100,100,100,100,100,100,100,100,100,1-5172,12,1-5172,14,120,5,0,48,16.945221424102783,0.14121017853418985
369,369,369,369,369,369,369,369,369,369,369,MLG39,3,MLG39,20,23,1,0,9,3.239729017019272,0.140857783348664
430,430,430,430,430,430,430,430,430,430,430,1-8023,18,1-8023,18,16,2,0,1,2.248858779668808,0.1405536737293005
255,255,255,255,255,255,255,255,255,255,255,1-3564,9,1-3564,3,41,3,0,11,5.737446576356888,0.13993772137455823
357,357,357,357,357,357,357,357,357,357,357,1-9650,16,1-9650,16,25,2,0,6,3.493152678012848,0.13972610712051392
65,65,65,65,65,65,65,65,65,65,65,1-4319,7,1-4319,5,163,15,0,31,22.714622169733047,0.13935351024376103
281,281,281,281,281,281,281,281,281,281,281,1-3312,6,1-3312,6,36,4,0,4,4.995435118675232,0.13876208662986755
180,180,180,180,180,180,180,180,180,180,180,1-10539,3,1-10539,20,63,5,0,15,8.73288169503212,0.1386171697624146
60,60,60,60,60,60,60,60,60,60,60,1-3068,20,1-3068,8,180,7,0,72,24.917832136154175,0.13843240075641208
496,496,496,496,496,496,496,496,496,496,496,1-9076,3,1-9076,20,9,0,0,5,1.24429389834404,0.13825487759378222
102,102,102,102,102,102,102,102,102,102,102,1-17907,20,1-17907,8,119,4,0,50,16.4429389834404,0.13817595784403697
69,69,69,69,69,69,69,69,69,69,69,MLG17,3,MLG17,20,153,2,0,76,20.913267254829407,0.13668802127339483
33,33,33,33,33,33,33,33,33,33,33,1-6296,18,1-6296,18,254,18,0,67,34.673538237810135,0.13650999306224462
480,480,480,480,480,480,480,480,480,480,480,1-5653,16,1-5653,16,11,1,0,2,1.497717559337616,0.1361561417579651
18,18,18,18,18,18,18,18,18,18,18,MLG63,9,MLG63,3,380,36,0,63,51.6781031191349,0.13599500820824975
290,290,290,290,290,290,290,290,290,290,290,1-3509,18,1-3509,18,35,2,0,11,4.737446576356888,0.13535561646733965
446,446,446,446,446,446,446,446,446,446,446,1-19447,3,1-19447,20,15,0,0,8,1.9908702373504639,0.13272468249003092
121,121,121,121,121,121,121,121,121,121,121,1-9333,3,1-9333,20,102,6,0,30,13.46576339006424,0.13201728813788471
172,172,172,172,172,172,172,172,172,172,172,1-6900,3,1-6900,20,67,5,0,15,8.73288169503212,0.1303415178363003
372,372,372,372,372,372,372,372,372,372,372,1-9553,11,1-9553,15,23,2,0,4,2.995435118675232,0.13023630950761877
114,114,114,114,114,114,114,114,114,114,114,1-7152,20,1-7152,8,109,1,0,53,14.189515322446823,0.13017903965547545
351,351,351,351,351,351,351,351,351,351,351,1-2324,14,1-2324,11,25,1,0,9,3.239729017019272,0.12958916068077087
3,3,3,3,3,3,3,3,3,3,3,1-6181,18,1-6181,18,659,43,0,169,85.05713376402855,0.1290700057117277
194,194,194,194,194,194,194,194,194,194,194,1-8018,3,1-8018,20,58,3,0,18,7.479458034038544,0.12895617300066456
95,95,95,95,95,95,95,95,95,95,95,1-5626,12,1-5626,14,125,5,0,44,15.949786305427551,0.12759829044342041
306,306,306,306,306,306,306,306,306,306,306,1-1972,4,1-1972,19,32,4,0,0,4.0,0.125
501,501,501,501,501,501,501,501,501,501,501,1-18563,7,1-18563,5,8,1,0,0,1.0,0.125
510,510,510,510,510,510,510,510,510,510,510,1-10444,4,1-10444,19,8,1,0,0,1.0,0.125
349,349,349,349,349,349,349,349,349,349,349,1-8186,14,1-8186,11,26,3,0,1,3.248858779668808,0.12495610691033877
346,346,346,346,346,346,346,346,346,346,346,1-9805,11,1-9805,15,26,3,0,1,3.248858779668808,0.12495610691033877
392,392,392,392,392,392,392,392,392,392,392,MLG33,8,MLG33,4,20,2,0,2,2.497717559337616,0.1248858779668808
488,488,488,488,488,488,488,488,488,488,488,1-9576,3,1-9576,20,10,1,0,1,1.248858779668808,0.1248858779668808
23,23,23,23,23,23,23,23,23,23,23,1-7866,9,1-7866,3,318,29,0,43,39.70092752575874,0.12484568404326649
477,477,477,477,477,477,477,477,477,477,477,1-8222,16,1-8222,16,12,1,0,2,1.497717559337616,0.124809796611468
472,472,472,472,472,472,472,472,472,472,472,1-1935,3,1-1935,20,12,1,0,2,1.497717559337616,0.124809796611468
177,177,177,177,177,177,177,177,177,177,177,1-9498,12,1-9498,14,64,5,0,12,7.986305356025696,0.1247860211879015
344,344,344,344,344,344,344,344,344,344,344,1-2103,12,1-2103,14,26,2,0,5,3.24429389834404,0.12478053455169384
539,539,539,539,539,539,539,539,539,539,539,1-21192,1,1-21192,1,4,0,0,2,0.49771755933761597,0.12442938983440399
458,458,458,458,458,458,458,458,458,458,458,1-9667,3,1-9667,20,14,0,0,7,1.7420114576816559,0.12442938983440399
552,552,552,552,552,552,552,552,552,552,552,1-19568,1,1-19568,1,2,0,0,1,0.24885877966880798,0.12442938983440399
58,58,58,58,58,58,58,58,58,58,58,MLG49,3,MLG49,20,185,10,0,51,22.691797763109207,0.1226583662870768
59,59,59,59,59,59,59,59,59,59,59,1-8573,7,1-8573,5,184,16,0,26,22.470328271389008,0.12212134930102722
88,88,88,88,88,88,88,88,88,88,88,1-8267,20,1-8267,8,133,4,0,49,16.19408020377159,0.12176000153211723
275,275,275,275,275,275,275,275,275,275,275,1-4020,14,1-4020,11,37,3,0,6,4.493152678012848,0.12143655886521211
160,160,160,160,160,160,160,160,160,160,160,1-5197,6,1-5197,6,72,6,0,11,8.737446576356888,0.12135342467162344
301,301,301,301,301,301,301,301,301,301,301,1-8400,21,1-8400,9,33,4,0,0,4.0,0.12121212121212122
291,291,291,291,291,291,291,291,291,291,291,1-0037,12,1-0037,14,35,2,0,9,4.239729017019272,0.12113511477197919
101,101,101,101,101,101,101,101,101,101,101,1-18371,22,1-18371,10,120,7,0,30,14.46576339006424,0.12054802825053533
90,90,90,90,90,90,90,90,90,90,90,1-7070,14,1-7070,11,129,6,0,38,15.456633627414703,0.11981886532879615
13,13,13,13,13,13,13,13,13,13,13,1-1258,11,1-1258,15,435,21,0,125,52.107347458601,0.11978700565195631
37,37,37,37,37,37,37,37,37,37,37,1-5775,3,1-5775,20,244,8,0,84,28.90413749217987,0.11845957988598307
294,294,294,294,294,294,294,294,294,294,294,1-3106,8,1-3106,4,34,3,0,4,3.995435118675232,0.11751279760809506
417,417,417,417,417,417,417,417,417,417,417,1-5425,7,1-5425,5,17,1,0,4,1.995435118675232,0.1173785363926607
425,425,425,425,425,425,425,425,425,425,425,1-0003,22,1-0003,11,17,1,0,4,1.995435118675232,0.1173785363926607
421,421,421,421,421,421,421,421,421,421,421,1-5282,3,1-5282,20,17,0,0,8,1.9908702373504639,0.11711001396179199
97,97,97,97,97,97,97,97,97,97,97,1-1833,8,1-1833,4,124,12,0,10,14.48858779668808,0.11684344997329096
24,24,24,24,24,24,24,24,24,24,24,1-3535,22,1-3535,10,315,21,0,63,36.6781031191349,0.11643842260042826
319,319,319,319,319,319,319,319,319,319,319,1-18935,10,1-18935,2,30,2,0,6,3.493152678012848,0.11643842260042826
142,142,142,142,142,142,142,142,142,142,142,1-8084,5,1-8084,7,82,4,0,22,9.474893152713776,0.11554747747211921
347,347,347,347,347,347,347,347,347,347,347,1-7204,4,1-7204,20,26,3,0,0,3.0,0.11538461538461539
103,103,103,103,103,103,103,103,103,103,103,1-3362,20,1-3362,8,117,7,0,26,13.470328271389008,0.11513101086657271
246,246,246,246,246,246,246,246,246,246,246,1-6538,15,1-6538,11,44,2,0,12,4.986305356025696,0.11332512172785672
257,257,257,257,257,257,257,257,257,257,257,1-19286,7,1-19286,5,40,4,0,2,4.497717559337616,0.1124429389834404
136,136,136,136,136,136,136,136,136,136,136,1-1769,7,1-1769,5,89,8,0,8,9.990870237350464,0.11225696895899398
408,408,408,408,408,408,408,408,408,408,408,1-9495,17,1-9495,17,18,2,0,0,2.0,0.1111111111111111
252,252,252,252,252,252,252,252,252,252,252,1-6918,20,1-6918,8,43,4,0,3,4.746576339006424,0.11038549625596335
355,355,355,355,355,355,355,355,355,355,355,1-4747,11,1-4747,15,25,2,0,3,2.746576339006424,0.10986305356025695
296,296,296,296,296,296,296,296,296,296,296,1-0205,1,1-0205,1,34,0,0,15,3.7328816950321198,0.10979063808917999
433,433,433,433,433,433,433,433,433,433,433,1-20641,20,1-20641,8,16,0,0,7,1.7420114576816559,0.10887571610510349
183,183,183,183,183,183,183,183,183,183,183,1-19915,12,1-19915,14,62,4,0,11,6.737446576356888,0.10866849316704658
316,316,316,316,316,316,316,316,316,316,316,1-8181,5,1-8181,7,30,1,0,9,3.239729017019272,0.10799096723397573
21,21,21,21,21,21,21,21,21,21,21,MLG02,18,MLG02,18,320,15,0,78,34.41098481416702,0.10753432754427195
513,513,513,513,513,513,513,513,513,513,513,1-5530,16,1-5530,16,7,0,0,3,0.746576339006424,0.10665376271520342
448,448,448,448,448,448,448,448,448,448,448,MLG42,14,MLG42,11,14,0,0,6,1.493152678012848,0.10665376271520342
227,227,227,227,227,227,227,227,227,227,227,1-1957,22,1-1957,10,47,2,0,12,4.986305356025696,0.10609160331969565
261,261,261,261,261,261,261,261,261,261,261,1-5214,20,1-5214,8,40,2,0,9,4.239729017019272,0.1059932254254818
111,111,111,111,111,111,111,111,111,111,111,1-0272,20,1-0272,8,111,5,0,27,11.719187051057816,0.10557826172124159
79,79,79,79,79,79,79,79,79,79,79,1-0129,11,1-0129,15,142,7,0,32,14.963480949401855,0.10537662640423842
141,141,141,141,141,141,141,141,141,141,141,1-8820,7,1-8820,5,83,4,0,19,8.728316813707352,0.10516044353864279
273,273,273,273,273,273,273,273,273,273,273,1-9237,11,1-9237,15,38,2,0,8,3.990870237350464,0.10502290098290694
158,158,158,158,158,158,158,158,158,158,158,1-9808,18,1-9808,18,74,4,0,15,7.73288169503212,0.10449840128421783
222,222,222,222,222,222,222,222,222,222,222,1-8705,18,1-8705,18,48,3,0,8,4.990870237350464,0.10397646327813466
362,362,362,362,362,362,362,362,362,362,362,1-1827,14,1-1827,11,24,0,0,10,2.48858779668808,0.10369115819533666
386,386,386,386,386,386,386,386,386,386,386,1-4855,14,1-4855,11,22,1,0,5,2.24429389834404,0.10201335901563818
152,152,152,152,152,152,152,152,152,152,152,1-10038,16,1-10038,16,76,2,0,23,7.723751932382584,0.10162831489977084
338,338,338,338,338,338,338,338,338,338,338,1-3589,1,1-3589,1,27,0,0,11,2.737446576356888,0.10138691023544029
276,276,276,276,276,276,276,276,276,276,276,1-2573,1,1-2573,1,37,0,0,15,3.7328816950321198,0.10088869446032755
230,230,230,230,230,230,230,230,230,230,230,1-9345,14,1-9345,11,47,1,0,15,4.73288169503212,0.1006996105325983
75,75,75,75,75,75,75,75,75,75,75,1-2545,10,1-2545,2,145,8,0,26,14.470328271389008,0.09979536738888971
532,532,532,532,532,532,532,532,532,532,532,1-4136,3,1-4136,20,5,0,0,2,0.49771755933761597,0.0995435118675232
35,35,35,35,35,35,35,35,35,35,35,1-7496,20,1-7496,8,246,12,0,50,24.4429389834404,0.09936154058309106
149,149,149,149,149,149,149,149,149,149,149,1-5877,12,1-5877,14,79,2,0,23,7.723751932382584,0.09776901180231118
156,156,156,156,156,156,156,156,156,156,156,1-2294,7,1-2294,5,75,4,0,13,7.235164135694504,0.09646885514259339
467,467,467,467,467,467,467,467,467,467,467,1-0031,13,1-0031,13,13,1,0,1,1.248858779668808,0.0960660599745237
462,462,462,462,462,462,462,462,462,462,462,1-4052,17,1-4052,17,13,1,0,1,1.248858779668808,0.0960660599745237
6,6,6,6,6,6,6,6,6,6,6,MLG54,15,MLG54,12,595,38,0,74,56.41554969549179,0.09481604990838956
327,327,327,327,327,327,327,327,327,327,327,1-8988,10,1-8988,2,29,2,0,3,2.746576339006424,0.094709528931256
367,367,367,367,367,367,367,367,367,367,367,1-9995,16,1-9995,16,24,2,0,1,2.248858779668808,0.093702449152867
436,436,436,436,436,436,436,436,436,436,436,1-9115,15,1-9115,12,16,1,0,2,1.497717559337616,0.093607347458601
440,440,440,440,440,440,440,440,440,440,440,1-2034,20,1-2034,8,16,0,0,6,1.493152678012848,0.093322042375803
506,506,506,506,506,506,506,506,506,506,506,1-17657,14,1-17657,11,8,0,0,3,0.746576339006424,0.093322042375803
207,207,207,207,207,207,207,207,207,207,207,1-8622,16,1-8622,16,54,2,0,12,4.986305356025696,0.09233898807454992
31,31,31,31,31,31,31,31,31,31,31,1-9156,22,1-9156,10,268,12,0,51,24.691797763109207,0.0921335737429448
179,179,179,179,179,179,179,179,179,179,179,1-7467,3,1-7467,20,64,0,0,23,5.723751932382584,0.08943362394347787
334,334,334,334,334,334,334,334,334,334,334,1-18994,9,1-18994,3,28,1,0,6,2.493152678012848,0.08904116707188743
73,73,73,73,73,73,73,73,73,73,73,MLG12,15,MLG12,12,146,11,0,8,12.990870237350464,0.08897856326952372
293,293,293,293,293,293,293,293,293,293,293,1-1250,17,1-1250,17,34,3,0,0,3.0,0.08823529411764706
418,418,418,418,418,418,418,418,418,418,418,1-17835,16,1-17835,16,17,1,0,2,1.497717559337616,0.0881010329022127
87,87,87,87,87,87,87,87,87,87,87,1-3141,12,1-3141,14,136,7,0,20,11.97717559337616,0.08806746759835411
181,181,181,181,181,181,181,181,181,181,181,MLG84,6,MLG84,6,63,4,0,6,5.493152678012848,0.08719289965099758
140,140,140,140,140,140,140,140,140,140,140,1-8066,17,1-8066,17,86,7,0,2,7.497717559337616,0.08718276231787926
40,40,40,40,40,40,40,40,40,40,40,1-7807,20,1-7807,8,239,9,0,47,20.696362644433975,0.08659565960014215
322,322,322,322,322,322,322,322,322,322,322,1-19549,11,1-19549,15,29,2,0,2,2.497717559337616,0.0861281917012971
305,305,305,305,305,305,305,305,305,305,305,1-8127,10,1-8127,2,32,2,0,3,2.746576339006424,0.08583051059395075
272,272,272,272,272,272,272,272,272,272,272,1-19229,9,1-19229,3,38,1,0,9,3.239729017019272,0.08525602676366505
104,104,104,104,104,104,104,104,104,104,104,1-9394,22,1-9394,10,117,2,0,32,9.963480949401855,0.0851579568324945
208,208,208,208,208,208,208,208,208,208,208,1-5355,12,1-5355,14,53,3,0,6,4.493152678012848,0.08477646562288392
107,107,107,107,107,107,107,107,107,107,107,MLG37,10,MLG37,2,116,2,0,31,9.714622169733047,0.08374674284252627
469,469,469,469,469,469,469,469,469,469,469,1-6543,11,1-6543,15,12,1,0,0,1.0,0.08333333333333333
302,302,302,302,302,302,302,302,302,302,302,1-9500,11,1-9500,15,33,2,0,3,2.746576339006424,0.0832295860304977
360,360,360,360,360,360,360,360,360,360,360,1-7993,12,1-7993,14,24,0,0,8,1.9908702373504639,0.08295292655626933
548,548,548,548,548,548,548,548,548,548,548,1-5914,12,1-5914,14,3,0,0,1,0.24885877966880798,0.08295292655626933
312,312,312,312,312,312,312,312,312,312,312,1-1850,3,1-1850,20,30,0,0,10,2.48858779668808,0.08295292655626933
478,478,478,478,478,478,478,478,478,478,478,1-20012,14,1-20012,11,12,0,0,4,0.9954351186752319,0.08295292655626933
546,546,546,546,546,546,546,546,546,546,546,1-9034,3,1-9034,20,3,0,0,1,0.24885877966880798,0.08295292655626933
521,521,521,521,521,521,521,521,521,521,521,1-3551,6,1-3551,6,6,0,0,2,0.49771755933761597,0.08295292655626933
468,468,468,468,468,468,468,468,468,468,468,1-9946,3,1-9946,20,12,0,0,4,0.9954351186752319,0.08295292655626933
16,16,16,16,16,16,16,16,16,16,16,1-7140,18,1-7140,18,397,14,0,75,32.6644084751606,0.08227810699032896
128,128,128,128,128,128,128,128,128,128,128,1-7897,22,1-7897,10,95,5,0,11,7.737446576356888,0.08144680606691461
39,39,39,39,39,39,39,39,39,39,39,1-9768,3,1-9768,20,241,3,0,66,19.424679458141327,0.08060032970183123
175,175,175,175,175,175,175,175,175,175,175,1-19547,20,1-19547,8,66,3,0,9,5.239729017019272,0.0793898335912011
405,405,405,405,405,405,405,405,405,405,405,1-9607,12,1-9607,14,19,1,0,2,1.497717559337616,0.07882723996513769
406,406,406,406,406,406,406,406,406,406,406,1-3265,9,1-3265,3,19,1,0,2,1.497717559337616,0.07882723996513769
108,108,108,108,108,108,108,108,108,108,108,1-8328,20,1-8328,8,114,2,0,28,8.968045830726624,0.07866706869058442
437,437,437,437,437,437,437,437,437,437,437,1-4098,17,1-4098,17,16,1,0,1,1.248858779668808,0.0780536737293005
304,304,304,304,304,304,304,304,304,304,304,1-1592,1,1-1592,1,32,0,0,10,2.48858779668808,0.0777683686465025
434,434,434,434,434,434,434,434,434,434,434,1-4149,1,1-4149,1,16,0,0,5,1.24429389834404,0.0777683686465025
204,204,204,204,204,204,204,204,204,204,204,1-8576,18,1-8576,18,55,3,0,5,4.24429389834404,0.07716897996989164
98,98,98,98,98,98,98,98,98,98,98,1-5043,11,1-5043,15,123,4,0,22,9.474893152713776,0.07703165164807947
201,201,201,201,201,201,201,201,201,201,201,1-8529,22,1-8529,10,56,2,0,9,4.239729017019272,0.075709446732487
399,399,399,399,399,399,399,399,399,399,399,1-19813,12,1-19813,14,20,0,0,6,1.493152678012848,0.0746576339006424
492,492,492,492,492,492,492,492,492,492,492,MLG73,3,MLG73,20,10,0,0,3,0.746576339006424,0.0746576339006424
490,490,490,490,490,490,490,490,490,490,490,1-8634,14,1-8634,11,10,0,0,3,0.746576339006424,0.0746576339006424
17,17,17,17,17,17,17,17,17,17,17,1-7004,20,1-7004,8,381,8,0,82,28.406419932842255,0.0745575326321319
416,416,416,416,416,416,416,416,416,416,416,1-9907,14,1-9907,11,17,1,0,1,1.248858779668808,0.0734622811569887
193,193,193,193,193,193,193,193,193,193,193,1-8094,9,1-8094,3,58,3,0,5,4.24429389834404,0.07317748100593172
238,238,238,238,238,238,238,238,238,238,238,1-4390,1,1-4390,1,45,0,0,13,3.235164135694504,0.07189253634876674
456,456,456,456,456,456,456,456,456,456,456,1-7995,3,1-7995,20,14,1,0,0,1.0,0.07142857142857142
202,202,202,202,202,202,202,202,202,202,202,1-6787,8,1-6787,4,56,3,0,4,3.995435118675232,0.07134705569062914
451,451,451,451,451,451,451,451,451,451,451,1-11329,22,1-11329,10,14,0,0,4,0.9954351186752319,0.07110250847680229
457,457,457,457,457,457,457,457,457,457,457,1-11330,1,1-11330,1,14,0,0,4,0.9954351186752319,0.07110250847680229
511,511,511,511,511,511,511,511,511,511,511,1-3033,8,1-3033,4,7,0,0,2,0.49771755933761597,0.07110250847680229
514,514,514,514,514,514,514,514,514,514,514,P-0009,20,P-0009,8,7,0,0,2,0.49771755933761597,0.07110250847680229
237,237,237,237,237,237,237,237,237,237,237,1-8418,3,1-8418,20,46,2,0,5,3.24429389834404,0.07052812822487044
76,76,76,76,76,76,76,76,76,76,76,1-2335,22,1-2335,10,145,5,0,21,10.226034373044968,0.07052437498651702
217,217,217,217,217,217,217,217,217,217,217,1-9770,22,1-9770,10,50,2,0,6,3.493152678012848,0.06986305356025696
411,411,411,411,411,411,411,411,411,411,411,1-8124,9,1-8124,3,18,1,0,1,1.248858779668808,0.06938104331493378
320,320,320,320,320,320,320,320,320,320,320,1-18203,21,1-18203,9,29,2,0,0,2.0,0.06896551724137931
138,138,138,138,138,138,138,138,138,138,138,1-4640,20,1-4640,8,87,1,0,20,5.97717559337616,0.06870316773995586
258,258,258,258,258,258,258,258,258,258,258,1-17758,7,1-17758,5,40,1,0,7,2.742011457681656,0.06855028644204139
92,92,92,92,92,92,92,92,92,92,92,1-6980,12,1-6980,14,128,2,0,27,8.719187051057816,0.06811864883638918
378,378,378,378,378,378,378,378,378,378,378,1-9518,3,1-9518,20,22,0,0,6,1.493152678012848,0.06787057627331126
380,380,380,380,380,380,380,380,380,380,380,1-9722,3,1-9722,20,22,0,0,6,1.493152678012848,0.06787057627331126
52,52,52,52,52,52,52,52,52,52,52,1-7122,22,1-7122,10,197,8,0,21,13.226034373044968,0.06713723032002522
245,245,245,245,245,245,245,245,245,245,245,1-1183,22,1-1183,10,45,1,0,8,2.990870237350464,0.06646378305223254
447,447,447,447,447,447,447,447,447,447,447,1-9971,14,1-9971,11,15,0,0,4,0.9954351186752319,0.06636234124501546
153,153,153,153,153,153,153,153,153,153,153,1-9516,1,1-9516,1,76,0,0,20,4.97717559337616,0.06548915254442315
25,25,25,25,25,25,25,25,25,25,25,1-18028,13,1-18028,13,309,12,0,33,20.212339729070663,0.06541210268307658
44,44,44,44,44,44,44,44,44,44,44,1-0008,18,1-0008,18,230,1,0,56,14.936091661453247,0.0649395289628402
289,289,289,289,289,289,289,289,289,289,289,1-5549,7,1-5549,5,35,1,0,5,2.24429389834404,0.06412268280982972
266,266,266,266,266,266,266,266,266,266,266,1-9496,7,1-9496,5,39,1,0,6,2.493152678012848,0.06392699174391918
251,251,251,251,251,251,251,251,251,251,251,1-6919,4,1-6919,19,43,2,0,3,2.746576339006424,0.0638738683489866
432,432,432,432,432,432,432,432,432,432,432,1-3089,21,1-3089,9,16,1,0,0,1.0,0.0625
330,330,330,330,330,330,330,330,330,330,330,1-9818,8,1-9818,4,28,1,0,3,1.746576339006424,0.06237772639308657
475,475,475,475,475,475,475,475,475,475,475,1-4499,3,1-4499,20,12,0,0,3,0.746576339006424,0.062214694917201996
470,470,470,470,470,470,470,470,470,470,470,1-9055,1,1-9055,1,12,0,0,3,0.746576339006424,0.062214694917201996
359,359,359,359,359,359,359,359,359,359,359,1-7839,20,1-7839,8,24,0,0,6,1.493152678012848,0.062214694917201996
538,538,538,538,538,538,538,538,538,538,538,1-5929,1,1-5929,1,4,0,0,1,0.24885877966880798,0.062214694917201996
503,503,503,503,503,503,503,503,503,503,503,1-5531,1,1-5531,1,8,0,0,2,0.49771755933761597,0.062214694917201996
504,504,504,504,504,504,504,504,504,504,504,1-9861,3,1-9861,20,8,0,0,2,0.49771755933761597,0.062214694917201996
471,471,471,471,471,471,471,471,471,471,471,1-19205,12,1-19205,14,12,0,0,3,0.746576339006424,0.062214694917201996
131,131,131,131,131,131,131,131,131,131,131,1-9925,7,1-9925,5,93,5,0,3,5.746576339006424,0.0617911434301766
323,323,323,323,323,323,323,323,323,323,323,1-13247,20,1-13247,8,29,1,0,3,1.746576339006424,0.06022677031056634
231,231,231,231,231,231,231,231,231,231,231,1-7991,11,1-7991,15,46,2,0,3,2.746576339006424,0.059708181282748345
55,55,55,55,55,55,55,55,55,55,55,1-1462,1,1-1462,1,192,0,0,46,11.447503864765167,0.05962241596231858
253,253,253,253,253,253,253,253,253,253,253,1-9578,3,1-9578,20,42,0,0,10,2.48858779668808,0.059252090397335234
422,422,422,422,422,422,422,422,422,422,422,1-7536,21,1-7536,9,17,1,0,0,1.0,0.058823529411764705
424,424,424,424,424,424,424,424,424,424,424,1-1177,22,1-1177,10,17,0,0,4,0.9954351186752319,0.058555006980895996
74,74,74,74,74,74,74,74,74,74,74,1-8074,22,1-8074,10,145,3,0,22,8.474893152713776,0.05844753898423294
459,459,459,459,459,459,459,459,459,459,459,1-19839,12,1-19839,14,13,0,0,3,0.746576339006424,0.057428949154340304
223,223,223,223,223,223,223,223,223,223,223,1-6228,1,1-6228,1,48,0,0,11,2.737446576356888,0.057030137007435165
381,381,381,381,381,381,381,381,381,381,381,1-9752,3,1-9752,20,22,0,0,5,1.24429389834404,0.05655881356109272
155,155,155,155,155,155,155,155,155,155,155,1-8157,22,1-8157,10,75,0,0,17,4.230599254369736,0.05640799005826314
309,309,309,309,309,309,309,309,309,309,309,1-9185,14,1-9185,11,31,1,0,3,1.746576339006424,0.056341172226013675
497,497,497,497,497,497,497,497,497,497,497,MLG72,18,MLG72,18,9,0,0,2,0.49771755933761597,0.055301951037512884
285,285,285,285,285,285,285,285,285,285,285,1-9887,18,1-9887,18,36,0,0,8,1.9908702373504639,0.055301951037512884
234,234,234,234,234,234,234,234,234,234,234,1-10451,15,1-10451,12,46,2,0,2,2.497717559337616,0.0542982078116873
186,186,186,186,186,186,186,186,186,186,186,1-19004,17,1-19004,17,60,3,0,1,3.248858779668808,0.054147646327813465
455,455,455,455,455,455,455,455,455,455,455,1-18377,20,1-18377,8,14,0,0,3,0.746576339006424,0.05332688135760171
68,68,68,68,68,68,68,68,68,68,68,1-1015,20,1-1015,8,155,1,0,29,8.216904610395432,0.05301228780900279
402,402,402,402,402,402,402,402,402,402,402,1-18603,7,1-18603,5,19,1,0,0,1.0,0.05263157894736842
139,139,139,139,139,139,139,139,139,139,139,MLG11,11,MLG11,15,87,4,0,2,4.497717559337616,0.051697902980892135
393,393,393,393,393,393,393,393,393,393,393,1-6718,14,1-6718,11,20,0,0,4,0.9954351186752319,0.0497717559337616
535,535,535,535,535,535,535,535,535,535,535,1-8566,3,1-8566,20,5,0,0,1,0.24885877966880798,0.0497717559337616
397,397,397,397,397,397,397,397,397,397,397,1-9839,12,1-9839,14,20,0,0,4,0.9954351186752319,0.0497717559337616
533,533,533,533,533,533,533,533,533,533,533,1-3217,1,1-3217,2,5,0,0,1,0.24885877966880798,0.0497717559337616
182,182,182,182,182,182,182,182,182,182,182,1-6647,21,1-6647,9,62,3,0,0,3.0,0.04838709677419355
119,119,119,119,119,119,119,119,119,119,119,1-9646,15,1-9646,12,105,5,0,0,5.0,0.047619047619047616
390,390,390,390,390,390,390,390,390,390,390,1-20003,21,1-20003,9,21,1,0,0,1.0,0.047619047619047616
196,196,196,196,196,196,196,196,196,196,196,1-6743,8,1-6743,4,58,2,0,3,2.746576339006424,0.047354764465628
341,341,341,341,341,341,341,341,341,341,341,1-9870,5,1-9870,7,27,0,0,5,1.24429389834404,0.046084959197927405
336,336,336,336,336,336,336,336,336,336,336,1-9655,20,1-9655,8,27,0,0,5,1.24429389834404,0.046084959197927405
219,219,219,219,219,219,219,219,219,219,219,1-2400,20,1-2400,8,49,0,0,9,2.239729017019272,0.0457087554493729
167,167,167,167,167,167,167,167,167,167,167,72-12387,12,72-12387,14,71,0,0,13,3.235164135694504,0.04556569205203526
130,130,130,130,130,130,130,130,130,130,130,1-3139,1,1-3139,1,93,0,0,17,4.230599254369736,0.04549031456311544
384,384,384,384,384,384,384,384,384,384,384,1-0358,21,1-0358,9,22,1,0,0,1.0,0.045454545454545456
481,481,481,481,481,481,481,481,481,481,481,1-7770,11,1-7770,15,11,0,0,2,0.49771755933761597,0.045247050848874176
295,295,295,295,295,295,295,295,295,295,295,1-1942,1,1-1942,1,34,0,0,6,1.493152678012848,0.043916255235672
375,375,375,375,375,375,375,375,375,375,375,1-7213,21,1-7213,9,23,1,0,0,1.0,0.043478260869565216
373,373,373,373,373,373,373,373,373,373,373,1-8488,21,1-8488,9,23,1,0,0,1.0,0.043478260869565216
236,236,236,236,236,236,236,236,236,236,236,1-9794,22,1-9794,10,46,0,0,8,1.9908702373504639,0.04327978776848834
370,370,370,370,370,370,370,370,370,370,370,1-7066,1,1-7066,1,23,0,0,4,0.9954351186752319,0.04327978776848834
328,328,328,328,328,328,328,328,328,328,328,1-9110,17,1-9110,17,29,1,0,1,1.248858779668808,0.04306409585064855
53,53,53,53,53,53,53,53,53,53,53,1-8341,1,1-8341,1,197,0,0,34,8.461198508739471,0.0429502462372562
86,86,86,86,86,86,86,86,86,86,86,1-8910,1,1-8910,1,137,0,0,23,5.723751932382584,0.041779211185274334
1,1,1,1,1,1,1,1,1,1,1,1-9227,1,1-9227,1,801,0,0,129,32.10278257727623,0.040078380246287425
178,178,178,178,178,178,178,178,178,178,178,1-0405,13,1-0405,13,64,2,0,2,2.497717559337616,0.03902683686465025
244,244,244,244,244,244,244,244,244,244,244,1-19448,22,1-19448,10,45,0,0,7,1.7420114576816559,0.03871136572625902
99,99,99,99,99,99,99,99,99,99,99,1-8826,1,1-8826,1,123,0,0,19,4.728316813707352,0.03844160011144188
28,28,28,28,28,28,28,28,28,28,28,1-7005,1,1-7005,1,285,0,0,44,10.949786305427551,0.038420302826061584
265,265,265,265,265,265,265,265,265,265,265,1-1204,22,1-1204,10,39,1,0,2,1.497717559337616,0.03840301434199015
460,460,460,460,460,460,460,460,460,460,460,1-20791,1,1-20791,1,13,0,0,2,0.49771755933761597,0.03828596610289354
232,232,232,232,232,232,232,232,232,232,232,1-8095,1,1-8095,1,46,0,0,7,1.7420114576816559,0.0378698142974273
395,395,395,395,395,395,395,395,395,395,395,1-1836,12,1-1836,14,20,0,0,3,0.746576339006424,0.0373288169503212
224,224,224,224,224,224,224,224,224,224,224,1-9277,1,1-9277,1,48,0,0,7,1.7420114576816559,0.03629190536836783
118,118,118,118,118,118,118,118,118,118,118,MLG15,8,MLG15,4,105,3,0,3,3.746576339006424,0.0356816794191088
517,517,517,517,517,517,517,517,517,517,517,1-7321,14,1-7321,11,7,0,0,1,0.24885877966880798,0.03555125423840114
515,515,515,515,515,515,515,515,515,515,515,1-3646,3,1-3646,20,7,0,0,1,0.24885877966880798,0.03555125423840114
274,274,274,274,274,274,274,274,274,274,274,1-7744,12,1-7744,14,37,0,0,5,1.24429389834404,0.03362956482010919
318,318,318,318,318,318,318,318,318,318,318,1-9902,17,1-9902,17,30,1,0,0,1.0,0.03333333333333333
269,269,269,269,269,269,269,269,269,269,269,1-8551,1,1-8551,1,38,0,0,5,1.24429389834404,0.03274457627221158
50,50,50,50,50,50,50,50,50,50,50,1-7964,18,1-7964,18,202,0,0,26,6.470328271389008,0.0320313280761832
508,508,508,508,508,508,508,508,508,508,508,1-9806,15,1-9806,12,8,0,0,1,0.24885877966880798,0.031107347458600998
218,218,218,218,218,218,218,218,218,218,218,1-9610,22,1-9610,10,49,0,0,6,1.493152678012848,0.030472503632915263
63,63,63,63,63,63,63,63,63,63,63,1-3052,1,1-3052,1,166,0,0,20,4.97717559337616,0.02998298550226602
129,129,129,129,129,129,129,129,129,129,129,1-4531,1,1-4531,1,94,0,0,11,2.737446576356888,0.029121772088903063
171,171,171,171,171,171,171,171,171,171,171,1-9645,21,1-9645,9,69,2,0,0,2.0,0.028985507246376812
209,209,209,209,209,209,209,209,209,209,209,1-19897,10,1-19897,2,53,0,0,6,1.493152678012848,0.028172692037978262
162,162,162,162,162,162,162,162,162,162,162,1-7614,9,1-7614,20,72,1,0,4,1.995435118675232,0.02771437664826711
407,407,407,407,407,407,407,407,407,407,407,1-9549,20,1-9549,8,18,0,0,2,0.49771755933761597,0.027650975518756442
134,134,134,134,134,134,134,134,134,134,134,1-8659,20,1-8659,8,91,1,0,6,2.493152678012848,0.027397282175965362
190,190,190,190,190,190,190,190,190,190,190,1-7819,1,1-7819,1,59,0,0,6,1.493152678012848,0.025307672508692338
259,259,259,259,259,259,259,259,259,259,259,1-7509,17,1-7509,17,40,1,0,0,1.0,0.025
486,486,486,486,486,486,486,486,486,486,486,1-5406,3,1-5406,20,10,0,0,1,0.24885877966880798,0.0248858779668808
398,398,398,398,398,398,398,398,398,398,398,1-20047,12,1-20047,14,20,0,0,2,0.49771755933761597,0.0248858779668808
487,487,487,487,487,487,487,487,487,487,487,1-4929,6,1-4929,6,10,0,0,1,0.24885877966880798,0.0248858779668808
83,83,83,83,83,83,83,83,83,83,83,MLG13,1,MLG13,1,140,0,0,14,3.4840229153633118,0.0248858779668808
110,110,110,110,110,110,110,110,110,110,110,1-9137,6,1-9137,6,111,2,0,3,2.746576339006424,0.024743930982039856
303,303,303,303,303,303,303,303,303,303,303,1-18714,7,1-18714,5,32,0,0,3,0.746576339006424,0.02333051059395075
113,113,113,113,113,113,113,113,113,113,113,1-7341,5,1-7341,7,110,2,0,2,2.497717559337616,0.0227065232667056
482,482,482,482,482,482,482,482,482,482,482,1-9457,1,1-9457,1,11,0,0,1,0.24885877966880798,0.022623525424437088
197,197,197,197,197,197,197,197,197,197,197,1-6006,1,1-6006,1,57,0,0,5,1.24429389834404,0.02182971751480772
474,474,474,474,474,474,474,474,474,474,474,1-18004,7,1-18004,5,12,0,0,1,0.24885877966880798,0.020738231639067333
226,226,226,226,226,226,226,226,226,226,226,1-4634,20,1-4634,8,48,0,0,4,0.9954351186752319,0.020738231639067333
42,42,42,42,42,42,42,42,42,42,42,1-8541,1,1-8541,1,232,0,0,18,4.479458034038544,0.019308008767407518
262,262,262,262,262,262,262,262,262,262,262,1-8172,22,1-8172,10,40,0,0,3,0.746576339006424,0.0186644084751606
116,116,116,116,116,116,116,116,116,116,116,MLG08,11,MLG08,15,107,1,0,4,1.995435118675232,0.01864892634275918
452,452,452,452,452,452,452,452,452,452,452,1-9588,1,1-9588,1,14,0,0,1,0.24885877966880798,0.01777562711920057
453,453,453,453,453,453,453,453,453,453,453,1-5036,17,1-5036,17,14,0,0,1,0.24885877966880798,0.01777562711920057
120,120,120,120,120,120,120,120,120,120,120,1-2670,3,1-2670,20,104,0,0,7,1.7420114576816559,0.016750110170015924
442,442,442,442,442,442,442,442,442,442,442,1-5803,22,1-5803,10,15,0,0,1,0.24885877966880798,0.016590585311253864
229,229,229,229,229,229,229,229,229,229,229,1-18423,1,1-18423,1,47,0,0,3,0.746576339006424,0.01588460295758349
438,438,438,438,438,438,438,438,438,438,438,1-5163,22,1-5163,10,16,0,0,1,0.24885877966880798,0.015553673729300499
431,431,431,431,431,431,431,431,431,431,431,1-8503,3,1-8503,20,16,0,0,1,0.24885877966880798,0.015553673729300499
427,427,427,427,427,427,427,427,427,427,427,1-3104,1,1-3104,1,16,0,0,1,0.24885877966880798,0.015553673729300499
298,298,298,298,298,298,298,298,298,298,298,1-7481,1,1-7481,1,33,0,0,2,0.49771755933761597,0.01508235028295806
419,419,419,419,419,419,419,419,419,419,419,1-0001,3,1-0001,20,17,0,0,1,0.24885877966880798,0.014638751745223999
400,400,400,400,400,400,400,400,400,400,400,1-8646,7,1-8646,5,20,0,0,1,0.24885877966880798,0.0124429389834404
391,391,391,391,391,391,391,391,391,391,391,72-18936,3,72-18936,20,20,0,0,1,0.24885877966880798,0.0124429389834404
188,188,188,188,188,188,188,188,188,188,188,1-7722,20,1-7722,8,60,0,0,3,0.746576339006424,0.0124429389834404
249,249,249,249,249,249,249,249,249,249,249,1-6916,1,1-6916,1,43,0,0,2,0.49771755933761597,0.011574826961339907
382,382,382,382,382,382,382,382,382,382,382,1-18409,11,1-18409,15,22,0,0,1,0.24885877966880798,0.011311762712218544
173,173,173,173,173,173,173,173,173,173,173,1-1207,1,1-1207,1,66,0,0,3,0.746576339006424,0.011311762712218544
379,379,379,379,379,379,379,379,379,379,379,1-7182,14,1-7182,11,22,0,0,1,0.24885877966880798,0.011311762712218544
170,170,170,170,170,170,170,170,170,170,170,1-6594,3,1-6594,20,70,0,0,3,0.746576339006424,0.010665376271520342
365,365,365,365,365,365,365,365,365,365,365,1-8590,9,1-8590,3,24,0,0,1,0.24885877966880798,0.010369115819533667
321,321,321,321,321,321,321,321,321,321,321,1-7752,22,1-7752,10,29,0,0,1,0.24885877966880798,0.008581337229958895
288,288,288,288,288,288,288,288,288,288,288,1-9761,1,1-9761,1,35,0,0,1,0.24885877966880798,0.007110250847680228
271,271,271,271,271,271,271,271,271,271,271,1-5508,1,1-5508,1,38,0,0,1,0.24885877966880798,0.006548915254442315
185,185,185,185,185,185,185,185,185,185,185,1-2714,8,1-2714,4,61,0,0,1,0.24885877966880798,0.004079652125718164
159,159,159,159,159,159,159,159,159,159,159,1-6914,1,1-6914,1,73,0,0,1,0.24885877966880798,0.003409024379024767
410,410,410,410,410,410,410,410,410,410,410,1-3108,13,1-3108,13,18,0,0,0,0.0,0.0
415,415,415,415,415,415,415,415,415,415,415,1-9465,15,1-9465,12,18,0,0,0,0.0,0.0
282,282,282,282,282,282,282,282,282,282,282,1-2104,3,1-2104,20,36,0,0,0,0.0,0.0
547,547,547,547,547,547,547,547,547,547,547,1-9838,13,1-9838,13,3,0,0,0,0.0,0.0
523,523,523,523,523,523,523,523,523,523,523,1-3175,3,1-3175,20,6,0,0,0,0.0,0.0
565,565,565,565,565,565,565,565,565,565,565,1-10922,1,1-10922,1,1,0,0,0,0.0,0.0
540,540,540,540,540,540,540,540,540,540,540,1-9733,21,1-9733,9,4,0,0,0,0.0,0.0
554,554,554,554,554,554,554,554,554,554,554,1-10948,1,1-10948,1,2,0,0,0,0.0,0.0
200,200,200,200,200,200,200,200,200,200,200,1-8020,1,1-8020,1,56,0,0,0,0.0,0.0
542,542,542,542,542,542,542,542,542,542,542,1-8093,17,1-8093,17,4,0,0,0,0.0,0.0
198,198,198,198,198,198,198,198,198,198,198,1-8401,4,1-8401,20,57,0,0,0,0.0,0.0
516,516,516,516,516,516,516,516,516,516,516,1-9447,8,1-9447,4,7,0,0,0,0.0,0.0
562,562,562,562,562,562,562,562,562,562,562,1-6931,1,1-6931,1,1,0,0,0,0.0,0.0
558,558,558,558,558,558,558,558,558,558,558,1-10951,13,1-10951,13,1,0,0,0,0.0,0.0
248,248,248,248,248,248,248,248,248,248,248,1-6217,8,1-6217,4,44,0,0,0,0.0,0.0
526,526,526,526,526,526,526,526,526,526,526,1-9836,11,1-9836,15,5,0,0,0,0.0,0.0
507,507,507,507,507,507,507,507,507,507,507,1-9643,11,1-9643,15,8,0,0,0,0.0,0.0
502,502,502,502,502,502,502,502,502,502,502,72-11994,22,72-11994,10,8,0,0,0,0.0,0.0
484,484,484,484,484,484,484,484,484,484,484,1-9731,8,1-9731,4,11,0,0,0,0.0,0.0
401,401,401,401,401,401,401,401,401,401,401,1-8100,21,1-8100,9,19,0,0,0,0.0,0.0
525,525,525,525,525,525,525,525,525,525,525,1-3216,8,1-3216,4,5,0,0,0,0.0,0.0
559,559,559,559,559,559,559,559,559,559,559,1-10978,1,1-10978,1,1,0,0,0,0.0,0.0
543,543,543,543,543,543,543,543,543,543,543,1-7608,8,1-7608,4,4,0,0,0,0.0,0.0
537,537,537,537,537,537,537,537,537,537,537,1-5990,21,1-5990,9,5,0,0,0,0.0,0.0
364,364,364,364,364,364,364,364,364,364,364,1-9253,1,1-9253,1,24,0,0,0,0.0,0.0
561,561,561,561,561,561,561,561,561,561,561,1-21195,1,1-21195,1,1,0,0,0,0.0,0.0
366,366,366,366,366,366,366,366,366,366,366,1-9444,17,1-9444,17,24,0,0,0,0.0,0.0
509,509,509,509,509,509,509,509,509,509,509,P-16454,8,P-16454,4,8,0,0,0,0.0,0.0
483,483,483,483,483,483,483,483,483,483,483,1-8578,1,1-8578,1,11,0,0,0,0.0,0.0
313,313,313,313,313,313,313,313,313,313,313,1-8641,6,1-8641,6,30,0,0,0,0.0,0.0
310,310,310,310,310,310,310,310,310,310,310,1-10071,14,1-10071,11,30,0,0,0,0.0,0.0
353,353,353,353,353,353,353,353,353,353,353,1-9331,1,1-9331,1,25,0,0,0,0.0,0.0
342,342,342,342,342,342,342,342,342,342,342,1-6531,1,1-6531,1,27,0,0,0,0.0,0.0
409,409,409,409,409,409,409,409,409,409,409,1-5744,17,1-5744,17,18,0,0,0,0.0,0.0
519,519,519,519,519,519,519,519,519,519,519,1-10762,17,1-10762,17,6,0,0,0,0.0,0.0
363,363,363,363,363,363,363,363,363,363,363,1-5167,3,1-5167,20,24,0,0,0,0.0,0.0
479,479,479,479,479,479,479,479,479,479,479,1-19598,3,1-19598,20,11,0,0,0,0.0,0.0
520,520,520,520,520,520,520,520,520,520,520,1-10698,3,1-10698,20,6,0,0,0,0.0,0.0
413,413,413,413,413,413,413,413,413,413,413,1-0022,11,1-0022,15,18,0,0,0,0.0,0.0
333,333,333,333,333,333,333,333,333,333,333,1-9996,13,1-9996,13,28,0,0,0,0.0,0.0
560,560,560,560,560,560,560,560,560,560,560,1-19924,1,1-19924,1,1,0,0,0,0.0,0.0
495,495,495,495,495,495,495,495,495,495,495,1-9712,7,1-9712,5,10,0,0,0,0.0,0.0
466,466,466,466,466,466,466,466,466,466,466,1-9416,21,1-9416,9,13,0,0,0,0.0,0.0
555,555,555,555,555,555,555,555,555,555,555,1-6028,7,1-6028,7,2,0,0,0,0.0,0.0
550,550,550,550,550,550,550,550,550,550,550,1-3176,14,1-3176,11,3,0,0,0,0.0,0.0
240,240,240,240,240,240,240,240,240,240,240,1-8174,8,1-8174,4,45,0,0,0,0.0,0.0
361,361,361,361,361,361,361,361,361,361,361,1-10696,22,1-10696,10,24,0,0,0,0.0,0.0
536,536,536,536,536,536,536,536,536,536,536,1-10232,6,1-10232,6,5,0,0,0,0.0,0.0
530,530,530,530,530,530,530,530,530,530,530,1-3647,8,1-3647,4,5,0,0,0,0.0,0.0
461,461,461,461,461,461,461,461,461,461,461,1-2153,12,1-2153,14,13,0,0,0,0.0,0.0
553,553,553,553,553,553,553,553,553,553,553,1-4847,6,1-4847,6,2,0,0,0,0.0,0.0
396,396,396,396,396,396,396,396,396,396,396,1-7721,7,1-7721,5,20,0,0,0,0.0,0.0
443,443,443,443,443,443,443,443,443,443,443,1-19222,6,1-19222,6,15,0,0,0,0.0,0.0
279,279,279,279,279,279,279,279,279,279,279,1-6642,7,1-6642,5,36,0,0,0,0.0,0.0
500,500,500,500,500,500,500,500,500,500,500,1-2869,1,1-2869,1,9,0,0,0,0.0,0.0
528,528,528,528,528,528,528,528,528,528,528,1-8623,1,1-8623,1,5,0,0,0,0.0,0.0
522,522,522,522,522,522,522,522,522,522,522,1-3178,1,1-3178,1,6,0,0,0,0.0,0.0
564,564,564,564,564,564,564,564,564,564,564,1-7527,17,1-7527,17,1,0,0,0,0.0,0.0
556,556,556,556,556,556,556,556,556,556,556,1-9455,11,1-9455,20,2,0,0,0,0.0,0.0
499,499,499,499,499,499,499,499,499,499,499,1-17645,16,1-17645,16,9,0,0,0,0.0,0.0
544,544,544,544,544,544,544,544,544,544,544,1-4910,8,1-4910,4,4,0,0,0,0.0,0.0
485,485,485,485,485,485,485,485,485,485,485,1-4361,1,1-4361,1,10,0,0,0,0.0,0.0
254,254,254,254,254,254,254,254,254,254,254,1-2025,3,1-2025,20,41,0,0,0,0.0,0.0
551,551,551,551,551,551,551,551,551,551,551,1-19567,22,1-19567,10,2,0,0,0,0.0,0.0
287,287,287,287,287,287,287,287,287,287,287,1-2596,22,1-2596,10,35,0,0,0,0.0,0.0
464,464,464,464,464,464,464,464,464,464,464,1-7453,17,1-7453,17,13,0,0,0,0.0,0.0
498,498,498,498,498,498,498,498,498,498,498,1-8113,7,1-8113,5,9,0,0,0,0.0,0.0
463,463,463,463,463,463,463,463,463,463,463,1-20467,11,1-20467,15,13,0,0,0,0.0,0.0
192,192,192,192,192,192,192,192,192,192,192,1-8021,3,1-8021,20,58,0,0,0,0.0,0.0
465,465,465,465,465,465,465,465,465,465,465,1-18498,14,1-18498,11,13,0,0,0,0.0,0.0
549,549,549,549,549,549,549,549,549,549,549,1-7599,6,1-7599,6,3,0,0,0,0.0,0.0
518,518,518,518,518,518,518,518,518,518,518,1-4842,21,1-4842,9,6,0,0,0,0.0,0.0
388,388,388,388,388,388,388,388,388,388,388,1-8125,13,1-8125,13,21,0,0,0,0.0,0.0
339,339,339,339,339,339,339,339,339,339,339,1-9850,1,1-9850,1,27,0,0,0,0.0,0.0
494,494,494,494,494,494,494,494,494,494,494,1-6971,1,1-6971,1,10,0,0,0,0.0,0.0
374,374,374,374,374,374,374,374,374,374,374,1-18202,8,1-18202,4,23,0,0,0,0.0,0.0
444,444,444,444,444,444,444,444,444,444,444,1-8906,1,1-8906,1,15,0,0,0,0.0,0.0
476,476,476,476,476,476,476,476,476,476,476,1-2178,1,1-2178,1,12,0,0,0,0.0,0.0
557,557,557,557,557,557,557,557,557,557,557,1-19927,1,1-19927,1,1,0,0,0,0.0,0.0
491,491,491,491,491,491,491,491,491,491,491,1-5555,21,1-5555,9,10,0,0,0,0.0,0.0
534,534,534,534,534,534,534,534,534,534,534,1-8379,3,1-8379,20,5,0,0,0,0.0,0.0
527,527,527,527,527,527,527,527,527,527,527,1-17790,8,1-17790,4,5,0,0,0,0.0,0.0
563,563,563,563,563,563,563,563,563,563,563,1-8352,1,1-8352,1,1,0,0,0,0.0,0.0
284,284,284,284,284,284,284,284,284,284,284,1-2584,22,1-2584,10,36,0,0,0,0.0,0.0
541,541,541,541,541,541,541,541,541,541,541,1-8532,22,1-8532,10,4,0,0,0,0.0,0.0
225,225,225,225,225,225,225,225,225,225,225,1-8767,8,1-8767,4,48,0,0,0,0.0,0.0
187,187,187,187,187,187,187,187,187,187,187,1-9955,1,1-9955,1,60,0,0,0,0.0,0.0
335,335,335,335,335,335,335,335,335,335,335,1-18735,7,1-18735,5,27,0,0,0,0.0,0.0
