Unnamed: 0.11,Unnamed: 0.10,Unnamed: 0.9,Unnamed: 0.8,Unnamed: 0.7,Unnamed: 0.6,Unnamed: 0.5,Unnamed: 0.4,Unnamed: 0.3,Unnamed: 0.2,Unnamed: 0.1,Unnamed: 0,exam,slot,Exam Group,Exam Block,size,b2bs,confs,2i3s,score,score_norm
215,215,215,215,215,215,215,215,215,215,215,215,MLG40,3,MLG40,3,51,11,1,8,1018.3293313980103,19.967241792117846
168,168,168,168,168,168,168,168,168,168,168,168,MLG45,6,MLG45,5,70,14,1,10,1023.1616642475128,14.616595203535898
9,9,9,9,9,9,9,9,9,9,9,9,1-3523,3,1-3523,3,543,95,1,137,1220.5148001909256,2.247725230554191
8,8,8,8,8,8,8,8,8,8,8,8,1-10468,6,1-10468,5,549,35,1,135,1158.682467341423,2.1105327273978562
85,85,85,85,85,85,85,85,85,85,85,85,1-1131,12,1-1131,12,138,66,0,28,91.65265989303589,0.6641497093698253
267,267,267,267,267,267,267,267,267,267,267,267,1-5413,16,1-5413,16,39,11,0,14,23.826329946517944,0.6109315370902036
191,191,191,191,191,191,191,191,191,191,191,191,MLG44,5,MLG44,19,59,14,0,21,33.23949491977692,0.5633812698267274
67,67,67,67,67,67,67,67,67,67,67,67,1-3516,20,1-3516,8,156,0,0,95,87.03581035137177,0.557921861226742
211,211,211,211,211,211,211,211,211,211,211,211,1-8042,9,1-8042,19,52,7,0,24,28.98799419403076,0.5574614268082839
22,22,22,22,22,22,22,22,22,22,22,22,MLG50,15,MLG50,15,319,43,0,144,174.92796516418457,0.5483635271604532
57,57,57,57,57,57,57,57,57,57,57,57,MLG75,9,MLG75,9,185,42,0,61,97.88615190982819,0.52911433464772
239,239,239,239,239,239,239,239,239,239,239,239,1-5002,8,1-5002,7,45,10,0,15,23.742496371269226,0.5276110304726495
71,71,71,71,71,71,71,71,71,71,71,71,1-4417,18,1-4417,18,151,21,0,63,78.71848475933075,0.5213144686048394
114,114,114,114,114,114,114,114,114,114,114,114,1-7152,20,1-7152,8,109,0,0,62,56.80231833457947,0.5211221865557749
62,62,62,62,62,62,62,62,62,62,62,62,1-6878,18,1-6878,18,167,9,0,85,86.87414610385895,0.5202044676877782
206,206,206,206,206,206,206,206,206,206,206,206,1-8544,8,1-8544,8,54,5,0,25,27.904160618782043,0.5167437151626304
195,195,195,195,195,195,195,195,195,195,195,195,1-9379,9,1-9379,9,58,12,0,19,29.407162070274353,0.5070200356943854
124,124,124,124,124,124,124,124,124,124,124,124,1-0292,18,1-0292,18,99,4,0,48,47.97598838806152,0.4846059433137528
213,213,213,213,213,213,213,213,213,213,213,213,1-6227,5,1-6227,19,52,24,0,1,24.91616642475128,0.47915704662983233
101,101,101,101,101,101,101,101,101,101,101,101,1-18371,10,1-18371,10,120,38,0,20,56.323328495025635,0.4693610707918803
218,218,218,218,218,218,218,218,218,218,218,218,1-9610,10,1-9610,10,49,10,0,14,22.826329946517944,0.4658434682962846
34,34,34,34,34,34,34,34,34,34,34,34,MLG51,16,MLG51,16,248,72,0,47,115.05982196331024,0.46395089501334774
5,5,5,5,5,5,5,5,5,5,5,5,MLG57,16,MLG57,16,629,125,0,179,288.99379003047943,0.45944958669392594
256,256,256,256,256,256,256,256,256,256,256,256,1-0296,3,1-0296,3,41,5,0,15,18.742496371269226,0.4571340578358348
146,146,146,146,146,146,146,146,146,146,146,146,MLG78,15,MLG78,15,80,17,0,21,36.23949491977692,0.45299368649721145
31,31,31,31,31,31,31,31,31,31,31,31,1-9156,10,1-9156,10,268,55,0,72,120.96398258209229,0.4513581439630309
70,70,70,70,70,70,70,70,70,70,70,70,1-1224,16,1-1224,16,151,15,0,58,68.13765263557434,0.4512427326859228
54,54,54,54,54,54,54,54,54,54,54,54,1-1350,11,1-1350,11,195,55,0,35,87.06582486629486,0.4464914095707429
242,242,242,242,242,242,242,242,242,242,242,242,1-3206,13,1-3206,13,45,8,0,13,19.910163521766663,0.4424480782614814
23,23,23,23,23,23,23,23,23,23,23,23,1-7866,3,1-7866,3,318,30,0,120,139.9399709701538,0.4400628017929365
94,94,94,94,94,94,94,94,94,94,94,94,1-1005,8,1-1005,7,125,22,0,36,54.98199129104614,0.4398559303283691
111,111,111,111,111,111,111,111,111,111,111,111,1-0272,20,1-0272,8,111,0,0,53,48.55682051181793,0.4374488334398012
217,217,217,217,217,217,217,217,217,217,217,217,1-9770,10,1-9770,10,50,18,0,4,21.664665699005127,0.4332933139801025
228,228,228,228,228,228,228,228,228,228,228,228,MLG60,2,MLG60,2,47,16,0,4,19.664665699005127,0.418397142532024
221,221,221,221,221,221,221,221,221,221,221,221,1-4355,17,1-4355,3,49,15,0,6,20.49699854850769,0.41830609282668757
166,166,166,166,166,166,166,166,166,166,166,166,MLG58,12,MLG58,12,71,14,0,17,29.57482922077179,0.4165468904334055
165,165,165,165,165,165,165,165,165,165,165,165,MLG59,6,MLG59,5,71,14,0,17,29.57482922077179,0.4165468904334055
441,441,441,441,441,441,441,441,441,441,441,441,1-9997,8,1-9997,7,16,2,0,5,6.580832123756409,0.41130200773477554
112,112,112,112,112,112,112,112,112,112,112,112,1-3447,4,1-3447,4,110,28,0,18,44.49099564552307,0.40446359677748245
45,45,45,45,45,45,45,45,45,45,45,45,1-3596,4,1-3596,4,223,57,0,35,89.06582486629486,0.3993983177860756
280,280,280,280,280,280,280,280,280,280,280,280,1-8314,3,1-8314,15,36,7,0,8,14.329331398010254,0.3980369832780626
89,89,89,89,89,89,89,89,89,89,89,89,1-9831,7,1-9831,5,132,44,0,9,52.245497822761536,0.39579922593001166
326,326,326,326,326,326,326,326,326,326,326,326,1-0027,8,1-0027,7,29,5,0,7,11.413164973258972,0.39355741287099905
93,93,93,93,93,93,93,93,93,93,93,93,MLG52,12,MLG52,12,125,18,0,34,49.14965844154358,0.3931972675323486
212,212,212,212,212,212,212,212,212,212,212,212,MLG32,5,MLG32,19,52,12,0,9,20.245497822761536,0.389336496591568
7,7,7,7,7,7,7,7,7,7,7,7,MLG69,13,MLG69,13,576,104,0,127,220.35313594341278,0.3825575276795361
345,345,345,345,345,345,345,345,345,345,345,345,1-3584,17,1-3584,17,26,9,0,1,9.916166424751282,0.3813910163365878
29,29,29,29,29,29,29,29,29,29,29,29,1-3534,20,1-3534,8,279,0,0,116,106.27530527114868,0.38091507265644686
137,137,137,137,137,137,137,137,137,137,137,137,1-6611,20,1-6611,8,89,0,0,37,33.898157715797424,0.3808781765819935
376,376,376,376,376,376,376,376,376,376,376,376,1-18487,14,1-18487,15,23,6,0,3,8.748499274253845,0.38036953366321063
350,350,350,350,350,350,350,350,350,350,350,350,1-9609,12,1-9609,12,25,4,0,6,9.49699854850769,0.3798799419403076
74,74,74,74,74,74,74,74,74,74,74,74,1-8074,10,1-8074,10,145,30,0,27,54.73649346828461,0.3774930584019628
64,64,64,64,64,64,64,64,64,64,64,64,MLG29,8,MLG29,7,164,28,0,37,61.898157715797424,0.3774277909499843
236,236,236,236,236,236,236,236,236,236,236,236,1-9794,9,1-9794,10,46,10,0,8,17.329331398010254,0.3767245956089186
38,38,38,38,38,38,38,38,38,38,38,38,1-4649,13,1-4649,13,244,31,0,66,91.4669840335846,0.37486468866223194
52,52,52,52,52,52,52,52,52,52,52,52,1-7122,10,1-7122,10,197,24,0,54,73.47298693656921,0.37295932455111275
150,150,150,150,150,150,150,150,150,150,150,150,1-3083,3,1-3083,3,78,7,0,24,28.98799419403076,0.3716409512055226
123,123,123,123,123,123,123,123,123,123,123,123,1-11350,2,1-11350,2,100,28,0,10,37.16166424751282,0.37161664247512816
76,76,76,76,76,76,76,76,76,76,76,76,1-2335,10,1-2335,10,145,11,0,46,53.14365553855896,0.3665079692314411
13,13,13,13,13,13,13,13,13,13,13,13,1-1258,15,1-1258,15,435,91,0,73,157.88014900684357,0.36294287128010017
48,48,48,48,48,48,48,48,48,48,48,48,MLG30,18,MLG30,18,208,23,0,57,75.22148621082306,0.36164176062895703
359,359,359,359,359,359,359,359,359,359,359,359,1-7839,9,1-7839,8,24,5,0,4,8.664665699005127,0.36102773745854694
68,68,68,68,68,68,68,68,68,68,68,68,1-1015,20,1-1015,8,155,0,0,61,55.886151909828186,0.36055581877308507
386,386,386,386,386,386,386,386,386,386,386,386,1-4855,11,1-4855,11,22,7,0,1,7.916166424751282,0.3598257465796037
161,161,161,161,161,161,161,161,161,161,161,161,1-8285,11,1-8285,11,72,12,0,15,25.742496371269226,0.3575346718231837
35,35,35,35,35,35,35,35,35,35,35,35,1-7496,20,1-7496,8,246,0,0,96,87.95197677612305,0.35752836087854895
354,354,354,354,354,354,354,354,354,354,354,354,1-7530,13,1-7530,13,25,7,0,2,8.832332849502563,0.35329331398010255
163,163,163,163,163,163,163,163,163,163,163,163,1-6692,12,1-6692,12,71,15,0,11,25.0778306722641,0.35320888270794504
235,235,235,235,235,235,235,235,235,235,235,235,1-1989,5,1-1989,19,46,8,0,9,16.245497822761536,0.3531629961469899
32,32,32,32,32,32,32,32,32,32,32,32,1-7874,5,1-7874,19,258,25,0,71,90.047816157341,0.34902254324550774
435,435,435,435,435,435,435,435,435,435,435,435,1-4494,12,1-4494,12,16,1,0,5,5.580832123756409,0.34880200773477554
323,323,323,323,323,323,323,323,323,323,323,323,1-13247,20,1-13247,8,29,0,0,11,10.0778306722641,0.34751140249186546
0,0,0,0,0,0,0,0,0,0,0,0,1-6098,8,1-6098,7,1327,192,0,293,460.43676245212555,0.34697570644470654
125,125,125,125,125,125,125,125,125,125,125,125,1-1390,16,1-1390,16,98,21,0,14,33.826329946517944,0.34516663210732595
290,290,290,290,290,290,290,290,290,290,290,290,1-3509,18,1-3509,18,35,2,0,11,12.0778306722641,0.34508087635040285
84,84,84,84,84,84,84,84,84,84,84,84,1-2382,4,1-2382,4,139,35,0,14,47.826329946517944,0.3440743161619996
203,203,203,203,203,203,203,203,203,203,203,203,1-9938,7,1-9938,6,55,18,0,1,18.91616642475128,0.3439302986318415
227,227,227,227,227,227,227,227,227,227,227,227,1-1957,10,1-1957,10,47,6,0,11,16.0778306722641,0.3420815036651936
299,299,299,299,299,299,299,299,299,299,299,299,MLG31,5,MLG31,19,33,3,0,9,11.245497822761536,0.34077266129580414
20,20,20,20,20,20,20,20,20,20,20,20,1-8067,7,1-8067,6,322,50,0,65,109.55081760883331,0.34021993046221527
455,455,455,455,455,455,455,455,455,455,455,455,1-18377,3,1-18377,8,14,2,0,3,4.748499274253845,0.33917851958956036
78,78,78,78,78,78,78,78,78,78,78,78,1-1570,14,1-1570,14,142,26,0,24,47.98799419403076,0.3379436210847237
126,126,126,126,126,126,126,126,126,126,126,126,1-6693,8,1-6693,7,98,12,0,23,33.07182776927948,0.3374676302987702
174,174,174,174,174,174,174,174,174,174,174,174,MLG41,5,MLG41,19,66,12,0,11,22.0778306722641,0.33451258594339545
18,18,18,18,18,18,18,18,18,18,18,18,MLG63,3,MLG63,3,380,35,0,100,126.61664247512817,0.3332016907240215
265,265,265,265,265,265,265,265,265,265,265,265,1-1204,10,1-1204,10,39,2,0,12,12.99399709701538,0.3331794127439841
26,26,26,26,26,26,26,26,26,26,26,26,1-18558,17,1-18558,17,307,77,0,27,101.7364934682846,0.33138922953838634
295,295,295,295,295,295,295,295,295,295,295,295,1-1942,1,1-1942,1,34,3,0,9,11.245497822761536,0.3307499359635746
142,142,142,142,142,142,142,142,142,142,142,142,1-8084,8,1-8084,7,82,6,0,23,27.07182776927948,0.33014424108877416
233,233,233,233,233,233,233,233,233,233,233,233,1-3587,13,1-3587,13,46,6,0,10,15.161664247512817,0.3296013966850612
308,308,308,308,308,308,308,308,308,308,308,308,1-4700,20,1-4700,8,31,0,0,11,10.0778306722641,0.3250913120085193
43,43,43,43,43,43,43,43,43,43,43,43,MLG14,2,MLG14,2,232,57,0,20,75.32332849502563,0.3246695193751105
286,286,286,286,286,286,286,286,286,286,286,286,1-1770,11,1-1770,11,35,4,0,8,11.329331398010254,0.32369518280029297
445,445,445,445,445,445,445,445,445,445,445,445,1-5654,5,1-5654,19,15,3,0,2,4.8323328495025635,0.3221555233001709
47,47,47,47,47,47,47,47,47,47,47,47,1-0303,22,1-0303,20,212,0,0,74,67.79631543159485,0.31979394071507006
255,255,255,255,255,255,255,255,255,255,255,255,1-3564,3,1-3564,3,41,3,0,11,13.0778306722641,0.3189714798113195
132,132,132,132,132,132,132,132,132,132,132,132,MLG55,22,MLG55,20,92,0,0,32,29.317325592041016,0.31866658252218494
300,300,300,300,300,300,300,300,300,300,300,300,1-18709,8,1-18709,3,33,5,0,6,10.49699854850769,0.31809086510629364
80,80,80,80,80,80,80,80,80,80,80,80,1-0053,8,1-0053,7,142,25,0,22,45.1556613445282,0.3179976151023113
347,347,347,347,347,347,347,347,347,347,347,347,1-7204,22,1-7204,20,26,0,0,9,8.245497822761536,0.3171345316446744
246,246,246,246,246,246,246,246,246,246,246,246,1-6538,11,1-6538,11,44,2,0,13,13.910163521766663,0.3161400800401514
412,412,412,412,412,412,412,412,412,412,412,412,1-0055,16,1-0055,16,18,2,0,4,5.664665699005127,0.31470364994472927
82,82,82,82,82,82,82,82,82,82,82,82,1-8188,22,1-8188,20,140,0,0,48,43.97598838806152,0.314114202771868
182,182,182,182,182,182,182,182,182,182,182,182,1-6647,9,1-6647,9,62,13,0,7,19.413164973258972,0.3131155640848221
143,143,143,143,143,143,143,143,143,143,143,143,1-9286,11,1-9286,11,81,17,0,9,25.245497822761536,0.3116728126266856
404,404,404,404,404,404,404,404,404,404,404,404,1-20578,17,1-20578,5,19,5,0,1,5.916166424751282,0.31137718025006744
72,72,72,72,72,72,72,72,72,72,72,72,1-9497,8,1-9497,7,150,21,0,28,46.65265989303589,0.31101773262023924
102,102,102,102,102,102,102,102,102,102,102,102,1-17907,20,1-17907,8,119,0,0,40,36.64665699005127,0.3079551007567334
27,27,27,27,27,27,27,27,27,27,27,27,1-1608,11,1-1608,11,307,63,0,34,94.14965844154358,0.30667641186170547
523,523,523,523,523,523,523,523,523,523,523,523,1-3175,22,1-3175,20,6,0,0,2,1.8323328495025635,0.30538880825042725
108,108,108,108,108,108,108,108,108,108,108,108,1-8328,20,1-8328,8,114,0,0,38,34.814324140548706,0.30538880825042725
226,226,226,226,226,226,226,226,226,226,226,226,1-4634,20,1-4634,8,48,0,0,16,14.658662796020508,0.30538880825042725
154,154,154,154,154,154,154,154,154,154,154,154,1-9417,7,1-9417,6,76,14,0,10,23.161664247512817,0.30475874009885284
184,184,184,184,184,184,184,184,184,184,184,184,1-2701,5,1-2701,19,61,14,0,5,18.58083212375641,0.3046038053074821
220,220,220,220,220,220,220,220,220,220,220,220,MLG35,5,MLG35,19,49,3,0,13,14.910163521766663,0.30428905146462576
439,439,439,439,439,439,439,439,439,439,439,439,1-4682,16,1-4682,16,16,3,0,2,4.8323328495025635,0.3020208030939102
33,33,33,33,33,33,33,33,33,33,33,33,1-6296,18,1-6296,18,254,18,0,64,76.63465118408203,0.30171122513418125
491,491,491,491,491,491,491,491,491,491,491,491,1-5555,9,1-5555,9,10,3,0,0,3.0,0.3
11,11,11,11,11,11,11,11,11,11,11,11,MLG56,13,MLG56,13,511,57,0,105,153.19747459888458,0.2997993632072105
190,190,190,190,190,190,190,190,190,190,190,190,1-7819,1,1-7819,1,59,3,0,16,17.658662796020508,0.2992993694240764
81,81,81,81,81,81,81,81,81,81,81,81,1-7682,11,1-7682,11,141,18,0,26,41.820327043533325,0.29659806413853423
3,3,3,3,3,3,3,3,3,3,3,3,1-6181,18,1-6181,18,659,46,0,163,195.33512723445892,0.2964114222070697
214,214,214,214,214,214,214,214,214,214,214,214,1-8450,12,1-8450,12,52,9,0,7,15.413164973258972,0.2964070187165187
466,466,466,466,466,466,466,466,466,466,466,466,1-9416,9,1-9416,9,13,2,0,2,3.8323328495025635,0.29479483457712025
424,424,424,424,424,424,424,424,424,424,424,424,1-1177,10,1-1177,10,17,5,0,0,5.0,0.29411764705882354
152,152,152,152,152,152,152,152,152,152,152,152,1-10038,16,1-10038,16,76,4,0,20,22.323328495025635,0.2937280065134952
428,428,428,428,428,428,428,428,428,428,428,428,1-9606,8,1-9606,7,16,1,0,4,4.664665699005127,0.29154160618782043
429,429,429,429,429,429,429,429,429,429,429,429,1-9452,6,1-9452,19,16,1,0,4,4.664665699005127,0.29154160618782043
147,147,147,147,147,147,147,147,147,147,147,147,1-2423,12,1-2423,12,79,11,0,13,22.910163521766663,0.29000206989578053
270,270,270,270,270,270,270,270,270,270,270,270,1-9651,22,1-9651,20,38,0,0,12,10.99399709701538,0.2893157130793521
104,104,104,104,104,104,104,104,104,104,104,104,1-9394,10,1-9394,10,117,8,0,28,33.65265989303589,0.2876295717353495
420,420,420,420,420,420,420,420,420,420,420,420,1-8678,2,1-8678,3,17,3,0,2,4.8323328495025635,0.2842548735001508
493,493,493,493,493,493,493,493,493,493,493,493,1-0033,15,1-0033,8,10,1,0,2,2.8323328495025635,0.28323328495025635
205,205,205,205,205,205,205,205,205,205,205,205,1-8398,4,1-8398,4,54,6,0,10,15.161664247512817,0.28077156013912624
127,127,127,127,127,127,127,127,127,127,127,127,1-5891,17,1-5891,17,96,13,0,15,26.742496371269226,0.27856767053405446
244,244,244,244,244,244,244,244,244,244,244,244,1-19448,10,1-19448,10,45,7,0,6,12.49699854850769,0.27771107885572643
311,311,311,311,311,311,311,311,311,311,311,311,1-8938,4,1-8938,4,30,1,0,8,8.329331398010254,0.27764437993367513
66,66,66,66,66,66,66,66,66,66,66,66,MLG48,7,MLG48,6,159,12,0,35,44.06582486629486,0.27714355261820667
331,331,331,331,331,331,331,331,331,331,331,331,1-5981,2,1-5981,2,28,5,0,3,7.748499274253845,0.27673211693763733
210,210,210,210,210,210,210,210,210,210,210,210,1-1191,20,1-1191,10,53,0,0,16,14.658662796020508,0.2765785433211417
170,170,170,170,170,170,170,170,170,170,170,170,1-6594,22,1-6594,20,70,0,0,21,19.239494919776917,0.2748499274253845
312,312,312,312,312,312,312,312,312,312,312,312,1-1850,22,1-1850,20,30,0,0,9,8.245497822761536,0.2748499274253845
145,145,145,145,145,145,145,145,145,145,145,145,1-9491,22,1-9491,20,80,0,0,24,21.98799419403076,0.2748499274253845
512,512,512,512,512,512,512,512,512,512,512,512,1-5799,14,1-5799,14,7,1,0,1,1.9161664247512817,0.27373806067875456
358,358,358,358,358,358,358,358,358,358,358,358,1-8627,11,1-8627,11,25,5,0,2,6.8323328495025635,0.27329331398010254
91,91,91,91,91,91,91,91,91,91,91,91,1-9270,14,1-9270,14,128,23,0,13,34.91016352176666,0.27273565251380205
77,77,77,77,77,77,77,77,77,77,77,77,1-9674,7,1-9674,6,144,31,0,9,39.245497822761536,0.2725381793247329
4,4,4,4,4,4,4,4,4,4,4,4,MLG68,17,MLG68,17,642,105,0,76,174.6286482810974,0.27200724031323587
122,122,122,122,122,122,122,122,122,122,122,122,1-9404,7,1-9404,6,100,18,0,10,27.161664247512817,0.2716166424751282
336,336,336,336,336,336,336,336,336,336,336,336,1-9655,20,1-9655,8,27,0,0,8,7.329331398010254,0.2714567184448242
262,262,262,262,262,262,262,262,262,262,262,262,1-8172,12,1-8172,10,40,9,0,2,10.832332849502563,0.2708083212375641
24,24,24,24,24,24,24,24,24,24,24,24,1-3535,10,1-3535,10,315,33,0,57,85.22148621082306,0.27054440066927954
12,12,12,12,12,12,12,12,12,12,12,12,1-7024,9,1-7024,9,498,66,0,75,134.71248185634613,0.2705069916794099
75,75,75,75,75,75,75,75,75,75,75,75,1-2545,2,1-2545,2,145,18,0,23,39.07182776927948,0.2694608811674447
384,384,384,384,384,384,384,384,384,384,384,384,1-0358,5,1-0358,9,22,5,0,1,5.916166424751282,0.2689166556705128
321,321,321,321,321,321,321,321,321,321,321,321,1-7752,10,1-7752,10,29,4,0,4,7.664665699005127,0.2642988172070733
357,357,357,357,357,357,357,357,357,357,357,357,1-9650,16,1-9650,16,25,2,0,5,6.580832123756409,0.26323328495025633
297,297,297,297,297,297,297,297,297,297,297,297,1-9630,14,1-9630,14,33,5,0,4,8.664665699005127,0.2625656272425796
514,514,514,514,514,514,514,514,514,514,514,514,P-0009,20,P-0009,8,7,0,0,2,1.8323328495025635,0.26176183564322336
458,458,458,458,458,458,458,458,458,458,458,458,1-9667,22,1-9667,20,14,0,0,4,3.664665699005127,0.26176183564322336
247,247,247,247,247,247,247,247,247,247,247,247,1-6734,7,1-6734,14,44,6,0,6,11.49699854850769,0.261295421556993
121,121,121,121,121,121,121,121,121,121,121,121,1-9333,22,1-9333,20,102,0,0,29,26.56882631778717,0.2604786893900703
60,60,60,60,60,60,60,60,60,60,60,60,1-3068,20,1-3068,8,180,0,0,51,46.72448766231537,0.2595804870128632
414,414,414,414,414,414,414,414,414,414,414,414,MLG06,15,MLG06,15,18,1,0,4,4.664665699005127,0.25914809438917374
317,317,317,317,317,317,317,317,317,317,317,317,1-9504,5,1-9504,19,30,5,0,3,7.748499274253845,0.2582833091417948
36,36,36,36,36,36,36,36,36,36,36,36,MLG64,5,MLG64,19,245,17,0,50,62.80832123756409,0.25636049484720036
199,199,199,199,199,199,199,199,199,199,199,199,1-20167,4,1-20167,4,56,7,0,8,14.329331398010254,0.25588091782161165
21,21,21,21,21,21,21,21,21,21,21,21,MLG02,18,MLG02,18,320,15,0,73,81.88014900684357,0.25587546564638614
231,231,231,231,231,231,231,231,231,231,231,231,1-7991,15,1-7991,15,46,9,0,3,11.748499274253845,0.2554021581359532
278,278,278,278,278,278,278,278,278,278,278,278,1-7845,22,1-7845,20,36,0,0,10,9.161664247512817,0.2544906735420227
277,277,277,277,277,277,277,277,277,277,277,277,1-10060,22,1-10060,20,36,0,0,10,9.161664247512817,0.2544906735420227
403,403,403,403,403,403,403,403,403,403,403,403,72-12171,17,72-12171,17,19,3,0,2,4.8323328495025635,0.25433330786855596
243,243,243,243,243,243,243,243,243,243,243,243,1-19166,13,1-19166,13,45,5,0,7,11.413164973258972,0.25362588829464383
30,30,30,30,30,30,30,30,30,30,30,30,1-10785,14,1-10785,14,279,28,0,46,70.14365553855896,0.2514109517511074
545,545,545,545,545,545,545,545,545,545,545,545,1-4926,6,1-4926,19,4,1,0,0,1.0,0.25
332,332,332,332,332,332,332,332,332,332,332,332,P-16616,17,P-16616,17,28,7,0,0,7.0,0.25
141,141,141,141,141,141,141,141,141,141,141,141,1-8820,6,1-8820,5,83,4,0,18,20.49099564552307,0.2468794656087117
14,14,14,14,14,14,14,14,14,14,14,14,1-1317,7,1-1317,6,414,56,0,50,101.80832123756409,0.24591381941440602
40,40,40,40,40,40,40,40,40,40,40,40,1-7807,20,1-7807,8,239,0,0,64,58.63465118408203,0.24533326855264448
446,446,446,446,446,446,446,446,446,446,446,446,1-19447,22,1-19447,20,15,0,0,4,3.664665699005127,0.2443110466003418
115,115,115,115,115,115,115,115,115,115,115,115,1-8421,14,1-8421,14,109,21,0,6,26.49699854850769,0.24309172980282284
103,103,103,103,103,103,103,103,103,103,103,103,1-3362,20,1-3362,8,117,0,0,31,28.401159167289734,0.2427449501477755
401,401,401,401,401,401,401,401,401,401,401,401,1-8100,20,1-8100,9,19,0,0,5,4.580832123756409,0.2410964275661268
79,79,79,79,79,79,79,79,79,79,79,79,1-0129,15,1-0129,15,142,14,0,22,34.1556613445282,0.24053282636991688
438,438,438,438,438,438,438,438,438,438,438,438,1-5163,10,1-5163,10,16,2,0,2,3.8323328495025635,0.23952080309391022
433,433,433,433,433,433,433,433,433,433,433,433,1-20641,14,1-20641,8,16,2,0,2,3.8323328495025635,0.23952080309391022
327,327,327,327,327,327,327,327,327,327,327,327,1-8988,2,1-8988,2,29,6,0,1,6.916166424751282,0.2384884974052166
281,281,281,281,281,281,281,281,281,281,281,281,1-3312,7,1-3312,6,36,4,0,5,8.580832123756409,0.23835644788212246
304,304,304,304,304,304,304,304,304,304,304,304,1-1592,1,1-1592,1,32,3,0,5,7.580832123756409,0.23690100386738777
477,477,477,477,477,477,477,477,477,477,477,477,1-8222,16,1-8222,16,12,1,0,2,2.8323328495025635,0.23602773745854697
118,118,118,118,118,118,118,118,118,118,118,118,MLG15,4,MLG15,4,105,21,0,4,24.664665699005127,0.23490157808576312
65,65,65,65,65,65,65,65,65,65,65,65,1-4319,6,1-4319,5,163,6,0,35,38.06582486629486,0.23353266789137953
263,263,263,263,263,263,263,263,263,263,263,263,1-6061,12,1-6061,12,40,2,0,8,9.329331398010254,0.23323328495025636
275,275,275,275,275,275,275,275,275,275,275,275,1-4020,11,1-4020,11,37,4,0,5,8.580832123756409,0.23191438172314618
423,423,423,423,423,423,423,423,423,423,423,423,MLG46,14,MLG46,14,17,3,0,1,3.9161664247512817,0.23036273086772246
59,59,59,59,59,59,59,59,59,59,59,59,1-8573,6,1-8573,5,184,2,0,44,42.3113226890564,0.22995284070139346
324,324,324,324,324,324,324,324,324,324,324,324,1-5515,11,1-5515,11,29,3,0,4,6.664665699005127,0.22981605858638368
432,432,432,432,432,432,432,432,432,432,432,432,1-3089,9,1-3089,9,16,0,0,4,3.664665699005127,0.22904160618782043
285,285,285,285,285,285,285,285,285,285,285,285,1-9887,18,1-9887,18,36,0,0,9,8.245497822761536,0.22904160618782043
394,394,394,394,394,394,394,394,394,394,394,394,1-9697,22,1-9697,20,20,0,0,5,4.580832123756409,0.22904160618782043
541,541,541,541,541,541,541,541,541,541,541,541,1-8532,10,1-8532,10,4,0,0,1,0.9161664247512817,0.22904160618782043
175,175,175,175,175,175,175,175,175,175,175,175,1-19547,4,1-19547,8,66,5,0,11,15.0778306722641,0.22845197988278937
348,348,348,348,348,348,348,348,348,348,348,348,1-3087,10,1-3087,20,26,5,0,1,5.916166424751282,0.2275448624904339
46,46,46,46,46,46,46,46,46,46,46,46,1-2282,4,1-2282,4,219,26,0,26,49.820327043533325,0.22749007782435307
158,158,158,158,158,158,158,158,158,158,158,158,1-9808,18,1-9808,18,74,4,0,14,16.826329946517944,0.22738283711510734
128,128,128,128,128,128,128,128,128,128,128,128,1-7897,10,1-7897,10,95,6,0,17,21.57482922077179,0.22710346548180832
268,268,268,268,268,268,268,268,268,268,268,268,1-8493,15,1-8493,15,38,4,0,5,8.580832123756409,0.22581137167780022
319,319,319,319,319,319,319,319,319,319,319,319,1-18935,2,1-18935,2,30,4,0,3,6.748499274253845,0.22494997580846152
329,329,329,329,329,329,329,329,329,329,329,329,1-5980,8,1-5980,4,29,1,0,6,6.49699854850769,0.22403443270716175
63,63,63,63,63,63,63,63,63,63,63,63,1-3052,1,1-3052,1,166,16,0,23,37.07182776927948,0.22332426367035832
294,294,294,294,294,294,294,294,294,294,294,294,1-3106,4,1-3106,4,34,3,0,5,7.580832123756409,0.2229656506987179
151,151,151,151,151,151,151,151,151,151,151,151,MLG38,4,MLG38,4,77,8,0,10,17.161664247512817,0.22287875646120542
156,156,156,156,156,156,156,156,156,156,156,156,1-2294,6,1-2294,5,75,1,0,17,16.57482922077179,0.22099772294362385
232,232,232,232,232,232,232,232,232,232,232,232,1-8095,1,1-8095,1,46,1,0,10,10.161664247512817,0.2209057445111482
157,157,157,157,157,157,157,157,157,157,157,157,1-17733,7,1-17733,6,74,9,0,8,16.329331398010254,0.2206666405136521
87,87,87,87,87,87,87,87,87,87,87,87,1-3141,14,1-3141,14,136,8,0,24,29.98799419403076,0.22049995730904973
83,83,83,83,83,83,83,83,83,83,83,83,MLG13,1,MLG13,1,140,7,0,26,30.820327043533325,0.2201451931680952
98,98,98,98,98,98,98,98,98,98,98,98,1-5043,15,1-5043,15,123,6,0,23,27.07182776927948,0.22009616072584942
136,136,136,136,136,136,136,136,136,136,136,136,1-1769,6,1-1769,5,89,4,0,17,19.57482922077179,0.2199419013569864
316,316,316,316,316,316,316,316,316,316,316,316,1-8181,8,1-8181,7,30,2,0,5,6.580832123756409,0.2193610707918803
51,51,51,51,51,51,51,51,51,51,51,51,MLG65,4,MLG65,4,201,12,0,35,44.06582486629486,0.21923295953380528
155,155,155,155,155,155,155,155,155,155,155,155,1-8157,10,1-8157,10,75,8,0,9,16.245497822761536,0.21660663763682048
17,17,17,17,17,17,17,17,17,17,17,17,1-7004,20,1-7004,8,381,0,0,90,82.45497822761536,0.21641726568927916
419,419,419,419,419,419,419,419,419,419,419,419,1-0001,22,1-0001,20,17,0,0,4,3.664665699005127,0.21556857052971334
425,425,425,425,425,425,425,425,425,425,425,425,1-0003,11,1-0003,11,17,0,0,4,3.664665699005127,0.21556857052971334
222,222,222,222,222,222,222,222,222,222,222,222,1-8705,18,1-8705,18,48,3,0,8,10.329331398010254,0.21519440412521362
61,61,61,61,61,61,61,61,61,61,61,61,1-6927,5,1-6927,19,179,21,0,19,38.40716207027435,0.21456515123058298
450,450,450,450,450,450,450,450,450,450,450,450,1-11206,14,1-11206,14,14,3,0,0,3.0,0.21428571428571427
337,337,337,337,337,337,337,337,337,337,337,337,1-6532,9,1-6532,9,27,3,0,3,5.748499274253845,0.2129073805279202
138,138,138,138,138,138,138,138,138,138,138,138,1-4640,20,1-4640,8,87,0,0,20,18.323328495025635,0.2106129712071912
144,144,144,144,144,144,144,144,144,144,144,144,1-7058,17,1-7058,17,80,15,0,2,16.832332849502563,0.21040416061878203
106,106,106,106,106,106,106,106,106,106,106,106,1-9963,14,1-9963,14,116,16,0,9,24.245497822761536,0.20901291226518565
176,176,176,176,176,176,176,176,176,176,176,176,1-6561,14,1-6561,14,65,9,0,5,13.580832123756409,0.20893587882702166
451,451,451,451,451,451,451,451,451,451,451,451,1-11329,10,1-11329,10,14,2,0,1,2.9161664247512817,0.2082976017679487
411,411,411,411,411,411,411,411,411,411,411,411,1-8124,3,1-8124,3,18,1,0,3,3.748499274253845,0.20824995968076918
378,378,378,378,378,378,378,378,378,378,378,378,1-9518,22,1-9518,20,22,0,0,5,4.580832123756409,0.20821964198892767
325,325,325,325,325,325,325,325,325,325,325,325,1-9338,15,1-9338,15,29,5,0,1,5.916166424751282,0.20400573878452696
497,497,497,497,497,497,497,497,497,497,497,497,MLG72,18,MLG72,18,9,0,0,2,1.8323328495025635,0.20359253883361816
16,16,16,16,16,16,16,16,16,16,16,16,1-7140,18,1-7140,18,397,15,0,71,80.047816157341,0.20163177873385643
133,133,133,133,133,133,133,133,133,133,133,133,MLG53,15,MLG53,15,91,11,0,8,18.329331398010254,0.20142122415395883
527,527,527,527,527,527,527,527,527,527,527,527,1-17790,4,1-17790,4,5,1,0,0,1.0,0.2
334,334,334,334,334,334,334,334,334,334,334,334,1-18994,3,1-18994,3,28,1,0,5,5.580832123756409,0.1993154329913003
201,201,201,201,201,201,201,201,201,201,201,201,1-8529,10,1-8529,10,56,2,0,10,11.161664247512817,0.1993154329913003
369,369,369,369,369,369,369,369,369,369,369,369,MLG39,22,MLG39,20,23,0,0,5,4.580832123756409,0.1991666140763656
406,406,406,406,406,406,406,406,406,406,406,406,1-3265,3,1-3265,3,19,1,0,3,3.748499274253845,0.19728943548704447
105,105,105,105,105,105,105,105,105,105,105,105,1-7042,2,1-7042,2,117,10,0,14,22.826329946517944,0.19509683714972603
315,315,315,315,315,315,315,315,315,315,315,315,1-9614,2,1-9614,2,30,4,0,2,5.8323328495025635,0.19441109498341877
162,162,162,162,162,162,162,162,162,162,162,162,1-7614,22,1-7614,20,72,0,0,15,13.742496371269226,0.19086800515651703
245,245,245,245,245,245,245,245,245,245,245,245,1-1183,10,1-1183,10,45,4,0,5,8.580832123756409,0.19068515830569796
442,442,442,442,442,442,442,442,442,442,442,442,1-5803,10,1-5803,10,15,1,0,2,2.8323328495025635,0.18882218996683756
291,291,291,291,291,291,291,291,291,291,291,291,1-0037,14,1-0037,14,35,2,0,5,6.580832123756409,0.18802377496446881
169,169,169,169,169,169,169,169,169,169,169,169,1-7268,11,1-7268,11,70,3,0,11,13.0778306722641,0.1868261524609157
387,387,387,387,387,387,387,387,387,387,387,387,1-9436,4,1-9436,4,21,3,0,1,3.9161664247512817,0.18648411546434676
88,88,88,88,88,88,88,88,88,88,88,88,1-8267,20,1-8267,8,133,0,0,27,24.736493468284607,0.18598867269386923
160,160,160,160,160,160,160,160,160,160,160,160,1-5197,7,1-5197,6,72,6,0,8,13.329331398010254,0.18512960275014242
216,216,216,216,216,216,216,216,216,216,216,216,1-8397,4,1-8397,4,51,3,0,7,9.413164973258972,0.18457186222076416
535,535,535,535,535,535,535,535,535,535,535,535,1-8566,22,1-8566,20,5,0,0,1,0.9161664247512817,0.18323328495025634
492,492,492,492,492,492,492,492,492,492,492,492,MLG73,22,MLG73,20,10,0,0,2,1.8323328495025635,0.18323328495025634
534,534,534,534,534,534,534,534,534,534,534,534,1-8379,22,1-8379,20,5,0,0,1,0.9161664247512817,0.18323328495025634
261,261,261,261,261,261,261,261,261,261,261,261,1-5214,20,1-5214,8,40,0,0,8,7.329331398010254,0.18323328495025634
487,487,487,487,487,487,487,487,487,487,487,487,1-4929,7,1-4929,6,10,0,0,2,1.8323328495025635,0.18323328495025634
287,287,287,287,287,287,287,287,287,287,287,287,1-2596,10,1-2596,10,35,0,0,7,6.413164973258972,0.18323328495025634
537,537,537,537,537,537,537,537,537,537,537,537,1-5990,9,1-5990,9,5,0,0,1,0.9161664247512817,0.18323328495025634
483,483,483,483,483,483,483,483,483,483,483,483,1-8578,1,1-8578,1,11,2,0,0,2.0,0.18181818181818182
480,480,480,480,480,480,480,480,480,480,480,480,1-5653,16,1-5653,16,11,2,0,0,2.0,0.18181818181818182
301,301,301,301,301,301,301,301,301,301,301,301,1-8400,9,1-8400,9,33,5,0,1,5.916166424751282,0.17927777044700854
237,237,237,237,237,237,237,237,237,237,237,237,1-8418,22,1-8418,20,46,0,0,9,8.245497822761536,0.17924995266872903
208,208,208,208,208,208,208,208,208,208,208,208,1-5355,14,1-5355,14,53,3,0,7,9.413164973258972,0.17760688628790514
440,440,440,440,440,440,440,440,440,440,440,440,1-2034,9,1-2034,8,16,1,0,2,2.8323328495025635,0.17702080309391022
422,422,422,422,422,422,422,422,422,422,422,422,1-7536,9,1-7536,9,17,3,0,0,3.0,0.17647058823529413
15,15,15,15,15,15,15,15,15,15,15,15,1-1580,2,1-1580,2,400,32,0,42,70.47898983955383,0.17619747459888457
55,55,55,55,55,55,55,55,55,55,55,55,1-1462,1,1-1462,1,192,19,0,16,33.65866279602051,0.17530553539594015
274,274,274,274,274,274,274,274,274,274,274,274,1-7744,14,1-7744,14,37,0,0,7,6.413164973258972,0.17332878306105332
148,148,148,148,148,148,148,148,148,148,148,148,1-0278,15,1-0278,15,79,10,0,4,13.664665699005127,0.17297045188614085
260,260,260,260,260,260,260,260,260,260,260,260,1-4760,17,1-4760,17,40,6,0,1,6.916166424751282,0.17290416061878205
134,134,134,134,134,134,134,134,134,134,134,134,1-8659,20,1-8659,8,91,0,0,17,15.57482922077179,0.17115196945903066
257,257,257,257,257,257,257,257,257,257,257,257,1-19286,6,1-19286,5,40,5,0,2,6.8323328495025635,0.1708083212375641
371,371,371,371,371,371,371,371,371,371,371,371,1-6035,14,1-6035,14,23,3,0,1,3.9161664247512817,0.17026810542396878
343,343,343,343,343,343,343,343,343,343,343,343,MLG67,22,MLG67,20,27,0,0,5,4.580832123756409,0.16966044902801514
58,58,58,58,58,58,58,58,58,58,58,58,MLG49,22,MLG49,20,185,0,0,34,31.14965844154358,0.1683765321164518
28,28,28,28,28,28,28,28,28,28,28,28,1-7005,1,1-7005,1,285,3,0,49,47.892154812812805,0.16804264846600983
470,470,470,470,470,470,470,470,470,470,470,470,1-9055,1,1-9055,1,12,2,0,0,2.0,0.16666666666666666
368,368,368,368,368,368,368,368,368,368,368,368,1-6858,6,1-6858,5,23,2,0,2,3.8323328495025635,0.16662316736967667
426,426,426,426,426,426,426,426,426,426,426,426,1-3639,6,1-3639,5,17,1,0,2,2.8323328495025635,0.1666078146766214
238,238,238,238,238,238,238,238,238,238,238,238,1-4390,1,1-4390,1,45,2,0,6,7.49699854850769,0.16659996774461533
10,10,10,10,10,10,10,10,10,10,10,10,MLG62,4,MLG62,4,525,46,0,45,87.22748911380768,0.16614759831201462
2,2,2,2,2,2,2,2,2,2,2,2,1-6240,11,1-6240,11,698,65,0,54,114.47298693656921,0.16400141394923956
417,417,417,417,417,417,417,417,417,417,417,417,1-5425,6,1-5425,5,17,0,0,3,2.748499274253845,0.161676427897285
179,179,179,179,179,179,179,179,179,179,179,179,1-7467,22,1-7467,20,64,0,0,11,10.0778306722641,0.15746610425412655
356,356,356,356,356,356,356,356,356,356,356,356,1-18613,17,1-18613,19,25,3,0,1,3.9161664247512817,0.15664665699005126
283,283,283,283,283,283,283,283,283,283,283,283,1-6909,4,1-6909,4,36,1,0,5,5.580832123756409,0.15502311454878914
129,129,129,129,129,129,129,129,129,129,129,129,1-4531,1,1-4531,1,94,8,0,7,14.413164973258972,0.15333154226871246
251,251,251,251,251,251,251,251,251,251,251,251,1-6919,5,1-6919,19,43,2,0,5,6.580832123756409,0.1530426075292188
521,521,521,521,521,521,521,521,521,521,521,521,1-3551,7,1-3551,6,6,0,0,1,0.9161664247512817,0.15269440412521362
468,468,468,468,468,468,468,468,468,468,468,468,1-9946,22,1-9946,20,12,0,0,2,1.8323328495025635,0.15269440412521362
475,475,475,475,475,475,475,475,475,475,475,475,1-4499,22,1-4499,20,12,0,0,2,1.8323328495025635,0.15269440412521362
407,407,407,407,407,407,407,407,407,407,407,407,1-9549,20,1-9549,8,18,0,0,3,2.748499274253845,0.15269440412521362
518,518,518,518,518,518,518,518,518,518,518,518,1-4842,9,1-4842,9,6,0,0,1,0.9161664247512817,0.15269440412521362
360,360,360,360,360,360,360,360,360,360,360,360,1-7993,14,1-7993,14,24,0,0,4,3.664665699005127,0.15269440412521362
130,130,130,130,130,130,130,130,130,130,130,130,1-3139,1,1-3139,1,93,4,0,11,14.0778306722641,0.15137452335767848
306,306,306,306,306,306,306,306,306,306,306,306,1-1972,5,1-1972,19,32,3,0,2,4.8323328495025635,0.1510104015469551
41,41,41,41,41,41,41,41,41,41,41,41,1-9283,11,1-9283,11,235,17,0,20,35.323328495025635,0.15031203614904526
219,219,219,219,219,219,219,219,219,219,219,219,1-2400,20,1-2400,8,49,0,0,8,7.329331398010254,0.14957819179612764
344,344,344,344,344,344,344,344,344,344,344,344,1-2103,14,1-2103,14,26,2,0,2,3.8323328495025635,0.14739741728856012
273,273,273,273,273,273,273,273,273,273,273,273,1-9237,15,1-9237,15,38,1,0,5,5.580832123756409,0.1468640032567476
355,355,355,355,355,355,355,355,355,355,355,355,1-4747,15,1-4747,15,25,0,0,4,3.664665699005127,0.14658662796020508
193,193,193,193,193,193,193,193,193,193,193,193,1-8094,3,1-8094,3,58,3,0,6,8.49699854850769,0.14649997497427053
56,56,56,56,56,56,56,56,56,56,56,56,1-8427,11,1-8427,11,189,12,0,17,27.57482922077179,0.14589856730567086
338,338,338,338,338,338,338,338,338,338,338,338,1-3589,1,1-3589,1,27,3,0,1,3.9161664247512817,0.14504320091671413
1,1,1,1,1,1,1,1,1,1,1,1,1-9227,1,1-9227,1,801,31,0,92,115.28731107711792,0.14392922731225707
298,298,298,298,298,298,298,298,298,298,298,298,1-7481,1,1-7481,1,33,2,0,3,4.748499274253845,0.14389391740163168
264,264,264,264,264,264,264,264,264,264,264,264,1-8928,13,1-8928,13,39,1,0,5,5.580832123756409,0.14309825958349767
349,349,349,349,349,349,349,349,349,349,349,349,1-8186,11,1-8186,11,26,0,0,4,3.664665699005127,0.14094868073096642
467,467,467,467,467,467,467,467,467,467,467,467,1-0031,13,1-0031,13,13,0,0,2,1.8323328495025635,0.14094868073096642
97,97,97,97,97,97,97,97,97,97,97,97,1-1833,4,1-1833,4,124,10,0,8,17.329331398010254,0.13975267256459883
73,73,73,73,73,73,73,73,73,73,73,73,MLG12,12,MLG12,12,146,12,0,9,20.245497822761536,0.13866779330658585
204,204,204,204,204,204,204,204,204,204,204,204,1-8576,18,1-8576,18,55,3,0,5,7.580832123756409,0.1378333113410256
258,258,258,258,258,258,258,258,258,258,258,258,1-17758,6,1-17758,5,40,0,0,6,5.49699854850769,0.13742496371269225
449,449,449,449,449,449,449,449,449,449,449,449,MLG43,4,MLG43,4,14,1,0,1,1.9161664247512817,0.13686903033937728
454,454,454,454,454,454,454,454,454,454,454,454,1-5913,4,1-5913,4,14,1,0,1,1.9161664247512817,0.13686903033937728
197,197,197,197,197,197,197,197,197,197,197,197,1-6006,1,1-6006,1,57,5,0,3,7.748499274253845,0.13593858375883938
224,224,224,224,224,224,224,224,224,224,224,224,1-9277,1,1-9277,1,48,1,0,6,6.49699854850769,0.13535413642724356
447,447,447,447,447,447,447,447,447,447,447,447,1-9971,11,1-9971,11,15,2,0,0,2.0,0.13333333333333333
377,377,377,377,377,377,377,377,377,377,377,377,1-9892,14,1-9892,14,22,2,0,1,2.9161664247512817,0.13255301930687644
456,456,456,456,456,456,456,456,456,456,456,456,1-7995,22,1-7995,20,14,0,0,2,1.8323328495025635,0.13088091782161168
457,457,457,457,457,457,457,457,457,457,457,457,1-11330,1,1-11330,1,14,0,0,2,1.8323328495025635,0.13088091782161168
513,513,513,513,513,513,513,513,513,513,513,513,1-5530,16,1-5530,16,7,0,0,1,0.9161664247512817,0.13088091782161168
107,107,107,107,107,107,107,107,107,107,107,107,MLG37,2,MLG37,2,116,3,0,13,14.910163521766663,0.12853589242902294
284,284,284,284,284,284,284,284,284,284,284,284,1-2584,10,1-2584,10,36,0,0,5,4.580832123756409,0.12724533677101135
234,234,234,234,234,234,234,234,234,234,234,234,1-10451,12,1-10451,12,46,4,0,2,5.8323328495025635,0.12678984455440356
90,90,90,90,90,90,90,90,90,90,90,90,1-7070,11,1-7070,11,129,9,0,8,16.329331398010254,0.12658396432566088
53,53,53,53,53,53,53,53,53,53,53,53,1-8341,1,1-8341,1,197,11,0,15,24.742496371269226,0.12559642828055445
171,171,171,171,171,171,171,171,171,171,171,171,1-9645,9,1-9645,9,69,5,0,4,8.664665699005127,0.12557486520297284
503,503,503,503,503,503,503,503,503,503,503,503,1-5531,1,1-5531,1,8,1,0,0,1.0,0.125
510,510,510,510,510,510,510,510,510,510,510,510,1-10444,15,1-10444,19,8,1,0,0,1.0,0.125
501,501,501,501,501,501,501,501,501,501,501,501,1-18563,6,1-18563,5,8,1,0,0,1.0,0.125
385,385,385,385,385,385,385,385,385,385,385,385,1-18615,22,1-18615,20,22,0,0,3,2.748499274253845,0.1249317851933566
140,140,140,140,140,140,140,140,140,140,140,140,1-8066,17,1-8066,17,86,7,0,4,10.664665699005127,0.12400774068610612
266,266,266,266,266,266,266,266,266,266,266,266,1-9496,6,1-9496,5,39,3,0,2,4.8323328495025635,0.12390597050006573
183,183,183,183,183,183,183,183,183,183,183,183,1-19915,14,1-19915,14,62,4,0,4,7.664665699005127,0.1236236403065343
109,109,109,109,109,109,109,109,109,109,109,109,1-7441,14,1-7441,14,111,10,0,4,13.664665699005127,0.12310509638743358
177,177,177,177,177,177,177,177,177,177,177,177,1-9498,14,1-9498,14,64,5,0,3,7.748499274253845,0.12107030116021633
6,6,6,6,6,6,6,6,6,6,6,6,MLG54,12,MLG54,12,595,38,0,37,71.89815771579742,0.12083723985848306
430,430,430,430,430,430,430,430,430,430,430,430,1-8023,18,1-8023,18,16,1,0,1,1.9161664247512817,0.11976040154695511
375,375,375,375,375,375,375,375,375,375,375,375,1-7213,9,1-7213,9,23,0,0,3,2.748499274253845,0.11949996844581935
373,373,373,373,373,373,373,373,373,373,373,373,1-8488,20,1-8488,9,23,0,0,3,2.748499274253845,0.11949996844581935
100,100,100,100,100,100,100,100,100,100,100,100,1-5172,14,1-5172,14,120,5,0,10,14.161664247512817,0.11801386872927348
50,50,50,50,50,50,50,50,50,50,50,50,1-7964,18,1-7964,18,202,0,0,26,23.820327043533325,0.11792241110660062
418,418,418,418,418,418,418,418,418,418,418,418,1-17835,18,1-17835,16,17,2,0,0,2.0,0.11764705882352941
117,117,117,117,117,117,117,117,117,117,117,117,1-7019,9,1-7019,9,107,8,0,5,12.580832123756409,0.11757787031548045
351,351,351,351,351,351,351,351,351,351,351,351,1-2324,11,1-2324,11,25,2,0,1,2.9161664247512817,0.11664665699005126
19,19,19,19,19,19,19,19,19,19,19,19,1-7863,14,1-7863,14,351,17,0,26,40.820327043533325,0.11629722804425449
293,293,293,293,293,293,293,293,293,293,293,293,1-1250,17,1-1250,17,34,3,0,1,3.9161664247512817,0.11518136543386123
505,505,505,505,505,505,505,505,505,505,505,505,1-9855,22,1-9855,20,8,0,0,1,0.9161664247512817,0.11452080309391022
362,362,362,362,362,362,362,362,362,362,362,362,1-1827,11,1-1827,11,24,0,0,3,2.748499274253845,0.11452080309391022
365,365,365,365,365,365,365,365,365,365,365,365,1-8590,3,1-8590,3,24,0,0,3,2.748499274253845,0.11452080309391022
502,502,502,502,502,502,502,502,502,502,502,502,72-11994,10,72-11994,10,8,0,0,1,0.9161664247512817,0.11452080309391022
504,504,504,504,504,504,504,504,504,504,504,504,1-9861,22,1-9861,20,8,0,0,1,0.9161664247512817,0.11452080309391022
95,95,95,95,95,95,95,95,95,95,95,95,1-5626,14,1-5626,14,125,6,0,9,14.245497822761536,0.11396398258209228
408,408,408,408,408,408,408,408,408,408,408,408,1-9495,17,1-9495,17,18,2,0,0,2.0,0.1111111111111111
352,352,352,352,352,352,352,352,352,352,352,352,1-2297,15,1-2297,15,25,0,0,3,2.748499274253845,0.1099399709701538
288,288,288,288,288,288,288,288,288,288,288,288,1-9761,1,1-9761,1,35,2,0,2,3.8323328495025635,0.10949522427150181
44,44,44,44,44,44,44,44,44,44,44,44,1-0008,18,1-0008,18,230,1,0,26,24.820327043533325,0.10791446540666663
292,292,292,292,292,292,292,292,292,292,292,292,1-9740,4,1-9740,4,34,0,0,4,3.664665699005127,0.10778428526485667
181,181,181,181,181,181,181,181,181,181,181,181,MLG84,7,MLG84,6,63,4,0,3,6.748499274253845,0.10711903609926739
250,250,250,250,250,250,250,250,250,250,250,250,1-18234,22,1-18234,20,43,0,0,5,4.580832123756409,0.10653097962224206
289,289,289,289,289,289,289,289,289,289,289,289,1-5549,6,1-5549,5,35,0,0,4,3.664665699005127,0.10470473425728934
496,496,496,496,496,496,496,496,496,496,496,496,1-9076,22,1-9076,20,9,0,0,1,0.9161664247512817,0.10179626941680908
180,180,180,180,180,180,180,180,180,180,180,180,1-10539,22,1-10539,20,63,0,0,7,6.413164973258972,0.10179626941680908
202,202,202,202,202,202,202,202,202,202,202,202,1-6787,4,1-6787,4,56,2,0,4,5.664665699005127,0.10115474462509155
489,489,489,489,489,489,489,489,489,489,489,489,1-7521,17,1-7521,17,10,1,0,0,1.0,0.1
400,400,400,400,400,400,400,400,400,400,400,400,1-8646,6,1-8646,5,20,2,0,0,2.0,0.1
272,272,272,272,272,272,272,272,272,272,272,272,1-19229,3,1-19229,3,38,1,0,3,3.748499274253845,0.09864471774352224
173,173,173,173,173,173,173,173,173,173,173,173,1-1207,1,1-1207,1,66,1,0,6,6.49699854850769,0.09843937194708621
330,330,330,330,330,330,330,330,330,330,330,330,1-9818,4,1-9818,4,28,0,0,3,2.748499274253845,0.09816068836620875
49,49,49,49,49,49,49,49,49,49,49,49,1-6974,22,1-6974,20,207,0,0,22,20.1556613445282,0.09737034465955652
25,25,25,25,25,25,25,25,25,25,25,25,1-18028,13,1-18028,13,309,17,0,14,29.826329946517944,0.09652533963274415
392,392,392,392,392,392,392,392,392,392,392,392,MLG33,4,MLG33,4,20,1,0,1,1.9161664247512817,0.09580832123756408
194,194,194,194,194,194,194,194,194,194,194,194,1-8018,22,1-8018,20,58,0,0,6,5.49699854850769,0.09477583704323604
37,37,37,37,37,37,37,37,37,37,37,37,1-5775,22,1-5775,20,244,0,0,25,22.904160618782043,0.0938695107327133
398,398,398,398,398,398,398,398,398,398,398,398,1-20047,14,1-20047,14,20,0,0,2,1.8323328495025635,0.09161664247512817
390,390,390,390,390,390,390,390,390,390,390,390,1-20003,9,1-20003,9,21,1,0,1,1.9161664247512817,0.09124602022625151
484,484,484,484,484,484,484,484,484,484,484,484,1-9731,4,1-9731,4,11,1,0,0,1.0,0.09090909090909091
249,249,249,249,249,249,249,249,249,249,249,249,1-6916,1,1-6916,1,43,2,0,2,3.8323328495025635,0.08912401975587357
207,207,207,207,207,207,207,207,207,207,207,207,1-8622,16,1-8622,16,54,1,0,4,4.664665699005127,0.08638269812972457
296,296,296,296,296,296,296,296,296,296,296,296,1-0205,1,1-0205,1,34,2,0,1,2.9161664247512817,0.08576960072797887
230,230,230,230,230,230,230,230,230,230,230,230,1-9345,11,1-9345,11,47,4,0,0,4.0,0.0851063829787234
381,381,381,381,381,381,381,381,381,381,381,381,1-9752,22,1-9752,20,22,0,0,2,1.8323328495025635,0.08328785679557106
131,131,131,131,131,131,131,131,131,131,131,131,1-9925,6,1-9925,5,93,2,0,6,7.49699854850769,0.08061288761836226
462,462,462,462,462,462,462,462,462,462,462,462,1-4052,17,1-4052,17,13,1,0,0,1.0,0.07692307692307693
269,269,269,269,269,269,269,269,269,269,269,269,1-8551,1,1-8551,1,38,2,0,1,2.9161664247512817,0.0767412217039811
473,473,473,473,473,473,473,473,473,473,473,473,1-5161,22,1-5161,20,12,0,0,1,0.9161664247512817,0.07634720206260681
366,366,366,366,366,366,366,366,366,366,366,366,1-9444,17,1-9444,17,24,0,0,2,1.8323328495025635,0.07634720206260681
472,472,472,472,472,472,472,472,472,472,472,472,1-1935,22,1-1935,20,12,0,0,1,0.9161664247512817,0.07634720206260681
188,188,188,188,188,188,188,188,188,188,188,188,1-7722,20,1-7722,8,60,0,0,5,4.580832123756409,0.07634720206260681
153,153,153,153,153,153,153,153,153,153,153,153,1-9516,1,1-9516,1,76,2,0,4,5.664665699005127,0.07453507498690956
346,346,346,346,346,346,346,346,346,346,346,346,1-9805,15,1-9805,15,26,1,0,1,1.9161664247512817,0.07369870864428006
178,178,178,178,178,178,178,178,178,178,178,178,1-0405,13,1-0405,13,64,1,0,4,4.664665699005127,0.07288540154695511
209,209,209,209,209,209,209,209,209,209,209,209,1-19897,2,1-19897,2,53,2,0,2,3.8323328495025635,0.07230816697174648
463,463,463,463,463,463,463,463,463,463,463,463,1-20467,15,1-20467,15,13,0,0,1,0.9161664247512817,0.07047434036548321
99,99,99,99,99,99,99,99,99,99,99,99,1-8826,1,1-8826,1,123,5,0,4,8.664665699005127,0.07044443657727746
339,339,339,339,339,339,339,339,339,339,339,339,1-9850,1,1-9850,1,27,0,0,2,1.8323328495025635,0.06786417961120605
341,341,341,341,341,341,341,341,341,341,341,341,1-9870,8,1-9870,7,27,0,0,2,1.8323328495025635,0.06786417961120605
139,139,139,139,139,139,139,139,139,139,139,139,MLG11,15,MLG11,15,87,4,0,2,5.8323328495025635,0.067038308614972
320,320,320,320,320,320,320,320,320,320,320,320,1-18203,9,1-18203,9,29,1,0,1,1.9161664247512817,0.06607470430176833
196,196,196,196,196,196,196,196,196,196,196,196,1-6743,4,1-6743,4,58,2,0,2,3.8323328495025635,0.06607470430176833
252,252,252,252,252,252,252,252,252,252,252,252,1-6918,20,1-6918,8,43,0,0,3,2.748499274253845,0.06391858777334523
318,318,318,318,318,318,318,318,318,318,318,318,1-9902,17,1-9902,17,30,1,0,1,1.9161664247512817,0.06387221415837606
322,322,322,322,322,322,322,322,322,322,322,322,1-19549,15,1-19549,15,29,0,0,2,1.8323328495025635,0.06318389136215737
436,436,436,436,436,436,436,436,436,436,436,436,1-9115,12,1-9115,12,16,1,0,0,1.0,0.0625
434,434,434,434,434,434,434,434,434,434,434,434,1-4149,1,1-4149,1,16,1,0,0,1.0,0.0625
437,437,437,437,437,437,437,437,437,437,437,437,1-4098,17,1-4098,17,16,1,0,0,1.0,0.0625
427,427,427,427,427,427,427,427,427,427,427,427,1-3104,1,1-3104,1,16,1,0,0,1.0,0.0625
305,305,305,305,305,305,305,305,305,305,305,305,1-8127,2,1-8127,2,32,1,0,1,1.9161664247512817,0.059880200773477554
110,110,110,110,110,110,110,110,110,110,110,110,1-9137,7,1-9137,6,111,2,0,5,6.580832123756409,0.05928677588969738
302,302,302,302,302,302,302,302,302,302,302,302,1-9500,15,1-9500,15,33,1,0,1,1.9161664247512817,0.05806564923488733
416,416,416,416,416,416,416,416,416,416,416,416,1-9907,11,1-9907,11,17,0,0,1,0.9161664247512817,0.053892142632428336
405,405,405,405,405,405,405,405,405,405,405,405,1-9607,14,1-9607,14,19,1,0,0,1.0,0.05263157894736842
415,415,415,415,415,415,415,415,415,415,415,415,1-9465,12,1-9465,12,18,0,0,1,0.9161664247512817,0.05089813470840454
410,410,410,410,410,410,410,410,410,410,410,410,1-3108,13,1-3108,13,18,0,0,1,0.9161664247512817,0.05089813470840454
186,186,186,186,186,186,186,186,186,186,186,186,1-19004,17,1-19004,17,60,3,0,0,3.0,0.05
393,393,393,393,393,393,393,393,393,393,393,393,1-6718,11,1-6718,11,20,1,0,0,1.0,0.05
86,86,86,86,86,86,86,86,86,86,86,86,1-8910,1,1-8910,1,137,5,0,2,6.8323328495025635,0.049871042697099
402,402,402,402,402,402,402,402,402,402,402,402,1-18603,6,1-18603,5,19,0,0,1,0.9161664247512817,0.04821928551322535
189,189,189,189,189,189,189,189,189,189,189,189,MLG10,22,MLG10,20,60,0,0,3,2.748499274253845,0.045808321237564086
395,395,395,395,395,395,395,395,395,395,395,395,1-1836,14,1-1836,14,20,0,0,1,0.9161664247512817,0.045808321237564086
379,379,379,379,379,379,379,379,379,379,379,379,1-7182,11,1-7182,11,22,1,0,0,1.0,0.045454545454545456
370,370,370,370,370,370,370,370,370,370,370,370,1-7066,1,1-7066,1,23,1,0,0,1.0,0.043478260869565216
172,172,172,172,172,172,172,172,172,172,172,172,1-6900,22,1-6900,20,67,0,0,3,2.748499274253845,0.041022377227669334
372,372,372,372,372,372,372,372,372,372,372,372,1-9553,15,1-9553,15,23,0,0,1,0.9161664247512817,0.03983332281527312
367,367,367,367,367,367,367,367,367,367,367,367,1-9995,16,1-9995,16,24,0,0,1,0.9161664247512817,0.038173601031303406
92,92,92,92,92,92,92,92,92,92,92,92,1-6980,14,1-6980,14,128,2,0,3,4.748499274253845,0.037097650580108166
116,116,116,116,116,116,116,116,116,116,116,116,MLG08,15,MLG08,15,107,3,0,1,3.9161664247512817,0.0365996862126288
120,120,120,120,120,120,120,120,120,120,120,120,1-2670,22,1-2670,20,104,0,0,4,3.664665699005127,0.035237170182741605
328,328,328,328,328,328,328,328,328,328,328,328,1-9110,17,1-9110,17,29,1,0,0,1.0,0.034482758620689655
39,39,39,39,39,39,39,39,39,39,39,39,1-9768,22,1-9768,20,241,0,0,9,8.245497822761536,0.03421368391187359
342,342,342,342,342,342,342,342,342,342,342,342,1-6531,1,1-6531,1,27,0,0,1,0.9161664247512817,0.03393208980560303
69,69,69,69,69,69,69,69,69,69,69,69,MLG17,22,MLG17,20,153,0,0,5,4.580832123756409,0.029940079240237966
309,309,309,309,309,309,309,309,309,309,309,309,1-9185,11,1-9185,11,31,0,0,1,0.9161664247512817,0.02955375563713812
307,307,307,307,307,307,307,307,307,307,307,307,1-9739,22,1-9739,20,31,0,0,1,0.9161664247512817,0.02955375563713812
303,303,303,303,303,303,303,303,303,303,303,303,1-18714,6,1-18714,5,32,0,0,1,0.9161664247512817,0.028630200773477554
167,167,167,167,167,167,167,167,167,167,167,167,72-12387,14,72-12387,14,71,0,0,2,1.8323328495025635,0.025807504922571316
282,282,282,282,282,282,282,282,282,282,282,282,1-2104,22,1-2104,20,36,0,0,1,0.9161664247512817,0.02544906735420227
149,149,149,149,149,149,149,149,149,149,149,149,1-5877,14,1-5877,14,79,2,0,0,2.0,0.02531645569620253
259,259,259,259,259,259,259,259,259,259,259,259,1-7509,17,1-7509,17,40,1,0,0,1.0,0.025
42,42,42,42,42,42,42,42,42,42,42,42,1-8541,1,1-8541,1,232,2,0,4,5.664665699005127,0.024416662495711755
248,248,248,248,248,248,248,248,248,248,248,248,1-6217,4,1-6217,4,44,1,0,0,1.0,0.022727272727272728
96,96,96,96,96,96,96,96,96,96,96,96,MLG09,22,MLG09,20,125,0,0,3,2.748499274253845,0.02198799419403076
253,253,253,253,253,253,253,253,253,253,253,253,1-9578,22,1-9578,20,42,0,0,1,0.9161664247512817,0.021813486303601946
229,229,229,229,229,229,229,229,229,229,229,229,1-18423,1,1-18423,1,47,1,0,0,1.0,0.02127659574468085
113,113,113,113,113,113,113,113,113,113,113,113,1-7341,8,1-7341,7,110,1,0,1,1.9161664247512817,0.017419694770466197
135,135,135,135,135,135,135,135,135,135,135,135,MLG07,1,MLG07,1,90,0,0,1,0.9161664247512817,0.010179626941680908
119,119,119,119,119,119,119,119,119,119,119,119,1-9646,12,1-9646,12,105,0,0,1,0.9161664247512817,0.008725394521440779
460,460,460,460,460,460,460,460,460,460,460,460,1-20791,1,1-20791,1,13,0,0,0,0.0,0.0
421,421,421,421,421,421,421,421,421,421,421,421,1-5282,22,1-5282,20,17,0,0,0,0.0,0.0
361,361,361,361,361,361,361,361,361,361,361,361,1-10696,22,1-10696,10,24,0,0,0,0.0,0.0
486,486,486,486,486,486,486,486,486,486,486,486,1-5406,22,1-5406,20,10,0,0,0,0.0,0.0
551,551,551,551,551,551,551,551,551,551,551,551,1-19567,11,1-19567,10,2,0,0,0,0.0,0.0
530,530,530,530,530,530,530,530,530,530,530,530,1-3647,4,1-3647,4,5,0,0,0,0.0,0.0
333,333,333,333,333,333,333,333,333,333,333,333,1-9996,13,1-9996,13,28,0,0,0,0.0,0.0
544,544,544,544,544,544,544,544,544,544,544,544,1-4910,4,1-4910,4,4,0,0,0,0.0,0.0
543,543,543,543,543,543,543,543,543,543,543,543,1-7608,4,1-7608,4,4,0,0,0,0.0,0.0
542,542,542,542,542,542,542,542,542,542,542,542,1-8093,17,1-8093,17,4,0,0,0,0.0,0.0
478,478,478,478,478,478,478,478,478,478,478,478,1-20012,11,1-20012,11,12,0,0,0,0.0,0.0
474,474,474,474,474,474,474,474,474,474,474,474,1-18004,6,1-18004,5,12,0,0,0,0.0,0.0
389,389,389,389,389,389,389,389,389,389,389,389,1-7842,22,1-7842,20,21,0,0,0,0.0,0.0
546,546,546,546,546,546,546,546,546,546,546,546,1-9034,22,1-9034,20,3,0,0,0,0.0,0.0
499,499,499,499,499,499,499,499,499,499,499,499,1-17645,16,1-17645,16,9,0,0,0,0.0,0.0
314,314,314,314,314,314,314,314,314,314,314,314,1-4088,1,1-4088,1,30,0,0,0,0.0,0.0
187,187,187,187,187,187,187,187,187,187,187,187,1-9955,1,1-9955,1,60,0,0,0,0.0,0.0
200,200,200,200,200,200,200,200,200,200,200,200,1-8020,1,1-8020,1,56,0,0,0,0.0,0.0
465,465,465,465,465,465,465,465,465,465,465,465,1-18498,11,1-18498,11,13,0,0,0,0.0,0.0
500,500,500,500,500,500,500,500,500,500,500,500,1-2869,1,1-2869,1,9,0,0,0,0.0,0.0
452,452,452,452,452,452,452,452,452,452,452,452,1-9588,1,1-9588,1,14,0,0,0,0.0,0.0
271,271,271,271,271,271,271,271,271,271,271,271,1-5508,1,1-5508,1,38,0,0,0,0.0,0.0
524,524,524,524,524,524,524,524,524,524,524,524,1-7525,15,1-7525,15,6,0,0,0,0.0,0.0
515,515,515,515,515,515,515,515,515,515,515,515,1-3646,22,1-3646,20,7,0,0,0,0.0,0.0
509,509,509,509,509,509,509,509,509,509,509,509,P-16454,4,P-16454,4,8,0,0,0,0.0,0.0
479,479,479,479,479,479,479,479,479,479,479,479,1-19598,22,1-19598,20,11,0,0,0,0.0,0.0
563,563,563,563,563,563,563,563,563,563,563,563,1-8352,1,1-8352,1,1,0,0,0,0.0,0.0
522,522,522,522,522,522,522,522,522,522,522,522,1-3178,1,1-3178,1,6,0,0,0,0.0,0.0
562,562,562,562,562,562,562,562,562,562,562,562,1-6931,1,1-6931,1,1,0,0,0,0.0,0.0
388,388,388,388,388,388,388,388,388,388,388,388,1-8125,13,1-8125,13,21,0,0,0,0.0,0.0
383,383,383,383,383,383,383,383,383,383,383,383,1-3521,11,1-3521,11,22,0,0,0,0.0,0.0
448,448,448,448,448,448,448,448,448,448,448,448,MLG42,11,MLG42,11,14,0,0,0,0.0,0.0
556,556,556,556,556,556,556,556,556,556,556,556,1-9455,22,1-9455,20,2,0,0,0,0.0,0.0
431,431,431,431,431,431,431,431,431,431,431,431,1-8503,22,1-8503,20,16,0,0,0,0.0,0.0
529,529,529,529,529,529,529,529,529,529,529,529,1-5424,1,1-5424,1,5,0,0,0,0.0,0.0
225,225,225,225,225,225,225,225,225,225,225,225,1-8767,4,1-8767,4,48,0,0,0,0.0,0.0
525,525,525,525,525,525,525,525,525,525,525,525,1-3216,4,1-3216,4,5,0,0,0,0.0,0.0
560,560,560,560,560,560,560,560,560,560,560,560,1-19924,1,1-19924,1,1,0,0,0,0.0,0.0
536,536,536,536,536,536,536,536,536,536,536,536,1-10232,7,1-10232,6,5,0,0,0,0.0,0.0
223,223,223,223,223,223,223,223,223,223,223,223,1-6228,1,1-6228,1,48,0,0,0,0.0,0.0
409,409,409,409,409,409,409,409,409,409,409,409,1-5744,17,1-5744,17,18,0,0,0,0.0,0.0
488,488,488,488,488,488,488,488,488,488,488,488,1-9576,22,1-9576,20,10,0,0,0,0.0,0.0
396,396,396,396,396,396,396,396,396,396,396,396,1-7721,6,1-7721,5,20,0,0,0,0.0,0.0
443,443,443,443,443,443,443,443,443,443,443,443,1-19222,6,1-19222,6,15,0,0,0,0.0,0.0
550,550,550,550,550,550,550,550,550,550,550,550,1-3176,11,1-3176,11,3,0,0,0,0.0,0.0
276,276,276,276,276,276,276,276,276,276,276,276,1-2573,1,1-2573,1,37,0,0,0,0.0,0.0
399,399,399,399,399,399,399,399,399,399,399,399,1-19813,14,1-19813,14,20,0,0,0,0.0,0.0
313,313,313,313,313,313,313,313,313,313,313,313,1-8641,7,1-8641,6,30,0,0,0,0.0,0.0
476,476,476,476,476,476,476,476,476,476,476,476,1-2178,1,1-2178,1,12,0,0,0,0.0,0.0
519,519,519,519,519,519,519,519,519,519,519,519,1-10762,17,1-10762,17,6,0,0,0,0.0,0.0
552,552,552,552,552,552,552,552,552,552,552,552,1-19568,1,1-19568,1,2,0,0,0,0.0,0.0
564,564,564,564,564,564,564,564,564,564,564,564,1-7527,17,1-7527,17,1,0,0,0,0.0,0.0
528,528,528,528,528,528,528,528,528,528,528,528,1-8623,1,1-8623,1,5,0,0,0,0.0,0.0
533,533,533,533,533,533,533,533,533,533,533,533,1-3217,2,1-3217,2,5,0,0,0,0.0,0.0
453,453,453,453,453,453,453,453,453,453,453,453,1-5036,17,1-5036,17,14,0,0,0,0.0,0.0
164,164,164,164,164,164,164,164,164,164,164,164,72-0103,1,72-0103,1,71,0,0,0,0.0,0.0
508,508,508,508,508,508,508,508,508,508,508,508,1-9806,12,1-9806,12,8,0,0,0,0.0,0.0
549,549,549,549,549,549,549,549,549,549,549,549,1-7599,7,1-7599,6,3,0,0,0,0.0,0.0
531,531,531,531,531,531,531,531,531,531,531,531,1-4051,14,1-4051,14,5,0,0,0,0.0,0.0
490,490,490,490,490,490,490,490,490,490,490,490,1-8634,11,1-8634,11,10,0,0,0,0.0,0.0
561,561,561,561,561,561,561,561,561,561,561,561,1-21195,1,1-21195,1,1,0,0,0,0.0,0.0
553,553,553,553,553,553,553,553,553,553,553,553,1-4847,5,1-4847,6,2,0,0,0,0.0,0.0
481,481,481,481,481,481,481,481,481,481,481,481,1-7770,15,1-7770,15,11,0,0,0,0.0,0.0
526,526,526,526,526,526,526,526,526,526,526,526,1-9836,15,1-9836,15,5,0,0,0,0.0,0.0
353,353,353,353,353,353,353,353,353,353,353,353,1-9331,1,1-9331,1,25,0,0,0,0.0,0.0
520,520,520,520,520,520,520,520,520,520,520,520,1-10698,22,1-10698,20,6,0,0,0,0.0,0.0
495,495,495,495,495,495,495,495,495,495,495,495,1-9712,6,1-9712,5,10,0,0,0,0.0,0.0
310,310,310,310,310,310,310,310,310,310,310,310,1-10071,11,1-10071,11,30,0,0,0,0.0,0.0
464,464,464,464,464,464,464,464,464,464,464,464,1-7453,17,1-7453,17,13,0,0,0,0.0,0.0
506,506,506,506,506,506,506,506,506,506,506,506,1-17657,11,1-17657,11,8,0,0,0,0.0,0.0
391,391,391,391,391,391,391,391,391,391,391,391,72-18936,22,72-18936,20,20,0,0,0,0.0,0.0
559,559,559,559,559,559,559,559,559,559,559,559,1-10978,1,1-10978,1,1,0,0,0,0.0,0.0
540,540,540,540,540,540,540,540,540,540,540,540,1-9733,9,1-9733,9,4,0,0,0,0.0,0.0
382,382,382,382,382,382,382,382,382,382,382,382,1-18409,15,1-18409,15,22,0,0,0,0.0,0.0
494,494,494,494,494,494,494,494,494,494,494,494,1-6971,1,1-6971,1,10,0,0,0,0.0,0.0
461,461,461,461,461,461,461,461,461,461,461,461,1-2153,14,1-2153,14,13,0,0,0,0.0,0.0
363,363,363,363,363,363,363,363,363,363,363,363,1-5167,22,1-5167,20,24,0,0,0,0.0,0.0
254,254,254,254,254,254,254,254,254,254,254,254,1-2025,22,1-2025,20,41,0,0,0,0.0,0.0
241,241,241,241,241,241,241,241,241,241,241,241,1-6216,1,1-6216,1,45,0,0,0,0.0,0.0
511,511,511,511,511,511,511,511,511,511,511,511,1-3033,4,1-3033,4,7,0,0,0,0.0,0.0
380,380,380,380,380,380,380,380,380,380,380,380,1-9722,22,1-9722,20,22,0,0,0,0.0,0.0
507,507,507,507,507,507,507,507,507,507,507,507,1-9643,15,1-9643,15,8,0,0,0,0.0,0.0
548,548,548,548,548,548,548,548,548,548,548,548,1-5914,14,1-5914,14,3,0,0,0,0.0,0.0
555,555,555,555,555,555,555,555,555,555,555,555,1-6028,22,1-6028,7,2,0,0,0,0.0,0.0
516,516,516,516,516,516,516,516,516,516,516,516,1-9447,4,1-9447,4,7,0,0,0,0.0,0.0
517,517,517,517,517,517,517,517,517,517,517,517,1-7321,11,1-7321,11,7,0,0,0,0.0,0.0
557,557,557,557,557,557,557,557,557,557,557,557,1-19927,1,1-19927,1,1,0,0,0,0.0,0.0
374,374,374,374,374,374,374,374,374,374,374,374,1-18202,4,1-18202,4,23,0,0,0,0.0,0.0
565,565,565,565,565,565,565,565,565,565,565,565,1-10922,1,1-10922,1,1,0,0,0,0.0,0.0
444,444,444,444,444,444,444,444,444,444,444,444,1-8906,1,1-8906,1,15,0,0,0,0.0,0.0
558,558,558,558,558,558,558,558,558,558,558,558,1-10951,13,1-10951,13,1,0,0,0,0.0,0.0
192,192,192,192,192,192,192,192,192,192,192,192,1-8021,22,1-8021,20,58,0,0,0,0.0,0.0
159,159,159,159,159,159,159,159,159,159,159,159,1-6914,1,1-6914,1,73,0,0,0,0.0,0.0
554,554,554,554,554,554,554,554,554,554,554,554,1-10948,1,1-10948,1,2,0,0,0,0.0,0.0
547,547,547,547,547,547,547,547,547,547,547,547,1-9838,13,1-9838,13,3,0,0,0,0.0,0.0
198,198,198,198,198,198,198,198,198,198,198,198,1-8401,22,1-8401,20,57,0,0,0,0.0,0.0
279,279,279,279,279,279,279,279,279,279,279,279,1-6642,6,1-6642,5,36,0,0,0,0.0,0.0
413,413,413,413,413,413,413,413,413,413,413,413,1-0022,15,1-0022,15,18,0,0,0,0.0,0.0
471,471,471,471,471,471,471,471,471,471,471,471,1-19205,14,1-19205,14,12,0,0,0,0.0,0.0
469,469,469,469,469,469,469,469,469,469,469,469,1-6543,15,1-6543,15,12,0,0,0,0.0,0.0
340,340,340,340,340,340,340,340,340,340,340,340,1-3519,14,1-3519,14,27,0,0,0,0.0,0.0
538,538,538,538,538,538,538,538,538,538,538,538,1-5929,1,1-5929,1,4,0,0,0,0.0,0.0
532,532,532,532,532,532,532,532,532,532,532,532,1-4136,22,1-4136,20,5,0,0,0,0.0,0.0
335,335,335,335,335,335,335,335,335,335,335,335,1-18735,6,1-18735,5,27,0,0,0,0.0,0.0
498,498,498,498,498,498,498,498,498,498,498,498,1-8113,6,1-8113,5,9,0,0,0,0.0,0.0
397,397,397,397,397,397,397,397,397,397,397,397,1-9839,14,1-9839,14,20,0,0,0,0.0,0.0
539,539,539,539,539,539,539,539,539,539,539,539,1-21192,1,1-21192,1,4,0,0,0,0.0,0.0
364,364,364,364,364,364,364,364,364,364,364,364,1-9253,1,1-9253,1,24,0,0,0,0.0,0.0
485,485,485,485,485,485,485,485,485,485,485,485,1-4361,1,1-4361,1,10,0,0,0,0.0,0.0
240,240,240,240,240,240,240,240,240,240,240,240,1-8174,4,1-8174,4,45,0,0,0,0.0,0.0
459,459,459,459,459,459,459,459,459,459,459,459,1-19839,14,1-19839,14,13,0,0,0,0.0,0.0
185,185,185,185,185,185,185,185,185,185,185,185,1-2714,4,1-2714,4,61,0,0,0,0.0,0.0
482,482,482,482,482,482,482,482,482,482,482,482,1-9457,1,1-9457,1,11,0,0,0,0.0,0.0
