Unnamed: 0.16,Unnamed: 0.15,Unnamed: 0.14,Unnamed: 0.13,Unnamed: 0.12,Unnamed: 0.11,Unnamed: 0.10,Unnamed: 0.9,Unnamed: 0.8,Unnamed: 0.7,Unnamed: 0.6,Unnamed: 0.5,Unnamed: 0.4,Unnamed: 0.3,Unnamed: 0,Unnamed: 0.1,Unnamed: 0.2,Unnamed: 0.1.1,Unnamed: 0.1.1.1,Exam Group,Exam Block,slot,exam,size,b2bs,confs,2i3s,score,score_norm
123,123,123,123,123,123,123,123,123,123,123,123,123,123,123,123,123,123,123,MLG55,5,4,MLG55,92,10,1,20,1010.5909692496061,10.984684448365284
153,153,153,153,153,153,153,153,153,153,153,153,153,153,153,153,153,153,153,1-1350,12,5,1-1350,195,36,2,39,2037.152390036732,10.446935333521703
352,352,352,352,352,352,352,352,352,352,352,352,352,352,352,352,352,352,352,MLG63,15,1,MLG63,380,42,3,27,3042.7978084869683,8.007362653913074
345,345,345,345,345,345,345,345,345,345,345,345,345,345,345,345,345,345,345,1-1131,1,9,1-1131,138,29,1,28,1029.8273569494486,7.46251707934383
381,381,381,381,381,381,381,381,381,381,381,381,381,381,381,381,381,381,381,1-2335,10,3,1-2335,145,16,1,39,1017.152390036732,7.014844069218841
382,382,382,382,382,382,382,382,382,382,382,382,382,382,382,382,382,382,382,1-18558,15,1,1-18558,307,21,2,26,2021.768260024488,6.585564364900613
283,283,283,283,283,283,283,283,283,283,283,283,283,283,283,283,283,283,283,1-3535,17,2,1-3535,315,67,2,20,2067.590969249606,6.563780854760655
331,331,331,331,331,331,331,331,331,331,331,331,331,331,331,331,331,331,331,MLG75,5,4,MLG75,185,39,1,29,1039.856905411929,5.620848137361778
388,388,388,388,388,388,388,388,388,388,388,388,388,388,388,388,388,388,388,MLG49,19,14,MLG49,185,36,1,17,1036.5023238621652,5.602715264119812
106,106,106,106,106,106,106,106,106,106,106,106,106,106,106,106,106,106,106,MLG69,17,2,MLG69,576,157,3,52,3158.536520048976,5.48357034730725
259,259,259,259,259,259,259,259,259,259,259,259,259,259,259,259,259,259,259,1-3596,2,20,1-3596,223,46,1,0,1046.0,4.690582959641255
92,92,92,92,92,92,92,92,92,92,92,92,92,92,92,92,92,92,92,1-7807,10,3,1-7807,239,83,1,47,1084.3887777365744,4.537191538646755
375,375,375,375,375,375,375,375,375,375,375,375,375,375,375,375,375,375,375,MLG14,2,20,MLG14,232,50,1,0,1050.0,4.525862068965517
390,390,390,390,390,390,390,390,390,390,390,390,390,390,390,390,390,390,390,MLG64,1,9,MLG64,245,28,1,59,1029.743359286338,4.203034119536074
302,302,302,302,302,302,302,302,302,302,302,302,302,302,302,302,302,302,302,MLG51,12,5,MLG51,248,38,1,36,1039.063744649291,4.1897731639084315
446,446,446,446,446,446,446,446,446,446,446,446,446,446,446,446,446,446,446,1-3534,17,2,1-3534,279,72,1,23,1072.679614637047,3.844729801566477
371,371,371,371,371,371,371,371,371,371,371,371,371,371,371,371,371,371,371,1-1580,15,1,1-1580,400,23,1,51,1024.5069715864956,2.561267428966239
236,236,236,236,236,236,236,236,236,236,236,236,236,236,236,236,236,236,236,1-7024,19,14,1-7024,498,78,1,38,1079.1228415742517,2.1669133364944813
246,246,246,246,246,246,246,246,246,246,246,246,246,246,246,246,246,246,246,MLG56,13,6,MLG56,511,44,1,79,1046.3343285359442,2.047620995177973
299,299,299,299,299,299,299,299,299,299,299,299,299,299,299,299,299,299,299,MLG54,13,6,MLG54,595,34,1,67,1035.9797469861805,1.7411424319095472
244,244,244,244,244,244,244,244,244,244,244,244,244,244,244,244,244,244,244,MLG57,12,5,MLG57,629,67,1,76,1069.2456831485033,1.6999136457050927
207,207,207,207,207,207,207,207,207,207,207,207,207,207,207,207,207,207,207,1-7058,3,7,1-7058,80,52,0,13,52.384130012243986,0.6548016251530498
335,335,335,335,335,335,335,335,335,335,335,335,335,335,335,335,335,335,335,1-8910,13,6,1-8910,137,71,0,14,71.41367847472429,0.5212677260928781
166,166,166,166,166,166,166,166,166,166,166,166,166,166,166,166,166,166,166,MLG40,3,7,MLG40,51,25,0,9,25.26593616232276,0.4954105129867208
479,479,479,479,479,479,479,479,479,479,479,479,479,479,479,479,479,479,479,1-9286,19,14,1-9286,81,38,0,10,38.295484624803066,0.47278376080003787
270,270,270,270,270,270,270,270,270,270,270,270,270,270,270,270,270,270,270,1-1390,3,7,1-1390,98,43,0,33,43.97509926185012,0.44872550267194
257,257,257,257,257,257,257,257,257,257,257,257,257,257,257,257,257,257,257,1-9504,7,13,1-9504,30,11,0,9,11.26593616232276,0.37553120541075863
131,131,131,131,131,131,131,131,131,131,131,131,131,131,131,131,131,131,131,1-9283,18,10,1-9283,235,85,0,72,87.12748929858208,0.37075527361098753
346,346,346,346,346,346,346,346,346,346,346,346,346,346,346,346,346,346,346,MLG32,1,9,MLG32,52,19,0,9,19.26593616232276,0.3704987723523608
333,333,333,333,333,333,333,333,333,333,333,333,333,333,333,333,333,333,333,1-11329,13,6,1-11329,14,5,0,4,5.1181938499212265,0.3655852749943733
154,154,154,154,154,154,154,154,154,154,154,154,154,154,154,154,154,154,154,1-18994,3,7,1-18994,28,10,0,5,10.147742312401533,0.3624193683000548
68,68,68,68,68,68,68,68,68,68,68,68,68,68,68,68,68,68,68,1-7845,2,20,1-7845,36,13,0,0,13.0,0.3611111111111111
385,385,385,385,385,385,385,385,385,385,385,385,385,385,385,385,385,385,385,1-6974,19,14,1-6974,207,73,0,48,74.41832619905472,0.3595088222176556
465,465,465,465,465,465,465,465,465,465,465,465,465,465,465,465,465,465,465,1-5913,2,20,1-5913,14,5,0,0,5.0,0.35714285714285715
564,564,564,564,564,564,564,564,564,564,564,564,564,564,564,564,564,564,564,1-9034,10,3,1-9034,3,1,0,2,1.0590969249606133,0.35303230832020444
427,427,427,427,427,427,427,427,427,427,427,427,427,427,427,427,427,427,427,1-9379,3,7,1-9379,58,20,0,10,20.295484624803066,0.34992214870350113
324,324,324,324,324,324,324,324,324,324,324,324,324,324,324,324,324,324,324,1-6734,5,4,1-6734,44,15,0,8,15.236387699842453,0.34628153863278305
558,558,558,558,558,558,558,558,558,558,558,558,558,558,558,558,558,558,558,1-0055,12,5,1-0055,18,6,0,5,6.147742312401533,0.341541239577863
255,255,255,255,255,255,255,255,255,255,255,255,255,255,255,255,255,255,255,1-9946,12,5,1-9946,12,4,0,3,4.08864538744092,0.34072044895340997
360,360,360,360,360,360,360,360,360,360,360,360,360,360,360,360,360,360,360,1-6611,1,9,1-6611,89,30,0,6,30.17729077488184,0.3390706828638409
312,312,312,312,312,312,312,312,312,312,312,312,312,312,312,312,312,312,312,1-3108,10,3,1-3108,18,6,0,2,6.059096924960613,0.33661649583114517
502,502,502,502,502,502,502,502,502,502,502,502,502,502,502,502,502,502,502,1-20012,3,7,1-20012,12,4,0,1,4.029548462480307,0.3357957052066922
536,536,536,536,536,536,536,536,536,536,536,536,536,536,536,536,536,536,536,1-9971,17,2,1-9971,15,5,0,1,5.029548462480307,0.33530323083202046
36,36,36,36,36,36,36,36,36,36,36,36,36,36,36,36,36,36,36,1-2714,3,7,1-2714,61,20,0,4,20.118193849921227,0.3298064565560857
285,285,285,285,285,285,285,285,285,285,285,285,285,285,285,285,285,285,285,1-18615,3,7,1-18615,22,7,0,4,7.1181938499212265,0.3235542659055103
320,320,320,320,320,320,320,320,320,320,320,320,320,320,320,320,320,320,320,MLG13,8,11,MLG13,140,45,0,8,45.23638769984245,0.32311705499887466
404,404,404,404,404,404,404,404,404,404,404,404,404,404,404,404,404,404,404,1-4682,17,2,1-4682,16,5,0,4,5.1181938499212265,0.31988711562007666
435,435,435,435,435,435,435,435,435,435,435,435,435,435,435,435,435,435,435,1-9610,3,7,1-9610,49,15,0,10,15.295484624803066,0.3121527474449605
400,400,400,400,400,400,400,400,400,400,400,400,400,400,400,400,400,400,400,1-18709,20,12,1-18709,33,10,0,7,10.206839237362146,0.3092981587079438
190,190,190,190,190,190,190,190,190,190,190,190,190,190,190,190,190,190,190,1-2382,3,7,1-2382,139,42,0,22,42.650066174566746,0.30683500845012046
518,518,518,518,518,518,518,518,518,518,518,518,518,518,518,518,518,518,518,1-1850,3,7,1-1850,30,9,0,2,9.059096924960613,0.30196989749868713
273,273,273,273,273,273,273,273,273,273,273,273,273,273,273,273,273,273,273,1-3589,4,21,1-3589,27,8,0,5,8.147742312401533,0.3017682337926494
553,553,553,553,553,553,553,553,553,553,553,553,553,553,553,553,553,553,553,1-5555,2,20,1-5555,10,3,0,0,3.0,0.3
264,264,264,264,264,264,264,264,264,264,264,264,264,264,264,264,264,264,264,P-0009,7,13,P-0009,7,2,0,3,2.08864538744092,0.29837791249156
504,504,504,504,504,504,504,504,504,504,504,504,504,504,504,504,504,504,504,1-5425,17,2,1-5425,17,5,0,0,5.0,0.29411764705882354
161,161,161,161,161,161,161,161,161,161,161,161,161,161,161,161,161,161,161,MLG41,3,7,MLG41,66,19,0,13,19.384130012243986,0.2936989395794543
214,214,214,214,214,214,214,214,214,214,214,214,214,214,214,214,214,214,214,1-0053,20,12,1-0053,142,41,0,16,41.472775399684906,0.29206179858933035
251,251,251,251,251,251,251,251,251,251,251,251,251,251,251,251,251,251,251,1-7268,10,3,1-7268,70,20,0,11,20.325033087283373,0.29035761553261963
488,488,488,488,488,488,488,488,488,488,488,488,488,488,488,488,488,488,488,1-11350,2,20,1-11350,100,29,0,0,29.0,0.29
224,224,224,224,224,224,224,224,224,224,224,224,224,224,224,224,224,224,224,1-9227,8,11,1-9227,801,227,0,151,231.4618178345263,0.28896606471226755
355,355,355,355,355,355,355,355,355,355,355,355,355,355,355,355,355,355,355,1-9498,19,14,1-9498,64,18,0,14,18.413678474724293,0.2877137261675671
499,499,499,499,499,499,499,499,499,499,499,499,499,499,499,499,499,499,499,1-8627,5,4,1-8627,25,7,0,6,7.17729077488184,0.2870916309952736
440,440,440,440,440,440,440,440,440,440,440,440,440,440,440,440,440,440,440,MLG52,20,12,MLG52,125,34,0,48,35.41832619905472,0.28334660959243774
409,409,409,409,409,409,409,409,409,409,409,409,409,409,409,409,409,409,409,1-9645,18,10,1-9645,69,19,0,18,19.53187232464552,0.2830706134006597
97,97,97,97,97,97,97,97,97,97,97,97,97,97,97,97,97,97,97,1-9237,3,7,1-9237,38,10,0,24,10.709163099527359,0.28182008156650945
206,206,206,206,206,206,206,206,206,206,206,206,206,206,206,206,206,206,206,1-9752,3,7,1-9752,22,6,0,4,6.1181938499212265,0.2780997204509648
150,150,150,150,150,150,150,150,150,150,150,150,150,150,150,150,150,150,150,1-7005,8,11,1-7005,285,75,0,139,79.10723628476262,0.2775692501219741
290,290,290,290,290,290,290,290,290,290,290,290,290,290,290,290,290,290,290,1-8341,8,11,1-8341,197,54,0,20,54.59096924960613,0.27711151903353365
256,256,256,256,256,256,256,256,256,256,256,256,256,256,256,256,256,256,256,1-9277,8,2,1-9277,48,13,0,3,13.08864538744092,0.2726801122383525
326,326,326,326,326,326,326,326,326,326,326,326,326,326,326,326,326,326,326,1-8826,8,11,1-8826,123,33,0,10,33.295484624803066,0.2706949969496184
241,241,241,241,241,241,241,241,241,241,241,241,241,241,241,241,241,241,241,1-19448,12,5,1-19448,45,12,0,6,12.17729077488184,0.2706064616640409
201,201,201,201,201,201,201,201,201,201,201,201,201,201,201,201,201,201,201,1-9902,13,6,1-9902,30,8,0,3,8.08864538744092,0.2696215129146973
434,434,434,434,434,434,434,434,434,434,434,434,434,434,434,434,434,434,434,MLG59,19,14,MLG59,71,19,0,2,19.059096924960613,0.2684379848586002
344,344,344,344,344,344,344,344,344,344,344,344,344,344,344,344,344,344,344,1-6035,20,12,1-6035,23,6,0,4,6.1181938499212265,0.26600842825744464
473,473,473,473,473,473,473,473,473,473,473,473,473,473,473,473,473,473,473,1-9452,10,3,1-9452,16,4,0,5,4.147742312401533,0.2592338945250958
221,221,221,221,221,221,221,221,221,221,221,221,221,221,221,221,221,221,221,1-8023,12,5,1-8023,16,4,0,5,4.147742312401533,0.2592338945250958
537,537,537,537,537,537,537,537,537,537,537,537,537,537,537,537,537,537,537,1-4494,6,19,1-4494,16,4,0,4,4.1181938499212265,0.25738711562007666
526,526,526,526,526,526,526,526,526,526,526,526,526,526,526,526,526,526,526,1-5002,1,9,1-5002,45,11,0,17,11.502323862165213,0.25560719693700473
451,451,451,451,451,451,451,451,451,451,451,451,451,451,451,451,451,451,451,1-4098,13,6,1-4098,16,4,0,2,4.059096924960613,0.25369355781003833
140,140,140,140,140,140,140,140,140,140,140,140,140,140,140,140,140,140,140,1-2294,2,20,1-2294,75,19,0,0,19.0,0.25333333333333335
414,414,414,414,414,414,414,414,414,414,414,414,414,414,414,414,414,414,414,1-8285,3,7,1-8285,72,18,0,3,18.08864538744092,0.2512311859366794
379,379,379,379,379,379,379,379,379,379,379,379,379,379,379,379,379,379,379,1-4640,10,3,1-4640,87,21,0,27,21.79780848696828,0.25054952283871584
138,138,138,138,138,138,138,138,138,138,138,138,138,138,138,138,138,138,138,1-5515,7,13,1-5515,29,7,0,9,7.26593616232276,0.25054952283871584
476,476,476,476,476,476,476,476,476,476,476,476,476,476,476,476,476,476,476,1-19205,2,20,1-19205,12,3,0,0,3.0,0.25
527,527,527,527,527,527,527,527,527,527,527,527,527,527,527,527,527,527,527,1-5531,8,11,1-5531,8,2,0,0,2.0,0.25
493,493,493,493,493,493,493,493,493,493,493,493,493,493,493,493,493,493,493,1-1836,15,1,1-1836,20,5,0,0,5.0,0.25
119,119,119,119,119,119,119,119,119,119,119,119,119,119,119,119,119,119,119,1-5929,5,4,1-5929,4,1,0,0,1.0,0.25
280,280,280,280,280,280,280,280,280,280,280,280,280,280,280,280,280,280,280,1-7608,10,3,1-7608,4,1,0,0,1.0,0.25
563,563,563,563,563,563,563,563,563,563,563,563,563,563,563,563,563,563,563,1-21192,2,20,1-21192,4,1,0,0,1.0,0.25
128,128,128,128,128,128,128,128,128,128,128,128,128,128,128,128,128,128,128,1-19286,2,20,1-19286,40,10,0,0,10.0,0.25
61,61,61,61,61,61,61,61,61,61,61,61,61,61,61,61,61,61,61,1-7341,13,6,1-7341,110,27,0,10,27.295484624803066,0.2481407693163915
295,295,295,295,295,295,295,295,295,295,295,295,295,295,295,295,295,295,295,1-3639,16,8,1-3639,17,4,0,6,4.17729077488184,0.24572298675775528
182,182,182,182,182,182,182,182,182,182,182,182,182,182,182,182,182,182,182,1-7752,10,3,1-7752,29,7,0,1,7.029548462480307,0.2423982228441485
533,533,533,533,533,533,533,533,533,533,533,533,533,533,533,533,533,533,533,1-7530,17,2,1-7530,25,6,0,2,6.059096924960613,0.24236387699842454
314,314,314,314,314,314,314,314,314,314,314,314,314,314,314,314,314,314,314,1-3139,8,11,1-3139,93,22,0,15,22.4432269372046,0.24132502083015697
539,539,539,539,539,539,539,539,539,539,539,539,539,539,539,539,539,539,539,1-9436,20,12,1-9436,21,5,0,2,5.059096924960613,0.24090937737907683
99,99,99,99,99,99,99,99,99,99,99,99,99,99,99,99,99,99,99,1-5775,2,20,1-5775,244,58,0,0,58.0,0.23770491803278687
183,183,183,183,183,183,183,183,183,183,183,183,183,183,183,183,183,183,183,1-9496,16,8,1-9496,39,9,0,9,9.26593616232276,0.2375881067262246
261,261,261,261,261,261,261,261,261,261,261,261,261,261,261,261,261,261,261,1-1942,8,11,1-1942,34,8,0,1,8.029548462480307,0.2361631900729502
223,223,223,223,223,223,223,223,223,223,223,223,223,223,223,223,223,223,223,1-0205,8,11,1-0205,34,8,0,1,8.029548462480307,0.2361631900729502
136,136,136,136,136,136,136,136,136,136,136,136,136,136,136,136,136,136,136,1-9549,13,6,1-9549,18,4,0,6,4.17729077488184,0.23207170971565777
341,341,341,341,341,341,341,341,341,341,341,341,341,341,341,341,341,341,341,1-0031,13,6,1-0031,13,3,0,0,3.0,0.23076923076923078
101,101,101,101,101,101,101,101,101,101,101,101,101,101,101,101,101,101,101,1-9892,2,20,1-9892,22,5,0,0,5.0,0.22727272727272727
95,95,95,95,95,95,95,95,95,95,95,95,95,95,95,95,95,95,95,1-3312,16,8,1-3312,36,8,0,3,8.08864538744092,0.2246845940955811
134,134,134,134,134,134,134,134,134,134,134,134,134,134,134,134,134,134,134,1-9465,1,9,1-9465,18,4,0,0,4.0,0.2222222222222222
162,162,162,162,162,162,162,162,162,162,162,162,162,162,162,162,162,162,162,1-8067,16,8,1-8067,322,69,0,59,70.74335928633809,0.21969987356005619
14,14,14,14,14,14,14,14,14,14,14,14,14,14,14,14,14,14,14,1-6098,20,12,1-6098,1327,280,0,284,288.3917633444071,0.21732612158583806
25,25,25,25,25,25,25,25,25,25,25,25,25,25,25,25,25,25,25,1-9607,19,14,1-9607,19,4,0,4,4.1181938499212265,0.21674704473269613
253,253,253,253,253,253,253,253,253,253,253,253,253,253,253,253,253,253,253,1-4649,13,6,1-4649,244,50,0,85,52.51161931082606,0.21521155455256583
171,171,171,171,171,171,171,171,171,171,171,171,171,171,171,171,171,171,171,1-8100,20,12,1-8100,19,4,0,2,4.059096924960613,0.2136366802610849
258,258,258,258,258,258,258,258,258,258,258,258,258,258,258,258,258,258,258,1-9516,5,4,1-9516,76,16,0,7,16.206839237362146,0.21324788470213352
311,311,311,311,311,311,311,311,311,311,311,311,311,311,311,311,311,311,311,1-20578,17,2,1-20578,19,4,0,1,4.029548462480307,0.21208149802527929
372,372,372,372,372,372,372,372,372,372,372,372,372,372,372,372,372,372,372,1-6916,13,6,1-6916,43,9,0,4,9.118193849921227,0.21205101976560992
517,517,517,517,517,517,517,517,517,517,517,517,517,517,517,517,517,517,517,1-18028,18,10,1-18028,309,62,0,109,65.22078241035342,0.21107049323738972
17,17,17,17,17,17,17,17,17,17,17,17,17,17,17,17,17,17,17,1-18603,18,10,1-18603,19,4,0,0,4.0,0.21052631578947367
203,203,203,203,203,203,203,203,203,203,203,203,203,203,203,203,203,203,203,1-1250,17,2,1-1250,34,7,0,3,7.08864538744092,0.2084895702188506
422,422,422,422,422,422,422,422,422,422,422,422,422,422,422,422,422,422,422,1-6878,11,15,1-6878,167,33,0,57,34.68426236137748,0.20769019378070347
454,454,454,454,454,454,454,454,454,454,454,454,454,454,454,454,454,454,454,1-0272,7,13,1-0272,111,22,0,35,23.034196186810732,0.20751528096225885
248,248,248,248,248,248,248,248,248,248,248,248,248,248,248,248,248,248,248,1-2400,7,13,1-2400,49,10,0,5,10.147742312401533,0.20709678188574557
277,277,277,277,277,277,277,277,277,277,277,277,277,277,277,277,277,277,277,1-4051,1,9,1-4051,5,1,0,1,1.0295484624803066,0.20590969249606134
433,433,433,433,433,433,433,433,433,433,433,433,433,433,433,433,433,433,433,1-5654,1,9,1-5654,15,3,0,3,3.08864538744092,0.20590969249606134
541,541,541,541,541,541,541,541,541,541,541,541,541,541,541,541,541,541,541,1-5424,12,5,1-5424,5,1,0,1,1.0295484624803066,0.20590969249606134
444,444,444,444,444,444,444,444,444,444,444,444,444,444,444,444,444,444,444,1-3217,3,7,1-3217,5,1,0,1,1.0295484624803066,0.20590969249606134
227,227,227,227,227,227,227,227,227,227,227,227,227,227,227,227,227,227,227,1-3068,7,13,1-3068,180,36,0,35,37.03419618681073,0.20574553437117074
348,348,348,348,348,348,348,348,348,348,348,348,348,348,348,348,348,348,348,1-17758,16,8,1-17758,40,8,0,5,8.147742312401533,0.20369355781003834
443,443,443,443,443,443,443,443,443,443,443,443,443,443,443,443,443,443,443,1-3447,13,6,1-3447,110,21,0,41,22.21148696169257,0.20192260874265974
225,225,225,225,225,225,225,225,225,225,225,225,225,225,225,225,225,225,225,1-9650,15,1,1-9650,25,5,0,1,5.029548462480307,0.20118193849921226
350,350,350,350,350,350,350,350,350,350,350,350,350,350,350,350,350,350,350,1-2282,3,7,1-2282,219,43,0,34,44.004647724330425,0.2009344644946595
55,55,55,55,55,55,55,55,55,55,55,55,55,55,55,55,55,55,55,1-8095,7,13,1-8095,46,9,0,8,9.236387699842453,0.2007910369530968
482,482,482,482,482,482,482,482,482,482,482,482,482,482,482,482,482,482,482,1-4390,2,20,1-4390,45,9,0,0,9.0,0.2
240,240,240,240,240,240,240,240,240,240,240,240,240,240,240,240,240,240,240,MLG33,2,20,MLG33,20,4,0,0,4.0,0.2
211,211,211,211,211,211,211,211,211,211,211,211,211,211,211,211,211,211,211,1-5406,19,14,1-5406,10,2,0,0,2.0,0.2
535,535,535,535,535,535,535,535,535,535,535,535,535,535,535,535,535,535,535,1-5990,2,20,1-5990,5,1,0,0,1.0,0.2
349,349,349,349,349,349,349,349,349,349,349,349,349,349,349,349,349,349,349,1-3052,5,4,1-3052,166,31,0,73,33.157037761062384,0.1997411913317011
86,86,86,86,86,86,86,86,86,86,86,86,86,86,86,86,86,86,86,1-9345,7,13,1-9345,47,9,0,12,9.35458154976368,0.19903364999497192
102,102,102,102,102,102,102,102,102,102,102,102,102,102,102,102,102,102,102,1-3564,3,7,1-3564,41,8,0,4,8.118193849921227,0.19800472804685917
289,289,289,289,289,289,289,289,289,289,289,289,289,289,289,289,289,289,289,1-1592,10,3,1-1592,32,6,0,9,6.26593616232276,0.19581050507258624
489,489,489,489,489,489,489,489,489,489,489,489,489,489,489,489,489,489,489,1-9578,11,15,1-9578,42,8,0,7,8.206839237362146,0.19540093422290825
217,217,217,217,217,217,217,217,217,217,217,217,217,217,217,217,217,217,217,1-9630,7,13,1-9630,33,6,0,13,6.384130012243986,0.19345848521951473
456,456,456,456,456,456,456,456,456,456,456,456,456,456,456,456,456,456,456,1-8186,1,9,1-8186,26,5,0,1,5.029548462480307,0.19344417163385794
520,520,520,520,520,520,520,520,520,520,520,520,520,520,520,520,520,520,520,1-2034,5,4,1-2034,16,3,0,3,3.08864538744092,0.1930403367150575
200,200,200,200,200,200,200,200,200,200,200,200,200,200,200,200,200,200,200,1-4634,20,12,1-4634,48,9,0,7,9.206839237362146,0.19180915077837804
328,328,328,328,328,328,328,328,328,328,328,328,328,328,328,328,328,328,328,1-9497,20,12,1-9497,150,28,0,23,28.679614637047052,0.19119743091364702
497,497,497,497,497,497,497,497,497,497,497,497,497,497,497,497,497,497,497,1-8493,16,8,1-8493,38,7,0,8,7.236387699842453,0.19043125525901192
192,192,192,192,192,192,192,192,192,192,192,192,192,192,192,192,192,192,192,1-9770,12,5,1-9770,50,9,0,16,9.472775399684906,0.18945550799369812
406,406,406,406,406,406,406,406,406,406,406,406,406,406,406,406,406,406,406,1-17907,7,13,1-17907,119,21,0,51,22.506971586495638,0.18913421501256839
484,484,484,484,484,484,484,484,484,484,484,484,484,484,484,484,484,484,484,MLG31,13,6,MLG31,33,6,0,8,6.236387699842453,0.1889814454497713
464,464,464,464,464,464,464,464,464,464,464,464,464,464,464,464,464,464,464,1-10060,7,13,1-10060,36,6,0,27,6.797808486968279,0.18882801352689663
562,562,562,562,562,562,562,562,562,562,562,562,562,562,562,562,562,562,562,1-0003,6,19,1-0003,17,3,0,7,3.2068392373621464,0.1886376021977733
458,458,458,458,458,458,458,458,458,458,458,458,458,458,458,458,458,458,458,1-7182,17,2,1-7182,22,4,0,5,4.147742312401533,0.18853374147279697
11,11,11,11,11,11,11,11,11,11,11,11,11,11,11,11,11,11,11,1-9722,1,9,1-9722,22,4,0,5,4.147742312401533,0.18853374147279697
423,423,423,423,423,423,423,423,423,423,423,423,423,423,423,423,423,423,423,1-7122,18,10,1-7122,197,35,0,71,37.09794083610177,0.18831442048782623
475,475,475,475,475,475,475,475,475,475,475,475,475,475,475,475,475,475,475,1-18234,5,4,1-18234,43,8,0,3,8.08864538744092,0.1881080322660679
383,383,383,383,383,383,383,383,383,383,383,383,383,383,383,383,383,383,383,1-8551,8,11,1-8551,38,7,0,5,7.147742312401533,0.1880984819053035
84,84,84,84,84,84,84,84,84,84,84,84,84,84,84,84,84,84,84,1-18714,16,8,1-18714,32,6,0,0,6.0,0.1875
327,327,327,327,327,327,327,327,327,327,327,327,327,327,327,327,327,327,327,P-16616,1,9,P-16616,28,5,0,7,5.206839237362146,0.18595854419150523
522,522,522,522,522,522,522,522,522,522,522,522,522,522,522,522,522,522,522,1-5282,7,13,1-5282,17,3,0,5,3.147742312401533,0.18516131249420784
552,552,552,552,552,552,552,552,552,552,552,552,552,552,552,552,552,552,552,MLG46,6,19,MLG46,17,3,0,5,3.147742312401533,0.18516131249420784
534,534,534,534,534,534,534,534,534,534,534,534,534,534,534,534,534,534,534,1-9457,4,21,1-9457,11,2,0,1,2.0295484624803066,0.18450440568002788
389,389,389,389,389,389,389,389,389,389,389,389,389,389,389,389,389,389,389,1-0278,10,3,1-0278,79,14,0,12,14.35458154976368,0.18170356392105924
403,403,403,403,403,403,403,403,403,403,403,403,403,403,403,403,403,403,403,1-1770,12,5,1-1770,35,6,0,12,6.3545815497636795,0.18155947285039084
428,428,428,428,428,428,428,428,428,428,428,428,428,428,428,428,428,428,428,1-2701,7,13,1-2701,61,10,0,35,11.034196186810732,0.18088846207886447
62,62,62,62,62,62,62,62,62,62,62,62,62,62,62,62,62,62,62,1-9818,20,12,1-9818,28,5,0,1,5.029548462480307,0.1796267308028681
174,174,174,174,174,174,174,174,174,174,174,174,174,174,174,174,174,174,174,MLG38,10,3,MLG38,77,13,0,27,13.797808486968279,0.17919231801257504
425,425,425,425,425,425,425,425,425,425,425,425,425,425,425,425,425,425,425,1-6006,8,11,1-6006,57,10,0,7,10.206839237362146,0.17906735504144117
542,542,542,542,542,542,542,542,542,542,542,542,542,542,542,542,542,542,542,1-1191,7,13,1-1191,53,9,0,16,9.472775399684906,0.17873161131480955
480,480,480,480,480,480,480,480,480,480,480,480,480,480,480,480,480,480,480,1-1005,20,12,1-1005,125,21,0,44,22.30013234913349,0.17840105879306795
560,560,560,560,560,560,560,560,560,560,560,560,560,560,560,560,560,560,560,1-0027,20,12,1-0027,29,5,0,5,5.147742312401533,0.17750835560005288
485,485,485,485,485,485,485,485,485,485,485,485,485,485,485,485,485,485,485,1-5980,20,12,1-5980,29,5,0,5,5.147742312401533,0.17750835560005288
362,362,362,362,362,362,362,362,362,362,362,362,362,362,362,362,362,362,362,1-1462,8,11,1-1462,192,33,0,33,33.97509926185012,0.1769536419888027
340,340,340,340,340,340,340,340,340,340,340,340,340,340,340,340,340,340,340,1-3362,4,21,1-3362,117,20,0,22,20.650066174566746,0.17649629209031406
199,199,199,199,199,199,199,199,199,199,199,199,199,199,199,199,199,199,199,MLG39,3,7,MLG39,23,4,0,2,4.059096924960613,0.17648247499828754
417,417,417,417,417,417,417,417,417,417,417,417,417,417,417,417,417,417,417,1-10451,2,20,1-10451,46,8,0,0,8.0,0.17391304347826086
408,408,408,408,408,408,408,408,408,408,408,408,408,408,408,408,408,408,408,MLG53,18,10,MLG53,91,15,0,27,15.797808486968279,0.17360229106558547
124,124,124,124,124,124,124,124,124,124,124,124,124,124,124,124,124,124,124,1-8427,6,19,1-8427,189,30,0,93,32.748007010668516,0.17326987836332547
178,178,178,178,178,178,178,178,178,178,178,178,178,178,178,178,178,178,178,1-7525,13,6,1-7525,6,1,0,1,1.0295484624803066,0.17159141041338444
31,31,31,31,31,31,31,31,31,31,31,31,31,31,31,31,31,31,31,1-8938,5,4,1-8938,30,5,0,5,5.147742312401533,0.17159141041338444
525,525,525,525,525,525,525,525,525,525,525,525,525,525,525,525,525,525,525,1-3175,4,21,1-3175,6,1,0,1,1.0295484624803066,0.17159141041338444
89,89,89,89,89,89,89,89,89,89,89,89,89,89,89,89,89,89,89,1-18004,20,12,1-18004,12,2,0,2,2.0590969249606133,0.17159141041338444
103,103,103,103,103,103,103,103,103,103,103,103,103,103,103,103,103,103,103,1-8820,16,8,1-8820,83,14,0,6,14.17729077488184,0.17081073222749205
197,197,197,197,197,197,197,197,197,197,197,197,197,197,197,197,197,197,197,1-8646,20,12,1-8646,20,3,0,14,3.4136784747242928,0.17068392373621463
8,8,8,8,8,8,8,8,8,8,8,8,8,8,8,8,8,8,8,1-8181,10,3,1-8181,30,5,0,4,5.1181938499212265,0.1706064616640409
288,288,288,288,288,288,288,288,288,288,288,288,288,288,288,288,288,288,288,1-8590,17,2,1-8590,24,4,0,3,4.08864538744092,0.17036022447670499
402,402,402,402,402,402,402,402,402,402,402,402,402,402,402,402,402,402,402,1-5744,1,9,1-5744,18,3,0,2,3.0590969249606133,0.1699498291644785
449,449,449,449,449,449,449,449,449,449,449,449,449,449,449,449,449,449,449,1-1935,1,9,1-1935,12,2,0,1,2.0295484624803066,0.16912903854002556
1,1,1,1,1,1,1,1,1,1,1,1,1,1,1,1,1,1,1,1-9185,13,6,1-9185,31,5,0,8,5.236387699842453,0.16891573225298234
490,490,490,490,490,490,490,490,490,490,490,490,490,490,490,490,490,490,490,1-3551,2,20,1-3551,6,1,0,0,1.0,0.16666666666666666
152,152,152,152,152,152,152,152,152,152,152,152,152,152,152,152,152,152,152,1-9500,18,10,1-9500,33,5,0,16,5.472775399684906,0.16584167877833048
85,85,85,85,85,85,85,85,85,85,85,85,85,85,85,85,85,85,85,1-8084,20,12,1-8084,82,13,0,20,13.590969249606133,0.16574352743422113
531,531,531,531,531,531,531,531,531,531,531,531,531,531,531,531,531,531,531,1-5891,18,10,1-5891,96,15,0,24,15.709163099527359,0.16363711562007666
184,184,184,184,184,184,184,184,184,184,184,184,184,184,184,184,184,184,184,1-8074,7,13,1-8074,145,23,0,20,23.590969249606133,0.16269633965245608
347,347,347,347,347,347,347,347,347,347,347,347,347,347,347,347,347,347,347,1-8188,4,21,1-8188,140,22,0,22,22.650066174566746,0.16178618696119104
351,351,351,351,351,351,351,351,351,351,351,351,351,351,351,351,351,351,351,1-19229,3,7,1-19229,38,6,0,4,6.1181938499212265,0.16100510131371648
239,239,239,239,239,239,239,239,239,239,239,239,239,239,239,239,239,239,239,1-7042,19,14,1-7042,117,18,0,28,18.827356949448586,0.16091758076451781
179,179,179,179,179,179,179,179,179,179,179,179,179,179,179,179,179,179,179,1-4052,19,14,1-4052,13,2,0,3,2.08864538744092,0.16066502980314767
462,462,462,462,462,462,462,462,462,462,462,462,462,462,462,462,462,462,462,1-1183,6,19,1-1183,45,7,0,7,7.206839237362146,0.16015198305249215
441,441,441,441,441,441,441,441,441,441,441,441,441,441,441,441,441,441,441,1-19166,3,7,1-19166,45,7,0,6,7.17729077488184,0.15949535055292977
494,494,494,494,494,494,494,494,494,494,494,494,494,494,494,494,494,494,494,1-3265,2,20,1-3265,19,3,0,0,3.0,0.15789473684210525
353,353,353,353,353,353,353,353,353,353,353,353,353,353,353,353,353,353,353,MLG50,13,6,MLG50,319,48,0,67,49.979746986180544,0.15667632284069136
330,330,330,330,330,330,330,330,330,330,330,330,330,330,330,330,330,330,330,1-4531,8,11,1-4531,94,14,0,24,14.709163099527359,0.1564804585056102
448,448,448,448,448,448,448,448,448,448,448,448,448,448,448,448,448,448,448,1-3106,5,4,1-3106,34,5,0,7,5.206839237362146,0.15314233051065138
44,44,44,44,44,44,44,44,44,44,44,44,44,44,44,44,44,44,44,1-5214,8,11,1-5214,40,6,0,3,6.08864538744092,0.152216134686023
528,528,528,528,528,528,528,528,528,528,528,528,528,528,528,528,528,528,528,1-6718,5,4,1-6718,20,3,0,1,3.0295484624803066,0.15147742312401533
547,547,547,547,547,547,547,547,547,547,547,547,547,547,547,547,547,547,547,MLG67,19,14,MLG67,27,4,0,3,4.08864538744092,0.15143131064596
467,467,467,467,467,467,467,467,467,467,467,467,467,467,467,467,467,467,467,1-13247,18,10,1-13247,29,4,0,12,4.3545815497636795,0.15015798447460965
151,151,151,151,151,151,151,151,151,151,151,151,151,151,151,151,151,151,151,1-9870,8,11,1-9870,27,4,0,1,4.029548462480307,0.14924253564741877
173,173,173,173,173,173,173,173,173,173,173,173,173,173,173,173,173,173,173,1-9588,4,21,1-9588,14,2,0,3,2.08864538744092,0.14918895624578
544,544,544,544,544,544,544,544,544,544,544,544,544,544,544,544,544,544,544,1-5799,3,7,1-5799,7,1,0,1,1.0295484624803066,0.14707835178290093
401,401,401,401,401,401,401,401,401,401,401,401,401,401,401,401,401,401,401,1-7204,8,11,1-7204,26,3,0,27,3.797808486968279,0.14606955719108766
87,87,87,87,87,87,87,87,87,87,87,87,87,87,87,87,87,87,87,MLG35,1,9,MLG35,49,7,0,5,7.147742312401533,0.14587229208982722
19,19,19,19,19,19,19,19,19,19,19,19,19,19,19,19,19,19,19,1-2596,16,8,1-2596,35,5,0,2,5.059096924960613,0.1445456264274461
279,279,279,279,279,279,279,279,279,279,279,279,279,279,279,279,279,279,279,MLG43,3,7,MLG43,14,2,0,0,2.0,0.14285714285714285
226,226,226,226,226,226,226,226,226,226,226,226,226,226,226,226,226,226,226,1-9996,2,20,1-9996,28,4,0,0,4.0,0.14285714285714285
359,359,359,359,359,359,359,359,359,359,359,359,359,359,359,359,359,359,359,1-4417,11,15,1-4417,151,19,0,75,21.216134686022997,0.14050420321869533
58,58,58,58,58,58,58,58,58,58,58,58,58,58,58,58,58,58,58,1-17733,16,8,1-17733,74,10,0,13,10.384130012243986,0.14032608124654036
461,461,461,461,461,461,461,461,461,461,461,461,461,461,461,461,461,461,461,1-9651,19,14,1-9651,38,5,0,11,5.325033087283373,0.1401324496653519
185,185,185,185,185,185,185,185,185,185,185,185,185,185,185,185,185,185,185,1-8906,13,6,1-8906,15,2,0,3,2.08864538744092,0.13924302582939466
129,129,129,129,129,129,129,129,129,129,129,129,129,129,129,129,129,129,129,1-2573,8,11,1-2573,37,5,0,5,5.147742312401533,0.13912817060544685
509,509,509,509,509,509,509,509,509,509,509,509,509,509,509,509,509,509,509,1-18935,13,6,1-18935,30,4,0,5,4.147742312401533,0.1382580770800511
141,141,141,141,141,141,141,141,141,141,141,141,141,141,141,141,141,141,141,MLG45,10,3,MLG45,70,9,0,22,9.650066174566746,0.13785808820809636
117,117,117,117,117,117,117,117,117,117,117,117,117,117,117,117,117,117,117,1-0358,15,1,1-0358,22,3,0,0,3.0,0.13636363636363635
27,27,27,27,27,27,27,27,27,27,27,27,27,27,27,27,27,27,27,1-18409,10,3,1-18409,22,3,0,0,3.0,0.13636363636363635
387,387,387,387,387,387,387,387,387,387,387,387,387,387,387,387,387,387,387,1-10539,19,10,1-10539,63,8,0,17,8.502323862165213,0.13495752162167005
72,72,72,72,72,72,72,72,72,72,72,72,72,72,72,72,72,72,72,1-9614,1,9,1-9614,30,4,0,1,4.029548462480307,0.13431828208267688
78,78,78,78,78,78,78,78,78,78,78,78,78,78,78,78,78,78,78,1-4088,1,9,1-4088,30,4,0,1,4.029548462480307,0.13431828208267688
209,209,209,209,209,209,209,209,209,209,209,209,209,209,209,209,209,209,209,1-9938,16,8,1-9938,55,7,0,13,7.384130012243986,0.13425690931352702
43,43,43,43,43,43,43,43,43,43,43,43,43,43,43,43,43,43,43,1-8705,5,4,1-8705,48,6,0,15,6.443226937204599,0.13423389452509582
532,532,532,532,532,532,532,532,532,532,532,532,532,532,532,532,532,532,532,1-19447,2,20,1-19447,15,2,0,0,2.0,0.13333333333333333
191,191,191,191,191,191,191,191,191,191,191,191,191,191,191,191,191,191,191,1-8328,17,2,1-8328,114,15,0,6,15.17729077488184,0.13313412960422666
292,292,292,292,292,292,292,292,292,292,292,292,292,292,292,292,292,292,292,1-9997,6,19,1-9997,16,2,0,4,2.1181938499212265,0.13238711562007666
450,450,450,450,450,450,450,450,450,450,450,450,450,450,450,450,450,450,450,1-2297,7,13,1-2297,25,3,0,10,3.2954846248030663,0.13181938499212265
121,121,121,121,121,121,121,121,121,121,121,121,121,121,121,121,121,121,121,1-7070,6,19,1-7070,129,16,0,34,17.004647724330425,0.1318189746072126
126,126,126,126,126,126,126,126,126,126,126,126,126,126,126,126,126,126,126,1-8488,15,1,1-8488,23,3,0,1,3.0295484624803066,0.13171949836870897
149,149,149,149,149,149,149,149,149,149,149,149,149,149,149,149,149,149,149,MLG58,5,4,MLG58,71,9,0,10,9.295484624803066,0.13092231865919812
399,399,399,399,399,399,399,399,399,399,399,399,399,399,399,399,399,399,399,MLG60,17,2,MLG60,47,6,0,5,6.147742312401533,0.13080302792343687
380,380,380,380,380,380,380,380,380,380,380,380,380,380,380,380,380,380,380,1-7004,7,13,1-7004,381,43,0,230,49.796146370470524,0.1306985469041221
318,318,318,318,318,318,318,318,318,318,318,318,318,318,318,318,318,318,318,1-2324,11,15,1-2324,25,3,0,9,3.2659361623227596,0.1306374464929104
238,238,238,238,238,238,238,238,238,238,238,238,238,238,238,238,238,238,238,1-9855,19,14,1-9855,8,1,0,1,1.0295484624803066,0.12869355781003833
395,395,395,395,395,395,395,395,395,395,395,395,395,395,395,395,395,395,395,1-6787,1,9,1-6787,56,7,0,7,7.206839237362146,0.12869355781003833
357,357,357,357,357,357,357,357,357,357,357,357,357,357,357,357,357,357,357,1-4760,15,1,1-4760,40,5,0,5,5.147742312401533,0.12869355781003833
339,339,339,339,339,339,339,339,339,339,339,339,339,339,339,339,339,339,339,1-3523,15,1,1-3523,543,67,0,84,69.48207084834576,0.12795961482199955
276,276,276,276,276,276,276,276,276,276,276,276,276,276,276,276,276,276,276,1-9495,6,19,1-9495,18,2,0,10,2.2954846248030663,0.12752692360017034
373,373,373,373,373,373,373,373,373,373,373,373,373,373,373,373,373,373,373,1-6918,1,9,1-6918,43,4,0,47,5.388777736574411,0.1253204124784747
4,4,4,4,4,4,4,4,4,4,4,4,4,4,4,4,4,4,4,1-6240,12,5,1-6240,698,84,0,109,87.22078241035342,0.12495814098904502
234,234,234,234,234,234,234,234,234,234,234,234,234,234,234,234,234,234,234,MLG29,6,19,MLG29,164,19,0,48,20.418326199054718,0.12450198901862633
500,500,500,500,500,500,500,500,500,500,500,500,500,500,500,500,500,500,500,1-0292,11,15,1-0292,99,11,0,44,12.300132349133492,0.1242437611023585
343,343,343,343,343,343,343,343,343,343,343,343,343,343,343,343,343,343,343,1-4319,16,8,1-4319,163,19,0,41,20.21148696169257,0.1239968525257213
483,483,483,483,483,483,483,483,483,483,483,483,483,483,483,483,483,483,483,1-9491,5,4,1-9491,80,9,0,31,9.916002336889505,0.12395002921111882
486,486,486,486,486,486,486,486,486,486,486,486,486,486,486,486,486,486,486,1-8678,10,3,1-8678,17,2,0,3,2.08864538744092,0.12286149337887764
5,5,5,5,5,5,5,5,5,5,5,5,5,5,5,5,5,5,5,1-5549,4,21,1-5549,35,4,0,10,4.295484624803066,0.12272813213723047
91,91,91,91,91,91,91,91,91,91,91,91,91,91,91,91,91,91,91,72-12171,18,10,72-12171,19,2,0,11,2.325033087283373,0.12237016248859857
463,463,463,463,463,463,463,463,463,463,463,463,463,463,463,463,463,463,463,1-1989,12,5,1-1989,46,5,0,21,5.620517712086439,0.12218516765405303
216,216,216,216,216,216,216,216,216,216,216,216,216,216,216,216,216,216,216,1-9887,11,15,1-9887,36,4,0,13,4.384130012243986,0.12178138922899961
393,393,393,393,393,393,393,393,393,393,393,393,393,393,393,393,393,393,393,1-7819,8,11,1-7819,59,7,0,6,7.17729077488184,0.12164899618443796
180,180,180,180,180,180,180,180,180,180,180,180,180,180,180,180,180,180,180,1-0037,3,7,1-0037,35,4,0,8,4.236387699842453,0.12103964856692723
51,51,51,51,51,51,51,51,51,51,51,51,51,51,51,51,51,51,51,1-9925,16,8,1-9925,93,11,0,8,11.236387699842453,0.12082137311658551
392,392,392,392,392,392,392,392,392,392,392,392,392,392,392,392,392,392,392,1-9609,2,20,1-9609,25,3,0,0,3.0,0.12
42,42,42,42,42,42,42,42,42,42,42,42,42,42,42,42,42,42,42,1-1207,1,9,1-1207,66,6,0,63,7.861553136259317,0.11911444145847451
474,474,474,474,474,474,474,474,474,474,474,474,474,474,474,474,474,474,474,1-8400,7,13,1-8400,33,3,0,31,3.9160023368895054,0.11866673748150017
12,12,12,12,12,12,12,12,12,12,12,12,12,12,12,12,12,12,12,MLG84,5,4,MLG84,63,7,0,13,7.384130012243986,0.11720841289276168
300,300,300,300,300,300,300,300,300,300,300,300,300,300,300,300,300,300,300,1-4020,18,10,1-4020,37,4,0,10,4.295484624803066,0.11609417904873152
524,524,524,524,524,524,524,524,524,524,524,524,524,524,524,524,524,524,524,1-9338,12,5,1-9338,29,3,0,12,3.3545815497636795,0.11567522585391998
64,64,64,64,64,64,64,64,64,64,64,64,64,64,64,64,64,64,64,1-9674,16,8,1-9674,144,16,0,20,16.590969249606133,0.11521506423337592
367,367,367,367,367,367,367,367,367,367,367,367,367,367,367,367,367,367,367,1-8544,4,21,1-8544,54,6,0,5,6.147742312401533,0.11384707985928764
0,0,0,0,0,0,0,0,0,0,0,0,0,0,0,0,0,0,0,72-0103,1,9,72-0103,71,8,0,1,8.029548462480307,0.11309223186591981
540,540,540,540,540,540,540,540,540,540,540,540,540,540,540,540,540,540,540,1-5413,1,6,1-5413,39,4,0,11,4.325033087283373,0.11089828428931725
466,466,466,466,466,466,466,466,466,466,466,466,466,466,466,466,466,466,466,1-5981,15,1,1-5981,28,3,0,3,3.08864538744092,0.11030876383717571
354,354,354,354,354,354,354,354,354,354,354,354,354,354,354,354,354,354,354,1-9417,16,8,1-9417,76,8,0,11,8.325033087283373,0.10953990904320228
167,167,167,167,167,167,167,167,167,167,167,167,167,167,167,167,167,167,167,1-4929,11,15,1-4929,10,1,0,3,1.0886453874409199,0.108864538744092
205,205,205,205,205,205,205,205,205,205,205,205,205,205,205,205,205,205,205,1-8018,6,19,1-8018,58,6,0,10,6.295484624803066,0.10854283835867355
296,296,296,296,296,296,296,296,296,296,296,296,296,296,296,296,296,296,296,1-9404,4,21,1-9404,100,10,0,24,10.709163099527359,0.10709163099527359
487,487,487,487,487,487,487,487,487,487,487,487,487,487,487,487,487,487,487,1-6900,4,21,1-6900,67,7,0,4,7.1181938499212265,0.10624169925255562
394,394,394,394,394,394,394,394,394,394,394,394,394,394,394,394,394,394,394,1-2423,11,15,1-2423,79,8,0,13,8.384130012243986,0.10612822800308844
156,156,156,156,156,156,156,156,156,156,156,156,156,156,156,156,156,156,156,1-8634,17,2,1-8634,10,1,0,2,1.0590969249606133,0.10590969249606133
313,313,313,313,313,313,313,313,313,313,313,313,313,313,313,313,313,313,313,1-7521,11,15,1-7521,10,1,0,2,1.0590969249606133,0.10590969249606133
308,308,308,308,308,308,308,308,308,308,308,308,308,308,308,308,308,308,308,1-6743,17,2,1-6743,58,6,0,4,6.1181938499212265,0.10548610086071081
114,114,114,114,114,114,114,114,114,114,114,114,114,114,114,114,114,114,114,1-7496,4,21,1-7496,246,24,0,50,25.47742312401533,0.10356676066672899
358,358,358,358,358,358,358,358,358,358,358,358,358,358,358,358,358,358,358,1-9831,16,8,1-9831,132,13,0,21,13.62051771208644,0.10318574024307908
198,198,198,198,198,198,198,198,198,198,198,198,198,198,198,198,198,198,198,1-9839,17,2,1-9839,20,2,0,2,2.0590969249606133,0.10295484624803067
157,157,157,157,157,157,157,157,157,157,157,157,157,157,157,157,157,157,157,1-6061,20,12,1-6061,40,4,0,4,4.1181938499212265,0.10295484624803067
116,116,116,116,116,116,116,116,116,116,116,116,116,116,116,116,116,116,116,1-20047,19,14,1-20047,20,2,0,1,2.0295484624803066,0.10147742312401534
220,220,220,220,220,220,220,220,220,220,220,220,220,220,220,220,220,220,220,MLG73,2,20,MLG73,10,1,0,0,1.0,0.1
538,538,538,538,538,538,538,538,538,538,538,538,538,538,538,538,538,538,538,1-9576,4,21,1-9576,10,1,0,0,1.0,0.1
429,429,429,429,429,429,429,429,429,429,429,429,429,429,429,429,429,429,429,1-6693,4,21,1-6693,98,9,0,23,9.679614637047052,0.09877157792905156
294,294,294,294,294,294,294,294,294,294,294,294,294,294,294,294,294,294,294,1-3509,11,15,1-3509,35,3,0,15,3.4432269372045994,0.09837791249155999
447,447,447,447,447,447,447,447,447,447,447,447,447,447,447,447,447,447,447,1-7152,10,3,1-7152,109,10,0,23,10.679614637047052,0.09797811593621149
208,208,208,208,208,208,208,208,208,208,208,208,208,208,208,208,208,208,208,1-10468,16,8,1-10468,549,47,0,228,53.73704944550991,0.09788169297907087
506,506,506,506,506,506,506,506,506,506,506,506,506,506,506,506,506,506,506,1-6227,19,14,1-6227,52,5,0,3,5.08864538744092,0.09785856514309461
529,529,529,529,529,529,529,529,529,529,529,529,529,529,529,529,529,529,529,1-6217,13,6,1-6217,44,4,0,10,4.295484624803066,0.09762465056370605
322,322,322,322,322,322,322,322,322,322,322,322,322,322,322,322,322,322,322,1-0296,2,20,1-0296,41,4,0,0,4.0,0.0975609756097561
104,104,104,104,104,104,104,104,104,104,104,104,104,104,104,104,104,104,104,1-8267,6,19,1-8267,133,12,0,32,12.945550799369812,0.09733496841631438
93,93,93,93,93,93,93,93,93,93,93,93,93,93,93,93,93,93,93,1-20003,1,9,1-20003,21,2,0,1,2.0295484624803066,0.0966451648800146
412,412,412,412,412,412,412,412,412,412,412,412,412,412,412,412,412,412,412,1-6858,1,9,1-6858,23,2,0,7,2.2068392373621464,0.09594953205922375
210,210,210,210,210,210,210,210,210,210,210,210,210,210,210,210,210,210,210,1-7842,17,2,1-7842,21,2,0,0,2.0,0.09523809523809523
377,377,377,377,377,377,377,377,377,377,377,377,377,377,377,377,377,377,377,1-7213,13,6,1-7213,23,2,0,6,2.1772907748818398,0.09466481629921042
108,108,108,108,108,108,108,108,108,108,108,108,108,108,108,108,108,108,108,1-9731,7,13,1-9731,11,1,0,1,1.0295484624803066,0.09359531477093697
338,338,338,338,338,338,338,338,338,338,338,338,338,338,338,338,338,338,338,1-6296,11,15,1-6296,254,21,0,72,23.127489298582077,0.09105310747473258
100,100,100,100,100,100,100,100,100,100,100,100,100,100,100,100,100,100,100,1-19598,5,4,1-19598,11,1,0,0,1.0,0.09090909090909091
81,81,81,81,81,81,81,81,81,81,81,81,81,81,81,81,81,81,81,1-7770,2,20,1-7770,11,1,0,0,1.0,0.09090909090909091
310,310,310,310,310,310,310,310,310,310,310,310,310,310,310,310,310,310,310,1-4855,2,20,1-4855,22,2,0,0,2.0,0.09090909090909091
263,263,263,263,263,263,263,263,263,263,263,263,263,263,263,263,263,263,263,1-6927,16,8,1-6927,179,15,0,43,16.270583886653185,0.09089711668521332
548,548,548,548,548,548,548,548,548,548,548,548,548,548,548,548,548,548,548,1-3087,18,19,1-3087,26,2,0,12,2.3545815497636795,0.0905608288370646
495,495,495,495,495,495,495,495,495,495,495,495,495,495,495,495,495,495,495,MLG08,4,21,MLG08,107,7,0,91,9.688910085707903,0.09055056154867198
267,267,267,267,267,267,267,267,267,267,267,267,267,267,267,267,267,267,267,1-6181,11,15,1-6181,659,55,0,156,59.609560146927834,0.09045456774951113
247,247,247,247,247,247,247,247,247,247,247,247,247,247,247,247,247,247,247,1-20467,7,13,1-20467,13,1,0,5,1.1477423124015331,0.08828787018473332
436,436,436,436,436,436,436,436,436,436,436,436,436,436,436,436,436,436,436,1-5161,3,4,1-5161,12,1,0,2,1.0590969249606133,0.08825807708005111
477,477,477,477,477,477,477,477,477,477,477,477,477,477,477,477,477,477,477,1-9055,7,13,1-9055,12,1,0,2,1.0590969249606133,0.08825807708005111
2,2,2,2,2,2,2,2,2,2,2,2,2,2,2,2,2,2,2,MLG17,19,14,MLG17,153,12,0,50,13.477423124015331,0.08808773283670152
309,309,309,309,309,309,309,309,309,309,309,309,309,309,309,309,309,309,309,1-3516,6,19,1-3516,156,12,0,58,13.713810823857784,0.0879090437426781
33,33,33,33,33,33,33,33,33,33,33,33,33,33,33,33,33,33,33,1-7991,19,14,1-7991,46,4,0,1,4.029548462480307,0.08759887961913711
364,364,364,364,364,364,364,364,364,364,364,364,364,364,364,364,364,364,364,1-7682,10,3,1-7682,141,11,0,43,12.270583886653185,0.0870254176358382
218,218,218,218,218,218,218,218,218,218,218,218,218,218,218,218,218,218,218,1-9416,10,3,1-9416,13,1,0,4,1.1181938499212265,0.08601491153240204
39,39,39,39,39,39,39,39,39,39,39,39,39,39,39,39,39,39,39,1-7467,6,19,1-7467,64,5,0,17,5.502323862165213,0.08597381034633145
337,337,337,337,337,337,337,337,337,337,337,337,337,337,337,337,337,337,337,1-18613,6,19,1-18613,25,2,0,5,2.147742312401533,0.08590969249606133
291,291,291,291,291,291,291,291,291,291,291,291,291,291,291,291,291,291,291,MLG02,11,15,MLG02,320,25,0,74,27.18658622354269,0.08495808194857091
457,457,457,457,457,457,457,457,457,457,457,457,457,457,457,457,457,457,457,1-8503,20,12,1-8503,16,1,0,12,1.3545815497636795,0.08466134686022997
159,159,159,159,159,159,159,159,159,159,159,159,159,159,159,159,159,159,159,1-10696,5,4,1-10696,24,2,0,1,2.0295484624803066,0.08456451927001278
460,460,460,460,460,460,460,460,460,460,460,460,460,460,460,460,460,460,460,1-7993,1,9,1-7993,24,2,0,1,2.0295484624803066,0.08456451927001278
516,516,516,516,516,516,516,516,516,516,516,516,516,516,516,516,516,516,516,1-5036,1,9,1-5036,14,1,0,6,1.1772907748818398,0.0840921982058457
13,13,13,13,13,13,13,13,13,13,13,13,13,13,13,13,13,13,13,1-9805,18,10,1-9805,26,2,0,5,2.147742312401533,0.08260547355390511
329,329,329,329,329,329,329,329,329,329,329,329,329,329,329,329,329,329,329,1-1317,16,8,1-1317,414,29,0,157,33.63910860940814,0.08125388552997136
172,172,172,172,172,172,172,172,172,172,172,172,172,172,172,172,172,172,172,1-8573,3,7,1-8573,184,14,0,30,14.886453874409199,0.08090464062178912
48,48,48,48,48,48,48,48,48,48,48,48,48,48,48,48,48,48,48,1-0405,20,12,1-0405,64,4,0,38,5.122841574251652,0.08004439959768206
94,94,94,94,94,94,94,94,94,94,94,94,94,94,94,94,94,94,94,1-3083,15,1,1-3083,78,6,0,1,6.029548462480307,0.07730190336513214
69,69,69,69,69,69,69,69,69,69,69,69,69,69,69,69,69,69,69,1-18498,18,10,1-18498,13,1,0,0,1.0,0.07692307692307693
77,77,77,77,77,77,77,77,77,77,77,77,77,77,77,77,77,77,77,1-2153,15,1,1-2153,13,1,0,0,1.0,0.07692307692307693
397,397,397,397,397,397,397,397,397,397,397,397,397,397,397,397,397,397,397,1-9808,11,15,1-9808,74,5,0,22,5.650066174566746,0.07635224560225332
29,29,29,29,29,29,29,29,29,29,29,29,29,29,29,29,29,29,29,1-18735,11,15,1-18735,27,2,0,2,2.0590969249606133,0.07626284907261531
471,471,471,471,471,471,471,471,471,471,471,471,471,471,471,471,471,471,471,1-9794,1,4,1-9794,46,3,0,16,3.472775399684906,0.07549511738445448
188,188,188,188,188,188,188,188,188,188,188,188,188,188,188,188,188,188,188,1-20167,20,12,1-20167,56,4,0,7,4.206839237362146,0.07512212923860975
398,398,398,398,398,398,398,398,398,398,398,398,398,398,398,398,398,398,398,1-0303,4,21,1-0303,212,13,0,99,15.925297785550356,0.07511932917712431
521,521,521,521,521,521,521,521,521,521,521,521,521,521,521,521,521,521,521,1-19549,4,21,1-19549,29,2,0,4,2.1181938499212265,0.07304116723866298
424,424,424,424,424,424,424,424,424,424,424,424,424,424,424,424,424,424,424,1-4700,12,12,1-4700,31,2,0,6,2.1772907748818398,0.07023518628651096
386,386,386,386,386,386,386,386,386,386,386,386,386,386,386,386,386,386,386,MLG68,18,10,MLG68,642,40,0,169,44.99369015917182,0.07008362953142028
459,459,459,459,459,459,459,459,459,459,459,459,459,459,459,459,459,459,459,1-2545,15,1,1-2545,145,10,0,5,10.147742312401533,0.06998442974070022
431,431,431,431,431,431,431,431,431,431,431,431,431,431,431,431,431,431,431,1-7614,16,8,1-7614,72,5,0,1,5.029548462480307,0.06985483975667092
96,96,96,96,96,96,96,96,96,96,96,96,96,96,96,96,96,96,96,MLG37,3,7,MLG37,116,8,0,3,8.08864538744092,0.06972970161587
74,74,74,74,74,74,74,74,74,74,74,74,74,74,74,74,74,74,74,1-8124,16,8,1-8124,18,1,0,8,1.236387699842453,0.06868820554680294
30,30,30,30,30,30,30,30,30,30,30,30,30,30,30,30,30,30,30,1-8418,15,1,1-8418,46,3,0,4,3.1181938499212265,0.0677868228243745
79,79,79,79,79,79,79,79,79,79,79,79,79,79,79,79,79,79,79,1-9739,5,4,1-9739,31,2,0,2,2.0590969249606133,0.06642248145034237
366,366,366,366,366,366,366,366,366,366,366,366,366,366,366,366,366,366,366,1-5163,13,6,1-5163,16,1,0,2,1.0590969249606133,0.06619355781003833
47,47,47,47,47,47,47,47,47,47,47,47,47,47,47,47,47,47,47,1-19547,10,3,1-19547,66,4,0,11,4.325033087283373,0.06553080435277837
498,498,498,498,498,498,498,498,498,498,498,498,498,498,498,498,498,498,498,1-19915,6,19,1-19915,62,4,0,2,4.059096924960613,0.06546930524130021
315,315,315,315,315,315,315,315,315,315,315,315,315,315,315,315,315,315,315,1-1769,16,8,1-1769,89,5,0,27,5.797808486968279,0.06514391558391325
391,391,391,391,391,391,391,391,391,391,391,391,391,391,391,391,391,391,391,MLG30,11,15,MLG30,208,12,0,45,13.329680811613798,0.06408500390198942
410,410,410,410,410,410,410,410,410,410,410,410,410,410,410,410,410,410,410,MLG12,2,20,MLG12,146,9,0,0,9.0,0.06164383561643835
368,368,368,368,368,368,368,368,368,368,368,368,368,368,368,368,368,368,368,1-5197,16,8,1-5197,72,4,0,13,4.384130012243986,0.06089069461449981
361,361,361,361,361,361,361,361,361,361,361,361,361,361,361,361,361,361,361,1-0008,11,15,1-0008,230,13,0,32,13.945550799369812,0.060632829562477446
26,26,26,26,26,26,26,26,26,26,26,26,26,26,26,26,26,26,26,1-9907,5,4,1-9907,17,1,0,1,1.0295484624803066,0.06056167426354745
413,413,413,413,413,413,413,413,413,413,413,413,413,413,413,413,413,413,413,1-8314,6,19,1-8314,36,2,0,4,2.1181938499212265,0.058838718053367406
57,57,57,57,57,57,57,57,57,57,57,57,57,57,57,57,57,57,57,1-1224,16,8,1-1224,151,8,0,26,8.768260024487972,0.05806794718203955
268,268,268,268,268,268,268,268,268,268,268,268,268,268,268,268,268,268,268,MLG44,6,19,MLG44,59,3,0,13,3.384130012243986,0.05735813580074553
437,437,437,437,437,437,437,437,437,437,437,437,437,437,437,437,437,437,437,1-6980,18,10,1-6980,128,6,0,37,7.093293111771345,0.055416352435713634
243,243,243,243,243,243,243,243,243,243,243,243,243,243,243,243,243,243,243,1-1015,13,6,1-1015,155,7,0,51,8.506971586495638,0.05488368765481057
286,286,286,286,286,286,286,286,286,286,286,286,286,286,286,286,286,286,286,1-3587,7,13,1-3587,46,2,0,17,2.5023238621652126,0.054398344829678535
37,37,37,37,37,37,37,37,37,37,37,37,37,37,37,37,37,37,37,1-5508,5,4,1-5508,38,2,0,2,2.0590969249606133,0.05418676118317403
472,472,472,472,472,472,472,472,472,472,472,472,472,472,472,472,472,472,472,1-9518,11,15,1-9518,22,1,0,6,1.1772907748818398,0.053513217040083626
305,305,305,305,305,305,305,305,305,305,305,305,305,305,305,305,305,305,305,1-7866,15,1,1-7866,318,16,0,26,16.768260024487972,0.052730377435496766
332,332,332,332,332,332,332,332,332,332,332,332,332,332,332,332,332,332,332,MLG78,6,19,MLG78,80,4,0,7,4.206839237362146,0.05258549046702683
510,510,510,510,510,510,510,510,510,510,510,510,510,510,510,510,510,510,510,1-3206,15,1,1-3206,45,2,0,11,2.325033087283373,0.05166740193963051
511,511,511,511,511,511,511,511,511,511,511,511,511,511,511,511,511,511,511,1-9697,4,21,1-9697,20,1,0,1,1.0295484624803066,0.051477423124015334
143,143,143,143,143,143,143,143,143,143,143,143,143,143,143,143,143,143,143,1-8928,15,1,1-8928,39,2,0,0,2.0,0.05128205128205128
245,245,245,245,245,245,245,245,245,245,245,245,245,245,245,245,245,245,245,1-6647,17,2,1-6647,62,3,0,3,3.08864538744092,0.04981686108775677
71,71,71,71,71,71,71,71,71,71,71,71,71,71,71,71,71,71,71,1-6532,13,6,1-6532,27,1,0,11,1.3250330872833729,0.04907529952901381
269,269,269,269,269,269,269,269,269,269,269,269,269,269,269,269,269,269,269,1-7839,12,5,1-7839,24,1,0,6,1.1772907748818398,0.04905378228674332
342,342,342,342,342,342,342,342,342,342,342,342,342,342,342,342,342,342,342,MLG65,6,19,MLG65,201,9,0,27,9.797808486968279,0.048745315855563576
176,176,176,176,176,176,176,176,176,176,176,176,176,176,176,176,176,176,176,1-8042,6,19,1-8042,52,2,0,17,2.5023238621652126,0.0481216127339464
168,168,168,168,168,168,168,168,168,168,168,168,168,168,168,168,168,168,168,1-9655,5,4,1-9655,27,1,0,9,1.2659361623227596,0.04688652453047258
10,10,10,10,10,10,10,10,10,10,10,10,10,10,10,10,10,10,10,1-7964,11,15,1-7964,202,8,0,44,9.300132349133492,0.0460402591541262
426,426,426,426,426,426,426,426,426,426,426,426,426,426,426,426,426,426,426,1-4355,15,1,1-4355,49,2,0,8,2.236387699842453,0.04564056530290721
416,416,416,416,416,416,416,416,416,416,416,416,416,416,416,416,416,416,416,1-18203,5,4,1-18203,29,1,0,10,1.2954846248030663,0.04467188361389884
231,231,231,231,231,231,231,231,231,231,231,231,231,231,231,231,231,231,231,1-8450,10,3,1-8450,52,2,0,10,2.2954846248030663,0.04414393509236666
438,438,438,438,438,438,438,438,438,438,438,438,438,438,438,438,438,438,438,MLG10,18,10,MLG10,60,2,0,21,2.620517712086439,0.04367529520144065
53,53,53,53,53,53,53,53,53,53,53,53,53,53,53,53,53,53,53,1-9850,18,10,1-9850,27,1,0,6,1.1772907748818398,0.043603362032660735
303,303,303,303,303,303,303,303,303,303,303,303,303,303,303,303,303,303,303,1-8157,4,21,1-8157,75,3,0,9,3.2659361623227596,0.043545815497636794
83,83,83,83,83,83,83,83,83,83,83,83,83,83,83,83,83,83,83,1-18423,18,10,1-18423,47,2,0,1,2.0295484624803066,0.043181882180432056
45,45,45,45,45,45,45,45,45,45,45,45,45,45,45,45,45,45,45,1-9444,7,13,1-9444,24,1,0,1,1.0295484624803066,0.04289785260334611
133,133,133,133,133,133,133,133,133,133,133,133,133,133,133,133,133,133,133,1-8576,11,15,1-8576,55,2,0,12,2.3545815497636795,0.0428105736320669
41,41,41,41,41,41,41,41,41,41,41,41,41,41,41,41,41,41,41,1-7509,8,11,1-7509,40,1,0,23,1.6796146370470524,0.04199036592617631
453,453,453,453,453,453,453,453,453,453,453,453,453,453,453,453,453,453,453,1-8397,12,5,1-8397,51,2,0,4,2.1181938499212265,0.04153321274355346
298,298,298,298,298,298,298,298,298,298,298,298,298,298,298,298,298,298,298,1-7019,11,15,1-7019,107,4,0,12,4.3545815497636795,0.0406970238295671
356,356,356,356,356,356,356,356,356,356,356,356,356,356,356,356,356,356,356,1-9761,10,3,1-9761,35,1,0,12,1.3545815497636795,0.038702329993247984
125,125,125,125,125,125,125,125,125,125,125,125,125,125,125,125,125,125,125,1-8622,2,20,1-8622,54,2,0,0,2.0,0.037037037037037035
370,370,370,370,370,370,370,370,370,370,370,370,370,370,370,370,370,370,370,MLG62,10,3,MLG62,525,16,0,113,19.33897626027465,0.036836145257666
507,507,507,507,507,507,507,507,507,507,507,507,507,507,507,507,507,507,507,1-6909,4,21,1-6909,36,1,0,10,1.2954846248030663,0.035985684022307396
513,513,513,513,513,513,513,513,513,513,513,513,513,513,513,513,513,513,513,1-8094,15,1,1-8094,58,2,0,2,2.0590969249606133,0.035501671120010576
163,163,163,163,163,163,163,163,163,163,163,163,163,163,163,163,163,163,163,1-9137,5,4,1-9137,111,3,0,29,3.856905411928892,0.03474689560296299
202,202,202,202,202,202,202,202,202,202,202,202,202,202,202,202,202,202,202,1-8988,2,20,1-8988,29,1,0,0,1.0,0.034482758620689655
40,40,40,40,40,40,40,40,40,40,40,40,40,40,40,40,40,40,40,1-7722,18,10,1-7722,60,2,0,2,2.0590969249606133,0.034318282082676885
24,24,24,24,24,24,24,24,24,24,24,24,24,24,24,24,24,24,24,1-7140,11,15,1-7140,397,9,0,153,13.520914759486914,0.034057719797196254
481,481,481,481,481,481,481,481,481,481,481,481,481,481,481,481,481,481,481,1-10038,18,10,1-10038,76,1,0,50,2.4774231240153313,0.03259767268441225
374,374,374,374,374,374,374,374,374,374,374,374,374,374,374,374,374,374,374,1-6919,8,11,1-6919,43,0,0,46,1.3592292740941048,0.03160998311846755
164,164,164,164,164,164,164,164,164,164,164,164,164,164,164,164,164,164,164,1-9740,6,19,1-9740,34,1,0,2,1.0590969249606133,0.031149909557665095
491,491,491,491,491,491,491,491,491,491,491,491,491,491,491,491,491,491,491,MLG09,18,10,MLG09,125,3,0,21,3.620517712086439,0.028964141696691512
52,52,52,52,52,52,52,52,52,52,52,52,52,52,52,52,52,52,52,72-12387,17,2,72-12387,71,2,0,1,2.0295484624803066,0.028585189612398684
293,293,293,293,293,293,293,293,293,293,293,293,293,293,293,293,293,293,293,1-8066,11,15,1-8066,86,2,0,15,2.4432269372045994,0.02840961554889069
233,233,233,233,233,233,233,233,233,233,233,233,233,233,233,233,233,233,233,MLG07,6,19,MLG07,90,0,0,85,2.511619310826063,0.027906881231400702
65,65,65,65,65,65,65,65,65,65,65,65,65,65,65,65,65,65,65,1-8659,4,21,1-8659,91,2,0,15,2.4432269372045994,0.026848647661589006
365,365,365,365,365,365,365,365,365,365,365,365,365,365,365,365,365,365,365,MLG48,2,20,MLG48,159,4,0,0,4.0,0.025157232704402517
418,418,418,418,418,418,418,418,418,418,418,418,418,418,418,418,418,418,418,1-6216,17,2,1-6216,45,1,0,4,1.1181938499212265,0.0248487522204717
76,76,76,76,76,76,76,76,76,76,76,76,76,76,76,76,76,76,76,1-8541,4,21,1-8541,232,4,0,48,5.418326199054718,0.023354854306270337
432,432,432,432,432,432,432,432,432,432,432,432,432,432,432,432,432,432,432,1-6914,6,19,1-6914,73,1,0,21,1.6205177120864391,0.022198872768307384
519,519,519,519,519,519,519,519,519,519,519,519,519,519,519,519,519,519,519,1-4926,6,19,1-4926,4,0,0,3,0.08864538744091988,0.02216134686022997
304,304,304,304,304,304,304,304,304,304,304,304,304,304,304,304,304,304,304,1-19004,11,15,1-19004,60,1,0,7,1.2068392373621464,0.020113987289369105
111,111,111,111,111,111,111,111,111,111,111,111,111,111,111,111,111,111,111,1-19897,20,12,1-19897,53,1,0,2,1.0590969249606133,0.01998296084831346
16,16,16,16,16,16,16,16,16,16,16,16,16,16,16,16,16,16,16,1-9955,17,2,1-9955,60,1,0,5,1.1477423124015331,0.019129038540025553
306,306,306,306,306,306,306,306,306,306,306,306,306,306,306,306,306,306,306,1-18377,6,19,1-18377,14,0,0,9,0.26593616232275963,0.0189954401659114
452,452,452,452,452,452,452,452,452,452,452,452,452,452,452,452,452,452,452,1-8529,15,1,1-8529,56,1,0,0,1.0,0.017857142857142856
369,369,369,369,369,369,369,369,369,369,369,369,369,369,369,369,369,369,369,1-6594,18,10,1-6594,70,1,0,7,1.2068392373621464,0.01724056053374495
169,169,169,169,169,169,169,169,169,169,169,169,169,169,169,169,169,169,169,1-9606,14,17,1-9606,16,0,0,9,0.26593616232275963,0.016621010145172477
321,321,321,321,321,321,321,321,321,321,321,321,321,321,321,321,321,321,321,1-5172,14,17,1-5172,120,0,0,66,1.9501985237002373,0.016251654364168644
281,281,281,281,281,281,281,281,281,281,281,281,281,281,281,281,281,281,281,1-9995,11,15,1-9995,24,0,0,13,0.38413001224398613,0.016005417176832754
170,170,170,170,170,170,170,170,170,170,170,170,170,170,170,170,170,170,170,1-5043,14,17,1-5043,123,0,0,64,1.891101598739624,0.015374809745850601
478,478,478,478,478,478,478,478,478,478,478,478,478,478,478,478,478,478,478,1-9394,9,23,1-9394,117,0,0,60,1.7729077488183975,0.015153057682208525
363,363,363,363,363,363,363,363,363,363,363,363,363,363,363,363,363,363,363,1-10785,14,17,1-10785,279,0,0,141,4.166333209723234,0.014933093941660338
204,204,204,204,204,204,204,204,204,204,204,204,204,204,204,204,204,204,204,1-9733,1,9,1-9733,4,0,0,2,0.05909692496061325,0.014774231240153313
142,142,142,142,142,142,142,142,142,142,142,142,142,142,142,142,142,142,142,P-16454,9,23,P-16454,8,0,0,4,0.1181938499212265,0.014774231240153313
88,88,88,88,88,88,88,88,88,88,88,88,88,88,88,88,88,88,88,1-5626,14,17,1-5626,125,0,0,58,1.7138108238577843,0.013710486590862275
468,468,468,468,468,468,468,468,468,468,468,468,468,468,468,468,468,468,468,1-6228,8,8,1-6228,48,0,0,22,0.6500661745667458,0.01354304530347387
407,407,407,407,407,407,407,407,407,407,407,407,407,407,407,407,407,407,407,1-8421,14,17,1-8421,109,0,0,47,1.3887777365744114,0.01274108015205882
260,260,260,260,260,260,260,260,260,260,260,260,260,260,260,260,260,260,260,1-0129,14,17,1-0129,142,0,0,60,1.7729077488183975,0.012485265836749278
73,73,73,73,73,73,73,73,73,73,73,73,73,73,73,73,73,73,73,1-5355,14,17,1-5355,53,0,0,20,0.5909692496061325,0.011150363200115707
405,405,405,405,405,405,405,405,405,405,405,405,405,405,405,405,405,405,405,1-3104,8,11,1-3104,16,0,0,6,0.17729077488183975,0.011080673430114985
147,147,147,147,147,147,147,147,147,147,147,147,147,147,147,147,147,147,147,1-17657,6,19,1-17657,8,0,0,3,0.08864538744091988,0.011080673430114985
139,139,139,139,139,139,139,139,139,139,139,139,139,139,139,139,139,139,139,1-7863,14,17,1-7863,351,0,0,128,3.782203197479248,0.010775507685126064
319,319,319,319,319,319,319,319,319,319,319,319,319,319,319,319,319,319,319,1-3584,9,23,1-3584,26,0,0,9,0.26593616232275963,0.010228313935490755
195,195,195,195,195,195,195,195,195,195,195,195,195,195,195,195,195,195,195,1-2670,6,19,1-2670,104,1,0,2,1.0590969249606133,0.010183624278467435
384,384,384,384,384,384,384,384,384,384,384,384,384,384,384,384,384,384,384,1-9270,14,17,1-9270,128,0,0,44,1.3001323491334915,0.010157283977605402
378,378,378,378,378,378,378,378,378,378,378,378,378,378,378,378,378,378,378,1-6561,14,17,1-6561,65,0,0,22,0.6500661745667458,0.010001018070257627
551,551,551,551,551,551,551,551,551,551,551,551,551,551,551,551,551,551,551,1-9838,13,6,1-9838,3,0,0,1,0.029548462480306625,0.009849487493435541
222,222,222,222,222,222,222,222,222,222,222,222,222,222,222,222,222,222,222,1-4149,8,11,1-4149,16,0,0,5,0.14774231240153313,0.00923389452509582
272,272,272,272,272,272,272,272,272,272,272,272,272,272,272,272,272,272,272,1-1570,14,17,1-1570,142,0,0,43,1.270583886653185,0.008947773849670316
307,307,307,307,307,307,307,307,307,307,307,307,307,307,307,307,307,307,307,1-5530,4,21,1-5530,7,0,0,2,0.05909692496061325,0.00844241785151618
265,265,265,265,265,265,265,265,265,265,265,265,265,265,265,265,265,265,265,1-11330,3,19,1-11330,14,0,0,4,0.1181938499212265,0.00844241785151618
514,514,514,514,514,514,514,514,514,514,514,514,514,514,514,514,514,514,514,1-11206,6,19,1-11206,14,0,0,4,0.1181938499212265,0.00844241785151618
316,316,316,316,316,316,316,316,316,316,316,316,316,316,316,316,316,316,316,1-7441,14,17,1-7441,111,0,0,31,0.9160023368895054,0.00825227330531086
430,430,430,430,430,430,430,430,430,430,430,430,430,430,430,430,430,430,430,1-3141,14,17,1-3141,136,0,0,36,1.0637446492910385,0.007821651833022343
196,196,196,196,196,196,196,196,196,196,196,196,196,196,196,196,196,196,196,1-9646,17,2,1-9646,105,0,0,27,0.7978084869682789,0.0075981760663645604
213,213,213,213,213,213,213,213,213,213,213,213,213,213,213,213,213,213,213,1-18563,3,7,1-18563,8,0,0,2,0.05909692496061325,0.007387115620076656
15,15,15,15,15,15,15,15,15,15,15,15,15,15,15,15,15,15,15,1-8093,12,5,1-8093,4,0,0,1,0.029548462480306625,0.007387115620076656
175,175,175,175,175,175,175,175,175,175,175,175,175,175,175,175,175,175,175,1-4910,15,1,1-4910,4,0,0,1,0.029548462480306625,0.007387115620076656
557,557,557,557,557,557,557,557,557,557,557,557,557,557,557,557,557,557,557,1-9806,13,6,1-9806,8,0,0,2,0.05909692496061325,0.007387115620076656
3,3,3,3,3,3,3,3,3,3,3,3,3,3,3,3,3,3,3,1-8222,7,13,1-8222,12,0,0,3,0.08864538744091988,0.007387115620076656
505,505,505,505,505,505,505,505,505,505,505,505,505,505,505,505,505,505,505,1-4747,14,17,1-4747,25,0,0,6,0.17729077488183975,0.00709163099527359
66,66,66,66,66,66,66,66,66,66,66,66,66,66,66,66,66,66,66,1-7536,5,4,1-7536,17,0,0,4,0.1181938499212265,0.006952579407130971
130,130,130,130,130,130,130,130,130,130,130,130,130,130,130,130,130,130,130,1-1833,9,23,1-1833,124,0,0,28,0.8273569494485855,0.006672233463295044
284,284,284,284,284,284,284,284,284,284,284,284,284,284,284,284,284,284,284,1-4136,15,1,1-4136,5,0,0,1,0.029548462480306625,0.005909692496061325
160,160,160,160,160,160,160,160,160,160,160,160,160,160,160,160,160,160,160,1-19813,4,21,1-19813,20,0,0,4,0.1181938499212265,0.005909692496061325
275,275,275,275,275,275,275,275,275,275,275,275,275,275,275,275,275,275,275,1-3216,3,7,1-3216,5,0,0,1,0.029548462480306625,0.005909692496061325
455,455,455,455,455,455,455,455,455,455,455,455,455,455,455,455,455,455,455,1-17790,9,23,1-17790,5,0,0,1,0.029548462480306625,0.005909692496061325
105,105,105,105,105,105,105,105,105,105,105,105,105,105,105,105,105,105,105,1-1258,14,17,1-1258,435,0,0,87,2.5707162357866764,0.005909692496061325
266,266,266,266,266,266,266,266,266,266,266,266,266,266,266,266,266,266,266,1-2103,14,17,1-2103,26,0,0,5,0.14774231240153313,0.005682396630828197
396,396,396,396,396,396,396,396,396,396,396,396,396,396,396,396,396,396,396,1-9963,14,17,1-9963,116,0,0,22,0.6500661745667458,0.005604018746265049
501,501,501,501,501,501,501,501,501,501,501,501,501,501,501,501,501,501,501,1-18487,14,17,1-18487,23,0,0,4,0.1181938499212265,0.0051388630400533266
63,63,63,63,63,63,63,63,63,63,63,63,63,63,63,63,63,63,63,1-7066,14,17,1-7066,23,0,0,4,0.1181938499212265,0.0051388630400533266
112,112,112,112,112,112,112,112,112,112,112,112,112,112,112,112,112,112,112,1-10698,7,13,1-10698,6,0,0,1,0.029548462480306625,0.004924743746717771
549,549,549,549,549,549,549,549,549,549,549,549,549,549,549,549,549,549,549,1-4842,19,14,1-4842,6,0,0,1,0.029548462480306625,0.004924743746717771
145,145,145,145,145,145,145,145,145,145,145,145,145,145,145,145,145,145,145,MLG06,14,17,MLG06,18,0,0,3,0.08864538744091988,0.004924743746717771
376,376,376,376,376,376,376,376,376,376,376,376,376,376,376,376,376,376,376,1-7874,14,17,1-7874,258,0,0,39,1.1523900367319584,0.004466628049348676
155,155,155,155,155,155,155,155,155,155,155,155,155,155,155,155,155,155,155,1-9447,1,9,1-9447,7,0,0,1,0.029548462480306625,0.00422120892575809
512,512,512,512,512,512,512,512,512,512,512,512,512,512,512,512,512,512,512,1-3033,5,4,1-3033,7,0,0,1,0.029548462480306625,0.00422120892575809
122,122,122,122,122,122,122,122,122,122,122,122,122,122,122,122,122,122,122,MLG42,12,23,MLG42,14,0,0,2,0.05909692496061325,0.00422120892575809
237,237,237,237,237,237,237,237,237,237,237,237,237,237,237,237,237,237,237,1-9667,9,23,1-9667,14,0,0,2,0.05909692496061325,0.00422120892575809
555,555,555,555,555,555,555,555,555,555,555,555,555,555,555,555,555,555,555,1-3646,10,3,1-3646,7,0,0,1,0.029548462480306625,0.00422120892575809
442,442,442,442,442,442,442,442,442,442,442,442,442,442,442,442,442,442,442,MLG11,14,17,MLG11,87,0,0,11,0.3250330872833729,0.003736012497510033
230,230,230,230,230,230,230,230,230,230,230,230,230,230,230,230,230,230,230,1-3089,9,23,1-3089,16,0,0,2,0.05909692496061325,0.003693557810038328
228,228,228,228,228,228,228,228,228,228,228,228,228,228,228,228,228,228,228,1-17835,5,4,1-17835,17,0,0,2,0.05909692496061325,0.0034762897035654854
445,445,445,445,445,445,445,445,445,445,445,445,445,445,445,445,445,445,445,1-6538,9,23,1-6538,44,0,0,5,0.14774231240153313,0.003357779827307571
419,419,419,419,419,419,419,419,419,419,419,419,419,419,419,419,419,419,419,1-6692,9,23,1-6692,71,0,0,8,0.236387699842453,0.003329404223133141
515,515,515,515,515,515,515,515,515,515,515,515,515,515,515,515,515,515,515,1-6531,4,21,1-6531,27,0,0,3,0.08864538744091988,0.0032831624978118474
235,235,235,235,235,235,235,235,235,235,235,235,235,235,235,235,235,235,235,1-8113,7,13,1-8113,9,0,0,1,0.029548462480306625,0.0032831624978118474
439,439,439,439,439,439,439,439,439,439,439,439,439,439,439,439,439,439,439,MLG72,9,23,MLG72,9,0,0,1,0.029548462480306625,0.0032831624978118474
144,144,144,144,144,144,144,144,144,144,144,144,144,144,144,144,144,144,144,1-7744,14,17,1-7744,37,0,0,4,0.1181938499212265,0.003194428376249365
132,132,132,132,132,132,132,132,132,132,132,132,132,132,132,132,132,132,132,1-9110,15,1,1-9110,29,0,0,3,0.08864538744091988,0.0030567374979627543
56,56,56,56,56,56,56,56,56,56,56,56,56,56,56,56,56,56,56,1-5877,9,23,1-5877,79,0,0,8,0.236387699842453,0.0029922493650943417
421,421,421,421,421,421,421,421,421,421,421,421,421,421,421,421,421,421,421,1-8398,5,4,1-8398,54,0,0,5,0.14774231240153313,0.0027359687481765395
193,193,193,193,193,193,193,193,193,193,193,193,193,193,193,193,193,193,193,1-9553,9,23,1-9553,23,0,0,2,0.05909692496061325,0.0025694315200266633
59,59,59,59,59,59,59,59,59,59,59,59,59,59,59,59,59,59,59,1-9331,12,5,1-9331,25,0,0,2,0.05909692496061325,0.00236387699842453
109,109,109,109,109,109,109,109,109,109,109,109,109,109,109,109,109,109,109,1-9768,9,23,1-9768,241,0,0,19,0.5614207871258259,0.0023295468345469954
282,282,282,282,282,282,282,282,282,282,282,282,282,282,282,282,282,282,282,1-1608,9,23,1-1608,307,0,0,24,0.709163099527359,0.00230997752289042
189,189,189,189,189,189,189,189,189,189,189,189,189,189,189,189,189,189,189,1-9156,9,23,1-9156,268,0,0,20,0.5909692496061325,0.00220510914032139
22,22,22,22,22,22,22,22,22,22,22,22,22,22,22,22,22,22,22,1-7995,12,5,1-7995,14,0,0,1,0.029548462480306625,0.002110604462879045
80,80,80,80,80,80,80,80,80,80,80,80,80,80,80,80,80,80,80,1-9115,9,23,1-9115,16,0,0,1,0.029548462480306625,0.001846778905019164
7,7,7,7,7,7,7,7,7,7,7,7,7,7,7,7,7,7,7,1-8767,8,3,1-8767,48,0,0,3,0.08864538744091988,0.001846778905019164
137,137,137,137,137,137,137,137,137,137,137,137,137,137,137,137,137,137,137,1-1972,9,23,1-1972,32,0,0,2,0.05909692496061325,0.001846778905019164
334,334,334,334,334,334,334,334,334,334,334,334,334,334,334,334,334,334,334,1-20641,8,11,1-20641,16,0,0,1,0.029548462480306625,0.001846778905019164
148,148,148,148,148,148,148,148,148,148,148,148,148,148,148,148,148,148,148,1-0001,14,17,1-0001,17,0,0,1,0.029548462480306625,0.0017381448517827427
301,301,301,301,301,301,301,301,301,301,301,301,301,301,301,301,301,301,301,1-1177,20,17,1-1177,17,0,0,1,0.029548462480306625,0.0017381448517827427
250,250,250,250,250,250,250,250,250,250,250,250,250,250,250,250,250,250,250,1-9333,9,23,1-9333,102,0,0,6,0.17729077488183975,0.0017381448517827427
470,470,470,470,470,470,470,470,470,470,470,470,470,470,470,470,470,470,470,1-1204,3,23,1-1204,39,0,0,2,0.05909692496061325,0.0015153057682208526
110,110,110,110,110,110,110,110,110,110,110,110,110,110,110,110,110,110,110,72-18936,11,15,72-18936,20,0,0,1,0.029548462480306625,0.0014774231240153313
420,420,420,420,420,420,420,420,420,420,420,420,420,420,420,420,420,420,420,1-8172,9,23,1-8172,40,0,0,2,0.05909692496061325,0.0014774231240153313
54,54,54,54,54,54,54,54,54,54,54,54,54,54,54,54,54,54,54,1-8125,12,5,1-8125,21,0,0,1,0.029548462480306625,0.001407069641919363
415,415,415,415,415,415,415,415,415,415,415,415,415,415,415,415,415,415,415,1-1957,9,23,1-1957,47,0,0,2,0.05909692496061325,0.0012573813821407074
271,271,271,271,271,271,271,271,271,271,271,271,271,271,271,271,271,271,271,1-7897,9,23,1-7897,95,0,0,4,0.1181938499212265,0.0012441457886444894
336,336,336,336,336,336,336,336,336,336,336,336,336,336,336,336,336,336,336,1-1827,8,23,1-1827,24,0,0,1,0.029548462480306625,0.0012311859366794427
411,411,411,411,411,411,411,411,411,411,411,411,411,411,411,411,411,411,411,MLG15,9,23,MLG15,105,0,0,4,0.1181938499212265,0.0011256557135354904
232,232,232,232,232,232,232,232,232,232,232,232,232,232,232,232,232,232,232,1-18371,9,23,1-18371,120,0,0,4,0.1181938499212265,0.0009849487493435543
98,98,98,98,98,98,98,98,98,98,98,98,98,98,98,98,98,98,98,1-8127,15,1,1-8127,32,0,0,1,0.029548462480306625,0.000923389452509582
67,67,67,67,67,67,67,67,67,67,67,67,67,67,67,67,67,67,67,1-7481,9,23,1-7481,33,0,0,1,0.029548462480306625,0.0008954079539486856
38,38,38,38,38,38,38,38,38,38,38,38,38,38,38,38,38,38,38,1-2104,4,21,1-2104,36,0,0,1,0.029548462480306625,0.0008207906244529618
23,23,23,23,23,23,23,23,23,23,23,23,23,23,23,23,23,23,23,1-2025,12,5,1-2025,41,0,0,1,0.029548462480306625,0.000720694206836747
508,508,508,508,508,508,508,508,508,508,508,508,508,508,508,508,508,508,508,1-8532,12,5,1-8532,4,0,0,0,0.0,0.0
34,34,34,34,34,34,34,34,34,34,34,34,34,34,34,34,34,34,34,1-6642,1,9,1-6642,36,0,0,0,0.0,0.0
60,60,60,60,60,60,60,60,60,60,60,60,60,60,60,60,60,60,60,1-18202,8,11,1-18202,23,0,0,0,0.0,0.0
252,252,252,252,252,252,252,252,252,252,252,252,252,252,252,252,252,252,252,1-21195,5,4,1-21195,1,0,0,0,0.0,0.0
554,554,554,554,554,554,554,554,554,554,554,554,554,554,554,554,554,554,554,1-10444,10,13,1-10444,8,0,0,0,0.0,0.0
50,50,50,50,50,50,50,50,50,50,50,50,50,50,50,50,50,50,50,1-8174,15,1,1-8174,45,0,0,0,0.0,0.0
503,503,503,503,503,503,503,503,503,503,503,503,503,503,503,503,503,503,503,1-9076,14,17,1-9076,9,0,0,0,0.0,0.0
492,492,492,492,492,492,492,492,492,492,492,492,492,492,492,492,492,492,492,1-6028,3,4,1-6028,2,0,0,0,0.0,0.0
561,561,561,561,561,561,561,561,561,561,561,561,561,561,561,561,561,561,561,1-9455,12,1,1-9455,2,0,0,0,0.0,0.0
75,75,75,75,75,75,75,75,75,75,75,75,75,75,75,75,75,75,75,1-8401,12,5,1-8401,57,0,0,0,0.0,0.0
127,127,127,127,127,127,127,127,127,127,127,127,127,127,127,127,127,127,127,1-9643,12,5,1-9643,8,0,0,0,0.0,0.0
297,297,297,297,297,297,297,297,297,297,297,297,297,297,297,297,297,297,297,1-8352,1,9,1-8352,1,0,0,0,0.0,0.0
556,556,556,556,556,556,556,556,556,556,556,556,556,556,556,556,556,556,556,1-10951,1,9,1-10951,1,0,0,0,0.0,0.0
135,135,135,135,135,135,135,135,135,135,135,135,135,135,135,135,135,135,135,1-9712,4,21,1-9712,10,0,0,0,0.0,0.0
219,219,219,219,219,219,219,219,219,219,219,219,219,219,219,219,219,219,219,1-5653,2,17,1-5653,11,0,0,0,0.0,0.0
181,181,181,181,181,181,181,181,181,181,181,181,181,181,181,181,181,181,181,1-8641,19,14,1-8641,30,0,0,0,0.0,0.0
546,546,546,546,546,546,546,546,546,546,546,546,546,546,546,546,546,546,546,1-7527,1,1,1-7527,1,0,0,0,0.0,0.0
249,249,249,249,249,249,249,249,249,249,249,249,249,249,249,249,249,249,249,1-6931,19,14,1-6931,1,0,0,0,0.0,0.0
212,212,212,212,212,212,212,212,212,212,212,212,212,212,212,212,212,212,212,1-10922,1,9,1-10922,1,0,0,0,0.0,0.0
35,35,35,35,35,35,35,35,35,35,35,35,35,35,35,35,35,35,35,1-2869,7,13,1-2869,9,0,0,0,0.0,0.0
496,496,496,496,496,496,496,496,496,496,496,496,496,496,496,496,496,496,496,1-3176,4,21,1-3176,3,0,0,0,0.0,0.0
254,254,254,254,254,254,254,254,254,254,254,254,254,254,254,254,254,254,254,1-8379,2,20,1-8379,5,0,0,0,0.0,0.0
325,325,325,325,325,325,325,325,325,325,325,325,325,325,325,325,325,325,325,1-19924,2,20,1-19924,1,0,0,0,0.0,0.0
565,565,565,565,565,565,565,565,565,565,565,565,565,565,565,565,565,565,565,1-19927,1,9,1-19927,1,0,0,0,0.0,0.0
278,278,278,278,278,278,278,278,278,278,278,278,278,278,278,278,278,278,278,1-10762,9,23,1-10762,6,0,0,0,0.0,0.0
82,82,82,82,82,82,82,82,82,82,82,82,82,82,82,82,82,82,82,1-17645,9,23,1-17645,9,0,0,0,0.0,0.0
165,165,165,165,165,165,165,165,165,165,165,165,165,165,165,165,165,165,165,1-7721,11,15,1-7721,20,0,0,0,0.0,0.0
287,287,287,287,287,287,287,287,287,287,287,287,287,287,287,287,287,287,287,1-9836,2,20,1-9836,5,0,0,0,0.0,0.0
274,274,274,274,274,274,274,274,274,274,274,274,274,274,274,274,274,274,274,1-0033,4,23,1-0033,10,0,0,0,0.0,0.0
523,523,523,523,523,523,523,523,523,523,523,523,523,523,523,523,523,523,523,1-9861,3,20,1-9861,8,0,0,0,0.0,0.0
317,317,317,317,317,317,317,317,317,317,317,317,317,317,317,317,317,317,317,1-10978,3,7,1-10978,1,0,0,0,0.0,0.0
550,550,550,550,550,550,550,550,550,550,550,550,550,550,550,550,550,550,550,1-19568,1,1,1-19568,2,0,0,0,0.0,0.0
28,28,28,28,28,28,28,28,28,28,28,28,28,28,28,28,28,28,28,1-10071,9,23,1-10071,30,0,0,0,0.0,0.0
559,559,559,559,559,559,559,559,559,559,559,559,559,559,559,559,559,559,559,1-5914,4,21,1-5914,3,0,0,0,0.0,0.0
186,186,186,186,186,186,186,186,186,186,186,186,186,186,186,186,186,186,186,72-11994,7,23,72-11994,8,0,0,0,0.0,0.0
115,115,115,115,115,115,115,115,115,115,115,115,115,115,115,115,115,115,115,1-3178,4,21,1-3178,6,0,0,0,0.0,0.0
323,323,323,323,323,323,323,323,323,323,323,323,323,323,323,323,323,323,323,1-3647,19,14,1-3647,5,0,0,0,0.0,0.0
187,187,187,187,187,187,187,187,187,187,187,187,187,187,187,187,187,187,187,1-7321,19,14,1-7321,7,0,0,0,0.0,0.0
215,215,215,215,215,215,215,215,215,215,215,215,215,215,215,215,215,215,215,1-19839,9,23,1-19839,13,0,0,0,0.0,0.0
107,107,107,107,107,107,107,107,107,107,107,107,107,107,107,107,107,107,107,1-6971,3,7,1-6971,10,0,0,0,0.0,0.0
229,229,229,229,229,229,229,229,229,229,229,229,229,229,229,229,229,229,229,1-4361,6,19,1-4361,10,0,0,0,0.0,0.0
118,118,118,118,118,118,118,118,118,118,118,118,118,118,118,118,118,118,118,1-6543,4,21,1-6543,12,0,0,0,0.0,0.0
158,158,158,158,158,158,158,158,158,158,158,158,158,158,158,158,158,158,158,1-7599,17,2,1-7599,3,0,0,0,0.0,0.0
242,242,242,242,242,242,242,242,242,242,242,242,242,242,242,242,242,242,242,1-20791,20,12,1-20791,13,0,0,0,0.0,0.0
18,18,18,18,18,18,18,18,18,18,18,18,18,18,18,18,18,18,18,1-3521,7,13,1-3521,22,0,0,0,0.0,0.0
21,21,21,21,21,21,21,21,21,21,21,21,21,21,21,21,21,21,21,1-3519,10,23,1-3519,27,0,0,0,0.0,0.0
543,543,543,543,543,543,543,543,543,543,543,543,543,543,543,543,543,543,543,1-5803,15,1,1-5803,15,0,0,0,0.0,0.0
530,530,530,530,530,530,530,530,530,530,530,530,530,530,530,530,530,530,530,1-4847,1,9,1-4847,2,0,0,0,0.0,0.0
32,32,32,32,32,32,32,32,32,32,32,32,32,32,32,32,32,32,32,1-0022,2,20,1-0022,18,0,0,0,0.0,0.0
262,262,262,262,262,262,262,262,262,262,262,262,262,262,262,262,262,262,262,1-8623,2,20,1-8623,5,0,0,0,0.0,0.0
194,194,194,194,194,194,194,194,194,194,194,194,194,194,194,194,194,194,194,1-9253,5,4,1-9253,24,0,0,0,0.0,0.0
469,469,469,469,469,469,469,469,469,469,469,469,469,469,469,469,469,469,469,1-8578,8,1,1-8578,11,0,0,0,0.0,0.0
70,70,70,70,70,70,70,70,70,70,70,70,70,70,70,70,70,70,70,1-2584,14,17,1-2584,36,0,0,0,0.0,0.0
46,46,46,46,46,46,46,46,46,46,46,46,46,46,46,46,46,46,46,1-8566,12,13,1-8566,5,0,0,0,0.0,0.0
6,6,6,6,6,6,6,6,6,6,6,6,6,6,6,6,6,6,6,1-8021,13,6,1-8021,58,0,0,0,0.0,0.0
146,146,146,146,146,146,146,146,146,146,146,146,146,146,146,146,146,146,146,1-7453,17,2,1-7453,13,0,0,0,0.0,0.0
49,49,49,49,49,49,49,49,49,49,49,49,49,49,49,49,49,49,49,1-2178,2,20,1-2178,12,0,0,0,0.0,0.0
9,9,9,9,9,9,9,9,9,9,9,9,9,9,9,9,9,9,9,1-8020,6,19,1-8020,56,0,0,0,0.0,0.0
113,113,113,113,113,113,113,113,113,113,113,113,113,113,113,113,113,113,113,1-4499,13,6,1-4499,12,0,0,0,0.0,0.0
545,545,545,545,545,545,545,545,545,545,545,545,545,545,545,545,545,545,545,1-19567,1,4,1-19567,2,0,0,0,0.0,0.0
120,120,120,120,120,120,120,120,120,120,120,120,120,120,120,120,120,120,120,1-10232,3,7,1-10232,5,0,0,0,0.0,0.0
177,177,177,177,177,177,177,177,177,177,177,177,177,177,177,177,177,177,177,1-10948,6,19,1-10948,2,0,0,0,0.0,0.0
90,90,90,90,90,90,90,90,90,90,90,90,90,90,90,90,90,90,90,1-19222,10,12,1-19222,15,0,0,0,0.0,0.0
20,20,20,20,20,20,20,20,20,20,20,20,20,20,20,20,20,20,20,1-5167,5,1,1-5167,24,0,0,0,0.0,0.0
