Unnamed: 0,Unnamed: 0.1,Unnamed: 0.18,Unnamed: 0.17,Unnamed: 0.16,Unnamed: 0.15,Unnamed: 0.14,Unnamed: 0.13,Unnamed: 0.12,Unnamed: 0.11,Unnamed: 0.10,Unnamed: 0.9,Unnamed: 0.8,Unnamed: 0.7,Unnamed: 0.6,Unnamed: 0.5,Unnamed: 0.4,Unnamed: 0.3,Unnamed: 0.2,Unnamed: 0.1.1,Unnamed: 0.1.1.1,Exam Group,Exam Block,slot,exam,size,b2bs,confs,2i3s,score,score_norm
480,480,480,480,480,480,480,480,480,480,480,480,480,480,480,480,480,480,480,480,480,1-1005,2,16,1-1005,125,12,1,59,1022.3724476695061,8.178979581356048
517,517,517,517,517,517,517,517,517,517,517,517,517,517,517,517,517,517,517,517,517,1-18028,2,16,1-18028,309,61,1,61,1071.7240560650826,3.4683626409873223
374,374,374,374,374,374,374,374,374,374,374,374,374,374,374,374,374,374,374,374,374,1-6919,13,15,1-6919,43,49,0,0,49.0,1.1395348837209303
372,372,372,372,372,372,372,372,372,372,372,372,372,372,372,372,372,372,372,372,372,1-6916,2,16,1-6916,43,43,0,6,44.05482518672943,1.0245308182960333
453,453,453,453,453,453,453,453,453,453,453,453,453,453,453,453,453,453,453,453,453,1-8397,13,15,1-8397,51,49,0,2,49.35160839557648,0.9676785959916956
18,18,18,18,18,18,18,18,18,18,18,18,18,18,18,18,18,18,18,18,18,1-3521,8,9,1-3521,22,21,0,0,21.0,0.9545454545454546
233,233,233,233,233,233,233,233,233,233,233,233,233,233,233,233,233,233,233,233,233,MLG07,22,6,MLG07,90,84,0,3,84.52741259336472,0.939193473259608
418,418,418,418,418,418,418,418,418,418,418,418,418,418,418,418,418,418,418,418,418,1-6216,18,18,1-6216,45,39,0,7,40.23062938451767,0.8940139863226149
20,20,20,20,20,20,20,20,20,20,20,20,20,20,20,20,20,20,20,20,20,1-5167,1,8,1-5167,24,21,0,0,21.0,0.875
495,495,495,495,495,495,495,495,495,495,495,495,495,495,495,495,495,495,495,495,495,MLG08,20,5,MLG08,107,92,0,7,93.23062938451767,0.8713142933132493
280,280,280,280,280,280,280,280,280,280,280,280,280,280,280,280,280,280,280,280,280,1-7608,2,16,1-7608,4,3,0,1,3.1758041977882385,0.7939510494470596
421,421,421,421,421,421,421,421,421,421,421,421,421,421,421,421,421,421,421,421,421,1-8398,16,20,1-8398,54,37,0,14,39.46125876903534,0.7307640512784322
83,83,83,83,83,83,83,83,83,83,83,83,83,83,83,83,83,83,83,83,83,1-18423,13,15,1-18423,47,26,0,27,30.74671334028244,0.6541853902187753
270,270,270,270,270,270,270,270,270,270,270,270,270,270,270,270,270,270,270,270,270,1-1390,15,10,1-1390,98,60,0,15,62.63706296682358,0.6391537037430978
261,261,261,261,261,261,261,261,261,261,261,261,261,261,261,261,261,261,261,261,261,1-1942,6,4,1-1942,34,20,0,9,21.582237780094147,0.6347716994145337
239,239,239,239,239,239,239,239,239,239,239,239,239,239,239,239,239,239,239,239,239,1-7042,19,13,1-7042,117,66,0,33,71.80153852701187,0.6136883634787339
543,543,543,543,543,543,543,543,543,543,543,543,543,543,543,543,543,543,543,543,543,1-5803,15,10,1-5803,15,8,0,4,8.703216791152954,0.5802144527435302
274,274,274,274,274,274,274,274,274,274,274,274,274,274,274,274,274,274,274,274,274,1-0033,22,6,1-0033,10,5,0,3,5.527412593364716,0.5527412593364716
519,519,519,519,519,519,519,519,519,519,519,519,519,519,519,519,519,519,519,519,519,1-4926,20,5,1-4926,4,2,0,1,2.1758041977882385,0.5439510494470596
316,316,316,316,316,316,316,316,316,316,316,316,316,316,316,316,316,316,316,316,316,1-7441,12,14,1-7441,111,53,0,34,58.97734272480011,0.5313274119351361
182,182,182,182,182,182,182,182,182,182,182,182,182,182,182,182,182,182,182,182,182,1-7752,7,12,1-7752,29,14,0,8,15.406433582305908,0.5312563304243416
516,516,516,516,516,516,516,516,516,516,516,516,516,516,516,516,516,516,516,516,516,1-5036,19,13,1-5036,14,7,0,1,7.1758041977882385,0.5125574426991599
91,91,91,91,91,91,91,91,91,91,91,91,91,91,91,91,91,91,91,91,91,72-12171,9,3,72-12171,19,8,0,9,9.582237780094147,0.5043283042154814
545,545,545,545,545,545,545,545,545,545,545,545,545,545,545,545,545,545,545,545,545,1-19567,2,16,1-19567,2,1,0,0,1.0,0.5
530,530,530,530,530,530,530,530,530,530,530,530,530,530,530,530,530,530,530,530,530,1-4847,13,15,1-4847,2,1,0,0,1.0,0.5
506,506,506,506,506,506,506,506,506,506,506,506,506,506,506,506,506,506,506,506,506,1-6227,1,8,1-6227,52,20,0,30,25.274125933647156,0.4860408833393684
463,463,463,463,463,463,463,463,463,463,463,463,463,463,463,463,463,463,463,463,463,1-1989,8,9,1-1989,46,20,0,9,21.582237780094147,0.4691790821759597
456,456,456,456,456,456,456,456,456,456,456,456,456,456,456,456,456,456,456,456,456,1-8186,15,10,1-8186,26,12,0,0,12.0,0.46153846153846156
436,436,436,436,436,436,436,436,436,436,436,436,436,436,436,436,436,436,436,436,436,1-5161,7,12,1-5161,12,5,0,3,5.527412593364716,0.4606177161137263
420,420,420,420,420,420,420,420,420,420,420,420,420,420,420,420,420,420,420,420,420,1-8172,12,14,1-8172,40,17,0,7,18.23062938451767,0.45576573461294173
209,209,209,209,209,209,209,209,209,209,209,209,209,209,209,209,209,209,209,209,209,1-9938,11,2,1-9938,55,24,0,3,24.527412593364716,0.4459529562429948
486,486,486,486,486,486,486,486,486,486,486,486,486,486,486,486,486,486,486,486,486,1-8678,10,17,1-8678,17,7,0,3,7.527412593364716,0.4427889760802774
427,427,427,427,427,427,427,427,427,427,427,427,427,427,427,427,427,427,427,427,427,1-9379,15,10,1-9379,58,24,0,7,25.23062938451767,0.4350108514572012
440,440,440,440,440,440,440,440,440,440,440,440,440,440,440,440,440,440,440,440,440,MLG52,19,13,MLG52,125,50,0,21,53.69188815355301,0.4295351052284241
247,247,247,247,247,247,247,247,247,247,247,247,247,247,247,247,247,247,247,247,247,1-20467,4,23,1-20467,13,5,0,3,5.527412593364716,0.42518558410497814
394,394,394,394,394,394,394,394,394,394,394,394,394,394,394,394,394,394,394,394,394,1-2423,14,21,1-2423,79,33,0,2,33.35160839557648,0.42217225817185416
68,68,68,68,68,68,68,68,68,68,68,68,68,68,68,68,68,68,68,68,68,1-7845,6,4,1-7845,36,13,0,10,14.758041977882385,0.40994561049673295
94,94,94,94,94,94,94,94,94,94,94,94,94,94,94,94,94,94,94,94,94,1-3083,19,13,1-3083,78,29,0,16,31.812867164611816,0.4078572713411771
333,333,333,333,333,333,333,333,333,333,333,333,333,333,333,333,333,333,333,333,333,1-11329,1,8,1-11329,14,5,0,4,5.703216791152954,0.40737262793949675
260,260,260,260,260,260,260,260,260,260,260,260,260,260,260,260,260,260,260,260,260,1-0129,12,14,1-0129,142,56,0,10,57.758041977882385,0.4067467744921295
245,245,245,245,245,245,245,245,245,245,245,245,245,245,245,245,245,245,245,245,245,1-6647,8,9,1-6647,62,22,0,17,24.988671362400055,0.40304308649032344
190,190,190,190,190,190,190,190,190,190,190,190,190,190,190,190,190,190,190,190,190,1-2382,15,10,1-2382,139,53,0,17,55.988671362400055,0.40279619685179896
541,541,541,541,541,541,541,541,541,541,541,541,541,541,541,541,541,541,541,541,541,1-5424,16,20,1-5424,5,2,0,0,2.0,0.4
95,95,95,95,95,95,95,95,95,95,95,95,95,95,95,95,95,95,95,95,95,1-3312,13,15,1-3312,36,14,0,2,14.351608395576477,0.39865578876601326
55,55,55,55,55,55,55,55,55,55,55,55,55,55,55,55,55,55,55,55,55,1-8095,8,9,1-8095,46,16,0,13,18.2854545712471,0.39750988198363263
533,533,533,533,533,533,533,533,533,533,533,533,533,533,533,533,533,533,533,533,533,1-7530,2,16,1-7530,25,8,0,9,9.582237780094147,0.38328951120376586
466,466,466,466,466,466,466,466,466,466,466,466,466,466,466,466,466,466,466,466,466,1-5981,16,20,1-5981,28,10,0,4,10.703216791152954,0.38225774254117695
105,105,105,105,105,105,105,105,105,105,105,105,105,105,105,105,105,105,105,105,105,1-1258,12,14,1-1258,435,144,0,101,161.7562239766121,0.3718533884519818
472,472,472,472,472,472,472,472,472,472,472,472,472,472,472,472,472,472,472,472,472,1-9518,15,10,1-9518,22,8,0,1,8.175804197788239,0.37162746353582904
490,490,490,490,490,490,490,490,490,490,490,490,490,490,490,490,490,490,490,490,490,1-3551,19,13,1-3551,6,2,0,1,2.1758041977882385,0.3626340329647064
491,491,491,491,491,491,491,491,491,491,491,491,491,491,491,491,491,491,491,491,491,MLG09,10,17,MLG09,125,43,0,9,44.58223778009415,0.35665790224075317
170,170,170,170,170,170,170,170,170,170,170,170,170,170,170,170,170,170,170,170,170,1-5043,15,10,1-5043,123,41,0,12,43.10965037345886,0.3504849623858444
384,384,384,384,384,384,384,384,384,384,384,384,384,384,384,384,384,384,384,384,384,1-9270,12,14,1-9270,128,41,0,19,44.34027975797653,0.34640843560919166
319,319,319,319,319,319,319,319,319,319,319,319,319,319,319,319,319,319,319,319,319,1-3584,10,17,1-3584,26,9,0,0,9.0,0.34615384615384615
303,303,303,303,303,303,303,303,303,303,303,303,303,303,303,303,303,303,303,303,303,1-8157,10,17,1-8157,75,25,0,5,25.879020988941193,0.34505361318588257
563,563,563,563,563,563,563,563,563,563,563,563,563,563,563,563,563,563,563,563,563,1-21192,20,5,1-21192,4,1,0,2,1.351608395576477,0.33790209889411926
204,204,204,204,204,204,204,204,204,204,204,204,204,204,204,204,204,204,204,204,204,1-9733,6,4,1-9733,4,1,0,2,1.351608395576477,0.33790209889411926
392,392,392,392,392,392,392,392,392,392,392,392,392,392,392,392,392,392,392,392,392,1-9609,1,8,1-9609,25,8,0,2,8.351608395576477,0.33406433582305906
496,496,496,496,496,496,496,496,496,496,496,496,496,496,496,496,496,496,496,496,496,1-3176,17,11,1-3176,3,1,0,0,1.0,0.3333333333333333
153,153,153,153,153,153,153,153,153,153,153,153,153,153,153,153,153,153,153,153,153,1-1350,7,12,1-1350,195,59,0,34,64.97734272480011,0.3332171421784621
399,399,399,399,399,399,399,399,399,399,399,399,399,399,399,399,399,399,399,399,399,MLG60,10,17,MLG60,47,15,0,3,15.527412593364716,0.33037048070988756
378,378,378,378,378,378,378,378,378,378,378,378,378,378,378,378,378,378,378,378,378,1-6561,12,14,1-6561,65,21,0,2,21.351608395576477,0.3284862830088689
403,403,403,403,403,403,403,403,403,403,403,403,403,403,403,403,403,403,403,403,403,1-1770,9,3,1-1770,35,9,0,14,11.46125876903534,0.3274645362581525
52,52,52,52,52,52,52,52,52,52,52,52,52,52,52,52,52,52,52,52,52,72-12387,2,16,72-12387,71,23,0,1,23.17580419778824,0.32641977743363715
389,389,389,389,389,389,389,389,389,389,389,389,389,389,389,389,389,389,389,389,389,1-0278,19,13,1-0278,79,18,0,44,25.735384702682495,0.3257643633250949
122,122,122,122,122,122,122,122,122,122,122,122,122,122,122,122,122,122,122,122,122,MLG42,21,7,MLG42,14,4,0,3,4.527412593364716,0.3233866138117654
414,414,414,414,414,414,414,414,414,414,414,414,414,414,414,414,414,414,414,414,414,1-8285,9,3,1-8285,72,20,0,18,23.164475560188293,0.3217288272248374
185,185,185,185,185,185,185,185,185,185,185,185,185,185,185,185,185,185,185,185,185,1-8906,12,14,1-8906,15,4,0,4,4.703216791152954,0.3135477860768636
331,331,331,331,331,331,331,331,331,331,331,331,331,331,331,331,331,331,331,331,331,MLG75,10,17,MLG75,185,55,0,17,57.988671362400055,0.3134522776345949
264,264,264,264,264,264,264,264,264,264,264,264,264,264,264,264,264,264,264,264,264,P-0009,19,13,P-0009,7,2,0,1,2.1758041977882385,0.3108291711126055
406,406,406,406,406,406,406,406,406,406,406,406,406,406,406,406,406,406,406,406,406,1-17907,22,6,1-17907,119,35,0,11,36.933846175670624,0.3103684552577363
266,266,266,266,266,266,266,266,266,266,266,266,266,266,266,266,266,266,266,266,266,1-2103,7,12,1-2103,26,8,0,0,8.0,0.3076923076923077
292,292,292,292,292,292,292,292,292,292,292,292,292,292,292,292,292,292,292,292,292,1-9997,2,16,1-9997,16,4,0,5,4.879020988941193,0.30493881180882454
318,318,318,318,318,318,318,318,318,318,318,318,318,318,318,318,318,318,318,318,318,1-2324,11,2,1-2324,25,7,0,3,7.527412593364716,0.3010965037345886
438,438,438,438,438,438,438,438,438,438,438,438,438,438,438,438,438,438,438,438,438,MLG10,21,7,MLG10,60,14,0,23,18.043496549129486,0.3007249424854914
342,342,342,342,342,342,342,342,342,342,342,342,342,342,342,342,342,342,342,342,342,MLG65,2,16,MLG65,201,46,0,74,59.00951063632965,0.2935796549071127
327,327,327,327,327,327,327,327,327,327,327,327,327,327,327,327,327,327,327,327,327,P-16616,9,3,P-16616,28,5,0,18,8.164475560188293,0.2915884128638676
348,348,348,348,348,348,348,348,348,348,348,348,348,348,348,348,348,348,348,348,348,1-17758,19,13,1-17758,40,11,0,3,11.527412593364716,0.2881853148341179
425,425,425,425,425,425,425,425,425,425,425,425,425,425,425,425,425,425,425,425,425,1-6006,1,8,1-6006,57,16,0,2,16.351608395576477,0.2868703227294119
451,451,451,451,451,451,451,451,451,451,451,451,451,451,451,451,451,451,451,451,451,1-4098,10,17,1-4098,16,4,0,3,4.527412593364716,0.2829632870852947
398,398,398,398,398,398,398,398,398,398,398,398,398,398,398,398,398,398,398,398,398,1-0303,11,2,1-0303,212,58,0,11,59.933846175670624,0.282706821583352
503,503,503,503,503,503,503,503,503,503,503,503,503,503,503,503,503,503,503,503,503,1-9076,10,17,1-9076,9,2,0,3,2.5274125933647156,0.2808236214849684
310,310,310,310,310,310,310,310,310,310,310,310,310,310,310,310,310,310,310,310,310,1-4855,6,4,1-4855,22,6,0,1,6.1758041977882385,0.2807183726267381
47,47,47,47,47,47,47,47,47,47,47,47,47,47,47,47,47,47,47,47,47,1-19547,5,1,1-19547,66,18,0,2,18.351608395576477,0.27805467266024964
207,207,207,207,207,207,207,207,207,207,207,207,207,207,207,207,207,207,207,207,207,1-7058,15,10,1-7058,80,20,0,12,22.109650373458862,0.2763706296682358
442,442,442,442,442,442,442,442,442,442,442,442,442,442,442,442,442,442,442,442,442,MLG11,15,10,MLG11,87,19,0,28,23.92251753807068,0.2749714659548354
39,39,39,39,39,39,39,39,39,39,39,39,39,39,39,39,39,39,39,39,39,1-7467,2,16,1-7467,64,16,0,9,17.582237780094147,0.27472246531397104
210,210,210,210,210,210,210,210,210,210,210,210,210,210,210,210,210,210,210,210,210,1-7842,6,4,1-7842,21,4,0,10,5.758041977882385,0.2741924751372564
527,527,527,527,527,527,527,527,527,527,527,527,527,527,527,527,527,527,527,527,527,1-5531,7,12,1-5531,8,2,0,1,2.1758041977882385,0.2719755247235298
537,537,537,537,537,537,537,537,537,537,537,537,537,537,537,537,537,537,537,537,537,1-4494,10,17,1-4494,16,4,0,2,4.351608395576477,0.2719755247235298
412,412,412,412,412,412,412,412,412,412,412,412,412,412,412,412,412,412,412,412,412,1-6858,1,8,1-6858,23,5,0,7,6.23062938451767,0.2708969297616378
501,501,501,501,501,501,501,501,501,501,501,501,501,501,501,501,501,501,501,501,501,1-18487,10,17,1-18487,23,6,0,1,6.1758041977882385,0.26851322599079297
140,140,140,140,140,140,140,140,140,140,140,140,140,140,140,140,140,140,140,140,140,1-2294,17,11,1-2294,75,16,0,23,20.043496549129486,0.26724662065505983
1,1,1,1,1,1,1,1,1,1,1,1,1,1,1,1,1,1,1,1,1,1-9185,11,2,1-9185,31,7,0,7,8.23062938451767,0.2655041736941184
102,102,102,102,102,102,102,102,102,102,102,102,102,102,102,102,102,102,102,102,102,1-3564,12,14,1-3564,41,10,0,5,10.879020988941193,0.26534197534002907
255,255,255,255,255,255,255,255,255,255,255,255,255,255,255,255,255,255,255,255,255,1-9946,2,16,1-9946,12,3,0,1,3.1758041977882385,0.2646503498156865
85,85,85,85,85,85,85,85,85,85,85,85,85,85,85,85,85,85,85,85,85,1-8084,13,15,1-8084,82,15,0,37,21.504755318164825,0.2622531136361564
192,192,192,192,192,192,192,192,192,192,192,192,192,192,192,192,192,192,192,192,192,1-9770,16,20,1-9770,50,11,0,12,13.109650373458862,0.26219300746917723
169,169,169,169,169,169,169,169,169,169,169,169,169,169,169,169,169,169,169,169,169,1-9606,9,3,1-9606,16,4,0,1,4.1758041977882385,0.2609877623617649
355,355,355,355,355,355,355,355,355,355,355,355,355,355,355,355,355,355,355,355,355,1-9498,12,14,1-9498,64,16,0,4,16.703216791152954,0.2609877623617649
407,407,407,407,407,407,407,407,407,407,407,407,407,407,407,407,407,407,407,407,407,1-8421,12,14,1-8421,109,26,0,13,28.2854545712471,0.2594995832224505
429,429,429,429,429,429,429,429,429,429,429,429,429,429,429,429,429,429,429,429,429,1-6693,7,12,1-6693,98,23,0,13,25.2854545712471,0.2580148425637459
179,179,179,179,179,179,179,179,179,179,179,179,179,179,179,179,179,179,179,179,179,1-4052,22,6,1-4052,13,3,0,2,3.351608395576477,0.2578160304289598
562,562,562,562,562,562,562,562,562,562,562,562,562,562,562,562,562,562,562,562,562,1-0003,22,6,1-0003,17,4,0,2,4.351608395576477,0.25597696444567514
201,201,201,201,201,201,201,201,201,201,201,201,201,201,201,201,201,201,201,201,201,1-9902,4,23,1-9902,30,6,0,9,7.582237780094147,0.25274125933647157
324,324,324,324,324,324,324,324,324,324,324,324,324,324,324,324,324,324,324,324,324,1-6734,12,14,1-6734,44,9,0,12,11.109650373458862,0.2524920539422469
286,286,286,286,286,286,286,286,286,286,286,286,286,286,286,286,286,286,286,286,286,1-3587,7,12,1-3587,46,10,0,9,11.582237780094147,0.2517877778281336
285,285,285,285,285,285,285,285,285,285,285,285,285,285,285,285,285,285,285,285,285,1-18615,11,2,1-18615,22,5,0,3,5.527412593364716,0.2512460269711234
299,299,299,299,299,299,299,299,299,299,299,299,299,299,299,299,299,299,299,299,299,MLG54,19,13,MLG54,595,138,0,63,149.07566446065903,0.2505473352279984
89,89,89,89,89,89,89,89,89,89,89,89,89,89,89,89,89,89,89,89,89,1-18004,11,2,1-18004,12,3,0,0,3.0,0.25
502,502,502,502,502,502,502,502,502,502,502,502,502,502,502,502,502,502,502,502,502,1-20012,15,10,1-20012,12,3,0,0,3.0,0.25
15,15,15,15,15,15,15,15,15,15,15,15,15,15,15,15,15,15,15,15,15,1-8093,9,3,1-8093,4,1,0,0,1.0,0.25
508,508,508,508,508,508,508,508,508,508,508,508,508,508,508,508,508,508,508,508,508,1-8532,3,24,1-8532,4,1,0,0,1.0,0.25
450,450,450,450,450,450,450,450,450,450,450,450,450,450,450,450,450,450,450,450,450,1-2297,21,7,1-2297,25,5,0,7,6.23062938451767,0.2492251753807068
504,504,504,504,504,504,504,504,504,504,504,504,504,504,504,504,504,504,504,504,504,1-5425,21,7,1-5425,17,3,0,7,4.23062938451767,0.24886055203045115
272,272,272,272,272,272,272,272,272,272,272,272,272,272,272,272,272,272,272,272,272,1-1570,12,14,1-1570,142,34,0,7,35.23062938451767,0.24810302383463148
560,560,560,560,560,560,560,560,560,560,560,560,560,560,560,560,560,560,560,560,560,1-0027,13,15,1-0027,29,7,0,1,7.1758041977882385,0.2474415240616634
430,430,430,430,430,430,430,430,430,430,430,430,430,430,430,430,430,430,430,430,430,1-3141,12,14,1-3141,136,31,0,15,33.63706296682358,0.24733134534429102
228,228,228,228,228,228,228,228,228,228,228,228,228,228,228,228,228,228,228,228,228,1-17835,1,8,1-17835,17,4,0,1,4.1758041977882385,0.24563554104636698
162,162,162,162,162,162,162,162,162,162,162,162,162,162,162,162,162,162,162,162,162,1-8067,17,11,1-8067,322,68,0,62,78.89986026287079,0.24503062193438133
202,202,202,202,202,202,202,202,202,202,202,202,202,202,202,202,202,202,202,202,202,1-8988,19,13,1-8988,29,6,0,6,7.054825186729431,0.2432698340251528
434,434,434,434,434,434,434,434,434,434,434,434,434,434,434,434,434,434,434,434,434,MLG59,2,16,MLG59,71,9,0,47,17.26279729604721,0.24313799008517198
426,426,426,426,426,426,426,426,426,426,426,426,426,426,426,426,426,426,426,426,426,1-4355,10,17,1-4355,49,11,0,5,11.879020988941193,0.24242899977431007
396,396,396,396,396,396,396,396,396,396,396,396,396,396,396,396,396,396,396,396,396,1-9963,12,14,1-9963,116,26,0,11,27.933846175670624,0.24080901875578123
433,433,433,433,433,433,433,433,433,433,433,433,433,433,433,433,433,433,433,433,433,1-5654,9,3,1-5654,15,2,0,9,3.5822377800941467,0.23881585200627645
313,313,313,313,313,313,313,313,313,313,313,313,313,313,313,313,313,313,313,313,313,1-7521,6,4,1-7521,10,2,0,2,2.351608395576477,0.23516083955764772
277,277,277,277,277,277,277,277,277,277,277,277,277,277,277,277,277,277,277,277,277,1-4051,1,8,1-4051,5,1,0,1,1.1758041977882385,0.23516083955764772
536,536,536,536,536,536,536,536,536,536,536,536,536,536,536,536,536,536,536,536,536,1-9971,22,6,1-9971,15,3,0,3,3.5274125933647156,0.23516083955764772
455,455,455,455,455,455,455,455,455,455,455,455,455,455,455,455,455,455,455,455,455,1-17790,11,2,1-17790,5,1,0,1,1.1758041977882385,0.23516083955764772
62,62,62,62,62,62,62,62,62,62,62,62,62,62,62,62,62,62,62,62,62,1-9818,15,10,1-9818,28,6,0,3,6.527412593364716,0.23312187833445414
133,133,133,133,133,133,133,133,133,133,133,133,133,133,133,133,133,133,133,133,133,1-8576,7,12,1-8576,55,11,0,10,12.758041977882385,0.23196439959786155
473,473,473,473,473,473,473,473,473,473,473,473,473,473,473,473,473,473,473,473,473,1-9452,20,5,1-9452,16,3,0,4,3.703216791152954,0.23145104944705963
234,234,234,234,234,234,234,234,234,234,234,234,234,234,234,234,234,234,234,234,234,MLG29,13,15,MLG29,164,27,0,60,37.54825186729431,0.22895275528837994
123,123,123,123,123,123,123,123,123,123,123,123,123,123,123,123,123,123,123,123,123,MLG55,22,6,MLG55,92,20,0,6,21.05482518672943,0.2288567955079286
157,157,157,157,157,157,157,157,157,157,157,157,157,157,157,157,157,157,157,157,157,1-6061,9,3,1-6061,40,7,0,12,9.109650373458862,0.22774125933647155
540,540,540,540,540,540,540,540,540,540,540,540,540,540,540,540,540,540,540,540,540,1-5413,1,8,1-5413,39,8,0,5,8.879020988941193,0.22766720484464598
273,273,273,273,273,273,273,273,273,273,273,273,273,273,273,273,273,273,273,273,273,1-3589,22,6,1-3589,27,4,0,12,6.109650373458862,0.22628334716514306
43,43,43,43,43,43,43,43,43,43,43,43,43,43,43,43,43,43,43,43,43,1-8705,21,7,1-8705,48,8,0,16,10.812867164611816,0.22526806592941284
356,356,356,356,356,356,356,356,356,356,356,356,356,356,356,356,356,356,356,356,356,1-9761,5,1,1-9761,35,7,0,5,7.879020988941193,0.22511488539831978
393,393,393,393,393,393,393,393,393,393,393,393,393,393,393,393,393,393,393,393,393,1-7819,7,12,1-7819,59,12,0,7,13.23062938451767,0.224247955669791
241,241,241,241,241,241,241,241,241,241,241,241,241,241,241,241,241,241,241,241,241,1-19448,10,17,1-19448,45,9,0,6,10.054825186729431,0.22344055970509846
223,223,223,223,223,223,223,223,223,223,223,223,223,223,223,223,223,223,223,223,223,1-0205,13,15,1-0205,34,7,0,3,7.527412593364716,0.2213944880401387
505,505,505,505,505,505,505,505,505,505,505,505,505,505,505,505,505,505,505,505,505,1-4747,12,14,1-4747,25,5,0,3,5.527412593364716,0.2210965037345886
271,271,271,271,271,271,271,271,271,271,271,271,271,271,271,271,271,271,271,271,271,1-7897,22,6,1-7897,95,20,0,5,20.879020988941193,0.21977916830464414
328,328,328,328,328,328,328,328,328,328,328,328,328,328,328,328,328,328,328,328,328,1-9497,13,15,1-9497,150,31,0,10,32.758041977882385,0.2183869465192159
544,544,544,544,544,544,544,544,544,544,544,544,544,544,544,544,544,544,544,544,544,1-5799,9,3,1-5799,7,1,0,3,1.5274125933647156,0.2182017990521022
237,237,237,237,237,237,237,237,237,237,237,237,237,237,237,237,237,237,237,237,237,1-9667,9,3,1-9667,14,2,0,6,3.054825186729431,0.2182017990521022
320,320,320,320,320,320,320,320,320,320,320,320,320,320,320,320,320,320,320,320,320,MLG13,6,4,MLG13,140,27,0,20,30.51608395576477,0.21797202825546264
312,312,312,312,312,312,312,312,312,312,312,312,312,312,312,312,312,312,312,312,312,1-3108,12,14,1-3108,18,3,0,5,3.8790209889411926,0.21550116605228847
395,395,395,395,395,395,395,395,395,395,395,395,395,395,395,395,395,395,395,395,395,1-6787,13,15,1-6787,56,11,0,6,12.054825186729431,0.21526473547731126
534,534,534,534,534,534,534,534,534,534,534,534,534,534,534,534,534,534,534,534,534,1-9457,9,3,1-9457,11,2,0,2,2.351608395576477,0.21378258141604337
14,14,14,14,14,14,14,14,14,14,14,14,14,14,14,14,14,14,14,14,14,1-6098,13,15,1-6098,1327,241,0,238,282.84139907360077,0.21314348083918672
404,404,404,404,404,404,404,404,404,404,404,404,404,404,404,404,404,404,404,404,404,1-4682,2,16,1-4682,16,2,0,8,3.406433582305908,0.21290209889411926
353,353,353,353,353,353,353,353,353,353,353,353,353,353,353,353,353,353,353,353,353,MLG50,19,13,MLG50,319,49,0,104,67.2836365699768,0.21092049081497433
483,483,483,483,483,483,483,483,483,483,483,483,483,483,483,483,483,483,483,483,483,1-9491,1,8,1-9491,80,14,0,16,16.812867164611816,0.2101608395576477
217,217,217,217,217,217,217,217,217,217,217,217,217,217,217,217,217,217,217,217,217,1-9630,6,4,1-9630,33,5,0,11,6.933846175670624,0.2101165507778977
251,251,251,251,251,251,251,251,251,251,251,251,251,251,251,251,251,251,251,251,251,1-7268,11,2,1-7268,70,14,0,4,14.703216791152954,0.21004595415932792
230,230,230,230,230,230,230,230,230,230,230,230,230,230,230,230,230,230,230,230,230,1-3089,16,20,1-3089,16,3,0,2,3.351608395576477,0.20947552472352982
387,387,387,387,387,387,387,387,387,387,387,387,387,387,387,387,387,387,387,387,387,1-10539,2,16,1-10539,63,6,0,40,13.032167911529541,0.20685980811951651
435,435,435,435,435,435,435,435,435,435,435,435,435,435,435,435,435,435,435,435,435,1-9610,9,3,1-9610,49,9,0,6,10.054825186729431,0.20520051401488634
125,125,125,125,125,125,125,125,125,125,125,125,125,125,125,125,125,125,125,125,125,1-8622,7,12,1-8622,54,10,0,6,11.054825186729431,0.2047189849394339
103,103,103,103,103,103,103,103,103,103,103,103,103,103,103,103,103,103,103,103,103,1-8820,6,4,1-8820,83,15,0,11,16.933846175670624,0.20402224308036895
84,84,84,84,84,84,84,84,84,84,84,84,84,84,84,84,84,84,84,84,84,1-18714,2,16,1-18714,32,6,0,3,6.527412593364716,0.20398164354264736
390,390,390,390,390,390,390,390,390,390,390,390,390,390,390,390,390,390,390,390,390,MLG64,2,16,MLG64,245,32,0,102,49.93202817440033,0.20380419663020544
73,73,73,73,73,73,73,73,73,73,73,73,73,73,73,73,73,73,73,73,73,1-5355,12,14,1-5355,53,10,0,4,10.703216791152954,0.20194748662552744
214,214,214,214,214,214,214,214,214,214,214,214,214,214,214,214,214,214,214,214,214,1-0053,13,15,1-0053,142,26,0,14,28.46125876903534,0.200431399781939
535,535,535,535,535,535,535,535,535,535,535,535,535,535,535,535,535,535,535,535,535,1-5990,15,10,1-5990,5,1,0,0,1.0,0.2
12,12,12,12,12,12,12,12,12,12,12,12,12,12,12,12,12,12,12,12,12,MLG84,9,3,MLG84,63,11,0,9,12.582237780094147,0.1997180600014944
184,184,184,184,184,184,184,184,184,184,184,184,184,184,184,184,184,184,184,184,184,1-8074,8,9,1-8074,145,19,0,55,28.66923087835312,0.19771883364381462
26,26,26,26,26,26,26,26,26,26,26,26,26,26,26,26,26,26,26,26,26,1-9907,2,16,1-9907,17,3,0,2,3.351608395576477,0.19715343503391042
487,487,487,487,487,487,487,487,487,487,487,487,487,487,487,487,487,487,487,487,487,1-6900,19,13,1-6900,67,10,0,18,13.164475560188293,0.19648470985355662
113,113,113,113,113,113,113,113,113,113,113,113,113,113,113,113,113,113,113,113,113,1-4499,15,10,1-4499,12,2,0,2,2.351608395576477,0.19596736629803976
477,477,477,477,477,477,477,477,477,477,477,477,477,477,477,477,477,477,477,477,477,1-9055,2,16,1-9055,12,2,0,2,2.351608395576477,0.19596736629803976
112,112,112,112,112,112,112,112,112,112,112,112,112,112,112,112,112,112,112,112,112,1-10698,1,8,1-10698,6,1,0,1,1.1758041977882385,0.19596736629803976
225,225,225,225,225,225,225,225,225,225,225,225,225,225,225,225,225,225,225,225,225,1-9650,16,20,1-9650,25,4,0,5,4.879020988941193,0.1951608395576477
124,124,124,124,124,124,124,124,124,124,124,124,124,124,124,124,124,124,124,124,124,1-8427,11,2,1-8427,189,36,0,5,36.87902098894119,0.19512709517958304
44,44,44,44,44,44,44,44,44,44,44,44,44,44,44,44,44,44,44,44,44,1-5214,15,10,1-5214,40,6,0,10,7.758041977882385,0.19395104944705963
512,512,512,512,512,512,512,512,512,512,512,512,512,512,512,512,512,512,512,512,512,1-3033,9,3,1-3033,7,1,0,2,1.351608395576477,0.19308691365378244
419,419,419,419,419,419,419,419,419,419,419,419,419,419,419,419,419,419,419,419,419,1-6692,8,9,1-6692,71,10,0,21,13.691888153553009,0.19284349512046492
408,408,408,408,408,408,408,408,408,408,408,408,408,408,408,408,408,408,408,408,408,MLG53,16,20,MLG53,91,16,0,8,17.406433582305908,0.19127948991544955
226,226,226,226,226,226,226,226,226,226,226,226,226,226,226,226,226,226,226,226,226,1-9996,12,14,1-9996,28,5,0,2,5.351608395576477,0.19112887127058847
361,361,361,361,361,361,361,361,361,361,361,361,361,361,361,361,361,361,361,361,361,1-0008,14,21,1-0008,230,40,0,22,43.86769235134125,0.19072909717974457
352,352,352,352,352,352,352,352,352,352,352,352,352,352,352,352,352,352,352,352,352,MLG63,6,4,MLG63,380,67,0,31,72.4499301314354,0.1906577108721984
461,461,461,461,461,461,461,461,461,461,461,461,461,461,461,461,461,461,461,461,461,1-9651,16,20,1-9651,38,6,0,7,7.23062938451767,0.19027972064520182
8,8,8,8,8,8,8,8,8,8,8,8,8,8,8,8,8,8,8,8,8,1-8181,13,15,1-8181,30,5,0,4,5.703216791152954,0.19010722637176514
139,139,139,139,139,139,139,139,139,139,139,139,139,139,139,139,139,139,139,139,139,1-7863,12,14,1-7863,351,59,0,40,66.03216791152954,0.18812583450578216
244,244,244,244,244,244,244,244,244,244,244,244,244,244,244,244,244,244,244,244,244,MLG57,16,20,MLG57,629,89,0,166,118.1834968328476,0.18789109194411382
350,350,350,350,350,350,350,350,350,350,350,350,350,350,350,350,350,350,350,350,350,1-2282,9,3,1-2282,219,31,0,56,40.84503507614136,0.18650700948009752
180,180,180,180,180,180,180,180,180,180,180,180,180,180,180,180,180,180,180,180,180,1-0037,2,16,1-0037,35,6,0,3,6.527412593364716,0.1864975026675633
375,375,375,375,375,375,375,375,375,375,375,375,375,375,375,375,375,375,375,375,375,MLG14,1,8,MLG14,232,37,0,34,42.97734272480011,0.18524716691724186
151,151,151,151,151,151,151,151,151,151,151,151,151,151,151,151,151,151,151,151,151,1-9870,13,15,1-9870,27,5,0,0,5.0,0.18518518518518517
33,33,33,33,33,33,33,33,33,33,33,33,33,33,33,33,33,33,33,33,33,1-7991,7,12,1-7991,46,7,0,8,8.406433582305908,0.18274855613708496
542,542,542,542,542,542,542,542,542,542,542,542,542,542,542,542,542,542,542,542,542,1-1191,2,16,1-1191,53,7,0,15,9.637062966823578,0.18183137673252034
149,149,149,149,149,149,149,149,149,149,149,149,149,149,149,149,149,149,149,149,149,MLG58,1,8,MLG58,71,12,0,5,12.879020988941193,0.18139466181607314
464,464,464,464,464,464,464,464,464,464,464,464,464,464,464,464,464,464,464,464,464,1-10060,15,10,1-10060,36,4,0,14,6.461258769035339,0.17947941025098166
172,172,172,172,172,172,172,172,172,172,172,172,172,172,172,172,172,172,172,172,172,1-8573,9,3,1-8573,184,28,0,28,32.92251753807068,0.17892672575038412
246,246,246,246,246,246,246,246,246,246,246,246,246,246,246,246,246,246,246,246,246,MLG56,7,12,MLG56,511,67,0,138,91.26097929477692,0.1785929144711877
498,498,498,498,498,498,498,498,498,498,498,498,498,498,498,498,498,498,498,498,498,1-19915,16,20,1-19915,62,8,0,17,10.988671362400055,0.17723663487742025
58,58,58,58,58,58,58,58,58,58,58,58,58,58,58,58,58,58,58,58,58,1-17733,17,11,1-17733,74,11,0,12,13.109650373458862,0.1771574374791738
492,492,492,492,492,492,492,492,492,492,492,492,492,492,492,492,492,492,492,492,492,1-6028,2,16,1-6028,2,0,0,2,0.35160839557647705,0.17580419778823853
556,556,556,556,556,556,556,556,556,556,556,556,556,556,556,556,556,556,556,556,556,1-10951,19,13,1-10951,1,0,0,1,0.17580419778823853,0.17580419778823853
345,345,345,345,345,345,345,345,345,345,345,345,345,345,345,345,345,345,345,345,345,1-1131,1,8,1-1131,138,21,0,18,24.164475560188293,0.1751048953636833
203,203,203,203,203,203,203,203,203,203,203,203,203,203,203,203,203,203,203,203,203,1-1250,8,9,1-1250,34,4,0,11,5.933846175670624,0.17452488751972423
479,479,479,479,479,479,479,479,479,479,479,479,479,479,479,479,479,479,479,479,479,1-9286,22,6,1-9286,81,12,0,12,14.109650373458862,0.17419321448714645
302,302,302,302,302,302,302,302,302,302,302,302,302,302,302,302,302,302,302,302,302,MLG51,16,20,MLG51,248,35,0,45,42.911188900470734,0.17302898750189813
208,208,208,208,208,208,208,208,208,208,208,208,208,208,208,208,208,208,208,208,208,1-10468,17,11,1-10468,549,64,0,168,93.53510522842407,0.1703735978659819
358,358,358,358,358,358,358,358,358,358,358,358,358,358,358,358,358,358,358,358,358,1-9831,17,11,1-9831,132,18,0,25,22.395104944705963,0.16965988594474216
221,221,221,221,221,221,221,221,221,221,221,221,221,221,221,221,221,221,221,221,221,1-8023,20,5,1-8023,16,2,0,4,2.703216791152954,0.16895104944705963
60,60,60,60,60,60,60,60,60,60,60,60,60,60,60,60,60,60,60,60,60,1-18202,2,16,1-18202,23,0,0,22,3.8676923513412476,0.16816053701483685
22,22,22,22,22,22,22,22,22,22,22,22,22,22,22,22,22,22,22,22,22,1-7995,11,2,1-7995,14,2,0,2,2.351608395576477,0.16797202825546265
171,171,171,171,171,171,171,171,171,171,171,171,171,171,171,171,171,171,171,171,171,1-8100,13,15,1-8100,19,3,0,1,3.1758041977882385,0.16714758935727572
373,373,373,373,373,373,373,373,373,373,373,373,373,373,373,373,373,373,373,373,373,1-6918,20,5,1-6918,43,7,0,1,7.1758041977882385,0.16687916739042416
70,70,70,70,70,70,70,70,70,70,70,70,70,70,70,70,70,70,70,70,70,1-2584,12,14,1-2584,36,6,0,0,6.0,0.16666666666666666
468,468,468,468,468,468,468,468,468,468,468,468,468,468,468,468,468,468,468,468,468,1-6228,6,4,1-6228,48,2,0,34,7.97734272480011,0.1661946401000023
259,259,259,259,259,259,259,259,259,259,259,259,259,259,259,259,259,259,259,259,259,1-3596,20,5,1-3596,223,27,0,57,37.020839273929596,0.16601273217008788
363,363,363,363,363,363,363,363,363,363,363,363,363,363,363,363,363,363,363,363,363,1-10785,12,14,1-10785,279,38,0,47,46.26279729604721,0.16581647776361008
236,236,236,236,236,236,236,236,236,236,236,236,236,236,236,236,236,236,236,236,236,1-7024,11,2,1-7024,498,79,0,17,81.98867136240005,0.16463588626987963
521,521,521,521,521,521,521,521,521,521,521,521,521,521,521,521,521,521,521,521,521,1-19549,10,17,1-19549,29,3,0,10,4.758041977882385,0.16407041303042708
144,144,144,144,144,144,144,144,144,144,144,144,144,144,144,144,144,144,144,144,144,1-7744,12,14,1-7744,37,5,0,6,6.054825186729431,0.1636439239656603
428,428,428,428,428,428,428,428,428,428,428,428,428,428,428,428,428,428,428,428,428,1-2701,6,4,1-2701,61,9,0,5,9.879020988941193,0.16195116375313431
231,231,231,231,231,231,231,231,231,231,231,231,231,231,231,231,231,231,231,231,231,1-8450,8,9,1-8450,52,7,0,8,8.406433582305908,0.1616621842751136
397,397,397,397,397,397,397,397,397,397,397,397,397,397,397,397,397,397,397,397,397,1-9808,20,5,1-9808,74,10,0,11,11.933846175670624,0.16126819156311653
547,547,547,547,547,547,547,547,547,547,547,547,547,547,547,547,547,547,547,547,547,MLG67,11,2,MLG67,27,4,0,2,4.351608395576477,0.1611706813176473
183,183,183,183,183,183,183,183,183,183,183,183,183,183,183,183,183,183,183,183,183,1-9496,17,11,1-9496,39,4,0,13,6.285454571247101,0.16116550182684874
343,343,343,343,343,343,343,343,343,343,343,343,343,343,343,343,343,343,343,343,343,1-4319,17,11,1-4319,163,20,0,34,25.97734272480011,0.15937020076564484
293,293,293,293,293,293,293,293,293,293,293,293,293,293,293,293,293,293,293,293,293,1-8066,8,9,1-8066,86,10,0,21,13.691888153553009,0.1592080017855001
511,511,511,511,511,511,511,511,511,511,511,511,511,511,511,511,511,511,511,511,511,1-9697,1,8,1-9697,20,3,0,1,3.1758041977882385,0.15879020988941192
71,71,71,71,71,71,71,71,71,71,71,71,71,71,71,71,71,71,71,71,71,1-6532,7,12,1-6532,27,2,0,13,4.285454571247101,0.15872053967581856
507,507,507,507,507,507,507,507,507,507,507,507,507,507,507,507,507,507,507,507,507,1-6909,21,7,1-6909,36,5,0,4,5.703216791152954,0.1584226886431376
388,388,388,388,388,388,388,388,388,388,388,388,388,388,388,388,388,388,388,388,388,MLG49,16,20,MLG49,185,25,0,24,29.219300746917725,0.15794216619955526
0,0,0,0,0,0,0,0,0,0,0,0,0,0,0,0,0,0,0,0,0,72-0103,6,4,72-0103,71,4,0,41,11.20797210931778,0.15785876210306732
57,57,57,57,57,57,57,57,57,57,57,57,57,57,57,57,57,57,57,57,57,1-1224,17,11,1-1224,151,20,0,21,23.69188815355301,0.15689992154670868
265,265,265,265,265,265,265,265,265,265,265,265,265,265,265,265,265,265,265,265,265,1-11330,1,8,1-11330,14,2,0,1,2.1758041977882385,0.15541458555630275
189,189,189,189,189,189,189,189,189,189,189,189,189,189,189,189,189,189,189,189,189,1-9156,8,9,1-9156,268,28,0,76,41.36111903190613,0.15433253370114228
531,531,531,531,531,531,531,531,531,531,531,531,531,531,531,531,531,531,531,531,531,1-5891,10,17,1-5891,96,13,0,10,14.758041977882385,0.15372960393627486
446,446,446,446,446,446,446,446,446,446,446,446,446,446,446,446,446,446,446,446,446,1-3534,5,1,1-3534,279,41,0,10,42.758041977882385,0.15325463074509815
88,88,88,88,88,88,88,88,88,88,88,88,88,88,88,88,88,88,88,88,88,1-5626,12,14,1-5626,125,16,0,17,18.988671362400055,0.15190937089920045
67,67,67,67,67,67,67,67,67,67,67,67,67,67,67,67,67,67,67,67,67,1-7481,3,24,1-7481,33,5,0,0,5.0,0.15151515151515152
283,283,283,283,283,283,283,283,283,283,283,283,283,283,283,283,283,283,283,283,283,1-3535,8,9,1-3535,315,27,0,114,47.04167854785919,0.14933866205669585
154,154,154,154,154,154,154,154,154,154,154,154,154,154,154,154,154,154,154,154,154,1-18994,10,17,1-18994,28,4,0,1,4.1758041977882385,0.1491358642067228
365,365,365,365,365,365,365,365,365,365,365,365,365,365,365,365,365,365,365,365,365,MLG48,15,10,MLG48,159,17,0,38,23.680559515953064,0.14893433657832117
137,137,137,137,137,137,137,137,137,137,137,137,137,137,137,137,137,137,137,137,137,1-1972,19,13,1-1972,32,4,0,4,4.703216791152954,0.14697552472352982
518,518,518,518,518,518,518,518,518,518,518,518,518,518,518,518,518,518,518,518,518,1-1850,15,10,1-1850,30,3,0,8,4.406433582305908,0.14688111941019694
309,309,309,309,309,309,309,309,309,309,309,309,309,309,309,309,309,309,309,309,309,1-3516,5,1,1-3516,156,21,0,10,22.758041977882385,0.14588488447360504
263,263,263,263,263,263,263,263,263,263,263,263,263,263,263,263,263,263,263,263,263,1-6927,17,11,1-6927,179,17,0,51,25.966014087200165,0.14506153121340873
475,475,475,475,475,475,475,475,475,475,475,475,475,475,475,475,475,475,475,475,475,1-18234,6,4,1-18234,43,5,0,7,6.23062938451767,0.14489835777948068
117,117,117,117,117,117,117,117,117,117,117,117,117,117,117,117,117,117,117,117,117,1-0358,11,2,1-0358,22,3,0,1,3.1758041977882385,0.14435473626310175
459,459,459,459,459,459,459,459,459,459,459,459,459,459,459,459,459,459,459,459,459,1-2545,21,7,1-2545,145,14,0,38,20.680559515953064,0.1426245483858832
311,311,311,311,311,311,311,311,311,311,311,311,311,311,311,311,311,311,311,311,311,1-20578,14,21,1-20578,19,2,0,4,2.703216791152954,0.14227456795541862
64,64,64,64,64,64,64,64,64,64,64,64,64,64,64,64,64,64,64,64,64,1-9674,17,11,1-9674,144,15,0,31,20.449930131435394,0.14201340369052357
289,289,289,289,289,289,289,289,289,289,289,289,289,289,289,289,289,289,289,289,289,1-1592,5,1,1-1592,32,4,0,3,4.527412593364716,0.14148164354264736
296,296,296,296,296,296,296,296,296,296,296,296,296,296,296,296,296,296,296,296,296,1-9404,17,11,1-9404,100,11,0,17,13.988671362400055,0.13988671362400054
524,524,524,524,524,524,524,524,524,524,524,524,524,524,524,524,524,524,524,524,524,1-9338,17,11,1-9338,29,3,0,6,4.054825186729431,0.13982155816308384
34,34,34,34,34,34,34,34,34,34,34,34,34,34,34,34,34,34,34,34,34,1-6642,17,11,1-6642,36,5,0,0,5.0,0.1388888888888889
219,219,219,219,219,219,219,219,219,219,219,219,219,219,219,219,219,219,219,219,219,1-5653,1,8,1-5653,11,1,0,3,1.5274125933647156,0.13885569030588324
295,295,295,295,295,295,295,295,295,295,295,295,295,295,295,295,295,295,295,295,295,1-3639,17,11,1-3639,17,2,0,2,2.351608395576477,0.1383299056221457
385,385,385,385,385,385,385,385,385,385,385,385,385,385,385,385,385,385,385,385,385,1-6974,19,13,1-6974,207,15,0,77,28.536923229694366,0.1378595325106008
97,97,97,97,97,97,97,97,97,97,97,97,97,97,97,97,97,97,97,97,97,1-9237,6,4,1-9237,38,4,0,7,5.23062938451767,0.1376481416978334
340,340,340,340,340,340,340,340,340,340,340,340,340,340,340,340,340,340,340,340,340,1-3362,5,1,1-3362,117,14,0,11,15.933846175670624,0.13618671945017627
13,13,13,13,13,13,13,13,13,13,13,13,13,13,13,13,13,13,13,13,13,1-9805,7,12,1-9805,26,3,0,3,3.5274125933647156,0.13566971512941214
160,160,160,160,160,160,160,160,160,160,160,160,160,160,160,160,160,160,160,160,160,1-19813,1,8,1-19813,20,2,0,4,2.703216791152954,0.1351608395576477
538,538,538,538,538,538,538,538,538,538,538,538,538,538,538,538,538,538,538,538,538,1-9576,21,7,1-9576,10,1,0,2,1.351608395576477,0.1351608395576477
79,79,79,79,79,79,79,79,79,79,79,79,79,79,79,79,79,79,79,79,79,1-9739,20,5,1-9739,31,4,0,1,4.1758041977882385,0.13470336121897544
410,410,410,410,410,410,410,410,410,410,410,410,410,410,410,410,410,410,410,410,410,MLG12,11,2,MLG12,146,14,0,32,19.625734329223633,0.13442283787139475
305,305,305,305,305,305,305,305,305,305,305,305,305,305,305,305,305,305,305,305,305,1-7866,21,7,1-7866,318,26,0,94,42.52559459209442,0.13372828488080007
481,481,481,481,481,481,481,481,481,481,481,481,481,481,481,481,481,481,481,481,481,1-10038,18,18,1-10038,76,4,0,35,10.153146922588348,0.13359403845510984
315,315,315,315,315,315,315,315,315,315,315,315,315,315,315,315,315,315,315,315,315,1-1769,19,13,1-1769,89,11,0,5,11.879020988941193,0.13347214594315948
494,494,494,494,494,494,494,494,494,494,494,494,494,494,494,494,494,494,494,494,494,1-3265,1,8,1-3265,19,2,0,3,2.5274125933647156,0.13302171544024818
282,282,282,282,282,282,282,282,282,282,282,282,282,282,282,282,282,282,282,282,282,1-1608,9,3,1-1608,307,30,0,60,40.54825186729431,0.13207899631040493
510,510,510,510,510,510,510,510,510,510,510,510,510,510,510,510,510,510,510,510,510,1-3206,21,7,1-3206,45,4,0,11,5.933846175670624,0.1318632483482361
367,367,367,367,367,367,367,367,367,367,367,367,367,367,367,367,367,367,367,367,367,1-8544,15,10,1-8544,54,5,0,12,7.109650373458862,0.13166019210109003
339,339,339,339,339,339,339,339,339,339,339,339,339,339,339,339,339,339,339,339,339,1-3523,21,7,1-3523,543,46,0,144,71.31580448150635,0.13133665650369494
548,548,548,548,548,548,548,548,548,548,548,548,548,548,548,548,548,548,548,548,548,1-3087,6,4,1-3087,26,2,0,8,3.406433582305908,0.13101667624253494
218,218,218,218,218,218,218,218,218,218,218,218,218,218,218,218,218,218,218,218,218,1-9416,5,1,1-9416,13,1,0,4,1.703216791152954,0.13101667624253494
276,276,276,276,276,276,276,276,276,276,276,276,276,276,276,276,276,276,276,276,276,1-9495,10,17,1-9495,18,2,0,2,2.351608395576477,0.13064491086535984
558,558,558,558,558,558,558,558,558,558,558,558,558,558,558,558,558,558,558,558,558,1-0055,7,12,1-0055,18,2,0,2,2.351608395576477,0.13064491086535984
376,376,376,376,376,376,376,376,376,376,376,376,376,376,376,376,376,376,376,376,376,1-7874,18,18,1-7874,258,31,0,14,33.46125876903534,0.12969480143036954
448,448,448,448,448,448,448,448,448,448,448,448,448,448,448,448,448,448,448,448,448,1-3106,22,6,1-3106,34,3,0,8,4.406433582305908,0.12960098771487966
457,457,457,457,457,457,457,457,457,457,457,457,457,457,457,457,457,457,457,457,457,1-8503,7,12,1-8503,16,1,0,6,2.054825186729431,0.12842657417058945
321,321,321,321,321,321,321,321,321,321,321,321,321,321,321,321,321,321,321,321,321,1-5172,12,14,1-5172,120,11,0,25,15.395104944705963,0.12829254120588302
106,106,106,106,106,106,106,106,106,106,106,106,106,106,106,106,106,106,106,106,106,MLG69,20,5,MLG69,576,60,0,78,73.7127274274826,0.1279734851171573
232,232,232,232,232,232,232,232,232,232,232,232,232,232,232,232,232,232,232,232,232,1-18371,8,9,1-18371,120,13,0,13,15.2854545712471,0.12737878809372585
382,382,382,382,382,382,382,382,382,382,382,382,382,382,382,382,382,382,382,382,382,1-18558,20,5,1-18558,307,35,0,23,39.043496549129486,0.12717751318934686
329,329,329,329,329,329,329,329,329,329,329,329,329,329,329,329,329,329,329,329,329,1-1317,17,11,1-1317,414,32,0,114,52.04167854785919,0.12570453755521543
99,99,99,99,99,99,99,99,99,99,99,99,99,99,99,99,99,99,99,99,99,1-5775,8,9,1-5775,244,16,0,83,30.591748416423798,0.12537601810009752
129,129,129,129,129,129,129,129,129,129,129,129,129,129,129,129,129,129,129,129,129,1-2573,22,6,1-2573,37,2,0,15,4.637062966823578,0.12532602613036697
482,482,482,482,482,482,482,482,482,482,482,482,482,482,482,482,482,482,482,482,482,1-4390,18,18,1-4390,45,3,0,15,5.637062966823578,0.12526806592941284
377,377,377,377,377,377,377,377,377,377,377,377,377,377,377,377,377,377,377,377,377,1-7213,13,15,1-7213,23,2,0,5,2.8790209889411926,0.12517482560613882
142,142,142,142,142,142,142,142,142,142,142,142,142,142,142,142,142,142,142,142,142,P-16454,7,12,P-16454,8,1,0,0,1.0,0.125
238,238,238,238,238,238,238,238,238,238,238,238,238,238,238,238,238,238,238,238,238,1-9855,4,23,1-9855,8,1,0,0,1.0,0.125
200,200,200,200,200,200,200,200,200,200,200,200,200,200,200,200,200,200,200,200,200,1-4634,14,21,1-4634,48,6,0,0,6.0,0.125
101,101,101,101,101,101,101,101,101,101,101,101,101,101,101,101,101,101,101,101,101,1-9892,8,9,1-9892,22,2,0,4,2.703216791152954,0.12287349050695245
304,304,304,304,304,304,304,304,304,304,304,304,304,304,304,304,304,304,304,304,304,1-19004,6,4,1-19004,60,4,0,19,7.340279757976532,0.12233799596627554
143,143,143,143,143,143,143,143,143,143,143,143,143,143,143,143,143,143,143,143,143,1-8928,1,8,1-8928,39,3,0,10,4.758041977882385,0.1220010763559586
136,136,136,136,136,136,136,136,136,136,136,136,136,136,136,136,136,136,136,136,136,1-9549,10,17,1-9549,18,2,0,1,2.1758041977882385,0.12087801098823547
7,7,7,7,7,7,7,7,7,7,7,7,7,7,7,7,7,7,7,7,7,1-8767,11,2,1-8767,48,0,0,33,5.801538527011871,0.12086538597941399
51,51,51,51,51,51,51,51,51,51,51,51,51,51,51,51,51,51,51,51,51,1-9925,1,8,1-9925,93,10,0,7,11.23062938451767,0.12075945574750183
131,131,131,131,131,131,131,131,131,131,131,131,131,131,131,131,131,131,131,131,131,1-9283,11,2,1-9283,235,27,0,6,28.05482518672943,0.11938223483714651
56,56,56,56,56,56,56,56,56,56,56,56,56,56,56,56,56,56,56,56,56,1-5877,17,11,1-5877,79,9,0,2,9.351608395576477,0.11837478981742376
332,332,332,332,332,332,332,332,332,332,332,332,332,332,332,332,332,332,332,332,332,MLG78,20,5,MLG78,80,7,0,14,9.46125876903534,0.11826573461294174
381,381,381,381,381,381,381,381,381,381,381,381,381,381,381,381,381,381,381,381,381,1-2335,8,9,1-2335,145,9,0,46,17.086993098258972,0.11784133171213085
520,520,520,520,520,520,520,520,520,520,520,520,520,520,520,520,520,520,520,520,520,1-2034,1,8,1-2034,16,1,0,5,1.8790209889411926,0.11743881180882454
351,351,351,351,351,351,351,351,351,351,351,351,351,351,351,351,351,351,351,351,351,1-19229,7,12,1-19229,38,3,0,8,4.406433582305908,0.11595877848173443
269,269,269,269,269,269,269,269,269,269,269,269,269,269,269,269,269,269,269,269,269,1-7839,7,12,1-7839,24,1,0,10,2.7580419778823853,0.11491841574509938
17,17,17,17,17,17,17,17,17,17,17,17,17,17,17,17,17,17,17,17,17,1-18603,7,12,1-18603,19,2,0,1,2.1758041977882385,0.11451601040990729
383,383,383,383,383,383,383,383,383,383,383,383,383,383,383,383,383,383,383,383,383,1-8551,5,1,1-8551,38,4,0,2,4.351608395576477,0.11451601040990729
42,42,42,42,42,42,42,42,42,42,42,42,42,42,42,42,42,42,42,42,42,1-1207,10,17,1-1207,66,7,0,3,7.527412593364716,0.11405170596007144
243,243,243,243,243,243,243,243,243,243,243,243,243,243,243,243,243,243,243,243,243,1-1015,19,13,1-1015,155,8,0,55,17.66923087835312,0.11399503792485884
121,121,121,121,121,121,121,121,121,121,121,121,121,121,121,121,121,121,121,121,121,1-7070,11,2,1-7070,129,14,0,4,14.703216791152954,0.1139784247376198
335,335,335,335,335,335,335,335,335,335,335,335,335,335,335,335,335,335,335,335,335,1-8910,9,3,1-8910,137,11,0,25,15.395104944705963,0.11237302879347419
469,469,469,469,469,469,469,469,469,469,469,469,469,469,469,469,469,469,469,469,469,1-8578,4,23,1-8578,11,0,0,7,1.2306293845176697,0.11187539859251543
467,467,467,467,467,467,467,467,467,467,467,467,467,467,467,467,467,467,467,467,467,1-13247,1,8,1-13247,29,2,0,7,3.2306293845176697,0.11140101325922999
515,515,515,515,515,515,515,515,515,515,515,515,515,515,515,515,515,515,515,515,515,1-6531,3,24,1-6531,27,3,0,0,3.0,0.1111111111111111
35,35,35,35,35,35,35,35,35,35,35,35,35,35,35,35,35,35,35,35,35,1-2869,13,15,1-2869,9,1,0,0,1.0,0.1111111111111111
92,92,92,92,92,92,92,92,92,92,92,92,92,92,92,92,92,92,92,92,92,1-7807,5,1,1-7807,239,21,0,31,26.449930131435394,0.1106691637298552
409,409,409,409,409,409,409,409,409,409,409,409,409,409,409,409,409,409,409,409,409,1-9645,19,13,1-9645,69,6,0,9,7.582237780094147,0.10988750405933546
478,478,478,478,478,478,478,478,478,478,478,478,478,478,478,478,478,478,478,478,478,1-9394,8,9,1-9394,117,6,0,39,12.856363713741302,0.10988345054479745
138,138,138,138,138,138,138,138,138,138,138,138,138,138,138,138,138,138,138,138,138,1-5515,5,1,1-5515,29,3,0,1,3.1758041977882385,0.10951048957890477
432,432,432,432,432,432,432,432,432,432,432,432,432,432,432,432,432,432,432,432,432,1-6914,9,3,1-6914,73,5,0,17,7.988671362400055,0.1094338542794528
471,471,471,471,471,471,471,471,471,471,471,471,471,471,471,471,471,471,471,471,471,1-9794,3,24,1-9794,46,5,0,0,5.0,0.10869565217391304
359,359,359,359,359,359,359,359,359,359,359,359,359,359,359,359,359,359,359,359,359,1-4417,14,21,1-4417,151,15,0,8,16.406433582305908,0.10865187802851595
108,108,108,108,108,108,108,108,108,108,108,108,108,108,108,108,108,108,108,108,108,1-9731,11,2,1-9731,11,1,0,1,1.1758041977882385,0.10689129070802168
27,27,27,27,27,27,27,27,27,27,27,27,27,27,27,27,27,27,27,27,27,1-18409,10,17,1-18409,22,2,0,2,2.351608395576477,0.10689129070802168
405,405,405,405,405,405,405,405,405,405,405,405,405,405,405,405,405,405,405,405,405,1-3104,9,3,1-3104,16,1,0,4,1.703216791152954,0.10645104944705963
415,415,415,415,415,415,415,415,415,415,415,415,415,415,415,415,415,415,415,415,415,1-1957,3,24,1-1957,47,5,0,0,5.0,0.10638297872340426
416,416,416,416,416,416,416,416,416,416,416,416,416,416,416,416,416,416,416,416,416,1-18203,16,20,1-18203,29,2,0,6,3.054825186729431,0.10533879954239418
336,336,336,336,336,336,336,336,336,336,336,336,336,336,336,336,336,336,336,336,336,1-1827,22,6,1-1827,24,2,0,3,2.5274125933647156,0.10530885805686314
267,267,267,267,267,267,267,267,267,267,267,267,267,267,267,267,267,267,267,267,267,1-6181,14,21,1-6181,659,58,0,64,69.25146865844727,0.10508568840432059
98,98,98,98,98,98,98,98,98,98,98,98,98,98,98,98,98,98,98,98,98,1-8127,7,12,1-8127,32,3,0,2,3.351608395576477,0.10473776236176491
330,330,330,330,330,330,330,330,330,330,330,330,330,330,330,330,330,330,330,330,330,1-4531,18,18,1-4531,94,4,0,33,9.801538527011871,0.10427168645757309
250,250,250,250,250,250,250,250,250,250,250,250,250,250,250,250,250,250,250,250,250,1-9333,8,9,1-9333,102,9,0,9,10.582237780094147,0.10374742921660929
445,445,445,445,445,445,445,445,445,445,445,445,445,445,445,445,445,445,445,445,445,1-6538,8,9,1-6538,44,4,0,3,4.527412593364716,0.10289574075828899
431,431,431,431,431,431,431,431,431,431,431,431,431,431,431,431,431,431,431,431,431,1-7614,17,11,1-7614,72,6,0,8,7.406433582305908,0.10286713308758205
424,424,424,424,424,424,424,424,424,424,424,424,424,424,424,424,424,424,424,424,424,1-4700,10,17,1-4700,31,3,0,1,3.1758041977882385,0.1024452967028464
5,5,5,5,5,5,5,5,5,5,5,5,5,5,5,5,5,5,5,5,5,1-5549,7,12,1-5549,35,3,0,3,3.5274125933647156,0.10078321695327759
114,114,114,114,114,114,114,114,114,114,114,114,114,114,114,114,114,114,114,114,114,1-7496,5,1,1-7496,246,16,0,50,24.790209889411926,0.1007732109325688
441,441,441,441,441,441,441,441,441,441,441,441,441,441,441,441,441,441,441,441,441,1-19166,18,18,1-19166,45,4,0,3,4.527412593364716,0.10060916874143812
156,156,156,156,156,156,156,156,156,156,156,156,156,156,156,156,156,156,156,156,156,1-8634,16,20,1-8634,10,1,0,0,1.0,0.1
362,362,362,362,362,362,362,362,362,362,362,362,362,362,362,362,362,362,362,362,362,1-1462,18,18,1-1462,192,16,0,18,19.164475560188293,0.09981497687598069
447,447,447,447,447,447,447,447,447,447,447,447,447,447,447,447,447,447,447,447,447,1-7152,4,23,1-7152,109,7,0,22,10.867692351341248,0.09970359955358943
206,206,206,206,206,206,206,206,206,206,206,206,206,206,206,206,206,206,206,206,206,1-9752,14,21,1-9752,22,2,0,1,2.1758041977882385,0.09890019080855629
258,258,258,258,258,258,258,258,258,258,258,258,258,258,258,258,258,258,258,258,258,1-9516,9,3,1-9516,76,5,0,14,7.461258769035339,0.09817445748730709
368,368,368,368,368,368,368,368,368,368,368,368,368,368,368,368,368,368,368,368,368,1-5197,17,11,1-5197,72,6,0,6,7.054825186729431,0.09798368314901988
49,49,49,49,49,49,49,49,49,49,49,49,49,49,49,49,49,49,49,49,49,1-2178,4,23,1-2178,12,1,0,1,1.1758041977882385,0.09798368314901988
256,256,256,256,256,256,256,256,256,256,256,256,256,256,256,256,256,256,256,256,256,1-9277,18,18,1-9277,48,1,0,21,4.691888153553009,0.09774766986568768
364,364,364,364,364,364,364,364,364,364,364,364,364,364,364,364,364,364,364,364,364,1-7682,20,5,1-7682,141,8,0,32,13.625734329223633,0.09663641368243711
497,497,497,497,497,497,497,497,497,497,497,497,497,497,497,497,497,497,497,497,497,1-8493,17,11,1-8493,38,1,0,15,3.637062966823578,0.09571218333746258
222,222,222,222,222,222,222,222,222,222,222,222,222,222,222,222,222,222,222,222,222,1-4149,9,3,1-4149,16,1,0,3,1.5274125933647156,0.09546328708529472
109,109,109,109,109,109,109,109,109,109,109,109,109,109,109,109,109,109,109,109,109,1-9768,8,9,1-9768,241,17,0,34,22.97734272480011,0.09534167105726186
371,371,371,371,371,371,371,371,371,371,371,371,371,371,371,371,371,371,371,371,371,1-1580,21,7,1-1580,400,20,0,103,38.10783237218857,0.09526958093047141
253,253,253,253,253,253,253,253,253,253,253,253,253,253,253,253,253,253,253,253,253,1-4649,18,18,1-4649,244,16,0,40,23.03216791152954,0.09439413078495713
357,357,357,357,357,357,357,357,357,357,357,357,357,357,357,357,357,357,357,357,357,1-4760,20,5,1-4760,40,3,0,4,3.703216791152954,0.09258041977882385
227,227,227,227,227,227,227,227,227,227,227,227,227,227,227,227,227,227,227,227,227,1-3068,5,1,1-3068,180,14,0,15,16.637062966823578,0.09242812759346432
443,443,443,443,443,443,443,443,443,443,443,443,443,443,443,443,443,443,443,443,443,1-3447,18,18,1-3447,110,7,0,18,10.164475560188293,0.09240432327443904
338,338,338,338,338,338,338,338,338,338,338,338,338,338,338,338,338,338,338,338,338,1-6296,14,21,1-6296,254,21,0,14,23.46125876903534,0.09236716050801315
300,300,300,300,300,300,300,300,300,300,300,300,300,300,300,300,300,300,300,300,300,1-4020,9,3,1-4020,37,2,0,8,3.406433582305908,0.09206577249475427
470,470,470,470,470,470,470,470,470,470,470,470,470,470,470,470,470,470,470,470,470,1-1204,8,9,1-1204,39,2,0,9,3.5822377800941467,0.09185225077164479
291,291,291,291,291,291,291,291,291,291,291,291,291,291,291,291,291,291,291,291,291,MLG02,14,21,MLG02,320,26,0,19,29.340279757976532,0.09168837424367667
349,349,349,349,349,349,349,349,349,349,349,349,349,349,349,349,349,349,349,349,349,1-3052,18,18,1-3052,166,11,0,23,15.043496549129486,0.09062347318752702
146,146,146,146,146,146,146,146,146,146,146,146,146,146,146,146,146,146,146,146,146,1-7453,20,5,1-7453,13,1,0,1,1.1758041977882385,0.09044647675294143
150,150,150,150,150,150,150,150,150,150,150,150,150,150,150,150,150,150,150,150,150,1-7005,18,18,1-7005,285,8,0,101,25.75622397661209,0.09037271570741084
224,224,224,224,224,224,224,224,224,224,224,224,224,224,224,224,224,224,224,224,224,1-9227,18,18,1-9227,801,40,0,180,71.64475560188293,0.08944413932819342
111,111,111,111,111,111,111,111,111,111,111,111,111,111,111,111,111,111,111,111,111,1-19897,1,8,1-19897,53,4,0,4,4.703216791152954,0.08873993945571612
37,37,37,37,37,37,37,37,37,37,37,37,37,37,37,37,37,37,37,37,37,1-5508,21,7,1-5508,38,3,0,2,3.351608395576477,0.08820022093622308
413,413,413,413,413,413,413,413,413,413,413,413,413,413,413,413,413,413,413,413,413,1-8314,4,23,1-8314,36,0,0,18,3.1644755601882935,0.08790209889411926
553,553,553,553,553,553,553,553,553,553,553,553,553,553,553,553,553,553,553,553,553,1-5555,2,16,1-5555,10,0,0,5,0.8790209889411926,0.08790209889411926
220,220,220,220,220,220,220,220,220,220,220,220,220,220,220,220,220,220,220,220,220,MLG73,2,16,MLG73,10,0,0,5,0.8790209889411926,0.08790209889411926
514,514,514,514,514,514,514,514,514,514,514,514,514,514,514,514,514,514,514,514,514,1-11206,21,7,1-11206,14,0,0,7,1.2306293845176697,0.08790209889411926
550,550,550,550,550,550,550,550,550,550,550,550,550,550,550,550,550,550,550,550,550,1-19568,1,8,1-19568,2,0,0,1,0.17580419778823853,0.08790209889411926
53,53,53,53,53,53,53,53,53,53,53,53,53,53,53,53,53,53,53,53,53,1-9850,5,1,1-9850,27,2,0,2,2.351608395576477,0.08709660724357322
30,30,30,30,30,30,30,30,30,30,30,30,30,30,30,30,30,30,30,30,30,1-8418,3,24,1-8418,46,4,0,0,4.0,0.08695652173913043
314,314,314,314,314,314,314,314,314,314,314,314,314,314,314,314,314,314,314,314,314,1-3139,18,18,1-3139,93,4,0,22,7.867692351341248,0.0845988424875403
80,80,80,80,80,80,80,80,80,80,80,80,80,80,80,80,80,80,80,80,80,1-9115,8,9,1-9115,16,1,0,2,1.351608395576477,0.08447552472352982
400,400,400,400,400,400,400,400,400,400,400,400,400,400,400,400,400,400,400,400,400,1-18709,4,23,1-18709,33,2,0,4,2.703216791152954,0.08191566033796831
10,10,10,10,10,10,10,10,10,10,10,10,10,10,10,10,10,10,10,10,10,1-7964,14,21,1-7964,202,14,0,14,16.46125876903534,0.0814913800447294
25,25,25,25,25,25,25,25,25,25,25,25,25,25,25,25,25,25,25,25,25,1-9607,21,7,1-9607,19,1,0,3,1.5274125933647156,0.08039013649287977
248,248,248,248,248,248,248,248,248,248,248,248,248,248,248,248,248,248,248,248,248,1-2400,5,1,1-2400,49,3,0,5,3.8790209889411926,0.07916369365186107
197,197,197,197,197,197,197,197,197,197,197,197,197,197,197,197,197,197,197,197,197,1-8646,14,21,1-8646,20,0,0,9,1.5822377800941467,0.07911188900470734
4,4,4,4,4,4,4,4,4,4,4,4,4,4,4,4,4,4,4,4,4,1-6240,22,6,1-6240,698,39,0,92,55.173986196517944,0.07904582549644405
386,386,386,386,386,386,386,386,386,386,386,386,386,386,386,386,386,386,386,386,386,MLG68,10,17,MLG68,642,40,0,61,50.72405606508255,0.07900943312318154
322,322,322,322,322,322,322,322,322,322,322,322,322,322,322,322,322,322,322,322,322,1-0296,22,6,1-0296,41,2,0,7,3.2306293845176697,0.07879583864677243
2,2,2,2,2,2,2,2,2,2,2,2,2,2,2,2,2,2,2,2,2,MLG17,10,17,MLG17,153,9,0,17,11.988671362400055,0.07835732916601343
74,74,74,74,74,74,74,74,74,74,74,74,74,74,74,74,74,74,74,74,74,1-8124,15,10,1-8124,18,0,0,8,1.4064335823059082,0.0781351990169949
488,488,488,488,488,488,488,488,488,488,488,488,488,488,488,488,488,488,488,488,488,1-11350,22,6,1-11350,100,5,0,16,7.812867164611816,0.07812867164611817
290,290,290,290,290,290,290,290,290,290,290,290,290,290,290,290,290,290,290,290,290,1-8341,18,18,1-8341,197,9,0,36,15.328951120376587,0.07781193462120095
242,242,242,242,242,242,242,242,242,242,242,242,242,242,242,242,242,242,242,242,242,1-20791,6,4,1-20791,13,1,0,0,1.0,0.07692307692307693
485,485,485,485,485,485,485,485,485,485,485,485,485,485,485,485,485,485,485,485,485,1-5980,4,23,1-5980,29,1,0,7,2.2306293845176697,0.07691825463854034
128,128,128,128,128,128,128,128,128,128,128,128,128,128,128,128,128,128,128,128,128,1-19286,6,4,1-19286,40,2,0,6,3.054825186729431,0.07637062966823578
161,161,161,161,161,161,161,161,161,161,161,161,161,161,161,161,161,161,161,161,161,MLG41,4,23,MLG41,66,3,0,11,4.933846175670624,0.07475524508591855
72,72,72,72,72,72,72,72,72,72,72,72,72,72,72,72,72,72,72,72,72,1-9614,2,16,1-9614,30,1,0,7,2.2306293845176697,0.07435431281725566
164,164,164,164,164,164,164,164,164,164,164,164,164,164,164,164,164,164,164,164,164,1-9740,1,8,1-9740,34,2,0,3,2.5274125933647156,0.07433566451072693
193,193,193,193,193,193,193,193,193,193,193,193,193,193,193,193,193,193,193,193,193,1-9553,18,18,1-9553,23,1,0,4,1.703216791152954,0.07405290396317192
360,360,360,360,360,360,360,360,360,360,360,360,360,360,360,360,360,360,360,360,360,1-6611,5,1,1-6611,89,6,0,3,6.527412593364716,0.07334171453218781
301,301,301,301,301,301,301,301,301,301,301,301,301,301,301,301,301,301,301,301,301,1-1177,12,14,1-1177,17,0,0,7,1.2306293845176697,0.07238996379515704
369,369,369,369,369,369,369,369,369,369,369,369,369,369,369,369,369,369,369,369,369,1-6594,7,12,1-6594,70,5,0,0,5.0,0.07142857142857142
306,306,306,306,306,306,306,306,306,306,306,306,306,306,306,306,306,306,306,306,306,1-18377,5,1,1-18377,14,1,0,0,1.0,0.07142857142857142
152,152,152,152,152,152,152,152,152,152,152,152,152,152,152,152,152,152,152,152,152,1-9500,16,20,1-9500,33,2,0,2,2.351608395576477,0.07126086047201445
474,474,474,474,474,474,474,474,474,474,474,474,474,474,474,474,474,474,474,474,474,1-8400,15,10,1-8400,33,2,0,2,2.351608395576477,0.07126086047201445
46,46,46,46,46,46,46,46,46,46,46,46,46,46,46,46,46,46,46,46,46,1-8566,2,16,1-8566,5,0,0,2,0.35160839557647705,0.07032167911529541
66,66,66,66,66,66,66,66,66,66,66,66,66,66,66,66,66,66,66,66,66,1-7536,10,17,1-7536,17,1,0,1,1.1758041977882385,0.06916495281107285
391,391,391,391,391,391,391,391,391,391,391,391,391,391,391,391,391,391,391,391,391,MLG30,14,21,MLG30,208,11,0,18,14.164475560188293,0.06809844019321296
198,198,198,198,198,198,198,198,198,198,198,198,198,198,198,198,198,198,198,198,198,1-9839,10,17,1-9839,20,1,0,2,1.351608395576477,0.06758041977882386
513,513,513,513,513,513,513,513,513,513,513,513,513,513,513,513,513,513,513,513,513,1-8094,20,5,1-8094,58,3,0,5,3.8790209889411926,0.066879672223124
526,526,526,526,526,526,526,526,526,526,526,526,526,526,526,526,526,526,526,526,526,1-5002,3,24,1-5002,45,3,0,0,3.0,0.06666666666666667
532,532,532,532,532,532,532,532,532,532,532,532,532,532,532,532,532,532,532,532,532,1-19447,14,21,1-19447,15,1,0,0,1.0,0.06666666666666667
147,147,147,147,147,147,147,147,147,147,147,147,147,147,147,147,147,147,147,147,147,1-17657,2,16,1-17657,8,0,0,3,0.5274125933647156,0.06592657417058945
166,166,166,166,166,166,166,166,166,166,166,166,166,166,166,166,166,166,166,166,166,MLG40,4,23,MLG40,51,1,0,13,3.285454571247101,0.06442067786759022
54,54,54,54,54,54,54,54,54,54,54,54,54,54,54,54,54,54,54,54,54,1-8125,6,4,1-8125,21,1,0,2,1.351608395576477,0.06436230455126081
19,19,19,19,19,19,19,19,19,19,19,19,19,19,19,19,19,19,19,19,19,1-2596,11,2,1-2596,35,1,0,7,2.2306293845176697,0.06373226812907627
191,191,191,191,191,191,191,191,191,191,191,191,191,191,191,191,191,191,191,191,191,1-8328,5,1,1-8328,114,6,0,7,7.23062938451767,0.06342657354840062
354,354,354,354,354,354,354,354,354,354,354,354,354,354,354,354,354,354,354,354,354,1-9417,4,23,1-9417,76,2,0,16,4.812867164611816,0.06332719953436601
366,366,366,366,366,366,366,366,366,366,366,366,366,366,366,366,366,366,366,366,366,1-5163,3,24,1-5163,16,1,0,0,1.0,0.0625
61,61,61,61,61,61,61,61,61,61,61,61,61,61,61,61,61,61,61,61,61,1-7341,19,13,1-7341,110,1,0,33,6.801538527011871,0.06183216842738065
458,458,458,458,458,458,458,458,458,458,458,458,458,458,458,458,458,458,458,458,458,1-7182,7,12,1-7182,22,1,0,2,1.351608395576477,0.06143674525347623
216,216,216,216,216,216,216,216,216,216,216,216,216,216,216,216,216,216,216,216,216,1-9887,14,21,1-9887,36,2,0,1,2.1758041977882385,0.06043900549411774
298,298,298,298,298,298,298,298,298,298,298,298,298,298,298,298,298,298,298,298,298,1-7019,11,2,1-7019,107,6,0,2,6.351608395576477,0.05936082612688296
522,522,522,522,522,522,522,522,522,522,522,522,522,522,522,522,522,522,522,522,522,1-5282,3,24,1-5282,17,1,0,0,1.0,0.058823529411764705
552,552,552,552,552,552,552,552,552,552,552,552,552,552,552,552,552,552,552,552,552,MLG46,3,24,MLG46,17,1,0,0,1.0,0.058823529411764705
493,493,493,493,493,493,493,493,493,493,493,493,493,493,493,493,493,493,493,493,493,1-1836,4,23,1-1836,20,1,0,1,1.1758041977882385,0.05879020988941193
529,529,529,529,529,529,529,529,529,529,529,529,529,529,529,529,529,529,529,529,529,1-6217,19,13,1-6217,44,1,0,9,2.5822377800941467,0.058687222274866974
559,559,559,559,559,559,559,559,559,559,559,559,559,559,559,559,559,559,559,559,559,1-5914,11,2,1-5914,3,0,0,1,0.17580419778823853,0.05860139926274618
476,476,476,476,476,476,476,476,476,476,476,476,476,476,476,476,476,476,476,476,476,1-19205,13,15,1-19205,12,0,0,4,0.7032167911529541,0.05860139926274618
24,24,24,24,24,24,24,24,24,24,24,24,24,24,24,24,24,24,24,24,24,1-7140,14,21,1-7140,397,20,0,18,23.164475560188293,0.058348804937502
130,130,130,130,130,130,130,130,130,130,130,130,130,130,130,130,130,130,130,130,130,1-1833,4,23,1-1833,124,3,0,24,7.219300746917725,0.05822016731385262
539,539,539,539,539,539,539,539,539,539,539,539,539,539,539,539,539,539,539,539,539,1-9436,4,23,1-9436,21,1,0,1,1.1758041977882385,0.05599067608515421
145,145,145,145,145,145,145,145,145,145,145,145,145,145,145,145,145,145,145,145,145,MLG06,3,24,MLG06,18,1,0,0,1.0,0.05555555555555555
347,347,347,347,347,347,347,347,347,347,347,347,347,347,347,347,347,347,347,347,347,1-8188,11,2,1-8188,140,7,0,4,7.703216791152954,0.05502297707966396
437,437,437,437,437,437,437,437,437,437,437,437,437,437,437,437,437,437,437,437,437,1-6980,18,18,1-6980,128,1,0,34,6.97734272480011,0.05451049003750086
454,454,454,454,454,454,454,454,454,454,454,454,454,454,454,454,454,454,454,454,454,1-0272,5,1,1-0272,111,5,0,5,5.879020988941193,0.05296415305352426
211,211,211,211,211,211,211,211,211,211,211,211,211,211,211,211,211,211,211,211,211,1-5406,6,4,1-5406,10,0,0,3,0.5274125933647156,0.05274125933647156
423,423,423,423,423,423,423,423,423,423,423,423,423,423,423,423,423,423,423,423,423,1-7122,8,9,1-7122,197,4,0,36,10.328951120376587,0.052431223961302474
188,188,188,188,188,188,188,188,188,188,188,188,188,188,188,188,188,188,188,188,188,1-20167,2,16,1-20167,56,1,0,11,2.933846175670624,0.05239011027983257
281,281,281,281,281,281,281,281,281,281,281,281,281,281,281,281,281,281,281,281,281,1-9995,16,20,1-9995,24,0,0,7,1.2306293845176697,0.0512762243549029
268,268,268,268,268,268,268,268,268,268,268,268,268,268,268,268,268,268,268,268,268,MLG44,3,24,MLG44,59,3,0,0,3.0,0.05084745762711865
168,168,168,168,168,168,168,168,168,168,168,168,168,168,168,168,168,168,168,168,168,1-9655,5,1,1-9655,27,1,0,2,1.351608395576477,0.05005957020653619
528,528,528,528,528,528,528,528,528,528,528,528,528,528,528,528,528,528,528,528,528,1-6718,3,24,1-6718,20,1,0,0,1.0,0.05
50,50,50,50,50,50,50,50,50,50,50,50,50,50,50,50,50,50,50,50,50,1-8174,1,8,1-8174,45,1,0,7,2.2306293845176697,0.049569541878170434
86,86,86,86,86,86,86,86,86,86,86,86,86,86,86,86,86,86,86,86,86,1-9345,2,16,1-9345,47,0,0,13,2.285454571247101,0.04862669300525747
417,417,417,417,417,417,417,417,417,417,417,417,417,417,417,417,417,417,417,417,417,1-10451,13,15,1-10451,46,1,0,7,2.2306293845176697,0.04849194314168847
65,65,65,65,65,65,65,65,65,65,65,65,65,65,65,65,65,65,65,65,65,1-8659,5,1,1-8659,91,3,0,8,4.406433582305908,0.04842234705830668
401,401,401,401,401,401,401,401,401,401,401,401,401,401,401,401,401,401,401,401,401,1-7204,4,23,1-7204,26,0,0,7,1.2306293845176697,0.04733189940452576
76,76,76,76,76,76,76,76,76,76,76,76,76,76,76,76,76,76,76,76,76,1-8541,18,18,1-8541,232,6,0,28,10.922517538070679,0.04707981697444258
59,59,59,59,59,59,59,59,59,59,59,59,59,59,59,59,59,59,59,59,59,1-9331,9,3,1-9331,25,1,0,1,1.1758041977882385,0.04703216791152954
174,174,174,174,174,174,174,174,174,174,174,174,174,174,174,174,174,174,174,174,174,MLG38,4,23,MLG38,77,2,0,8,3.406433582305908,0.044239397172804
288,288,288,288,288,288,288,288,288,288,288,288,288,288,288,288,288,288,288,288,288,1-8590,1,8,1-8590,24,0,0,6,1.0548251867294312,0.04395104944705963
240,240,240,240,240,240,240,240,240,240,240,240,240,240,240,240,240,240,240,240,240,MLG33,1,8,MLG33,20,0,0,5,0.8790209889411926,0.04395104944705963
3,3,3,3,3,3,3,3,3,3,3,3,3,3,3,3,3,3,3,3,3,1-8222,14,21,1-8222,12,0,0,3,0.5274125933647156,0.04395104944705963
126,126,126,126,126,126,126,126,126,126,126,126,126,126,126,126,126,126,126,126,126,1-8488,3,24,1-8488,23,1,0,0,1.0,0.043478260869565216
199,199,199,199,199,199,199,199,199,199,199,199,199,199,199,199,199,199,199,199,199,MLG39,3,24,MLG39,23,1,0,0,1.0,0.043478260869565216
63,63,63,63,63,63,63,63,63,63,63,63,63,63,63,63,63,63,63,63,63,1-7066,9,3,1-7066,23,1,0,0,1.0,0.043478260869565216
87,87,87,87,87,87,87,87,87,87,87,87,87,87,87,87,87,87,87,87,87,MLG35,6,4,MLG35,49,1,0,6,2.054825186729431,0.04193520789243737
370,370,370,370,370,370,370,370,370,370,370,370,370,370,370,370,370,370,370,370,370,MLG62,20,5,MLG62,525,7,0,80,21.064335823059082,0.040122544424874444
499,499,499,499,499,499,499,499,499,499,499,499,499,499,499,499,499,499,499,499,499,1-8627,3,24,1-8627,25,1,0,0,1.0,0.04
452,452,452,452,452,452,452,452,452,452,452,452,452,452,452,452,452,452,452,452,452,1-8529,22,6,1-8529,56,1,0,7,2.2306293845176697,0.03983266758067267
439,439,439,439,439,439,439,439,439,439,439,439,439,439,439,439,439,439,439,439,439,MLG72,16,20,MLG72,9,0,0,2,0.35160839557647705,0.03906759950849745
489,489,489,489,489,489,489,489,489,489,489,489,489,489,489,489,489,489,489,489,489,1-9578,6,4,1-9578,42,0,0,9,1.5822377800941467,0.03767232809747968
380,380,380,380,380,380,380,380,380,380,380,380,380,380,380,380,380,380,380,380,380,1-7004,5,1,1-7004,381,12,0,13,14.2854545712471,0.037494631420596065
323,323,323,323,323,323,323,323,323,323,323,323,323,323,323,323,323,323,323,323,323,1-3647,1,8,1-3647,5,0,0,1,0.17580419778823853,0.035160839557647705
96,96,96,96,96,96,96,96,96,96,96,96,96,96,96,96,96,96,96,96,96,MLG37,6,4,MLG37,116,3,0,6,4.054825186729431,0.03495538954077096
132,132,132,132,132,132,132,132,132,132,132,132,132,132,132,132,132,132,132,132,132,1-9110,3,24,1-9110,29,1,0,0,1.0,0.034482758620689655
31,31,31,31,31,31,31,31,31,31,31,31,31,31,31,31,31,31,31,31,31,1-8938,3,24,1-8938,30,1,0,0,1.0,0.03333333333333333
141,141,141,141,141,141,141,141,141,141,141,141,141,141,141,141,141,141,141,141,141,MLG45,4,23,MLG45,70,1,0,7,2.2306293845176697,0.031866134064538136
422,422,422,422,422,422,422,422,422,422,422,422,422,422,422,422,422,422,422,422,422,1-6878,4,23,1-6878,167,5,0,1,5.1758041977882385,0.030992839507714004
344,344,344,344,344,344,344,344,344,344,344,344,344,344,344,344,344,344,344,344,344,1-6035,13,15,1-6035,23,0,0,4,0.7032167911529541,0.0305746430936067
484,484,484,484,484,484,484,484,484,484,484,484,484,484,484,484,484,484,484,484,484,MLG31,3,24,MLG31,33,1,0,0,1.0,0.030303030303030304
104,104,104,104,104,104,104,104,104,104,104,104,104,104,104,104,104,104,104,104,104,1-8267,4,23,1-8267,133,1,0,17,3.988671362400055,0.029990010243609436
411,411,411,411,411,411,411,411,411,411,411,411,411,411,411,411,411,411,411,411,411,MLG15,4,23,MLG15,105,1,0,12,3.1096503734588623,0.029615717842465354
176,176,176,176,176,176,176,176,176,176,176,176,176,176,176,176,176,176,176,176,176,1-8042,4,23,1-8042,52,1,0,3,1.5274125933647156,0.02937331910316761
45,45,45,45,45,45,45,45,45,45,45,45,45,45,45,45,45,45,45,45,45,1-9444,1,8,1-9444,24,0,0,4,0.7032167911529541,0.02930069963137309
549,549,549,549,549,549,549,549,549,549,549,549,549,549,549,549,549,549,549,549,549,1-4842,20,5,1-4842,6,0,0,1,0.17580419778823853,0.02930069963137309
509,509,509,509,509,509,509,509,509,509,509,509,509,509,509,509,509,509,509,509,509,1-18935,18,18,1-18935,30,0,0,5,0.8790209889411926,0.02930069963137309
402,402,402,402,402,402,402,402,402,402,402,402,402,402,402,402,402,402,402,402,402,1-5744,8,9,1-5744,18,0,0,3,0.5274125933647156,0.02930069963137309
337,337,337,337,337,337,337,337,337,337,337,337,337,337,337,337,337,337,337,337,337,1-18613,18,18,1-18613,25,0,0,4,0.7032167911529541,0.028128671646118163
307,307,307,307,307,307,307,307,307,307,307,307,307,307,307,307,307,307,307,307,307,1-5530,11,2,1-5530,7,0,0,1,0.17580419778823853,0.02511488539831979
294,294,294,294,294,294,294,294,294,294,294,294,294,294,294,294,294,294,294,294,294,1-3509,16,20,1-3509,35,0,0,5,0.8790209889411926,0.02511488539831979
326,326,326,326,326,326,326,326,326,326,326,326,326,326,326,326,326,326,326,326,326,1-8826,5,1,1-8826,123,1,0,11,2.933846175670624,0.023852407932281494
90,90,90,90,90,90,90,90,90,90,90,90,90,90,90,90,90,90,90,90,90,1-19222,13,15,1-19222,15,0,0,2,0.35160839557647705,0.02344055970509847
379,379,379,379,379,379,379,379,379,379,379,379,379,379,379,379,379,379,379,379,379,1-4640,3,24,1-4640,87,2,0,0,2.0,0.022988505747126436
213,213,213,213,213,213,213,213,213,213,213,213,213,213,213,213,213,213,213,213,213,1-18563,8,9,1-18563,8,0,0,1,0.17580419778823853,0.021975524723529816
334,334,334,334,334,334,334,334,334,334,334,334,334,334,334,334,334,334,334,334,334,1-20641,2,16,1-20641,16,0,0,2,0.35160839557647705,0.021975524723529816
557,557,557,557,557,557,557,557,557,557,557,557,557,557,557,557,557,557,557,557,557,1-9806,8,9,1-9806,8,0,0,1,0.17580419778823853,0.021975524723529816
308,308,308,308,308,308,308,308,308,308,308,308,308,308,308,308,308,308,308,308,308,1-6743,5,1,1-6743,58,1,0,1,1.1758041977882385,0.020272486168762732
29,29,29,29,29,29,29,29,29,29,29,29,29,29,29,29,29,29,29,29,29,1-18735,22,6,1-18735,27,0,0,3,0.5274125933647156,0.019533799754248724
346,346,346,346,346,346,346,346,346,346,346,346,346,346,346,346,346,346,346,346,346,MLG32,3,24,MLG32,52,1,0,0,1.0,0.019230769230769232
116,116,116,116,116,116,116,116,116,116,116,116,116,116,116,116,116,116,116,116,116,1-20047,2,16,1-20047,20,0,0,2,0.35160839557647705,0.017580419778823853
205,205,205,205,205,205,205,205,205,205,205,205,205,205,205,205,205,205,205,205,205,1-8018,3,24,1-8018,58,1,0,0,1.0,0.017241379310344827
36,36,36,36,36,36,36,36,36,36,36,36,36,36,36,36,36,36,36,36,36,1-2714,3,24,1-2714,61,1,0,0,1.0,0.01639344262295082
100,100,100,100,100,100,100,100,100,100,100,100,100,100,100,100,100,100,100,100,100,1-19598,1,8,1-19598,11,0,0,1,0.17580419778823853,0.015982199798930775
118,118,118,118,118,118,118,118,118,118,118,118,118,118,118,118,118,118,118,118,118,1-6543,1,8,1-6543,12,0,0,1,0.17580419778823853,0.014650349815686544
341,341,341,341,341,341,341,341,341,341,341,341,341,341,341,341,341,341,341,341,341,1-0031,20,5,1-0031,13,0,0,1,0.17580419778823853,0.013523399829864502
163,163,163,163,163,163,163,163,163,163,163,163,163,163,163,163,163,163,163,163,163,1-9137,18,18,1-9137,111,1,0,2,1.351608395576477,0.012176652212400694
257,257,257,257,257,257,257,257,257,257,257,257,257,257,257,257,257,257,257,257,257,1-9504,6,4,1-9504,30,0,0,2,0.35160839557647705,0.011720279852549234
40,40,40,40,40,40,40,40,40,40,40,40,40,40,40,40,40,40,40,40,40,1-7722,4,23,1-7722,60,0,0,3,0.5274125933647156,0.008790209889411926
159,159,159,159,159,159,159,159,159,159,159,159,159,159,159,159,159,159,159,159,159,1-10696,5,1,1-10696,24,0,0,1,0.17580419778823853,0.007325174907843272
78,78,78,78,78,78,78,78,78,78,78,78,78,78,78,78,78,78,78,78,78,1-4088,13,15,1-4088,30,0,0,1,0.17580419778823853,0.005860139926274617
48,48,48,48,48,48,48,48,48,48,48,48,48,48,48,48,48,48,48,48,48,1-0405,21,7,1-0405,64,0,0,2,0.35160839557647705,0.005493881180882454
500,500,500,500,500,500,500,500,500,500,500,500,500,500,500,500,500,500,500,500,500,1-0292,4,23,1-0292,99,0,0,1,0.17580419778823853,0.001775799977658975
195,195,195,195,195,195,195,195,195,195,195,195,195,195,195,195,195,195,195,195,195,1-2670,4,23,1-2670,104,0,0,1,0.17580419778823853,0.0016904249787330627
196,196,196,196,196,196,196,196,196,196,196,196,196,196,196,196,196,196,196,196,196,1-9646,11,2,1-9646,105,0,0,1,0.17580419778823853,0.0016743256932213193
6,6,6,6,6,6,6,6,6,6,6,6,6,6,6,6,6,6,6,6,6,1-8021,15,10,1-8021,58,0,0,0,0.0,0.0
212,212,212,212,212,212,212,212,212,212,212,212,212,212,212,212,212,212,212,212,212,1-10922,1,8,1-10922,1,0,0,0,0.0,0.0
187,187,187,187,187,187,187,187,187,187,187,187,187,187,187,187,187,187,187,187,187,1-7321,14,21,1-7321,7,0,0,0,0.0,0.0
564,564,564,564,564,564,564,564,564,564,564,564,564,564,564,564,564,564,564,564,564,1-9034,3,24,1-9034,3,0,0,0,0.0,0.0
297,297,297,297,297,297,297,297,297,297,297,297,297,297,297,297,297,297,297,297,297,1-8352,1,8,1-8352,1,0,0,0,0.0,0.0
235,235,235,235,235,235,235,235,235,235,235,235,235,235,235,235,235,235,235,235,235,1-8113,8,9,1-8113,9,0,0,0,0.0,0.0
287,287,287,287,287,287,287,287,287,287,287,287,287,287,287,287,287,287,287,287,287,1-9836,1,8,1-9836,5,0,0,0,0.0,0.0
23,23,23,23,23,23,23,23,23,23,23,23,23,23,23,23,23,23,23,23,23,1-2025,19,13,1-2025,41,0,0,0,0.0,0.0
229,229,229,229,229,229,229,229,229,229,229,229,229,229,229,229,229,229,229,229,229,1-4361,1,8,1-4361,10,0,0,0,0.0,0.0
21,21,21,21,21,21,21,21,21,21,21,21,21,21,21,21,21,21,21,21,21,1-3519,5,1,1-3519,27,0,0,0,0.0,0.0
194,194,194,194,194,194,194,194,194,194,194,194,194,194,194,194,194,194,194,194,194,1-9253,1,8,1-9253,24,0,0,0,0.0,0.0
284,284,284,284,284,284,284,284,284,284,284,284,284,284,284,284,284,284,284,284,284,1-4136,1,8,1-4136,5,0,0,0,0.0,0.0
16,16,16,16,16,16,16,16,16,16,16,16,16,16,16,16,16,16,16,16,16,1-9955,4,23,1-9955,60,0,0,0,0.0,0.0
561,561,561,561,561,561,561,561,561,561,561,561,561,561,561,561,561,561,561,561,561,1-9455,1,8,1-9455,2,0,0,0,0.0,0.0
279,279,279,279,279,279,279,279,279,279,279,279,279,279,279,279,279,279,279,279,279,MLG43,3,24,MLG43,14,0,0,0,0.0,0.0
11,11,11,11,11,11,11,11,11,11,11,11,11,11,11,11,11,11,11,11,11,1-9722,3,24,1-9722,22,0,0,0,0.0,0.0
249,249,249,249,249,249,249,249,249,249,249,249,249,249,249,249,249,249,249,249,249,1-6931,1,8,1-6931,1,0,0,0,0.0,0.0
252,252,252,252,252,252,252,252,252,252,252,252,252,252,252,252,252,252,252,252,252,1-21195,1,8,1-21195,1,0,0,0,0.0,0.0
254,254,254,254,254,254,254,254,254,254,254,254,254,254,254,254,254,254,254,254,254,1-8379,3,24,1-8379,5,0,0,0,0.0,0.0
555,555,555,555,555,555,555,555,555,555,555,555,555,555,555,555,555,555,555,555,555,1-3646,1,8,1-3646,7,0,0,0,0.0,0.0
554,554,554,554,554,554,554,554,554,554,554,554,554,554,554,554,554,554,554,554,554,1-10444,2,16,1-10444,8,0,0,0,0.0,0.0
278,278,278,278,278,278,278,278,278,278,278,278,278,278,278,278,278,278,278,278,278,1-10762,21,7,1-10762,6,0,0,0,0.0,0.0
262,262,262,262,262,262,262,262,262,262,262,262,262,262,262,262,262,262,262,262,262,1-8623,1,8,1-8623,5,0,0,0,0.0,0.0
9,9,9,9,9,9,9,9,9,9,9,9,9,9,9,9,9,9,9,9,9,1-8020,20,5,1-8020,56,0,0,0,0.0,0.0
215,215,215,215,215,215,215,215,215,215,215,215,215,215,215,215,215,215,215,215,215,1-19839,16,20,1-19839,13,0,0,0,0.0,0.0
551,551,551,551,551,551,551,551,551,551,551,551,551,551,551,551,551,551,551,551,551,1-9838,2,16,1-9838,3,0,0,0,0.0,0.0
275,275,275,275,275,275,275,275,275,275,275,275,275,275,275,275,275,275,275,275,275,1-3216,1,8,1-3216,5,0,0,0,0.0,0.0
186,186,186,186,186,186,186,186,186,186,186,186,186,186,186,186,186,186,186,186,186,72-11994,14,21,72-11994,8,0,0,0,0.0,0.0
546,546,546,546,546,546,546,546,546,546,546,546,546,546,546,546,546,546,546,546,546,1-7527,14,21,1-7527,1,0,0,0,0.0,0.0
69,69,69,69,69,69,69,69,69,69,69,69,69,69,69,69,69,69,69,69,69,1-18498,7,12,1-18498,13,0,0,0,0.0,0.0
317,317,317,317,317,317,317,317,317,317,317,317,317,317,317,317,317,317,317,317,317,1-10978,1,8,1-10978,1,0,0,0,0.0,0.0
28,28,28,28,28,28,28,28,28,28,28,28,28,28,28,28,28,28,28,28,28,1-10071,7,12,1-10071,30,0,0,0,0.0,0.0
525,525,525,525,525,525,525,525,525,525,525,525,525,525,525,525,525,525,525,525,525,1-3175,10,17,1-3175,6,0,0,0,0.0,0.0
127,127,127,127,127,127,127,127,127,127,127,127,127,127,127,127,127,127,127,127,127,1-9643,1,8,1-9643,8,0,0,0,0.0,0.0
120,120,120,120,120,120,120,120,120,120,120,120,120,120,120,120,120,120,120,120,120,1-10232,1,8,1-10232,5,0,0,0,0.0,0.0
119,119,119,119,119,119,119,119,119,119,119,119,119,119,119,119,119,119,119,119,119,1-5929,1,8,1-5929,4,0,0,0,0.0,0.0
115,115,115,115,115,115,115,115,115,115,115,115,115,115,115,115,115,115,115,115,115,1-3178,1,8,1-3178,6,0,0,0,0.0,0.0
110,110,110,110,110,110,110,110,110,110,110,110,110,110,110,110,110,110,110,110,110,72-18936,14,21,72-18936,20,0,0,0,0.0,0.0
107,107,107,107,107,107,107,107,107,107,107,107,107,107,107,107,107,107,107,107,107,1-6971,6,4,1-6971,10,0,0,0,0.0,0.0
93,93,93,93,93,93,93,93,93,93,93,93,93,93,93,93,93,93,93,93,93,1-20003,16,20,1-20003,21,0,0,0,0.0,0.0
444,444,444,444,444,444,444,444,444,444,444,444,444,444,444,444,444,444,444,444,444,1-3217,3,24,1-3217,5,0,0,0,0.0,0.0
449,449,449,449,449,449,449,449,449,449,449,449,449,449,449,449,449,449,449,449,449,1-1935,14,21,1-1935,12,0,0,0,0.0,0.0
82,82,82,82,82,82,82,82,82,82,82,82,82,82,82,82,82,82,82,82,82,1-17645,9,3,1-17645,9,0,0,0,0.0,0.0
81,81,81,81,81,81,81,81,81,81,81,81,81,81,81,81,81,81,81,81,81,1-7770,21,7,1-7770,11,0,0,0,0.0,0.0
460,460,460,460,460,460,460,460,460,460,460,460,460,460,460,460,460,460,460,460,460,1-7993,3,24,1-7993,24,0,0,0,0.0,0.0
77,77,77,77,77,77,77,77,77,77,77,77,77,77,77,77,77,77,77,77,77,1-2153,11,2,1-2153,13,0,0,0,0.0,0.0
462,462,462,462,462,462,462,462,462,462,462,462,462,462,462,462,462,462,462,462,462,1-1183,3,24,1-1183,45,0,0,0,0.0,0.0
75,75,75,75,75,75,75,75,75,75,75,75,75,75,75,75,75,75,75,75,75,1-8401,1,8,1-8401,57,0,0,0,0.0,0.0
134,134,134,134,134,134,134,134,134,134,134,134,134,134,134,134,134,134,134,134,134,1-9465,1,8,1-9465,18,0,0,0,0.0,0.0
135,135,135,135,135,135,135,135,135,135,135,135,135,135,135,135,135,135,135,135,135,1-9712,17,11,1-9712,10,0,0,0,0.0,0.0
148,148,148,148,148,148,148,148,148,148,148,148,148,148,148,148,148,148,148,148,148,1-0001,20,5,1-0001,17,0,0,0,0.0,0.0
173,173,173,173,173,173,173,173,173,173,173,173,173,173,173,173,173,173,173,173,173,1-9588,3,24,1-9588,14,0,0,0,0.0,0.0
181,181,181,181,181,181,181,181,181,181,181,181,181,181,181,181,181,181,181,181,181,1-8641,1,8,1-8641,30,0,0,0,0.0,0.0
523,523,523,523,523,523,523,523,523,523,523,523,523,523,523,523,523,523,523,523,523,1-9861,3,24,1-9861,8,0,0,0,0.0,0.0
178,178,178,178,178,178,178,178,178,178,178,178,178,178,178,178,178,178,178,178,178,1-7525,2,16,1-7525,6,0,0,0,0.0,0.0
177,177,177,177,177,177,177,177,177,177,177,177,177,177,177,177,177,177,177,177,177,1-10948,16,20,1-10948,2,0,0,0,0.0,0.0
465,465,465,465,465,465,465,465,465,465,465,465,465,465,465,465,465,465,465,465,465,1-5913,4,23,1-5913,14,0,0,0,0.0,0.0
175,175,175,175,175,175,175,175,175,175,175,175,175,175,175,175,175,175,175,175,175,1-4910,1,8,1-4910,4,0,0,0,0.0,0.0
32,32,32,32,32,32,32,32,32,32,32,32,32,32,32,32,32,32,32,32,32,1-0022,5,1,1-0022,18,0,0,0,0.0,0.0
155,155,155,155,155,155,155,155,155,155,155,155,155,155,155,155,155,155,155,155,155,1-9447,1,8,1-9447,7,0,0,0,0.0,0.0
325,325,325,325,325,325,325,325,325,325,325,325,325,325,325,325,325,325,325,325,325,1-19924,1,8,1-19924,1,0,0,0,0.0,0.0
167,167,167,167,167,167,167,167,167,167,167,167,167,167,167,167,167,167,167,167,167,1-4929,4,23,1-4929,10,0,0,0,0.0,0.0
165,165,165,165,165,165,165,165,165,165,165,165,165,165,165,165,165,165,165,165,165,1-7721,1,8,1-7721,20,0,0,0,0.0,0.0
38,38,38,38,38,38,38,38,38,38,38,38,38,38,38,38,38,38,38,38,38,1-2104,3,24,1-2104,36,0,0,0,0.0,0.0
41,41,41,41,41,41,41,41,41,41,41,41,41,41,41,41,41,41,41,41,41,1-7509,4,23,1-7509,40,0,0,0,0.0,0.0
158,158,158,158,158,158,158,158,158,158,158,158,158,158,158,158,158,158,158,158,158,1-7599,3,24,1-7599,3,0,0,0,0.0,0.0
565,565,565,565,565,565,565,565,565,565,565,565,565,565,565,565,565,565,565,565,565,1-19927,1,8,1-19927,1,0,0,0,0.0,0.0
