Unnamed: 0.24,Unnamed: 0.23,Unnamed: 0.22,Unnamed: 0.21,Unnamed: 0.20,Unnamed: 0.19,Unnamed: 0.18,Unnamed: 0.17,Unnamed: 0.16,Unnamed: 0.15,Unnamed: 0.14,Unnamed: 0.13,Unnamed: 0.12,Unnamed: 0.11,Unnamed: 0.10,Unnamed: 0.9,Unnamed: 0.8,Unnamed: 0.7,Unnamed: 0.6,Unnamed: 0.5,Unnamed: 0.4,Unnamed: 0.3,Unnamed: 0,Unnamed: 0.1,Unnamed: 0.1.1,Unnamed: 0.2,Unnamed: 0.1.1.1,Unnamed: 0.1.1.1.1,Exam Group,Exam Block,slot,exam,size,b2bs,confs,2i3s,score,score_norm
551,551,551,551,551,551,551,551,551,551,551,551,551,551,551,551,551,551,551,551,551,551,551,551,551,551,551,551,1-9838,4,10,1-9838,3,2,0,1,2.661274790763855,0.887091596921285
457,457,457,457,457,457,457,457,457,457,457,457,457,457,457,457,457,457,457,457,457,457,457,457,457,457,457,457,1-8503,4,10,1-8503,16,6,0,12,13.93529748916626,0.8709560930728912
333,333,333,333,333,333,333,333,333,333,333,333,333,333,333,333,333,333,333,333,333,333,333,333,333,333,333,333,1-11329,3,4,1-11329,14,9,0,3,10.983824372291565,0.7845588837351117
276,276,276,276,276,276,276,276,276,276,276,276,276,276,276,276,276,276,276,276,276,276,276,276,276,276,276,276,1-9495,8,17,1-9495,18,10,0,5,13.306373953819275,0.7392429974344041
543,543,543,543,543,543,543,543,543,543,543,543,543,543,543,543,543,543,543,543,543,543,543,543,543,543,543,543,1-5803,14,7,1-5803,15,8,0,4,10.64509916305542,0.709673277537028
90,90,90,90,90,90,90,90,90,90,90,90,90,90,90,90,90,90,90,90,90,90,90,90,90,90,90,90,1-19222,20,16,1-19222,15,6,0,7,10.628923535346985,0.7085949023564656
563,563,563,563,563,563,563,563,563,563,563,563,563,563,563,563,563,563,563,563,563,563,563,563,563,563,563,563,1-21192,9,8,1-21192,4,2,0,1,2.661274790763855,0.6653186976909637
444,444,444,444,444,444,444,444,444,444,444,444,444,444,444,444,444,444,444,444,444,444,444,444,444,444,444,444,1-3217,7,11,1-3217,5,2,0,2,3.32254958152771,0.664509916305542
46,46,46,46,46,46,46,46,46,46,46,46,46,46,46,46,46,46,46,46,46,46,46,46,46,46,46,46,1-8566,8,17,1-8566,5,2,0,2,3.32254958152771,0.664509916305542
443,443,443,443,443,443,443,443,443,443,443,443,443,443,443,443,443,443,443,443,443,443,443,443,443,443,443,443,1-3447,4,10,1-3447,110,29,0,66,72.64413619041443,0.6604012380946767
425,425,425,425,425,425,425,425,425,425,425,425,425,425,425,425,425,425,425,425,425,425,425,425,425,425,425,425,1-6006,7,11,1-6006,57,1,0,55,37.370113492012024,0.6556160261756495
60,60,60,60,60,60,60,60,60,60,60,60,60,60,60,60,60,60,60,60,60,60,60,60,60,60,60,60,1-18202,3,4,1-18202,23,0,0,22,14.54804539680481,0.6325237129045569
413,413,413,413,413,413,413,413,413,413,413,413,413,413,413,413,413,413,413,413,413,413,413,413,413,413,413,413,1-8314,6,9,1-8314,36,19,0,5,22.306373953819275,0.6196214987172021
464,464,464,464,464,464,464,464,464,464,464,464,464,464,464,464,464,464,464,464,464,464,464,464,464,464,464,464,1-10060,8,17,1-10060,36,19,0,5,22.306373953819275,0.6196214987172021
394,394,394,394,394,394,394,394,394,394,394,394,394,394,394,394,394,394,394,394,394,394,394,394,394,394,394,394,1-2423,23,22,1-2423,79,7,0,62,47.99903702735901,0.6075827471817596
552,552,552,552,552,552,552,552,552,552,552,552,552,552,552,552,552,552,552,552,552,552,552,552,552,552,552,552,MLG46,3,4,MLG46,17,7,0,5,10.306373953819275,0.6062572914011338
336,336,336,336,336,336,336,336,336,336,336,336,336,336,336,336,336,336,336,336,336,336,336,336,336,336,336,336,1-1827,3,4,1-1827,24,13,0,2,14.32254958152771,0.5967728992303213
467,467,467,467,467,467,467,467,467,467,467,467,467,467,467,467,467,467,467,467,467,467,467,467,467,467,467,467,1-13247,1,20,1-13247,29,1,0,24,16.87059497833252,0.5817446544252592
255,255,255,255,255,255,255,255,255,255,255,255,255,255,255,255,255,255,255,255,255,255,255,255,255,255,255,255,1-9946,21,14,1-9946,12,6,0,1,6.661274790763855,0.5551062325636545
564,564,564,564,564,564,564,564,564,564,564,564,564,564,564,564,564,564,564,564,564,564,564,564,564,564,564,564,1-9034,3,4,1-9034,3,1,0,1,1.661274790763855,0.5537582635879517
439,439,439,439,439,439,439,439,439,439,439,439,439,439,439,439,439,439,439,439,439,439,439,439,439,439,439,439,MLG72,4,10,MLG72,9,3,0,3,4.983824372291565,0.5537582635879517
462,462,462,462,462,462,462,462,462,462,462,462,462,462,462,462,462,462,462,462,462,462,462,462,462,462,462,462,1-1183,3,4,1-1183,45,5,0,29,24.176968932151794,0.5372659762700399
217,217,217,217,217,217,217,217,217,217,217,217,217,217,217,217,217,217,217,217,217,217,217,217,217,217,217,217,1-9630,3,4,1-9630,33,9,0,13,17.596572279930115,0.5332294630281853
495,495,495,495,495,495,495,495,495,495,495,495,495,495,495,495,495,495,495,495,495,495,495,495,495,495,495,495,MLG08,23,22,MLG08,107,1,0,84,56.54708242416382,0.5284774058333067
520,520,520,520,520,520,520,520,520,520,520,520,520,520,520,520,520,520,520,520,520,520,520,520,520,520,520,520,1-2034,14,7,1-2034,16,5,0,5,8.306373953819275,0.5191483721137047
558,558,558,558,558,558,558,558,558,558,558,558,558,558,558,558,558,558,558,558,558,558,558,558,558,558,558,558,1-0055,2,18,1-0055,18,2,0,11,9.274022698402405,0.515223483244578
426,426,426,426,426,426,426,426,426,426,426,426,426,426,426,426,426,426,426,426,426,426,426,426,426,426,426,426,1-4355,20,16,1-4355,49,19,0,9,24.951473116874695,0.5092137370790754
250,250,250,250,250,250,250,250,250,250,250,250,250,250,250,250,250,250,250,250,250,250,250,250,250,250,250,250,1-9333,8,17,1-9333,102,36,0,24,51.87059497833252,0.508535244885613
504,504,504,504,504,504,504,504,504,504,504,504,504,504,504,504,504,504,504,504,504,504,504,504,504,504,504,504,1-5425,3,4,1-5425,17,6,0,4,8.64509916305542,0.508535244885613
91,91,91,91,91,91,91,91,91,91,91,91,91,91,91,91,91,91,91,91,91,91,91,91,91,91,91,91,72-12171,6,9,72-12171,19,1,0,13,9.596572279930115,0.5050827515752692
542,542,542,542,542,542,542,542,542,542,542,542,542,542,542,542,542,542,542,542,542,542,542,542,542,542,542,542,1-1191,14,7,1-1191,53,16,0,16,26.58039665222168,0.5015169179664468
261,261,261,261,261,261,261,261,261,261,261,261,261,261,261,261,261,261,261,261,261,261,261,261,261,261,261,261,1-1942,8,17,1-1942,34,16,0,1,16.661274790763855,0.4900374938459957
481,481,481,481,481,481,481,481,481,481,481,481,481,481,481,481,481,481,481,481,481,481,481,481,481,481,481,481,1-10038,12,5,1-10038,76,10,0,41,37.112266421318054,0.48831929501734284
7,7,7,7,7,7,7,7,7,7,7,7,7,7,7,7,7,7,7,7,7,7,7,7,7,7,7,7,1-8767,1,20,1-8767,48,0,0,35,23.144617676734924,0.48217953493197757
319,319,319,319,319,319,319,319,319,319,319,319,319,319,319,319,319,319,319,319,319,319,319,319,319,319,319,319,1-3584,14,7,1-3584,26,11,0,2,12.32254958152771,0.4739442146741427
399,399,399,399,399,399,399,399,399,399,399,399,399,399,399,399,399,399,399,399,399,399,399,399,399,399,399,399,MLG60,23,22,MLG60,47,13,0,14,22.25784707069397,0.4735712142700845
346,346,346,346,346,346,346,346,346,346,346,346,346,346,346,346,346,346,346,346,346,346,346,346,346,346,346,346,MLG32,14,7,MLG32,52,12,0,19,24.564221024513245,0.4723888658560239
89,89,89,89,89,89,89,89,89,89,89,89,89,89,89,89,89,89,89,89,89,89,89,89,89,89,89,89,1-18004,4,10,1-18004,12,3,0,4,5.64509916305542,0.47042493025461835
440,440,440,440,440,440,440,440,440,440,440,440,440,440,440,440,440,440,440,440,440,440,440,440,440,440,440,440,MLG52,3,4,MLG52,125,42,0,25,58.531869769096375,0.468254958152771
445,445,445,445,445,445,445,445,445,445,445,445,445,445,445,445,445,445,445,445,445,445,445,445,445,445,445,445,1-6538,3,4,1-6538,44,9,0,17,20.241671442985535,0.4600379873405803
85,85,85,85,85,85,85,85,85,85,85,85,85,85,85,85,85,85,85,85,85,85,85,85,85,85,85,85,1-8084,6,9,1-8084,82,15,0,34,37.48334288597107,0.45711393763379354
171,171,171,171,171,171,171,171,171,171,171,171,171,171,171,171,171,171,171,171,171,171,171,171,171,171,171,171,1-8100,14,7,1-8100,19,4,0,7,8.628923535346985,0.45415387028142024
219,219,219,219,219,219,219,219,219,219,219,219,219,219,219,219,219,219,219,219,219,219,219,219,219,219,219,219,1-5653,7,11,1-5653,11,3,0,3,4.983824372291565,0.4530749429355968
526,526,526,526,526,526,526,526,526,526,526,526,526,526,526,526,526,526,526,526,526,526,526,526,526,526,526,526,1-5002,22,3,1-5002,45,13,0,11,20.274022698402405,0.4505338377422757
463,463,463,463,463,463,463,463,463,463,463,463,463,463,463,463,463,463,463,463,463,463,463,463,463,463,463,463,1-1989,1,20,1-1989,46,16,0,7,20.628923535346985,0.4484548594640649
293,293,293,293,293,293,293,293,293,293,293,293,293,293,293,293,293,293,293,293,293,293,293,293,293,293,293,293,1-8066,12,5,1-8066,86,24,0,22,38.54804539680481,0.44823308600935824
302,302,302,302,302,302,302,302,302,302,302,302,302,302,302,302,302,302,302,302,302,302,302,302,302,302,302,302,MLG51,21,14,MLG51,248,21,0,136,110.93337154388428,0.44731198203179146
497,497,497,497,497,497,497,497,497,497,497,497,497,497,497,497,497,497,497,497,497,497,497,497,497,497,497,497,1-8493,4,10,1-8493,38,3,0,21,16.886770606040955,0.44438870015897247
490,490,490,490,490,490,490,490,490,490,490,490,490,490,490,490,490,490,490,490,490,490,490,490,490,490,490,490,1-3551,16,21,1-3551,6,2,0,1,2.661274790763855,0.4435457984606425
402,402,402,402,402,402,402,402,402,402,402,402,402,402,402,402,402,402,402,402,402,402,402,402,402,402,402,402,1-5744,1,20,1-5744,18,6,0,3,7.983824372291565,0.4435457984606425
460,460,460,460,460,460,460,460,460,460,460,460,460,460,460,460,460,460,460,460,460,460,460,460,460,460,460,460,1-7993,18,6,1-7993,24,6,0,7,10.628923535346985,0.442871813972791
403,403,403,403,403,403,403,403,403,403,403,403,403,403,403,403,403,403,403,403,403,403,403,403,403,403,403,403,1-1770,21,14,1-1770,35,10,0,8,15.29019832611084,0.4368628093174526
77,77,77,77,77,77,77,77,77,77,77,77,77,77,77,77,77,77,77,77,77,77,77,77,77,77,77,77,1-2153,7,11,1-2153,13,5,0,1,5.661274790763855,0.4354826762126042
36,36,36,36,36,36,36,36,36,36,36,36,36,36,36,36,36,36,36,36,36,36,36,36,36,36,36,36,1-2714,14,7,1-2714,61,14,0,19,26.564221024513245,0.4354790331887417
480,480,480,480,480,480,480,480,480,480,480,480,480,480,480,480,480,480,480,480,480,480,480,480,480,480,480,480,1-1005,22,3,1-1005,125,16,0,58,54.35393786430359,0.43483150291442874
126,126,126,126,126,126,126,126,126,126,126,126,126,126,126,126,126,126,126,126,126,126,126,126,126,126,126,126,1-8488,12,5,1-8488,23,8,0,3,9.983824372291565,0.4340793205344159
478,478,478,478,478,478,478,478,478,478,478,478,478,478,478,478,478,478,478,478,478,478,478,478,478,478,478,478,1-9394,15,2,1-9394,117,46,0,7,50.628923535346985,0.43272584218245286
313,313,313,313,313,313,313,313,313,313,313,313,313,313,313,313,313,313,313,313,313,313,313,313,313,313,313,313,1-7521,22,3,1-7521,10,3,0,2,4.32254958152771,0.432254958152771
234,234,234,234,234,234,234,234,234,234,234,234,234,234,234,234,234,234,234,234,234,234,234,234,234,234,234,234,MLG29,22,3,MLG29,164,28,0,64,70.32158660888672,0.42879016224930927
429,429,429,429,429,429,429,429,429,429,429,429,429,429,429,429,429,429,429,429,429,429,429,429,429,429,429,429,1-6693,22,3,1-6693,98,18,0,36,41.80589246749878,0.4265907394642733
55,55,55,55,55,55,55,55,55,55,55,55,55,55,55,55,55,55,55,55,55,55,55,55,55,55,55,55,1-8095,12,5,1-8095,46,5,0,22,19.54804539680481,0.4249575086261915
13,13,13,13,13,13,13,13,13,13,13,13,13,13,13,13,13,13,13,13,13,13,13,13,13,13,13,13,1-9805,6,9,1-9805,26,7,0,6,10.96764874458313,0.4218326440224281
268,268,268,268,268,268,268,268,268,268,268,268,268,268,268,268,268,268,268,268,268,268,268,268,268,268,268,268,MLG44,22,3,MLG44,59,7,0,27,24.854419350624084,0.42126134492583195
123,123,123,123,123,123,123,123,123,123,123,123,123,123,123,123,123,123,123,123,123,123,123,123,123,123,123,123,MLG55,8,17,MLG55,92,34,0,7,38.628923535346985,0.4198796036450759
49,49,49,49,49,49,49,49,49,49,49,49,49,49,49,49,49,49,49,49,49,49,49,49,49,49,49,49,1-2178,4,10,1-2178,12,5,0,0,5.0,0.4166666666666667
392,392,392,392,392,392,392,392,392,392,392,392,392,392,392,392,392,392,392,392,392,392,392,392,392,392,392,392,1-9609,8,17,1-9609,25,9,0,2,10.32254958152771,0.4129019832611084
361,361,361,361,361,361,361,361,361,361,361,361,361,361,361,361,361,361,361,361,361,361,361,361,361,361,361,361,1-0008,9,8,1-0008,230,31,0,95,93.82110512256622,0.4079178483589836
483,483,483,483,483,483,483,483,483,483,483,483,483,483,483,483,483,483,483,483,483,483,483,483,483,483,483,483,1-9491,8,17,1-9491,80,24,0,13,32.596572279930115,0.4074571534991264
380,380,380,380,380,380,380,380,380,380,380,380,380,380,380,380,380,380,380,380,380,380,380,380,380,380,380,380,1-7004,17,12,1-7004,381,60,0,142,153.9010202884674,0.40393968579650236
363,363,363,363,363,363,363,363,363,363,363,363,363,363,363,363,363,363,363,363,363,363,363,363,363,363,363,363,1-10785,4,10,1-10785,279,15,0,147,112.20739424228668,0.40217704029493434
485,485,485,485,485,485,485,485,485,485,485,485,485,485,485,485,485,485,485,485,485,485,485,485,485,485,485,485,1-5980,22,3,1-5980,29,7,0,7,11.628923535346985,0.4009973632878271
281,281,281,281,281,281,281,281,281,281,281,281,281,281,281,281,281,281,281,281,281,281,281,281,281,281,281,281,1-9995,9,8,1-9995,24,3,0,10,9.61274790763855,0.4005311628182729
120,120,120,120,120,120,120,120,120,120,120,120,120,120,120,120,120,120,120,120,120,120,120,120,120,120,120,120,1-10232,8,17,1-10232,5,2,0,0,2.0,0.4
536,536,536,536,536,536,536,536,536,536,536,536,536,536,536,536,536,536,536,536,536,536,536,536,536,536,536,536,1-9971,16,21,1-9971,15,4,0,3,5.983824372291565,0.39892162481943766
334,334,334,334,334,334,334,334,334,334,334,334,334,334,334,334,334,334,334,334,334,334,334,334,334,334,334,334,1-20641,17,12,1-20641,16,5,0,2,6.32254958152771,0.3951593488454819
451,451,451,451,451,451,451,451,451,451,451,451,451,451,451,451,451,451,451,451,451,451,451,451,451,451,451,451,1-4098,14,7,1-4098,16,3,0,5,6.306373953819275,0.3941483721137047
484,484,484,484,484,484,484,484,484,484,484,484,484,484,484,484,484,484,484,484,484,484,484,484,484,484,484,484,MLG31,19,15,MLG31,33,9,0,6,12.96764874458313,0.39295905286615546
138,138,138,138,138,138,138,138,138,138,138,138,138,138,138,138,138,138,138,138,138,138,138,138,138,138,138,138,1-5515,3,4,1-5515,29,8,0,5,11.306373953819275,0.3898749639248026
251,251,251,251,251,251,251,251,251,251,251,251,251,251,251,251,251,251,251,251,251,251,251,251,251,251,251,251,1-7268,7,11,1-7268,70,16,0,17,27.241671442985535,0.38916673489979337
375,375,375,375,375,375,375,375,375,375,375,375,375,375,375,375,375,375,375,375,375,375,375,375,375,375,375,375,MLG14,15,2,MLG14,232,80,0,15,89.91912186145782,0.38758242181662855
43,43,43,43,43,43,43,43,43,43,43,43,43,43,43,43,43,43,43,43,43,43,43,43,43,43,43,43,1-8705,3,4,1-8705,48,8,0,16,18.58039665222168,0.387091596921285
499,499,499,499,499,499,499,499,499,499,499,499,499,499,499,499,499,499,499,499,499,499,499,499,499,499,499,499,1-8627,16,21,1-8627,25,7,0,4,9.64509916305542,0.3858039665222168
308,308,308,308,308,308,308,308,308,308,308,308,308,308,308,308,308,308,308,308,308,308,308,308,308,308,308,308,1-6743,12,5,1-6743,58,13,0,14,22.25784707069397,0.38375598397748223
131,131,131,131,131,131,131,131,131,131,131,131,131,131,131,131,131,131,131,131,131,131,131,131,131,131,131,131,1-9283,12,5,1-9283,235,61,0,44,90.09609079360962,0.3833876203983388
183,183,183,183,183,183,183,183,183,183,183,183,183,183,183,183,183,183,183,183,183,183,183,183,183,183,183,183,1-9496,22,3,1-9496,39,9,0,9,14.951473116874695,0.3833711055608896
422,422,422,422,422,422,422,422,422,422,422,422,422,422,422,422,422,422,422,422,422,422,422,422,422,422,422,422,1-6878,9,8,1-6878,167,30,0,51,63.725014328956604,0.38158691214944074
248,248,248,248,248,248,248,248,248,248,248,248,248,248,248,248,248,248,248,248,248,248,248,248,248,248,248,248,1-2400,14,7,1-2400,49,16,0,4,18.64509916305542,0.3805122278174575
285,285,285,285,285,285,285,285,285,285,285,285,285,285,285,285,285,285,285,285,285,285,285,285,285,285,285,285,1-18615,2,18,1-18615,22,5,0,5,8.306373953819275,0.3775624524463307
338,338,338,338,338,338,338,338,338,338,338,338,338,338,338,338,338,338,338,338,338,338,338,338,338,338,338,338,1-6296,14,7,1-6296,254,46,0,75,95.59560930728912,0.3763606665641304
258,258,258,258,258,258,258,258,258,258,258,258,258,258,258,258,258,258,258,258,258,258,258,258,258,258,258,258,1-9516,23,22,1-9516,76,10,0,28,28.51569414138794,0.37520650186036764
230,230,230,230,230,230,230,230,230,230,230,230,230,230,230,230,230,230,230,230,230,230,230,230,230,230,230,230,1-3089,13,23,1-3089,16,6,0,0,6.0,0.375
537,537,537,537,537,537,537,537,537,537,537,537,537,537,537,537,537,537,537,537,537,537,537,537,537,537,537,537,1-4494,12,5,1-4494,16,4,0,3,5.983824372291565,0.3739890232682228
292,292,292,292,292,292,292,292,292,292,292,292,292,292,292,292,292,292,292,292,292,292,292,292,292,292,292,292,1-9997,9,8,1-9997,16,4,0,3,5.983824372291565,0.3739890232682228
420,420,420,420,420,420,420,420,420,420,420,420,420,420,420,420,420,420,420,420,420,420,420,420,420,420,420,420,1-8172,4,10,1-8172,40,9,0,9,14.951473116874695,0.37378682792186735
157,157,157,157,157,157,157,157,157,157,157,157,157,157,157,157,157,157,157,157,157,157,157,157,157,157,157,157,1-6061,22,3,1-6061,40,5,0,15,14.919121861457825,0.3729780465364456
322,322,322,322,322,322,322,322,322,322,322,322,322,322,322,322,322,322,322,322,322,322,322,322,322,322,322,322,1-0296,4,10,1-0296,41,6,0,14,15.25784707069397,0.3721426114803407
176,176,176,176,176,176,176,176,176,176,176,176,176,176,176,176,176,176,176,176,176,176,176,176,176,176,176,176,1-8042,4,10,1-8042,52,14,0,8,19.29019832611084,0.37096535242520845
239,239,239,239,239,239,239,239,239,239,239,239,239,239,239,239,239,239,239,239,239,239,239,239,239,239,239,239,1-7042,2,18,1-7042,117,38,0,8,43.29019832611084,0.37000169509496444
327,327,327,327,327,327,327,327,327,327,327,327,327,327,327,327,327,327,327,327,327,327,327,327,327,327,327,327,P-16616,13,23,P-16616,28,9,0,2,10.32254958152771,0.36866248505456106
270,270,270,270,270,270,270,270,270,270,270,270,270,270,270,270,270,270,270,270,270,270,270,270,270,270,270,270,1-1390,6,9,1-1390,98,22,0,21,35.886770606040955,0.36619153679633626
452,452,452,452,452,452,452,452,452,452,452,452,452,452,452,452,452,452,452,452,452,452,452,452,452,452,452,452,1-8529,4,10,1-8529,56,0,0,31,20.499518513679504,0.3660628306014197
434,434,434,434,434,434,434,434,434,434,434,434,434,434,434,434,434,434,434,434,434,434,434,434,434,434,434,434,MLG59,3,4,MLG59,71,16,0,15,25.919121861457825,0.36505805438672995
438,438,438,438,438,438,438,438,438,438,438,438,438,438,438,438,438,438,438,438,438,438,438,438,438,438,438,438,MLG10,12,5,MLG10,60,8,0,21,21.886770606040955,0.3647795101006826
12,12,12,12,12,12,12,12,12,12,12,12,12,12,12,12,12,12,12,12,12,12,12,12,12,12,12,12,MLG84,9,8,MLG84,63,11,0,18,22.90294623374939,0.36353882910713314
224,224,224,224,224,224,224,224,224,224,224,224,224,224,224,224,224,224,224,224,224,224,224,224,224,224,224,224,1-9227,18,6,1-9227,801,157,0,202,290.5775077342987,0.3627684241377013
33,33,33,33,33,33,33,33,33,33,33,33,33,33,33,33,33,33,33,33,33,33,33,33,33,33,33,33,1-7991,16,21,1-7991,46,16,0,1,16.661274790763855,0.3622016258861708
199,199,199,199,199,199,199,199,199,199,199,199,199,199,199,199,199,199,199,199,199,199,199,199,199,199,199,199,MLG39,22,3,MLG39,23,5,0,5,8.306373953819275,0.3611466936443163
331,331,331,331,331,331,331,331,331,331,331,331,331,331,331,331,331,331,331,331,331,331,331,331,331,331,331,331,MLG75,23,22,MLG75,185,27,0,60,66.6764874458313,0.36041344565314215
24,24,24,24,24,24,24,24,24,24,24,24,24,24,24,24,24,24,24,24,24,24,24,24,24,24,24,24,1-7140,9,8,1-7140,397,51,0,139,142.91719591617584,0.35999293681656386
153,153,153,153,153,153,153,153,153,153,153,153,153,153,153,153,153,153,153,153,153,153,153,153,153,153,153,153,1-1350,4,10,1-1350,195,33,0,56,70.03138828277588,0.35913532452705577
547,547,547,547,547,547,547,547,547,547,547,547,547,547,547,547,547,547,547,547,547,547,547,547,547,547,547,547,MLG67,8,17,MLG67,27,7,0,4,9.64509916305542,0.3572258949279785
267,267,267,267,267,267,267,267,267,267,267,267,267,267,267,267,267,267,267,267,267,267,267,267,267,267,267,267,1-6181,9,8,1-6181,659,96,0,208,233.54515647888184,0.35439325717584497
500,500,500,500,500,500,500,500,500,500,500,500,500,500,500,500,500,500,500,500,500,500,500,500,500,500,500,500,1-0292,9,8,1-0292,99,29,0,9,34.951473116874695,0.3530451829987343
365,365,365,365,365,365,365,365,365,365,365,365,365,365,365,365,365,365,365,365,365,365,365,365,365,365,365,365,MLG48,14,7,MLG48,159,18,0,57,55.692663073539734,0.350268321217231
357,357,357,357,357,357,357,357,357,357,357,357,357,357,357,357,357,357,357,357,357,357,357,357,357,357,357,357,1-4760,4,10,1-4760,40,10,0,6,13.96764874458313,0.34919121861457825
472,472,472,472,472,472,472,472,472,472,472,472,472,472,472,472,472,472,472,472,472,472,472,472,472,472,472,472,1-9518,11,13,1-9518,22,5,0,4,7.64509916305542,0.34750450741161
191,191,191,191,191,191,191,191,191,191,191,191,191,191,191,191,191,191,191,191,191,191,191,191,191,191,191,191,1-8328,4,10,1-8328,114,33,0,10,39.61274790763855,0.3474802448038469
283,283,283,283,283,283,283,283,283,283,283,283,283,283,283,283,283,283,283,283,283,283,283,283,283,283,283,283,1-3535,7,11,1-3535,315,81,0,43,109.43481600284576,0.34741211429474844
471,471,471,471,471,471,471,471,471,471,471,471,471,471,471,471,471,471,471,471,471,471,471,471,471,471,471,471,1-9794,7,11,1-9794,46,12,0,6,15.96764874458313,0.34712279879528546
273,273,273,273,273,273,273,273,273,273,273,273,273,273,273,273,273,273,273,273,273,273,273,273,273,273,273,273,1-3589,9,8,1-3589,27,8,0,2,9.32254958152771,0.34527961413065594
39,39,39,39,39,39,39,39,39,39,39,39,39,39,39,39,39,39,39,39,39,39,39,39,39,39,39,39,1-7467,20,16,1-7467,64,8,0,21,21.886770606040955,0.3419807907193899
387,387,387,387,387,387,387,387,387,387,387,387,387,387,387,387,387,387,387,387,387,387,387,387,387,387,387,387,1-10539,1,20,1-10539,63,5,0,25,21.531869769096375,0.3417757106205774
427,427,427,427,427,427,427,427,427,427,427,427,427,427,427,427,427,427,427,427,427,427,427,427,427,427,427,427,1-9379,15,2,1-9379,58,17,0,4,19.64509916305542,0.3387086062595762
414,414,414,414,414,414,414,414,414,414,414,414,414,414,414,414,414,414,414,414,414,414,414,414,414,414,414,414,1-8285,3,4,1-8285,72,13,0,17,24.241671442985535,0.33668988115257686
314,314,314,314,314,314,314,314,314,314,314,314,314,314,314,314,314,314,314,314,314,314,314,314,314,314,314,314,1-3139,18,6,1-3139,93,14,0,26,31.19314455986023,0.3354101565576369
0,0,0,0,0,0,0,0,0,0,0,0,0,0,0,0,0,0,0,0,0,0,0,0,0,0,0,0,72-0103,2,18,72-0103,71,0,0,36,23.80589246749878,0.33529426010561664
559,559,559,559,559,559,559,559,559,559,559,559,559,559,559,559,559,559,559,559,559,559,559,559,559,559,559,559,1-5914,19,15,1-5914,3,1,0,0,1.0,0.3333333333333333
278,278,278,278,278,278,278,278,278,278,278,278,278,278,278,278,278,278,278,278,278,278,278,278,278,278,278,278,1-10762,12,5,1-10762,6,2,0,0,2.0,0.3333333333333333
502,502,502,502,502,502,502,502,502,502,502,502,502,502,502,502,502,502,502,502,502,502,502,502,502,502,502,502,1-20012,12,5,1-20012,12,4,0,0,4.0,0.3333333333333333
148,148,148,148,148,148,148,148,148,148,148,148,148,148,148,148,148,148,148,148,148,148,148,148,148,148,148,148,1-0001,6,9,1-0001,17,5,0,1,5.661274790763855,0.33301616416257973
279,279,279,279,279,279,279,279,279,279,279,279,279,279,279,279,279,279,279,279,279,279,279,279,279,279,279,279,MLG43,19,15,MLG43,14,4,0,1,4.661274790763855,0.33294819934027536
147,147,147,147,147,147,147,147,147,147,147,147,147,147,147,147,147,147,147,147,147,147,147,147,147,147,147,147,1-17657,2,18,1-17657,8,2,0,1,2.661274790763855,0.3326593488454819
320,320,320,320,320,320,320,320,320,320,320,320,320,320,320,320,320,320,320,320,320,320,320,320,320,320,320,320,MLG13,14,7,MLG13,140,30,0,25,46.531869769096375,0.3323704983506884
541,541,541,541,541,541,541,541,541,541,541,541,541,541,541,541,541,541,541,541,541,541,541,541,541,541,541,541,1-5424,19,15,1-5424,5,1,0,1,1.661274790763855,0.332254958152771
52,52,52,52,52,52,52,52,52,52,52,52,52,52,52,52,52,52,52,52,52,52,52,52,52,52,52,52,72-12387,6,9,72-12387,71,11,0,19,23.564221024513245,0.3318904369649753
465,465,465,465,465,465,465,465,465,465,465,465,465,465,465,465,465,465,465,465,465,465,465,465,465,465,465,465,1-5913,22,3,1-5913,14,2,0,4,4.64509916305542,0.3317927973611014
544,544,544,544,544,544,544,544,544,544,544,544,544,544,544,544,544,544,544,544,544,544,544,544,544,544,544,544,1-5799,1,20,1-5799,7,1,0,2,2.32254958152771,0.3317927973611014
289,289,289,289,289,289,289,289,289,289,289,289,289,289,289,289,289,289,289,289,289,289,289,289,289,289,289,289,1-1592,1,20,1-1592,32,4,0,10,10.61274790763855,0.3316483721137047
221,221,221,221,221,221,221,221,221,221,221,221,221,221,221,221,221,221,221,221,221,221,221,221,221,221,221,221,1-8023,19,15,1-8023,16,2,0,5,5.306373953819275,0.3316483721137047
562,562,562,562,562,562,562,562,562,562,562,562,562,562,562,562,562,562,562,562,562,562,562,562,562,562,562,562,1-0003,3,4,1-0003,17,1,0,7,5.628923535346985,0.33111314913805795
545,545,545,545,545,545,545,545,545,545,545,545,545,545,545,545,545,545,545,545,545,545,545,545,545,545,545,545,1-19567,1,20,1-19567,2,0,0,1,0.661274790763855,0.3306373953819275
492,492,492,492,492,492,492,492,492,492,492,492,492,492,492,492,492,492,492,492,492,492,492,492,492,492,492,492,1-6028,21,14,1-6028,2,0,0,1,0.661274790763855,0.3306373953819275
553,553,553,553,553,553,553,553,553,553,553,553,553,553,553,553,553,553,553,553,553,553,553,553,553,553,553,553,1-5555,1,20,1-5555,10,0,0,5,3.306373953819275,0.3306373953819275
256,256,256,256,256,256,256,256,256,256,256,256,256,256,256,256,256,256,256,256,256,256,256,256,256,256,256,256,1-9277,8,17,1-9277,48,13,0,4,15.64509916305542,0.3259395658969879
345,345,345,345,345,345,345,345,345,345,345,345,345,345,345,345,345,345,345,345,345,345,345,345,345,345,345,345,1-1131,15,2,1-1131,138,39,0,9,44.951473116874695,0.32573531244112097
491,491,491,491,491,491,491,491,491,491,491,491,491,491,491,491,491,491,491,491,491,491,491,491,491,491,491,491,MLG09,5,24,MLG09,125,0,0,61,40.337762236595154,0.3227020978927612
488,488,488,488,488,488,488,488,488,488,488,488,488,488,488,488,488,488,488,488,488,488,488,488,488,488,488,488,1-11350,20,16,1-11350,100,13,0,29,32.176968932151794,0.32176968932151795
423,423,423,423,423,423,423,423,423,423,423,423,423,423,423,423,423,423,423,423,423,423,423,423,423,423,423,423,1-7122,12,5,1-7122,197,29,0,52,63.38628911972046,0.3217578127904592
201,201,201,201,201,201,201,201,201,201,201,201,201,201,201,201,201,201,201,201,201,201,201,201,201,201,201,201,1-9902,11,13,1-9902,30,3,0,10,9.61274790763855,0.3204249302546183
560,560,560,560,560,560,560,560,560,560,560,560,560,560,560,560,560,560,560,560,560,560,560,560,560,560,560,560,1-0027,22,3,1-0027,29,4,0,8,9.29019832611084,0.32035166641761514
456,456,456,456,456,456,456,456,456,456,456,456,456,456,456,456,456,456,456,456,456,456,456,456,456,456,456,456,1-8186,22,3,1-8186,26,1,0,11,8.274022698402405,0.31823164224624634
501,501,501,501,501,501,501,501,501,501,501,501,501,501,501,501,501,501,501,501,501,501,501,501,501,501,501,501,1-18487,4,10,1-18487,23,2,0,8,7.29019832611084,0.31696514461351477
102,102,102,102,102,102,102,102,102,102,102,102,102,102,102,102,102,102,102,102,102,102,102,102,102,102,102,102,1-3564,2,18,1-3564,41,9,0,6,12.96764874458313,0.31628411572153975
103,103,103,103,103,103,103,103,103,103,103,103,103,103,103,103,103,103,103,103,103,103,103,103,103,103,103,103,1-8820,14,7,1-8820,83,13,0,20,26.2254958152771,0.3159698290997241
391,391,391,391,391,391,391,391,391,391,391,391,391,391,391,391,391,391,391,391,391,391,391,391,391,391,391,391,MLG30,9,8,MLG30,208,30,0,54,65.70883870124817,0.31590787837138545
210,210,210,210,210,210,210,210,210,210,210,210,210,210,210,210,210,210,210,210,210,210,210,210,210,210,210,210,1-7842,1,20,1-7842,21,0,0,10,6.61274790763855,0.3148927575065976
294,294,294,294,294,294,294,294,294,294,294,294,294,294,294,294,294,294,294,294,294,294,294,294,294,294,294,294,1-3509,4,10,1-3509,35,5,0,9,10.951473116874695,0.31289923191070557
473,473,473,473,473,473,473,473,473,473,473,473,473,473,473,473,473,473,473,473,473,473,473,473,473,473,473,473,1-9452,23,22,1-9452,16,3,0,3,4.983824372291565,0.3114890232682228
415,415,415,415,415,415,415,415,415,415,415,415,415,415,415,415,415,415,415,415,415,415,415,415,415,415,415,415,1-1957,11,13,1-1957,47,10,0,7,14.628923535346985,0.3112536922414252
468,468,468,468,468,468,468,468,468,468,468,468,468,468,468,468,468,468,468,468,468,468,468,468,468,468,468,468,1-6228,14,7,1-6228,48,7,0,12,14.93529748916626,0.31115203102429706
433,433,433,433,433,433,433,433,433,433,433,433,433,433,433,433,433,433,433,433,433,433,433,433,433,433,433,433,1-5654,23,22,1-5654,15,4,0,1,4.661274790763855,0.3107516527175903
498,498,498,498,498,498,498,498,498,498,498,498,498,498,498,498,498,498,498,498,498,498,498,498,498,498,498,498,1-19915,4,10,1-19915,62,8,0,17,19.241671442985535,0.3103495394029925
122,122,122,122,122,122,122,122,122,122,122,122,122,122,122,122,122,122,122,122,122,122,122,122,122,122,122,122,MLG42,21,14,MLG42,14,3,0,2,4.32254958152771,0.3087535415376936
514,514,514,514,514,514,514,514,514,514,514,514,514,514,514,514,514,514,514,514,514,514,514,514,514,514,514,514,1-11206,21,14,1-11206,14,3,0,2,4.32254958152771,0.3087535415376936
71,71,71,71,71,71,71,71,71,71,71,71,71,71,71,71,71,71,71,71,71,71,71,71,71,71,71,71,1-6532,14,7,1-6532,27,5,0,5,8.306373953819275,0.30764347977108425
232,232,232,232,232,232,232,232,232,232,232,232,232,232,232,232,232,232,232,232,232,232,232,232,232,232,232,232,1-18371,12,5,1-18371,120,21,0,24,36.87059497833252,0.307254958152771
506,506,506,506,506,506,506,506,506,506,506,506,506,506,506,506,506,506,506,506,506,506,506,506,506,506,506,506,1-6227,2,18,1-6227,52,0,0,24,15.87059497833252,0.3052037495833177
505,505,505,505,505,505,505,505,505,505,505,505,505,505,505,505,505,505,505,505,505,505,505,505,505,505,505,505,1-4747,6,9,1-4747,25,3,0,7,7.628923535346985,0.3051569414138794
290,290,290,290,290,290,290,290,290,290,290,290,290,290,290,290,290,290,290,290,290,290,290,290,290,290,290,290,1-8341,18,6,1-8341,197,36,0,36,59.80589246749878,0.30358321049491765
286,286,286,286,286,286,286,286,286,286,286,286,286,286,286,286,286,286,286,286,286,286,286,286,286,286,286,286,1-3587,13,23,1-3587,46,8,0,9,13.951473116874695,0.30329289384510205
356,356,356,356,356,356,356,356,356,356,356,356,356,356,356,356,356,356,356,356,356,356,356,356,356,356,356,356,1-9761,7,11,1-9761,35,2,0,13,10.596572279930115,0.30275920799800327
272,272,272,272,272,272,272,272,272,272,272,272,272,272,272,272,272,272,272,272,272,272,272,272,272,272,272,272,1-1570,4,10,1-1570,142,23,0,30,42.83824372291565,0.3016777726965891
244,244,244,244,244,244,244,244,244,244,244,244,244,244,244,244,244,244,244,244,244,244,244,244,244,244,244,244,MLG57,21,14,MLG57,629,58,0,198,188.9324085712433,0.3003694889844885
309,309,309,309,309,309,309,309,309,309,309,309,309,309,309,309,309,309,309,309,309,309,309,309,309,309,309,309,1-3516,17,12,1-3516,156,11,0,53,46.047563910484314,0.2951766917338738
129,129,129,129,129,129,129,129,129,129,129,129,129,129,129,129,129,129,129,129,129,129,129,129,129,129,129,129,1-2573,2,18,1-2573,37,1,0,15,10.919121861457825,0.2951114016610223
114,114,114,114,114,114,114,114,114,114,114,114,114,114,114,114,114,114,114,114,114,114,114,114,114,114,114,114,1-7496,16,21,1-7496,246,46,0,40,72.4509916305542,0.29451622614046424
503,503,503,503,503,503,503,503,503,503,503,503,503,503,503,503,503,503,503,503,503,503,503,503,503,503,503,503,1-9076,17,12,1-9076,9,0,0,4,2.64509916305542,0.29389990700615776
353,353,353,353,353,353,353,353,353,353,353,353,353,353,353,353,353,353,353,353,353,353,353,353,353,353,353,353,MLG50,11,13,MLG50,319,39,0,82,93.22453284263611,0.29223991486719786
328,328,328,328,328,328,328,328,328,328,328,328,328,328,328,328,328,328,328,328,328,328,328,328,328,328,328,328,1-9497,22,3,1-9497,150,18,0,39,43.789716839790344,0.2919314455986023
149,149,149,149,149,149,149,149,149,149,149,149,149,149,149,149,149,149,149,149,149,149,149,149,149,149,149,149,MLG58,11,13,MLG58,71,14,0,10,20.61274790763855,0.2903203930653317
105,105,105,105,105,105,105,105,105,105,105,105,105,105,105,105,105,105,105,105,105,105,105,105,105,105,105,105,1-1258,6,9,1-1258,435,70,0,85,126.20835721492767,0.29013415451707514
335,335,335,335,335,335,335,335,335,335,335,335,335,335,335,335,335,335,335,335,335,335,335,335,335,335,335,335,1-8910,18,6,1-8910,137,15,0,37,39.467167258262634,0.2880815128340338
144,144,144,144,144,144,144,144,144,144,144,144,144,144,144,144,144,144,144,144,144,144,144,144,144,144,144,144,1-7744,7,11,1-7744,37,6,0,7,10.628923535346985,0.28726820365802663
253,253,253,253,253,253,253,253,253,253,253,253,253,253,253,253,253,253,253,253,253,253,253,253,253,253,253,253,1-4649,18,6,1-4649,244,29,0,62,69.99903702735901,0.2868812992924549
101,101,101,101,101,101,101,101,101,101,101,101,101,101,101,101,101,101,101,101,101,101,101,101,101,101,101,101,1-9892,1,20,1-9892,22,1,0,8,6.29019832611084,0.2859181057323109
384,384,384,384,384,384,384,384,384,384,384,384,384,384,384,384,384,384,384,384,384,384,384,384,384,384,384,384,1-9270,13,23,1-9270,128,28,0,13,36.596572279930115,0.285910720936954
93,93,93,93,93,93,93,93,93,93,93,93,93,93,93,93,93,93,93,93,93,93,93,93,93,93,93,93,1-20003,21,14,1-20003,21,2,0,6,5.96764874458313,0.2841737497420538
528,528,528,528,528,528,528,528,528,528,528,528,528,528,528,528,528,528,528,528,528,528,528,528,528,528,528,528,1-6718,12,5,1-6718,20,3,0,4,5.64509916305542,0.282254958152771
400,400,400,400,400,400,400,400,400,400,400,400,400,400,400,400,400,400,400,400,400,400,400,400,400,400,400,400,1-18709,3,4,1-18709,33,4,0,8,9.29019832611084,0.28152116139729816
352,352,352,352,352,352,352,352,352,352,352,352,352,352,352,352,352,352,352,352,352,352,352,352,352,352,352,352,MLG63,7,11,MLG63,380,62,0,67,106.30541098117828,0.2797510815294165
311,311,311,311,311,311,311,311,311,311,311,311,311,311,311,311,311,311,311,311,311,311,311,311,311,311,311,311,1-20578,17,12,1-20578,19,2,0,5,5.306373953819275,0.2792828396746987
14,14,14,14,14,14,14,14,14,14,14,14,14,14,14,14,14,14,14,14,14,14,14,14,14,14,14,14,1-6098,22,3,1-6098,1327,130,0,361,368.72019946575165,0.27785998452581134
161,161,161,161,161,161,161,161,161,161,161,161,161,161,161,161,161,161,161,161,161,161,161,161,161,161,161,161,MLG41,15,2,MLG41,66,13,0,8,18.29019832611084,0.27712421706228546
389,389,389,389,389,389,389,389,389,389,389,389,389,389,389,389,389,389,389,389,389,389,389,389,389,389,389,389,1-0278,7,11,1-0278,79,2,0,30,21.83824372291565,0.2764334648470335
202,202,202,202,202,202,202,202,202,202,202,202,202,202,202,202,202,202,202,202,202,202,202,202,202,202,202,202,1-8988,2,18,1-8988,29,2,0,9,7.951473116874695,0.2741887281680929
339,339,339,339,339,339,339,339,339,339,339,339,339,339,339,339,339,339,339,339,339,339,339,339,339,339,339,339,1-3523,20,16,1-3523,543,70,0,119,148.69170010089874,0.27383370184327577
383,383,383,383,383,383,383,383,383,383,383,383,383,383,383,383,383,383,383,383,383,383,383,383,383,383,383,383,1-8551,6,9,1-8551,38,7,0,5,10.306373953819275,0.2712203672057704
517,517,517,517,517,517,517,517,517,517,517,517,517,517,517,517,517,517,517,517,517,517,517,517,517,517,517,517,1-18028,12,5,1-18028,309,54,0,45,83.75736558437347,0.2710594355481342
358,358,358,358,358,358,358,358,358,358,358,358,358,358,358,358,358,358,358,358,358,358,358,358,358,358,358,358,1-9831,10,1,1-9831,132,8,0,42,35.77354121208191,0.27101167584910535
324,324,324,324,324,324,324,324,324,324,324,324,324,324,324,324,324,324,324,324,324,324,324,324,324,324,324,324,1-6734,2,18,1-6734,44,2,0,15,11.919121861457825,0.27088913321495056
359,359,359,359,359,359,359,359,359,359,359,359,359,359,359,359,359,359,359,359,359,359,359,359,359,359,359,359,1-4417,9,8,1-4417,151,19,0,33,40.822068095207214,0.2703448218225643
246,246,246,246,246,246,246,246,246,246,246,246,246,246,246,246,246,246,246,246,246,246,246,246,246,246,246,246,MLG56,19,15,MLG56,511,104,0,50,137.06373953819275,0.2682264961608469
139,139,139,139,139,139,139,139,139,139,139,139,139,139,139,139,139,139,139,139,139,139,139,139,139,139,139,139,1-7863,6,9,1-7863,351,63,0,47,94.07991516590118,0.2680339463415988
245,245,245,245,245,245,245,245,245,245,245,245,245,245,245,245,245,245,245,245,245,245,245,245,245,245,245,245,1-6647,19,15,1-6647,62,6,0,16,16.58039665222168,0.2674257524551884
216,216,216,216,216,216,216,216,216,216,216,216,216,216,216,216,216,216,216,216,216,216,216,216,216,216,216,216,1-9887,20,16,1-9887,36,3,0,10,9.61274790763855,0.2670207752121819
167,167,167,167,167,167,167,167,167,167,167,167,167,167,167,167,167,167,167,167,167,167,167,167,167,167,167,167,1-4929,4,10,1-4929,10,2,0,1,2.661274790763855,0.2661274790763855
128,128,128,128,128,128,128,128,128,128,128,128,128,128,128,128,128,128,128,128,128,128,128,128,128,128,128,128,1-19286,23,22,1-19286,40,6,0,7,10.628923535346985,0.26572308838367464
509,509,509,509,509,509,509,509,509,509,509,509,509,509,509,509,509,509,509,509,509,509,509,509,509,509,509,509,1-18935,23,22,1-18935,30,4,0,6,7.96764874458313,0.26558829148610436
197,197,197,197,197,197,197,197,197,197,197,197,197,197,197,197,197,197,197,197,197,197,197,197,197,197,197,197,1-8646,9,8,1-8646,20,2,0,5,5.306373953819275,0.2653186976909637
240,240,240,240,240,240,240,240,240,240,240,240,240,240,240,240,240,240,240,240,240,240,240,240,240,240,240,240,MLG33,1,20,MLG33,20,2,0,5,5.306373953819275,0.2653186976909637
455,455,455,455,455,455,455,455,455,455,455,455,455,455,455,455,455,455,455,455,455,455,455,455,455,455,455,455,1-17790,10,1,1-17790,5,0,0,2,1.32254958152771,0.264509916305542
211,211,211,211,211,211,211,211,211,211,211,211,211,211,211,211,211,211,211,211,211,211,211,211,211,211,211,211,1-5406,15,2,1-5406,10,0,0,4,2.64509916305542,0.264509916305542
419,419,419,419,419,419,419,419,419,419,419,419,419,419,419,419,419,419,419,419,419,419,419,419,419,419,419,419,1-6692,11,13,1-6692,71,16,0,4,18.64509916305542,0.26260703046556927
349,349,349,349,349,349,349,349,349,349,349,349,349,349,349,349,349,349,349,349,349,349,349,349,349,349,349,349,1-3052,18,6,1-3052,166,23,0,31,43.499518513679504,0.26204529225108136
92,92,92,92,92,92,92,92,92,92,92,92,92,92,92,92,92,92,92,92,92,92,92,92,92,92,92,92,1-7807,17,12,1-7807,239,39,0,35,62.144617676734924,0.2600193208231587
117,117,117,117,117,117,117,117,117,117,117,117,117,117,117,117,117,117,117,117,117,117,117,117,117,117,117,117,1-0358,23,22,1-0358,22,3,0,4,5.64509916305542,0.2565954165025191
401,401,401,401,401,401,401,401,401,401,401,401,401,401,401,401,401,401,401,401,401,401,401,401,401,401,401,401,1-7204,6,9,1-7204,26,6,0,1,6.661274790763855,0.2562028765678406
179,179,179,179,179,179,179,179,179,179,179,179,179,179,179,179,179,179,179,179,179,179,179,179,179,179,179,179,1-4052,13,23,1-4052,13,2,0,2,3.32254958152771,0.2555807370405931
106,106,106,106,106,106,106,106,106,106,106,106,106,106,106,106,106,106,106,106,106,106,106,106,106,106,106,106,MLG69,19,15,MLG69,576,71,0,115,147.04660093784332,0.25528923773931134
397,397,397,397,397,397,397,397,397,397,397,397,397,397,397,397,397,397,397,397,397,397,397,397,397,397,397,397,1-9808,2,18,1-9808,74,3,0,24,18.87059497833252,0.25500804024773677
548,548,548,548,548,548,548,548,548,548,548,548,548,548,548,548,548,548,548,548,548,548,548,548,548,548,548,548,1-3087,23,22,1-3087,26,2,0,7,6.628923535346985,0.2549585975133456
69,69,69,69,69,69,69,69,69,69,69,69,69,69,69,69,69,69,69,69,69,69,69,69,69,69,69,69,1-18498,3,4,1-18498,13,0,0,5,3.306373953819275,0.25433645798609805
409,409,409,409,409,409,409,409,409,409,409,409,409,409,409,409,409,409,409,409,409,409,409,409,409,409,409,409,1-9645,1,20,1-9645,69,1,0,25,17.531869769096375,0.25408506911733875
522,522,522,522,522,522,522,522,522,522,522,522,522,522,522,522,522,522,522,522,522,522,522,522,522,522,522,522,1-5282,17,12,1-5282,17,1,0,5,4.306373953819275,0.25331611493054557
393,393,393,393,393,393,393,393,393,393,393,393,393,393,393,393,393,393,393,393,393,393,393,393,393,393,393,393,1-7819,20,16,1-7819,59,7,0,12,14.93529748916626,0.25314063540959764
416,416,416,416,416,416,416,416,416,416,416,416,416,416,416,416,416,416,416,416,416,416,416,416,416,416,416,416,1-18203,1,20,1-18203,29,0,0,11,7.274022698402405,0.25082836891042776
362,362,362,362,362,362,362,362,362,362,362,362,362,362,362,362,362,362,362,362,362,362,362,362,362,362,362,362,1-1462,18,6,1-1462,192,19,0,44,48.09609079360962,0.25050047288338345
441,441,441,441,441,441,441,441,441,441,441,441,441,441,441,441,441,441,441,441,441,441,441,441,441,441,441,441,1-19166,18,6,1-19166,45,2,0,14,11.25784707069397,0.25017437934875486
280,280,280,280,280,280,280,280,280,280,280,280,280,280,280,280,280,280,280,280,280,280,280,280,280,280,280,280,1-7608,19,15,1-7608,4,1,0,0,1.0,0.25
511,511,511,511,511,511,511,511,511,511,511,511,511,511,511,511,511,511,511,511,511,511,511,511,511,511,511,511,1-9697,5,24,1-9697,20,5,0,0,5.0,0.25
519,519,519,519,519,519,519,519,519,519,519,519,519,519,519,519,519,519,519,519,519,519,519,519,519,519,519,519,1-4926,15,2,1-4926,4,1,0,0,1.0,0.25
404,404,404,404,404,404,404,404,404,404,404,404,404,404,404,404,404,404,404,404,404,404,404,404,404,404,404,404,1-4682,19,15,1-4682,16,2,0,3,3.983824372291565,0.2489890232682228
442,442,442,442,442,442,442,442,442,442,442,442,442,442,442,442,442,442,442,442,442,442,442,442,442,442,442,442,MLG11,11,13,MLG11,87,5,0,25,21.531869769096375,0.24749275596662498
180,180,180,180,180,180,180,180,180,180,180,180,180,180,180,180,180,180,180,180,180,180,180,180,180,180,180,180,1-0037,14,7,1-0037,35,8,0,1,8.661274790763855,0.24746499402182442
8,8,8,8,8,8,8,8,8,8,8,8,8,8,8,8,8,8,8,8,8,8,8,8,8,8,8,8,1-8181,22,3,1-8181,30,4,0,5,7.306373953819275,0.2435457984606425
231,231,231,231,231,231,231,231,231,231,231,231,231,231,231,231,231,231,231,231,231,231,231,231,231,231,231,231,1-8450,3,4,1-8450,52,10,0,4,12.64509916305542,0.24317498390491193
185,185,185,185,185,185,185,185,185,185,185,185,185,185,185,185,185,185,185,185,185,185,185,185,185,185,185,185,1-8906,18,6,1-8906,15,1,0,4,3.64509916305542,0.24300661087036132
479,479,479,479,479,479,479,479,479,479,479,479,479,479,479,479,479,479,479,479,479,479,479,479,479,479,479,479,1-9286,19,15,1-9286,81,15,0,7,19.628923535346985,0.24233238932527143
310,310,310,310,310,310,310,310,310,310,310,310,310,310,310,310,310,310,310,310,310,310,310,310,310,310,310,310,1-4855,21,14,1-4855,22,4,0,2,5.32254958152771,0.24193407188762317
447,447,447,447,447,447,447,447,447,447,447,447,447,447,447,447,447,447,447,447,447,447,447,447,447,447,447,447,1-7152,17,12,1-7152,109,15,0,17,26.241671442985535,0.24074927929344528
136,136,136,136,136,136,136,136,136,136,136,136,136,136,136,136,136,136,136,136,136,136,136,136,136,136,136,136,1-9549,14,7,1-9549,18,3,0,2,4.32254958152771,0.2401416434182061
227,227,227,227,227,227,227,227,227,227,227,227,227,227,227,227,227,227,227,227,227,227,227,227,227,227,227,227,1-3068,17,12,1-3068,180,24,0,29,43.176968932151794,0.23987204962306552
398,398,398,398,398,398,398,398,398,398,398,398,398,398,398,398,398,398,398,398,398,398,398,398,398,398,398,398,1-0303,2,18,1-0303,212,17,0,51,50.725014328956604,0.23926893551394623
143,143,143,143,143,143,143,143,143,143,143,143,143,143,143,143,143,143,143,143,143,143,143,143,143,143,143,143,1-8928,12,5,1-8928,39,8,0,2,9.32254958152771,0.23903973285968488
57,57,57,57,57,57,57,57,57,57,57,57,57,57,57,57,57,57,57,57,57,57,57,57,57,57,57,57,1-1224,16,21,1-1224,151,30,0,9,35.951473116874695,0.23808922593956752
305,305,305,305,305,305,305,305,305,305,305,305,305,305,305,305,305,305,305,305,305,305,305,305,305,305,305,305,1-7866,20,16,1-7866,318,40,0,54,75.70883870124817,0.23807810912342192
539,539,539,539,539,539,539,539,539,539,539,539,539,539,539,539,539,539,539,539,539,539,539,539,539,539,539,539,1-9436,14,7,1-9436,21,3,0,3,4.983824372291565,0.23732497010912215
155,155,155,155,155,155,155,155,155,155,155,155,155,155,155,155,155,155,155,155,155,155,155,155,155,155,155,155,1-9447,2,18,1-9447,7,1,0,1,1.661274790763855,0.23732497010912215
321,321,321,321,321,321,321,321,321,321,321,321,321,321,321,321,321,321,321,321,321,321,321,321,321,321,321,321,1-5172,2,18,1-5172,120,2,0,40,28.4509916305542,0.23709159692128498
150,150,150,150,150,150,150,150,150,150,150,150,150,150,150,150,150,150,150,150,150,150,150,150,150,150,150,150,1-7005,2,18,1-7005,285,19,0,73,67.27305972576141,0.23604582359916285
159,159,159,159,159,159,159,159,159,159,159,159,159,159,159,159,159,159,159,159,159,159,159,159,159,159,159,159,1-10696,11,13,1-10696,24,3,0,4,5.64509916305542,0.23521246512730917
209,209,209,209,209,209,209,209,209,209,209,209,209,209,209,209,209,209,209,209,209,209,209,209,209,209,209,209,1-9938,10,1,1-9938,55,3,0,15,12.919121861457825,0.23489312475377863
228,228,228,228,228,228,228,228,228,228,228,228,228,228,228,228,228,228,228,228,228,228,228,228,228,228,228,228,1-17835,6,9,1-17835,17,2,0,3,3.983824372291565,0.23434261013479793
342,342,342,342,342,342,342,342,342,342,342,342,342,342,342,342,342,342,342,342,342,342,342,342,342,342,342,342,MLG65,15,2,MLG65,201,45,0,3,46.983824372291565,0.2337503700114008
282,282,282,282,282,282,282,282,282,282,282,282,282,282,282,282,282,282,282,282,282,282,282,282,282,282,282,282,1-1608,23,22,1-1608,307,34,0,57,71.69266307353973,0.23352658981609034
125,125,125,125,125,125,125,125,125,125,125,125,125,125,125,125,125,125,125,125,125,125,125,125,125,125,125,125,1-8622,20,16,1-8622,54,2,0,16,12.58039665222168,0.23297030837447555
340,340,340,340,340,340,340,340,340,340,340,340,340,340,340,340,340,340,340,340,340,340,340,340,340,340,340,340,1-3362,17,12,1-3362,117,16,0,17,27.241671442985535,0.23283479865799603
348,348,348,348,348,348,348,348,348,348,348,348,348,348,348,348,348,348,348,348,348,348,348,348,348,348,348,348,1-17758,3,4,1-17758,40,6,0,5,9.306373953819275,0.23265934884548187
141,141,141,141,141,141,141,141,141,141,141,141,141,141,141,141,141,141,141,141,141,141,141,141,141,141,141,141,MLG45,1,20,MLG45,70,5,0,17,16.241671442985535,0.2320238777569362
446,446,446,446,446,446,446,446,446,446,446,446,446,446,446,446,446,446,446,446,446,446,446,446,446,446,446,446,1-3534,17,12,1-3534,279,23,0,63,64.66031181812286,0.23175739002911422
454,454,454,454,454,454,454,454,454,454,454,454,454,454,454,454,454,454,454,454,454,454,454,454,454,454,454,454,1-0272,17,12,1-0272,111,5,0,31,25.499518513679504,0.22972539201513067
513,513,513,513,513,513,513,513,513,513,513,513,513,513,513,513,513,513,513,513,513,513,513,513,513,513,513,513,1-8094,7,11,1-8094,58,8,0,8,13.29019832611084,0.22914135045018688
222,222,222,222,222,222,222,222,222,222,222,222,222,222,222,222,222,222,222,222,222,222,222,222,222,222,222,222,1-4149,3,4,1-4149,16,3,0,1,3.661274790763855,0.22882967442274094
104,104,104,104,104,104,104,104,104,104,104,104,104,104,104,104,104,104,104,104,104,104,104,104,104,104,104,104,1-8267,17,12,1-8267,133,13,0,26,30.19314455986023,0.2270161245102273
316,316,316,316,316,316,316,316,316,316,316,316,316,316,316,316,316,316,316,316,316,316,316,316,316,316,316,316,1-7441,6,9,1-7441,111,21,0,6,24.96764874458313,0.2249337724737219
448,448,448,448,448,448,448,448,448,448,448,448,448,448,448,448,448,448,448,448,448,448,448,448,448,448,448,448,1-3106,5,24,1-3106,34,5,0,4,7.64509916305542,0.22485585773692413
226,226,226,226,226,226,226,226,226,226,226,226,226,226,226,226,226,226,226,226,226,226,226,226,226,226,226,226,1-9996,7,11,1-9996,28,1,0,8,6.29019832611084,0.22464994021824428
82,82,82,82,82,82,82,82,82,82,82,82,82,82,82,82,82,82,82,82,82,82,82,82,82,82,82,82,1-17645,2,18,1-17645,9,2,0,0,2.0,0.2222222222222222
72,72,72,72,72,72,72,72,72,72,72,72,72,72,72,72,72,72,72,72,72,72,72,72,72,72,72,72,1-9614,23,22,1-9614,30,4,0,4,6.64509916305542,0.22150330543518065
168,168,168,168,168,168,168,168,168,168,168,168,168,168,168,168,168,168,168,168,168,168,168,168,168,168,168,168,1-9655,3,4,1-9655,27,2,0,6,5.96764874458313,0.22102402757715295
158,158,158,158,158,158,158,158,158,158,158,158,158,158,158,158,158,158,158,158,158,158,158,158,158,158,158,158,1-7599,3,4,1-7599,3,0,0,1,0.661274790763855,0.22042493025461832
332,332,332,332,332,332,332,332,332,332,332,332,332,332,332,332,332,332,332,332,332,332,332,332,332,332,332,332,MLG78,19,15,MLG78,80,13,0,7,17.628923535346985,0.22036154419183732
360,360,360,360,360,360,360,360,360,360,360,360,360,360,360,360,360,360,360,360,360,360,360,360,360,360,360,360,1-6611,17,12,1-6611,89,7,0,19,19.564221024513245,0.21982270814059826
395,395,395,395,395,395,395,395,395,395,395,395,395,395,395,395,395,395,395,395,395,395,395,395,395,395,395,395,1-6787,14,7,1-6787,56,9,0,5,12.306373953819275,0.21975667774677277
73,73,73,73,73,73,73,73,73,73,73,73,73,73,73,73,73,73,73,73,73,73,73,73,73,73,73,73,1-5355,1,20,1-5355,53,1,0,16,11.58039665222168,0.2184980500419185
236,236,236,236,236,236,236,236,236,236,236,236,236,236,236,236,236,236,236,236,236,236,236,236,236,236,236,236,1-7024,6,9,1-7024,498,67,0,63,108.66031181812286,0.2181933972251463
132,132,132,132,132,132,132,132,132,132,132,132,132,132,132,132,132,132,132,132,132,132,132,132,132,132,132,132,1-9110,4,10,1-9110,29,5,0,2,6.32254958152771,0.2180189510871624
260,260,260,260,260,260,260,260,260,260,260,260,260,260,260,260,260,260,260,260,260,260,260,260,260,260,260,260,1-0129,13,23,1-0129,142,25,0,9,30.951473116874695,0.2179681205413711
406,406,406,406,406,406,406,406,406,406,406,406,406,406,406,406,406,406,406,406,406,406,406,406,406,406,406,406,1-17907,17,12,1-17907,119,16,0,15,25.919121861457825,0.21780774673493972
347,347,347,347,347,347,347,347,347,347,347,347,347,347,347,347,347,347,347,347,347,347,347,347,347,347,347,347,1-8188,2,18,1-8188,140,8,0,34,30.48334288597107,0.21773816347122193
193,193,193,193,193,193,193,193,193,193,193,193,193,193,193,193,193,193,193,193,193,193,193,193,193,193,193,193,1-9553,23,22,1-9553,23,3,0,3,4.983824372291565,0.21668801618658978
295,295,295,295,295,295,295,295,295,295,295,295,295,295,295,295,295,295,295,295,295,295,295,295,295,295,295,295,1-3639,17,12,1-3639,17,3,0,1,3.661274790763855,0.2153691053390503
378,378,378,378,378,378,378,378,378,378,378,378,378,378,378,378,378,378,378,378,378,378,378,378,378,378,378,378,1-6561,13,23,1-6561,65,12,0,3,13.983824372291565,0.2151357595737164
531,531,531,531,531,531,531,531,531,531,531,531,531,531,531,531,531,531,531,531,531,531,531,531,531,531,531,531,1-5891,3,4,1-5891,96,8,0,19,20.564221024513245,0.21421063567201296
482,482,482,482,482,482,482,482,482,482,482,482,482,482,482,482,482,482,482,482,482,482,482,482,482,482,482,482,1-4390,18,6,1-4390,45,3,0,10,9.61274790763855,0.21361662016974556
487,487,487,487,487,487,487,487,487,487,487,487,487,487,487,487,487,487,487,487,487,487,487,487,487,487,487,487,1-6900,6,9,1-6900,67,9,0,8,14.29019832611084,0.2132865421807588
466,466,466,466,466,466,466,466,466,466,466,466,466,466,466,466,466,466,466,466,466,466,466,466,466,466,466,466,1-5981,19,15,1-5981,28,2,0,6,5.96764874458313,0.21313031230654036
22,22,22,22,22,22,22,22,22,22,22,22,22,22,22,22,22,22,22,22,22,22,22,22,22,22,22,22,1-7995,3,4,1-7995,14,1,0,3,2.983824372291565,0.21313031230654036
265,265,265,265,265,265,265,265,265,265,265,265,265,265,265,265,265,265,265,265,265,265,265,265,265,265,265,265,1-11330,3,4,1-11330,14,1,0,3,2.983824372291565,0.21313031230654036
192,192,192,192,192,192,192,192,192,192,192,192,192,192,192,192,192,192,192,192,192,192,192,192,192,192,192,192,1-9770,1,20,1-9770,50,2,0,13,10.596572279930115,0.2119314455986023
206,206,206,206,206,206,206,206,206,206,206,206,206,206,206,206,206,206,206,206,206,206,206,206,206,206,206,206,1-9752,5,24,1-9752,22,4,0,1,4.661274790763855,0.2118761268529025
534,534,534,534,534,534,534,534,534,534,534,534,534,534,534,534,534,534,534,534,534,534,534,534,534,534,534,534,1-9457,9,8,1-9457,11,1,0,2,2.32254958152771,0.21114087104797363
81,81,81,81,81,81,81,81,81,81,81,81,81,81,81,81,81,81,81,81,81,81,81,81,81,81,81,81,1-7770,12,5,1-7770,11,1,0,2,2.32254958152771,0.21114087104797363
94,94,94,94,94,94,94,94,94,94,94,94,94,94,94,94,94,94,94,94,94,94,94,94,94,94,94,94,1-3083,5,24,1-3083,78,13,0,5,16.306373953819275,0.20905607633101633
373,373,373,373,373,373,373,373,373,373,373,373,373,373,373,373,373,373,373,373,373,373,373,373,373,373,373,373,1-6918,22,3,1-6918,43,5,0,6,8.96764874458313,0.20854997080425883
405,405,405,405,405,405,405,405,405,405,405,405,405,405,405,405,405,405,405,405,405,405,405,405,405,405,405,405,1-3104,16,21,1-3104,16,2,0,2,3.32254958152771,0.20765934884548187
300,300,300,300,300,300,300,300,300,300,300,300,300,300,300,300,300,300,300,300,300,300,300,300,300,300,300,300,1-4020,21,14,1-4020,37,5,0,4,7.64509916305542,0.20662430170420054
76,76,76,76,76,76,76,76,76,76,76,76,76,76,76,76,76,76,76,76,76,76,76,76,76,76,76,76,1-8541,18,6,1-8541,232,16,0,48,47.74118995666504,0.20578099119252172
312,312,312,312,312,312,312,312,312,312,312,312,312,312,312,312,312,312,312,312,312,312,312,312,312,312,312,312,1-3108,7,11,1-3108,18,3,0,1,3.661274790763855,0.2034041550424364
381,381,381,381,381,381,381,381,381,381,381,381,381,381,381,381,381,381,381,381,381,381,381,381,381,381,381,381,1-2335,1,20,1-2335,145,1,0,43,29.434816002845764,0.2029987310541087
386,386,386,386,386,386,386,386,386,386,386,386,386,386,386,386,386,386,386,386,386,386,386,386,386,386,386,386,MLG68,12,5,MLG68,642,71,0,88,129.19218158721924,0.20123392770594897
408,408,408,408,408,408,408,408,408,408,408,408,408,408,408,408,408,408,408,408,408,408,408,408,408,408,408,408,MLG53,6,9,MLG53,91,13,0,8,18.29019832611084,0.20099119039682242
67,67,67,67,67,67,67,67,67,67,67,67,67,67,67,67,67,67,67,67,67,67,67,67,67,67,67,67,1-7481,11,13,1-7481,33,2,0,7,6.628923535346985,0.20087647076809045
205,205,205,205,205,205,205,205,205,205,205,205,205,205,205,205,205,205,205,205,205,205,205,205,205,205,205,205,1-8018,6,9,1-8018,58,5,0,10,11.61274790763855,0.2002197915110095
156,156,156,156,156,156,156,156,156,156,156,156,156,156,156,156,156,156,156,156,156,156,156,156,156,156,156,156,1-8634,11,13,1-8634,10,2,0,0,2.0,0.2
174,174,174,174,174,174,174,174,174,174,174,174,174,174,174,174,174,174,174,174,174,174,174,174,174,174,174,174,MLG38,5,24,MLG38,77,10,0,8,15.29019832611084,0.19857400423520571
135,135,135,135,135,135,135,135,135,135,135,135,135,135,135,135,135,135,135,135,135,135,135,135,135,135,135,135,1-9712,1,20,1-9712,10,0,0,3,1.983824372291565,0.1983824372291565
214,214,214,214,214,214,214,214,214,214,214,214,214,214,214,214,214,214,214,214,214,214,214,214,214,214,214,214,1-0053,3,4,1-0053,142,10,0,27,27.854419350624084,0.19615788275087384
223,223,223,223,223,223,223,223,223,223,223,223,223,223,223,223,223,223,223,223,223,223,223,223,223,223,223,223,1-0205,3,4,1-0205,34,6,0,1,6.661274790763855,0.1959198467871722
121,121,121,121,121,121,121,121,121,121,121,121,121,121,121,121,121,121,121,121,121,121,121,121,121,121,121,121,1-7070,7,11,1-7070,129,10,0,23,25.209320187568665,0.19542108672533848
396,396,396,396,396,396,396,396,396,396,396,396,396,396,396,396,396,396,396,396,396,396,396,396,396,396,396,396,1-9963,13,23,1-9963,116,16,0,10,22.61274790763855,0.1949374819624013
379,379,379,379,379,379,379,379,379,379,379,379,379,379,379,379,379,379,379,379,379,379,379,379,379,379,379,379,1-4640,18,6,1-4640,87,11,0,9,16.951473116874695,0.19484451858476662
164,164,164,164,164,164,164,164,164,164,164,164,164,164,164,164,164,164,164,164,164,164,164,164,164,164,164,164,1-9740,1,20,1-9740,34,0,0,10,6.61274790763855,0.19449258551878087
1,1,1,1,1,1,1,1,1,1,1,1,1,1,1,1,1,1,1,1,1,1,1,1,1,1,1,1,1-9185,13,23,1-9185,31,6,0,0,6.0,0.1935483870967742
200,200,200,200,200,200,200,200,200,200,200,200,200,200,200,200,200,200,200,200,200,200,200,200,200,200,200,200,1-4634,6,9,1-4634,48,4,0,8,9.29019832611084,0.1935457984606425
291,291,291,291,291,291,291,291,291,291,291,291,291,291,291,291,291,291,291,291,291,291,291,291,291,291,291,291,MLG02,8,17,MLG02,320,52,0,15,61.919121861457825,0.1934972558170557
65,65,65,65,65,65,65,65,65,65,65,65,65,65,65,65,65,65,65,65,65,65,65,65,65,65,65,65,1-8659,19,15,1-8659,91,9,0,13,17.596572279930115,0.19336892615307819
351,351,351,351,351,351,351,351,351,351,351,351,351,351,351,351,351,351,351,351,351,351,351,351,351,351,351,351,1-19229,1,20,1-19229,38,4,0,5,7.306373953819275,0.19227299878471776
371,371,371,371,371,371,371,371,371,371,371,371,371,371,371,371,371,371,371,371,371,371,371,371,371,371,371,371,1-1580,20,16,1-1580,400,41,0,54,76.70883870124817,0.19177209675312043
266,266,266,266,266,266,266,266,266,266,266,266,266,266,266,266,266,266,266,266,266,266,266,266,266,266,266,266,1-2103,6,9,1-2103,26,3,0,3,4.983824372291565,0.1916855527804448
173,173,173,173,173,173,173,173,173,173,173,173,173,173,173,173,173,173,173,173,173,173,173,173,173,173,173,173,1-9588,3,4,1-9588,14,2,0,1,2.661274790763855,0.1900910564831325
516,516,516,516,516,516,516,516,516,516,516,516,516,516,516,516,516,516,516,516,516,516,516,516,516,516,516,516,1-5036,8,17,1-5036,14,2,0,1,2.661274790763855,0.1900910564831325
166,166,166,166,166,166,166,166,166,166,166,166,166,166,166,166,166,166,166,166,166,166,166,166,166,166,166,166,MLG40,23,22,MLG40,51,7,0,4,9.64509916305542,0.1891195914324592
306,306,306,306,306,306,306,306,306,306,306,306,306,306,306,306,306,306,306,306,306,306,306,306,306,306,306,306,1-18377,11,13,1-18377,14,0,0,4,2.64509916305542,0.18893565450395858
330,330,330,330,330,330,330,330,330,330,330,330,330,330,330,330,330,330,330,330,330,330,330,330,330,330,330,330,1-4531,3,4,1-4531,94,13,0,7,17.628923535346985,0.1875417397377339
366,366,366,366,366,366,366,366,366,366,366,366,366,366,366,366,366,366,366,366,366,366,366,366,366,366,366,366,1-5163,15,2,1-5163,16,3,0,0,3.0,0.1875
80,80,80,80,80,80,80,80,80,80,80,80,80,80,80,80,80,80,80,80,80,80,80,80,80,80,80,80,1-9115,4,10,1-9115,16,3,0,0,3.0,0.1875
437,437,437,437,437,437,437,437,437,437,437,437,437,437,437,437,437,437,437,437,437,437,437,437,437,437,437,437,1-6980,13,23,1-6980,128,12,0,18,23.90294623374939,0.1867417674511671
533,533,533,533,533,533,533,533,533,533,533,533,533,533,533,533,533,533,533,533,533,533,533,533,533,533,533,533,1-7530,8,17,1-7530,25,4,0,1,4.661274790763855,0.1864509916305542
450,450,450,450,450,450,450,450,450,450,450,450,450,450,450,450,450,450,450,450,450,450,450,450,450,450,450,450,1-2297,10,1,1-2297,25,2,0,4,4.64509916305542,0.18580396652221678
271,271,271,271,271,271,271,271,271,271,271,271,271,271,271,271,271,271,271,271,271,271,271,271,271,271,271,271,1-7897,4,10,1-7897,95,8,0,14,17.25784707069397,0.1816615481125681
241,241,241,241,241,241,241,241,241,241,241,241,241,241,241,241,241,241,241,241,241,241,241,241,241,241,241,241,1-19448,1,20,1-19448,45,4,0,6,7.96764874458313,0.17705886099073623
298,298,298,298,298,298,298,298,298,298,298,298,298,298,298,298,298,298,298,298,298,298,298,298,298,298,298,298,1-7019,9,8,1-7019,107,11,0,12,18.93529748916626,0.17696539709501177
137,137,137,137,137,137,137,137,137,137,137,137,137,137,137,137,137,137,137,137,137,137,137,137,137,137,137,137,1-1972,21,14,1-1972,32,3,0,4,5.64509916305542,0.17640934884548187
97,97,97,97,97,97,97,97,97,97,97,97,97,97,97,97,97,97,97,97,97,97,97,97,97,97,97,97,1-9237,20,16,1-9237,38,4,0,4,6.64509916305542,0.17487103060672157
299,299,299,299,299,299,299,299,299,299,299,299,299,299,299,299,299,299,299,299,299,299,299,299,299,299,299,299,MLG54,11,13,MLG54,595,60,0,65,102.98286139965057,0.17308043932714381
421,421,421,421,421,421,421,421,421,421,421,421,421,421,421,421,421,421,421,421,421,421,421,421,421,421,421,421,1-8398,7,11,1-8398,54,6,0,5,9.306373953819275,0.17234025840406064
208,208,208,208,208,208,208,208,208,208,208,208,208,208,208,208,208,208,208,208,208,208,208,208,208,208,208,208,1-10468,10,1,1-10468,549,37,0,86,93.86963200569153,0.17098293625809022
424,424,424,424,424,424,424,424,424,424,424,424,424,424,424,424,424,424,424,424,424,424,424,424,424,424,424,424,1-4700,1,20,1-4700,31,0,0,8,5.29019832611084,0.17065155890680128
459,459,459,459,459,459,459,459,459,459,459,459,459,459,459,459,459,459,459,459,459,459,459,459,459,459,459,459,1-2545,2,18,1-2545,145,16,0,13,24.596572279930115,0.16963153296503528
475,475,475,475,475,475,475,475,475,475,475,475,475,475,475,475,475,475,475,475,475,475,475,475,475,475,475,475,1-18234,2,18,1-18234,43,0,0,11,7.274022698402405,0.16916331856749778
343,343,343,343,343,343,343,343,343,343,343,343,343,343,343,343,343,343,343,343,343,343,343,343,343,343,343,343,1-4319,10,1,1-4319,163,13,0,22,27.54804539680481,0.16900641347733011
382,382,382,382,382,382,382,382,382,382,382,382,382,382,382,382,382,382,382,382,382,382,382,382,382,382,382,382,1-18558,20,16,1-18558,307,28,0,36,51.80589246749878,0.16874883539901883
259,259,259,259,259,259,259,259,259,259,259,259,259,259,259,259,259,259,259,259,259,259,259,259,259,259,259,259,1-3596,5,24,1-3596,223,14,0,35,37.144617676734924,0.1665677922723539
160,160,160,160,160,160,160,160,160,160,160,160,160,160,160,160,160,160,160,160,160,160,160,160,160,160,160,160,1-19813,3,4,1-19813,20,2,0,2,3.32254958152771,0.1661274790763855
30,30,30,30,30,30,30,30,30,30,30,30,30,30,30,30,30,30,30,30,30,30,30,30,30,30,30,30,1-8418,4,10,1-8418,46,3,0,7,7.628923535346985,0.16584616381189096
508,508,508,508,508,508,508,508,508,508,508,508,508,508,508,508,508,508,508,508,508,508,508,508,508,508,508,508,1-8532,14,7,1-8532,4,0,0,1,0.661274790763855,0.16531869769096375
204,204,204,204,204,204,204,204,204,204,204,204,204,204,204,204,204,204,204,204,204,204,204,204,204,204,204,204,1-9733,1,20,1-9733,4,0,0,1,0.661274790763855,0.16531869769096375
436,436,436,436,436,436,436,436,436,436,436,436,436,436,436,436,436,436,436,436,436,436,436,436,436,436,436,436,1-5161,19,15,1-5161,12,0,0,3,1.983824372291565,0.16531869769096375
476,476,476,476,476,476,476,476,476,476,476,476,476,476,476,476,476,476,476,476,476,476,476,476,476,476,476,476,1-19205,5,24,1-19205,12,0,0,3,1.983824372291565,0.16531869769096375
238,238,238,238,238,238,238,238,238,238,238,238,238,238,238,238,238,238,238,238,238,238,238,238,238,238,238,238,1-9855,1,20,1-9855,8,0,0,2,1.32254958152771,0.16531869769096375
15,15,15,15,15,15,15,15,15,15,15,15,15,15,15,15,15,15,15,15,15,15,15,15,15,15,15,15,1-8093,3,4,1-8093,4,0,0,1,0.661274790763855,0.16531869769096375
477,477,477,477,477,477,477,477,477,477,477,477,477,477,477,477,477,477,477,477,477,477,477,477,477,477,477,477,1-9055,20,16,1-9055,12,0,0,3,1.983824372291565,0.16531869769096375
170,170,170,170,170,170,170,170,170,170,170,170,170,170,170,170,170,170,170,170,170,170,170,170,170,170,170,170,1-5043,16,21,1-5043,123,19,0,2,20.32254958152771,0.16522398033762367
540,540,540,540,540,540,540,540,540,540,540,540,540,540,540,540,540,540,540,540,540,540,540,540,540,540,540,540,1-5413,16,21,1-5413,39,5,0,2,6.32254958152771,0.16211665593660796
233,233,233,233,233,233,233,233,233,233,233,233,233,233,233,233,233,233,233,233,233,233,233,233,233,233,233,233,MLG07,2,18,MLG07,90,2,0,19,14.564221024513245,0.16182467805014716
243,243,243,243,243,243,243,243,243,243,243,243,243,243,243,243,243,243,243,243,243,243,243,243,243,243,243,243,1-1015,11,13,1-1015,155,3,0,33,24.822068095207214,0.16014237480778848
376,376,376,376,376,376,376,376,376,376,376,376,376,376,376,376,376,376,376,376,376,376,376,376,376,376,376,376,1-7874,18,6,1-7874,258,27,0,21,40.886770606040955,0.15847585506217424
354,354,354,354,354,354,354,354,354,354,354,354,354,354,354,354,354,354,354,354,354,354,354,354,354,354,354,354,1-9417,10,1,1-9417,76,6,0,9,11.951473116874695,0.15725622522203545
326,326,326,326,326,326,326,326,326,326,326,326,326,326,326,326,326,326,326,326,326,326,326,326,326,326,326,326,1-8826,17,12,1-8826,123,12,0,11,19.274022698402405,0.15669937153172686
68,68,68,68,68,68,68,68,68,68,68,68,68,68,68,68,68,68,68,68,68,68,68,68,68,68,68,68,1-7845,16,21,1-7845,36,1,0,7,5.628923535346985,0.1563589870929718
453,453,453,453,453,453,453,453,453,453,453,453,453,453,453,453,453,453,453,453,453,453,453,453,453,453,453,453,1-8397,2,18,1-8397,51,4,0,6,7.96764874458313,0.15622840675653196
31,31,31,31,31,31,31,31,31,31,31,31,31,31,31,31,31,31,31,31,31,31,31,31,31,31,31,31,1-8938,3,4,1-8938,30,0,0,7,4.628923535346985,0.15429745117823282
341,341,341,341,341,341,341,341,341,341,341,341,341,341,341,341,341,341,341,341,341,341,341,341,341,341,341,341,1-0031,11,13,1-0031,13,2,0,0,2.0,0.15384615384615385
242,242,242,242,242,242,242,242,242,242,242,242,242,242,242,242,242,242,242,242,242,242,242,242,242,242,242,242,1-20791,9,8,1-20791,13,2,0,0,2.0,0.15384615384615385
430,430,430,430,430,430,430,430,430,430,430,430,430,430,430,430,430,430,430,430,430,430,430,430,430,430,430,430,1-3141,13,23,1-3141,136,16,0,7,20.628923535346985,0.15168326128931606
5,5,5,5,5,5,5,5,5,5,5,5,5,5,5,5,5,5,5,5,5,5,5,5,5,5,5,5,1-5549,15,2,1-5549,35,2,0,5,5.306373953819275,0.15161068439483644
417,417,417,417,417,417,417,417,417,417,417,417,417,417,417,417,417,417,417,417,417,417,417,417,417,417,417,417,1-10451,7,11,1-10451,46,1,0,9,6.951473116874695,0.1511189808016238
493,493,493,493,493,493,493,493,493,493,493,493,493,493,493,493,493,493,493,493,493,493,493,493,493,493,493,493,1-1836,8,17,1-1836,20,3,0,0,3.0,0.15
64,64,64,64,64,64,64,64,64,64,64,64,64,64,64,64,64,64,64,64,64,64,64,64,64,64,64,64,1-9674,10,1,1-9674,144,3,0,28,21.51569414138794,0.14941454264852735
87,87,87,87,87,87,87,87,87,87,87,87,87,87,87,87,87,87,87,87,87,87,87,87,87,87,87,87,MLG35,23,22,MLG35,49,2,0,8,7.29019832611084,0.14877955767573142
524,524,524,524,524,524,524,524,524,524,524,524,524,524,524,524,524,524,524,524,524,524,524,524,524,524,524,524,1-9338,18,6,1-9338,29,1,0,5,4.306373953819275,0.148495653579975
318,318,318,318,318,318,318,318,318,318,318,318,318,318,318,318,318,318,318,318,318,318,318,318,318,318,318,318,1-2324,1,20,1-2324,25,3,0,1,3.661274790763855,0.1464509916305542
364,364,364,364,364,364,364,364,364,364,364,364,364,364,364,364,364,364,364,364,364,364,364,364,364,364,364,364,1-7682,5,24,1-7682,141,16,0,7,20.628923535346985,0.14630442223650345
2,2,2,2,2,2,2,2,2,2,2,2,2,2,2,2,2,2,2,2,2,2,2,2,2,2,2,2,MLG17,14,7,MLG17,153,15,0,11,22.274022698402405,0.1455818477019765
189,189,189,189,189,189,189,189,189,189,189,189,189,189,189,189,189,189,189,189,189,189,189,189,189,189,189,189,1-9156,1,20,1-9156,268,9,0,45,38.757365584373474,0.14461703576258758
407,407,407,407,407,407,407,407,407,407,407,407,407,407,407,407,407,407,407,407,407,407,407,407,407,407,407,407,1-8421,16,21,1-8421,109,13,0,4,15.64509916305542,0.14353301984454514
307,307,307,307,307,307,307,307,307,307,307,307,307,307,307,307,307,307,307,307,307,307,307,307,307,307,307,307,1-5530,14,7,1-5530,7,1,0,0,1.0,0.14285714285714285
385,385,385,385,385,385,385,385,385,385,385,385,385,385,385,385,385,385,385,385,385,385,385,385,385,385,385,385,1-6974,1,20,1-6974,207,9,0,31,29.499518513679504,0.14250975127381402
390,390,390,390,390,390,390,390,390,390,390,390,390,390,390,390,390,390,390,390,390,390,390,390,390,390,390,390,MLG64,13,23,MLG64,245,28,0,10,34.61274790763855,0.1412765220719941
152,152,152,152,152,152,152,152,152,152,152,152,152,152,152,152,152,152,152,152,152,152,152,152,152,152,152,152,1-9500,6,9,1-9500,33,4,0,1,4.661274790763855,0.14125075123526834
25,25,25,25,25,25,25,25,25,25,25,25,25,25,25,25,25,25,25,25,25,25,25,25,25,25,25,25,1-9607,20,16,1-9607,19,2,0,1,2.661274790763855,0.14006709425072922
162,162,162,162,162,162,162,162,162,162,162,162,162,162,162,162,162,162,162,162,162,162,162,162,162,162,162,162,1-8067,10,1,1-8067,322,9,0,54,44.70883870124817,0.1388473251591558
431,431,431,431,431,431,431,431,431,431,431,431,431,431,431,431,431,431,431,431,431,431,431,431,431,431,431,431,1-7614,5,24,1-7614,72,8,0,3,9.983824372291565,0.1386642273929384
45,45,45,45,45,45,45,45,45,45,45,45,45,45,45,45,45,45,45,45,45,45,45,45,45,45,45,45,1-9444,12,5,1-9444,24,2,0,2,3.32254958152771,0.13843956589698792
172,172,172,172,172,172,172,172,172,172,172,172,172,172,172,172,172,172,172,172,172,172,172,172,172,172,172,172,1-8573,8,17,1-8573,184,20,0,8,25.29019832611084,0.1374467300332111
4,4,4,4,4,4,4,4,4,4,4,4,4,4,4,4,4,4,4,4,4,4,4,4,4,4,4,4,1-6240,21,14,1-6240,698,39,0,86,95.86963200569153,0.13734904298809675
140,140,140,140,140,140,140,140,140,140,140,140,140,140,140,140,140,140,140,140,140,140,140,140,140,140,140,140,1-2294,10,1,1-2294,75,3,0,11,10.274022698402405,0.13698696931203205
184,184,184,184,184,184,184,184,184,184,184,184,184,184,184,184,184,184,184,184,184,184,184,184,184,184,184,184,1-8074,1,20,1-8074,145,2,0,27,19.854419350624084,0.13692703000430403
388,388,388,388,388,388,388,388,388,388,388,388,388,388,388,388,388,388,388,388,388,388,388,388,388,388,388,388,MLG49,16,21,MLG49,185,20,0,8,25.29019832611084,0.13670377473573428
11,11,11,11,11,11,11,11,11,11,11,11,11,11,11,11,11,11,11,11,11,11,11,11,11,11,11,11,1-9722,5,24,1-9722,22,3,0,0,3.0,0.13636363636363635
84,84,84,84,84,84,84,84,84,84,84,84,84,84,84,84,84,84,84,84,84,84,84,84,84,84,84,84,1-18714,11,13,1-18714,32,3,0,2,4.32254958152771,0.13507967442274094
98,98,98,98,98,98,98,98,98,98,98,98,98,98,98,98,98,98,98,98,98,98,98,98,98,98,98,98,1-8127,20,16,1-8127,32,1,0,5,4.306373953819275,0.13457418605685234
207,207,207,207,207,207,207,207,207,207,207,207,207,207,207,207,207,207,207,207,207,207,207,207,207,207,207,207,1-7058,4,10,1-7058,80,2,0,13,10.596572279930115,0.13245715349912643
535,535,535,535,535,535,535,535,535,535,535,535,535,535,535,535,535,535,535,535,535,535,535,535,535,535,535,535,1-5990,8,17,1-5990,5,0,0,1,0.661274790763855,0.132254958152771
225,225,225,225,225,225,225,225,225,225,225,225,225,225,225,225,225,225,225,225,225,225,225,225,225,225,225,225,1-9650,1,20,1-9650,25,0,0,5,3.306373953819275,0.132254958152771
284,284,284,284,284,284,284,284,284,284,284,284,284,284,284,284,284,284,284,284,284,284,284,284,284,284,284,284,1-4136,9,8,1-4136,5,0,0,1,0.661274790763855,0.132254958152771
37,37,37,37,37,37,37,37,37,37,37,37,37,37,37,37,37,37,37,37,37,37,37,37,37,37,37,37,1-5508,7,11,1-5508,38,3,0,3,4.983824372291565,0.13115327295504117
109,109,109,109,109,109,109,109,109,109,109,109,109,109,109,109,109,109,109,109,109,109,109,109,109,109,109,109,1-9768,1,20,1-9768,241,13,0,28,31.51569414138794,0.13077051510949353
329,329,329,329,329,329,329,329,329,329,329,329,329,329,329,329,329,329,329,329,329,329,329,329,329,329,329,329,1-1317,10,1,1-1317,414,17,0,56,54.03138828277588,0.13051059971684995
377,377,377,377,377,377,377,377,377,377,377,377,377,377,377,377,377,377,377,377,377,377,377,377,377,377,377,377,1-7213,5,24,1-7213,23,3,0,0,3.0,0.13043478260869565
355,355,355,355,355,355,355,355,355,355,355,355,355,355,355,355,355,355,355,355,355,355,355,355,355,355,355,355,1-9498,23,22,1-9498,64,1,0,11,8.274022698402405,0.12928160466253757
303,303,303,303,303,303,303,303,303,303,303,303,303,303,303,303,303,303,303,303,303,303,303,303,303,303,303,303,1-8157,2,18,1-8157,75,3,0,10,9.61274790763855,0.12816997210184733
247,247,247,247,247,247,247,247,247,247,247,247,247,247,247,247,247,247,247,247,247,247,247,247,247,247,247,247,1-20467,4,10,1-20467,13,1,0,1,1.661274790763855,0.12779036852029654
470,470,470,470,470,470,470,470,470,470,470,470,470,470,470,470,470,470,470,470,470,470,470,470,470,470,470,470,1-1204,1,20,1-1204,39,1,0,6,4.96764874458313,0.12737560883546487
432,432,432,432,432,432,432,432,432,432,432,432,432,432,432,432,432,432,432,432,432,432,432,432,432,432,432,432,1-6914,18,6,1-6914,73,2,0,11,9.274022698402405,0.1270414068274302
510,510,510,510,510,510,510,510,510,510,510,510,510,510,510,510,510,510,510,510,510,510,510,510,510,510,510,510,1-3206,20,16,1-3206,45,3,0,4,5.64509916305542,0.1254466480678982
557,557,557,557,557,557,557,557,557,557,557,557,557,557,557,557,557,557,557,557,557,557,557,557,557,557,557,557,1-9806,5,24,1-9806,8,1,0,0,1.0,0.125
527,527,527,527,527,527,527,527,527,527,527,527,527,527,527,527,527,527,527,527,527,527,527,527,527,527,527,527,1-5531,9,8,1-5531,8,1,0,0,1.0,0.125
554,554,554,554,554,554,554,554,554,554,554,554,554,554,554,554,554,554,554,554,554,554,554,554,554,554,554,554,1-10444,3,4,1-10444,8,1,0,0,1.0,0.125
523,523,523,523,523,523,523,523,523,523,523,523,523,523,523,523,523,523,523,523,523,523,523,523,523,523,523,523,1-9861,13,23,1-9861,8,1,0,0,1.0,0.125
186,186,186,186,186,186,186,186,186,186,186,186,186,186,186,186,186,186,186,186,186,186,186,186,186,186,186,186,72-11994,19,15,72-11994,8,1,0,0,1.0,0.125
213,213,213,213,213,213,213,213,213,213,213,213,213,213,213,213,213,213,213,213,213,213,213,213,213,213,213,213,1-18563,4,10,1-18563,8,1,0,0,1.0,0.125
127,127,127,127,127,127,127,127,127,127,127,127,127,127,127,127,127,127,127,127,127,127,127,127,127,127,127,127,1-9643,4,10,1-9643,8,1,0,0,1.0,0.125
44,44,44,44,44,44,44,44,44,44,44,44,44,44,44,44,44,44,44,44,44,44,44,44,44,44,44,44,1-5214,11,13,1-5214,40,3,0,3,4.983824372291565,0.12459560930728912
269,269,269,269,269,269,269,269,269,269,269,269,269,269,269,269,269,269,269,269,269,269,269,269,269,269,269,269,1-7839,3,4,1-7839,24,1,0,3,2.983824372291565,0.12432601551214854
263,263,263,263,263,263,263,263,263,263,263,263,263,263,263,263,263,263,263,263,263,263,263,263,263,263,263,263,1-6927,10,1,1-6927,179,5,0,26,22.19314455986023,0.12398404782044821
374,374,374,374,374,374,374,374,374,374,374,374,374,374,374,374,374,374,374,374,374,374,374,374,374,374,374,374,1-6919,9,8,1-6919,43,2,0,5,5.306373953819275,0.12340404543765755
88,88,88,88,88,88,88,88,88,88,88,88,88,88,88,88,88,88,88,88,88,88,88,88,88,88,88,88,1-5626,13,23,1-5626,125,12,0,5,15.306373953819275,0.1224509916305542
518,518,518,518,518,518,518,518,518,518,518,518,518,518,518,518,518,518,518,518,518,518,518,518,518,518,518,518,1-1850,5,24,1-1850,30,3,0,1,3.661274790763855,0.12204249302546183
28,28,28,28,28,28,28,28,28,28,28,28,28,28,28,28,28,28,28,28,28,28,28,28,28,28,28,28,1-10071,21,14,1-10071,30,3,0,1,3.661274790763855,0.12204249302546183
304,304,304,304,304,304,304,304,304,304,304,304,304,304,304,304,304,304,304,304,304,304,304,304,304,304,304,304,1-19004,2,18,1-19004,60,2,0,8,7.29019832611084,0.12150330543518066
27,27,27,27,27,27,27,27,27,27,27,27,27,27,27,27,27,27,27,27,27,27,27,27,27,27,27,27,1-18409,20,16,1-18409,22,2,0,1,2.661274790763855,0.12096703594381158
337,337,337,337,337,337,337,337,337,337,337,337,337,337,337,337,337,337,337,337,337,337,337,337,337,337,337,337,1-18613,1,20,1-18613,25,1,0,3,2.983824372291565,0.11935297489166259
154,154,154,154,154,154,154,154,154,154,154,154,154,154,154,154,154,154,154,154,154,154,154,154,154,154,154,154,1-18994,5,24,1-18994,28,2,0,2,3.32254958152771,0.11866248505456108
124,124,124,124,124,124,124,124,124,124,124,124,124,124,124,124,124,124,124,124,124,124,124,124,124,124,124,124,1-8427,11,13,1-8427,189,13,0,14,22.25784707069397,0.11776638661742841
66,66,66,66,66,66,66,66,66,66,66,66,66,66,66,66,66,66,66,66,66,66,66,66,66,66,66,66,1-7536,13,23,1-7536,17,2,0,0,2.0,0.11764705882352941
296,296,296,296,296,296,296,296,296,296,296,296,296,296,296,296,296,296,296,296,296,296,296,296,296,296,296,296,1-9404,10,1,1-9404,100,3,0,13,11.596572279930115,0.11596572279930115
42,42,42,42,42,42,42,42,42,42,42,42,42,42,42,42,42,42,42,42,42,42,42,42,42,42,42,42,1-1207,18,6,1-1207,66,1,0,10,7.61274790763855,0.11534466526725075
99,99,99,99,99,99,99,99,99,99,99,99,99,99,99,99,99,99,99,99,99,99,99,99,99,99,99,99,1-5775,1,20,1-5775,244,10,0,27,27.854419350624084,0.11415745635501674
410,410,410,410,410,410,410,410,410,410,410,410,410,410,410,410,410,410,410,410,410,410,410,410,410,410,410,410,MLG12,4,10,MLG12,146,2,0,22,16.54804539680481,0.1133427766904439
151,151,151,151,151,151,151,151,151,151,151,151,151,151,151,151,151,151,151,151,151,151,151,151,151,151,151,151,1-9870,19,15,1-9870,27,3,0,0,3.0,0.1111111111111111
74,74,74,74,74,74,74,74,74,74,74,74,74,74,74,74,74,74,74,74,74,74,74,74,74,74,74,74,1-8124,15,2,1-8124,18,2,0,0,2.0,0.1111111111111111
474,474,474,474,474,474,474,474,474,474,474,474,474,474,474,474,474,474,474,474,474,474,474,474,474,474,474,474,1-8400,21,14,1-8400,33,1,0,4,3.64509916305542,0.11045755039561879
112,112,112,112,112,112,112,112,112,112,112,112,112,112,112,112,112,112,112,112,112,112,112,112,112,112,112,112,1-10698,11,13,1-10698,6,0,0,1,0.661274790763855,0.11021246512730916
34,34,34,34,34,34,34,34,34,34,34,34,34,34,34,34,34,34,34,34,34,34,34,34,34,34,34,34,1-6642,2,18,1-6642,36,0,0,6,3.96764874458313,0.11021246512730916
188,188,188,188,188,188,188,188,188,188,188,188,188,188,188,188,188,188,188,188,188,188,188,188,188,188,188,188,1-20167,5,24,1-20167,56,4,0,3,5.983824372291565,0.10685400664806366
17,17,17,17,17,17,17,17,17,17,17,17,17,17,17,17,17,17,17,17,17,17,17,17,17,17,17,17,1-18603,22,3,1-18603,19,0,0,3,1.983824372291565,0.1044118090679771
494,494,494,494,494,494,494,494,494,494,494,494,494,494,494,494,494,494,494,494,494,494,494,494,494,494,494,494,1-3265,2,18,1-3265,19,0,0,3,1.983824372291565,0.1044118090679771
96,96,96,96,96,96,96,96,96,96,96,96,96,96,96,96,96,96,96,96,96,96,96,96,96,96,96,96,MLG37,2,18,MLG37,116,0,0,18,11.90294623374939,0.1026116054633568
116,116,116,116,116,116,116,116,116,116,116,116,116,116,116,116,116,116,116,116,116,116,116,116,116,116,116,116,1-20047,2,18,1-20047,20,2,0,0,2.0,0.1
198,198,198,198,198,198,198,198,198,198,198,198,198,198,198,198,198,198,198,198,198,198,198,198,198,198,198,198,1-9839,6,9,1-9839,20,2,0,0,2.0,0.1
190,190,190,190,190,190,190,190,190,190,190,190,190,190,190,190,190,190,190,190,190,190,190,190,190,190,190,190,1-2382,5,24,1-2382,139,9,0,7,13.628923535346985,0.09804980960681284
26,26,26,26,26,26,26,26,26,26,26,26,26,26,26,26,26,26,26,26,26,26,26,26,26,26,26,26,1-9907,7,11,1-9907,17,1,0,1,1.661274790763855,0.09772204651552088
435,435,435,435,435,435,435,435,435,435,435,435,435,435,435,435,435,435,435,435,435,435,435,435,435,435,435,435,1-9610,16,21,1-9610,49,2,0,4,4.64509916305542,0.09479794210317183
555,555,555,555,555,555,555,555,555,555,555,555,555,555,555,555,555,555,555,555,555,555,555,555,555,555,555,555,1-3646,3,4,1-3646,7,0,0,1,0.661274790763855,0.09446782725197929
512,512,512,512,512,512,512,512,512,512,512,512,512,512,512,512,512,512,512,512,512,512,512,512,512,512,512,512,1-3033,13,23,1-3033,7,0,0,1,0.661274790763855,0.09446782725197929
58,58,58,58,58,58,58,58,58,58,58,58,58,58,58,58,58,58,58,58,58,58,58,58,58,58,58,58,1-17733,10,1,1-17733,74,3,0,6,6.96764874458313,0.09415741546733959
372,372,372,372,372,372,372,372,372,372,372,372,372,372,372,372,372,372,372,372,372,372,372,372,372,372,372,372,1-6916,23,22,1-6916,43,2,0,3,3.983824372291565,0.09264707842538523
458,458,458,458,458,458,458,458,458,458,458,458,458,458,458,458,458,458,458,458,458,458,458,458,458,458,458,458,1-7182,1,20,1-7182,22,0,0,3,1.983824372291565,0.09017383510416205
111,111,111,111,111,111,111,111,111,111,111,111,111,111,111,111,111,111,111,111,111,111,111,111,111,111,111,111,1-19897,3,4,1-19897,53,4,0,1,4.661274790763855,0.08794858095780858
63,63,63,63,63,63,63,63,63,63,63,63,63,63,63,63,63,63,63,63,63,63,63,63,63,63,63,63,1-7066,5,24,1-7066,23,2,0,0,2.0,0.08695652173913043
110,110,110,110,110,110,110,110,110,110,110,110,110,110,110,110,110,110,110,110,110,110,110,110,110,110,110,110,72-18936,6,9,72-18936,20,1,0,1,1.661274790763855,0.08306373953819275
95,95,95,95,95,95,95,95,95,95,95,95,95,95,95,95,95,95,95,95,95,95,95,95,95,95,95,95,1-3312,10,1,1-3312,36,1,0,3,2.983824372291565,0.08288401034143236
288,288,288,288,288,288,288,288,288,288,288,288,288,288,288,288,288,288,288,288,288,288,288,288,288,288,288,288,1-8590,1,20,1-8590,24,0,0,3,1.983824372291565,0.08265934884548187
142,142,142,142,142,142,142,142,142,142,142,142,142,142,142,142,142,142,142,142,142,142,142,142,142,142,142,142,P-16454,2,18,P-16454,8,0,0,1,0.661274790763855,0.08265934884548187
10,10,10,10,10,10,10,10,10,10,10,10,10,10,10,10,10,10,10,10,10,10,10,10,10,10,10,10,1-7964,2,18,1-7964,202,6,0,16,16.58039665222168,0.08208117154565188
370,370,370,370,370,370,370,370,370,370,370,370,370,370,370,370,370,370,370,370,370,370,370,370,370,370,370,370,MLG62,15,2,MLG62,525,31,0,17,42.241671442985535,0.08046032655806769
59,59,59,59,59,59,59,59,59,59,59,59,59,59,59,59,59,59,59,59,59,59,59,59,59,59,59,59,1-9331,8,17,1-9331,25,2,0,0,2.0,0.08
130,130,130,130,130,130,130,130,130,130,130,130,130,130,130,130,130,130,130,130,130,130,130,130,130,130,130,130,1-1833,5,24,1-1833,124,3,0,10,9.61274790763855,0.07752216054547217
19,19,19,19,19,19,19,19,19,19,19,19,19,19,19,19,19,19,19,19,19,19,19,19,19,19,19,19,1-2596,11,13,1-2596,35,0,0,4,2.64509916305542,0.07557426180158343
315,315,315,315,315,315,315,315,315,315,315,315,315,315,315,315,315,315,315,315,315,315,315,315,315,315,315,315,1-1769,10,1,1-1769,89,4,0,4,6.64509916305542,0.07466403553994853
145,145,145,145,145,145,145,145,145,145,145,145,145,145,145,145,145,145,145,145,145,145,145,145,145,145,145,145,MLG06,1,20,MLG06,18,0,0,2,1.32254958152771,0.07347497675153944
507,507,507,507,507,507,507,507,507,507,507,507,507,507,507,507,507,507,507,507,507,507,507,507,507,507,507,507,1-6909,5,24,1-6909,36,0,0,4,2.64509916305542,0.07347497675153944
350,350,350,350,350,350,350,350,350,350,350,350,350,350,350,350,350,350,350,350,350,350,350,350,350,350,350,350,1-2282,5,24,1-2282,219,10,0,9,15.951473116874695,0.07283777678938216
133,133,133,133,133,133,133,133,133,133,133,133,133,133,133,133,133,133,133,133,133,133,133,133,133,133,133,133,1-8576,6,9,1-8576,55,2,0,3,3.983824372291565,0.07243317040530119
412,412,412,412,412,412,412,412,412,412,412,412,412,412,412,412,412,412,412,412,412,412,412,412,412,412,412,412,1-6858,10,1,1-6858,23,1,0,1,1.661274790763855,0.07222933872886327
62,62,62,62,62,62,62,62,62,62,62,62,62,62,62,62,62,62,62,62,62,62,62,62,62,62,62,62,1-9818,1,20,1-9818,28,0,0,3,1.983824372291565,0.07085087043898446
461,461,461,461,461,461,461,461,461,461,461,461,461,461,461,461,461,461,461,461,461,461,461,461,461,461,461,461,1-9651,16,21,1-9651,38,2,0,1,2.661274790763855,0.07003354712536461
521,521,521,521,521,521,521,521,521,521,521,521,521,521,521,521,521,521,521,521,521,521,521,521,521,521,521,521,1-19549,13,23,1-19549,29,2,0,0,2.0,0.06896551724137931
532,532,532,532,532,532,532,532,532,532,532,532,532,532,532,532,532,532,532,532,532,532,532,532,532,532,532,532,1-19447,5,24,1-19447,15,1,0,0,1.0,0.06666666666666667
40,40,40,40,40,40,40,40,40,40,40,40,40,40,40,40,40,40,40,40,40,40,40,40,40,40,40,40,1-7722,3,4,1-7722,60,2,0,3,3.983824372291565,0.06639707287152609
220,220,220,220,220,220,220,220,220,220,220,220,220,220,220,220,220,220,220,220,220,220,220,220,220,220,220,220,MLG73,15,2,MLG73,10,0,0,1,0.661274790763855,0.0661274790763855
78,78,78,78,78,78,78,78,78,78,78,78,78,78,78,78,78,78,78,78,78,78,78,78,78,78,78,78,1-4088,12,5,1-4088,30,0,0,3,1.983824372291565,0.0661274790763855
538,538,538,538,538,538,538,538,538,538,538,538,538,538,538,538,538,538,538,538,538,538,538,538,538,538,538,538,1-9576,1,20,1-9576,10,0,0,1,0.661274790763855,0.0661274790763855
47,47,47,47,47,47,47,47,47,47,47,47,47,47,47,47,47,47,47,47,47,47,47,47,47,47,47,47,1-19547,5,24,1-19547,66,3,0,2,4.32254958152771,0.06549317547769258
489,489,489,489,489,489,489,489,489,489,489,489,489,489,489,489,489,489,489,489,489,489,489,489,489,489,489,489,1-9578,2,18,1-9578,42,0,0,4,2.64509916305542,0.06297855150131952
56,56,56,56,56,56,56,56,56,56,56,56,56,56,56,56,56,56,56,56,56,56,56,56,56,56,56,56,1-5877,7,11,1-5877,79,1,0,6,4.96764874458313,0.06288162967826746
529,529,529,529,529,529,529,529,529,529,529,529,529,529,529,529,529,529,529,529,529,529,529,529,529,529,529,529,1-6217,19,15,1-6217,44,2,0,1,2.661274790763855,0.06048351797190579
108,108,108,108,108,108,108,108,108,108,108,108,108,108,108,108,108,108,108,108,108,108,108,108,108,108,108,108,1-9731,2,18,1-9731,11,0,0,1,0.661274790763855,0.06011589006944136
301,301,301,301,301,301,301,301,301,301,301,301,301,301,301,301,301,301,301,301,301,301,301,301,301,301,301,301,1-1177,7,11,1-1177,17,1,0,0,1.0,0.058823529411764705
368,368,368,368,368,368,368,368,368,368,368,368,368,368,368,368,368,368,368,368,368,368,368,368,368,368,368,368,1-5197,10,1,1-5197,72,2,0,3,3.983824372291565,0.05533089405960507
79,79,79,79,79,79,79,79,79,79,79,79,79,79,79,79,79,79,79,79,79,79,79,79,79,79,79,79,1-9739,4,10,1-9739,31,1,0,1,1.661274790763855,0.05358950937947919
411,411,411,411,411,411,411,411,411,411,411,411,411,411,411,411,411,411,411,411,411,411,411,411,411,411,411,411,MLG15,5,24,MLG15,105,2,0,5,5.306373953819275,0.05053689479827881
51,51,51,51,51,51,51,51,51,51,51,51,51,51,51,51,51,51,51,51,51,51,51,51,51,51,51,51,1-9925,10,1,1-9925,93,4,0,1,4.661274790763855,0.05012123430928876
428,428,428,428,428,428,428,428,428,428,428,428,428,428,428,428,428,428,428,428,428,428,428,428,428,428,428,428,1-2701,17,12,1-2701,61,1,0,3,2.983824372291565,0.048915153644124014
237,237,237,237,237,237,237,237,237,237,237,237,237,237,237,237,237,237,237,237,237,237,237,237,237,237,237,237,1-9667,9,8,1-9667,14,0,0,1,0.661274790763855,0.047233913625989644
182,182,182,182,182,182,182,182,182,182,182,182,182,182,182,182,182,182,182,182,182,182,182,182,182,182,182,182,1-7752,21,14,1-7752,29,0,0,2,1.32254958152771,0.04560515798371414
16,16,16,16,16,16,16,16,16,16,16,16,16,16,16,16,16,16,16,16,16,16,16,16,16,16,16,16,1-9955,9,8,1-9955,60,2,0,1,2.661274790763855,0.04435457984606425
257,257,257,257,257,257,257,257,257,257,257,257,257,257,257,257,257,257,257,257,257,257,257,257,257,257,257,257,1-9504,8,17,1-9504,30,0,0,2,1.32254958152771,0.04408498605092367
344,344,344,344,344,344,344,344,344,344,344,344,344,344,344,344,344,344,344,344,344,344,344,344,344,344,344,344,1-6035,16,21,1-6035,23,1,0,0,1.0,0.043478260869565216
83,83,83,83,83,83,83,83,83,83,83,83,83,83,83,83,83,83,83,83,83,83,83,83,83,83,83,83,1-18423,2,18,1-18423,47,0,0,3,1.983824372291565,0.04220902919769287
61,61,61,61,61,61,61,61,61,61,61,61,61,61,61,61,61,61,61,61,61,61,61,61,61,61,61,61,1-7341,15,2,1-7341,110,1,0,5,4.306373953819275,0.039148854125629774
203,203,203,203,203,203,203,203,203,203,203,203,203,203,203,203,203,203,203,203,203,203,203,203,203,203,203,203,1-1250,7,11,1-1250,34,0,0,2,1.32254958152771,0.03889851710375618
486,486,486,486,486,486,486,486,486,486,486,486,486,486,486,486,486,486,486,486,486,486,486,486,486,486,486,486,1-8678,5,24,1-8678,17,0,0,1,0.661274790763855,0.03889851710375618
196,196,196,196,196,196,196,196,196,196,196,196,196,196,196,196,196,196,196,196,196,196,196,196,196,196,196,196,1-9646,20,16,1-9646,105,0,0,6,3.96764874458313,0.037787130900791714
515,515,515,515,515,515,515,515,515,515,515,515,515,515,515,515,515,515,515,515,515,515,515,515,515,515,515,515,1-6531,1,20,1-6531,27,1,0,0,1.0,0.037037037037037035
53,53,53,53,53,53,53,53,53,53,53,53,53,53,53,53,53,53,53,53,53,53,53,53,53,53,53,53,1-9850,16,21,1-9850,27,1,0,0,1.0,0.037037037037037035
70,70,70,70,70,70,70,70,70,70,70,70,70,70,70,70,70,70,70,70,70,70,70,70,70,70,70,70,1-2584,10,1,1-2584,36,0,0,2,1.32254958152771,0.03673748837576972
134,134,134,134,134,134,134,134,134,134,134,134,134,134,134,134,134,134,134,134,134,134,134,134,134,134,134,134,1-9465,5,24,1-9465,18,0,0,1,0.661274790763855,0.03673748837576972
54,54,54,54,54,54,54,54,54,54,54,54,54,54,54,54,54,54,54,54,54,54,54,54,54,54,54,54,1-8125,10,1,1-8125,21,0,0,1,0.661274790763855,0.03148927575065976
367,367,367,367,367,367,367,367,367,367,367,367,367,367,367,367,367,367,367,367,367,367,367,367,367,367,367,367,1-8544,16,21,1-8544,54,1,0,1,1.661274790763855,0.030764347977108426
86,86,86,86,86,86,86,86,86,86,86,86,86,86,86,86,86,86,86,86,86,86,86,86,86,86,86,86,1-9345,13,23,1-9345,47,1,0,0,1.0,0.02127659574468085
48,48,48,48,48,48,48,48,48,48,48,48,48,48,48,48,48,48,48,48,48,48,48,48,48,48,48,48,1-0405,5,24,1-0405,64,1,0,0,1.0,0.015625
195,195,195,195,195,195,195,195,195,195,195,195,195,195,195,195,195,195,195,195,195,195,195,195,195,195,195,195,1-2670,5,24,1-2670,104,0,0,1,0.661274790763855,0.006358411449652452
163,163,163,163,163,163,163,163,163,163,163,163,163,163,163,163,163,163,163,163,163,163,163,163,163,163,163,163,1-9137,3,4,1-9137,111,0,0,1,0.661274790763855,0.005957430547422117
275,275,275,275,275,275,275,275,275,275,275,275,275,275,275,275,275,275,275,275,275,275,275,275,275,275,275,275,1-3216,15,2,1-3216,5,0,0,0,0.0,0.0
274,274,274,274,274,274,274,274,274,274,274,274,274,274,274,274,274,274,274,274,274,274,274,274,274,274,274,274,1-0033,1,20,1-0033,10,0,0,0,0.0,0.0
317,317,317,317,317,317,317,317,317,317,317,317,317,317,317,317,317,317,317,317,317,317,317,317,317,317,317,317,1-10978,18,6,1-10978,1,0,0,0,0.0,0.0
369,369,369,369,369,369,369,369,369,369,369,369,369,369,369,369,369,369,369,369,369,369,369,369,369,369,369,369,1-6594,1,20,1-6594,70,0,0,0,0.0,0.0
297,297,297,297,297,297,297,297,297,297,297,297,297,297,297,297,297,297,297,297,297,297,297,297,297,297,297,297,1-8352,2,18,1-8352,1,0,0,0,0.0,0.0
235,235,235,235,235,235,235,235,235,235,235,235,235,235,235,235,235,235,235,235,235,235,235,235,235,235,235,235,1-8113,13,23,1-8113,9,0,0,0,0.0,0.0
287,287,287,287,287,287,287,287,287,287,287,287,287,287,287,287,287,287,287,287,287,287,287,287,287,287,287,287,1-9836,5,24,1-9836,5,0,0,0,0.0,0.0
277,277,277,277,277,277,277,277,277,277,277,277,277,277,277,277,277,277,277,277,277,277,277,277,277,277,277,277,1-4051,15,2,1-4051,5,0,0,0,0.0,0.0
546,546,546,546,546,546,546,546,546,546,546,546,546,546,546,546,546,546,546,546,546,546,546,546,546,546,546,546,1-7527,11,13,1-7527,1,0,0,0,0.0,0.0
530,530,530,530,530,530,530,530,530,530,530,530,530,530,530,530,530,530,530,530,530,530,530,530,530,530,530,530,1-4847,1,20,1-4847,2,0,0,0,0.0,0.0
549,549,549,549,549,549,549,549,549,549,549,549,549,549,549,549,549,549,549,549,549,549,549,549,549,549,549,549,1-4842,1,20,1-4842,6,0,0,0,0.0,0.0
550,550,550,550,550,550,550,550,550,550,550,550,550,550,550,550,550,550,550,550,550,550,550,550,550,550,550,550,1-19568,13,23,1-19568,2,0,0,0,0.0,0.0
41,41,41,41,41,41,41,41,41,41,41,41,41,41,41,41,41,41,41,41,41,41,41,41,41,41,41,41,1-7509,1,20,1-7509,40,0,0,0,0.0,0.0
38,38,38,38,38,38,38,38,38,38,38,38,38,38,38,38,38,38,38,38,38,38,38,38,38,38,38,38,1-2104,2,18,1-2104,36,0,0,0,0.0,0.0
29,29,29,29,29,29,29,29,29,29,29,29,29,29,29,29,29,29,29,29,29,29,29,29,29,29,29,29,1-18735,13,23,1-18735,27,0,0,0,0.0,0.0
32,32,32,32,32,32,32,32,32,32,32,32,32,32,32,32,32,32,32,32,32,32,32,32,32,32,32,32,1-0022,10,1,1-0022,18,0,0,0,0.0,0.0
23,23,23,23,23,23,23,23,23,23,23,23,23,23,23,23,23,23,23,23,23,23,23,23,23,23,23,23,1-2025,2,18,1-2025,41,0,0,0,0.0,0.0
18,18,18,18,18,18,18,18,18,18,18,18,18,18,18,18,18,18,18,18,18,18,18,18,18,18,18,18,1-3521,11,13,1-3521,22,0,0,0,0.0,0.0
20,20,20,20,20,20,20,20,20,20,20,20,20,20,20,20,20,20,20,20,20,20,20,20,20,20,20,20,1-5167,2,18,1-5167,24,0,0,0,0.0,0.0
21,21,21,21,21,21,21,21,21,21,21,21,21,21,21,21,21,21,21,21,21,21,21,21,21,21,21,21,1-3519,3,4,1-3519,27,0,0,0,0.0,0.0
325,325,325,325,325,325,325,325,325,325,325,325,325,325,325,325,325,325,325,325,325,325,325,325,325,325,325,325,1-19924,12,5,1-19924,1,0,0,0,0.0,0.0
323,323,323,323,323,323,323,323,323,323,323,323,323,323,323,323,323,323,323,323,323,323,323,323,323,323,323,323,1-3647,1,20,1-3647,5,0,0,0,0.0,0.0
35,35,35,35,35,35,35,35,35,35,35,35,35,35,35,35,35,35,35,35,35,35,35,35,35,35,35,35,1-2869,2,18,1-2869,9,0,0,0,0.0,0.0
525,525,525,525,525,525,525,525,525,525,525,525,525,525,525,525,525,525,525,525,525,525,525,525,525,525,525,525,1-3175,5,24,1-3175,6,0,0,0,0.0,0.0
264,264,264,264,264,264,264,264,264,264,264,264,264,264,264,264,264,264,264,264,264,264,264,264,264,264,264,264,P-0009,21,14,P-0009,7,0,0,0,0.0,0.0
252,252,252,252,252,252,252,252,252,252,252,252,252,252,252,252,252,252,252,252,252,252,252,252,252,252,252,252,1-21195,15,2,1-21195,1,0,0,0,0.0,0.0
249,249,249,249,249,249,249,249,249,249,249,249,249,249,249,249,249,249,249,249,249,249,249,249,249,249,249,249,1-6931,12,5,1-6931,1,0,0,0,0.0,0.0
418,418,418,418,418,418,418,418,418,418,418,418,418,418,418,418,418,418,418,418,418,418,418,418,418,418,418,418,1-6216,8,17,1-6216,45,0,0,0,0.0,0.0
115,115,115,115,115,115,115,115,115,115,115,115,115,115,115,115,115,115,115,115,115,115,115,115,115,115,115,115,1-3178,2,18,1-3178,6,0,0,0,0.0,0.0
113,113,113,113,113,113,113,113,113,113,113,113,113,113,113,113,113,113,113,113,113,113,113,113,113,113,113,113,1-4499,9,8,1-4499,12,0,0,0,0.0,0.0
169,169,169,169,169,169,169,169,169,169,169,169,169,169,169,169,169,169,169,169,169,169,169,169,169,169,169,169,1-9606,21,14,1-9606,16,0,0,0,0.0,0.0
107,107,107,107,107,107,107,107,107,107,107,107,107,107,107,107,107,107,107,107,107,107,107,107,107,107,107,107,1-6971,3,4,1-6971,10,0,0,0,0.0,0.0
165,165,165,165,165,165,165,165,165,165,165,165,165,165,165,165,165,165,165,165,165,165,165,165,165,165,165,165,1-7721,3,4,1-7721,20,0,0,0,0.0,0.0
194,194,194,194,194,194,194,194,194,194,194,194,194,194,194,194,194,194,194,194,194,194,194,194,194,194,194,194,1-9253,12,5,1-9253,24,0,0,0,0.0,0.0
449,449,449,449,449,449,449,449,449,449,449,449,449,449,449,449,449,449,449,449,449,449,449,449,449,449,449,449,1-1935,8,17,1-1935,12,0,0,0,0.0,0.0
146,146,146,146,146,146,146,146,146,146,146,146,146,146,146,146,146,146,146,146,146,146,146,146,146,146,146,146,1-7453,16,21,1-7453,13,0,0,0,0.0,0.0
175,175,175,175,175,175,175,175,175,175,175,175,175,175,175,175,175,175,175,175,175,175,175,175,175,175,175,175,1-4910,2,18,1-4910,4,0,0,0,0.0,0.0
229,229,229,229,229,229,229,229,229,229,229,229,229,229,229,229,229,229,229,229,229,229,229,229,229,229,229,229,1-4361,3,4,1-4361,10,0,0,0,0.0,0.0
215,215,215,215,215,215,215,215,215,215,215,215,215,215,215,215,215,215,215,215,215,215,215,215,215,215,215,215,1-19839,13,23,1-19839,13,0,0,0,0.0,0.0
218,218,218,218,218,218,218,218,218,218,218,218,218,218,218,218,218,218,218,218,218,218,218,218,218,218,218,218,1-9416,1,20,1-9416,13,0,0,0,0.0,0.0
181,181,181,181,181,181,181,181,181,181,181,181,181,181,181,181,181,181,181,181,181,181,181,181,181,181,181,181,1-8641,3,4,1-8641,30,0,0,0,0.0,0.0
178,178,178,178,178,178,178,178,178,178,178,178,178,178,178,178,178,178,178,178,178,178,178,178,178,178,178,178,1-7525,3,4,1-7525,6,0,0,0,0.0,0.0
177,177,177,177,177,177,177,177,177,177,177,177,177,177,177,177,177,177,177,177,177,177,177,177,177,177,177,177,1-10948,2,18,1-10948,2,0,0,0,0.0,0.0
187,187,187,187,187,187,187,187,187,187,187,187,187,187,187,187,187,187,187,187,187,187,187,187,187,187,187,187,1-7321,11,13,1-7321,7,0,0,0,0.0,0.0
254,254,254,254,254,254,254,254,254,254,254,254,254,254,254,254,254,254,254,254,254,254,254,254,254,254,254,254,1-8379,1,20,1-8379,5,0,0,0,0.0,0.0
212,212,212,212,212,212,212,212,212,212,212,212,212,212,212,212,212,212,212,212,212,212,212,212,212,212,212,212,1-10922,2,18,1-10922,1,0,0,0,0.0,0.0
262,262,262,262,262,262,262,262,262,262,262,262,262,262,262,262,262,262,262,262,262,262,262,262,262,262,262,262,1-8623,3,4,1-8623,5,0,0,0,0.0,0.0
100,100,100,100,100,100,100,100,100,100,100,100,100,100,100,100,100,100,100,100,100,100,100,100,100,100,100,100,1-19598,2,18,1-19598,11,0,0,0,0.0,0.0
119,119,119,119,119,119,119,119,119,119,119,119,119,119,119,119,119,119,119,119,119,119,119,119,119,119,119,119,1-5929,2,18,1-5929,4,0,0,0,0.0,0.0
118,118,118,118,118,118,118,118,118,118,118,118,118,118,118,118,118,118,118,118,118,118,118,118,118,118,118,118,1-6543,4,10,1-6543,12,0,0,0,0.0,0.0
469,469,469,469,469,469,469,469,469,469,469,469,469,469,469,469,469,469,469,469,469,469,469,469,469,469,469,469,1-8578,5,24,1-8578,11,0,0,0,0.0,0.0
75,75,75,75,75,75,75,75,75,75,75,75,75,75,75,75,75,75,75,75,75,75,75,75,75,75,75,75,1-8401,2,18,1-8401,57,0,0,0,0.0,0.0
50,50,50,50,50,50,50,50,50,50,50,50,50,50,50,50,50,50,50,50,50,50,50,50,50,50,50,50,1-8174,2,18,1-8174,45,0,0,0,0.0,0.0
496,496,496,496,496,496,496,496,496,496,496,496,496,496,496,496,496,496,496,496,496,496,496,496,496,496,496,496,1-3176,1,20,1-3176,3,0,0,0,0.0,0.0
556,556,556,556,556,556,556,556,556,556,556,556,556,556,556,556,556,556,556,556,556,556,556,556,556,556,556,556,1-10951,2,18,1-10951,1,0,0,0,0.0,0.0
9,9,9,9,9,9,9,9,9,9,9,9,9,9,9,9,9,9,9,9,9,9,9,9,9,9,9,9,1-8020,21,14,1-8020,56,0,0,0,0.0,0.0
561,561,561,561,561,561,561,561,561,561,561,561,561,561,561,561,561,561,561,561,561,561,561,561,561,561,561,561,1-9455,1,20,1-9455,2,0,0,0,0.0,0.0
6,6,6,6,6,6,6,6,6,6,6,6,6,6,6,6,6,6,6,6,6,6,6,6,6,6,6,6,1-8021,15,2,1-8021,58,0,0,0,0.0,0.0
3,3,3,3,3,3,3,3,3,3,3,3,3,3,3,3,3,3,3,3,3,3,3,3,3,3,3,3,1-8222,8,17,1-8222,12,0,0,0,0.0,0.0
565,565,565,565,565,565,565,565,565,565,565,565,565,565,565,565,565,565,565,565,565,565,565,565,565,565,565,565,1-19927,2,18,1-19927,1,0,0,0,0.0,0.0
