Unnamed: 0.26,Unnamed: 0.25,Unnamed: 0.24,Unnamed: 0.23,Unnamed: 0.22,Unnamed: 0.21,Unnamed: 0.20,Unnamed: 0.19,Unnamed: 0.18,Unnamed: 0.17,Unnamed: 0.16,Unnamed: 0.15,Unnamed: 0.14,Unnamed: 0.13,Unnamed: 0.12,Unnamed: 0.11,Unnamed: 0.10,Unnamed: 0.9,Unnamed: 0.8,Unnamed: 0.7,Unnamed: 0.6,Unnamed: 0.5,Unnamed: 0.4,Unnamed: 0.3,Unnamed: 0.2,Unnamed: 0.1,Unnamed: 0,Exam Group,Exam Block,slot,exam,size,b2bs,confs,2i3s,score,score_norm
372,372,372,372,372,372,372,372,372,372,372,372,372,372,372,372,372,372,372,372,372,372,372,372,372,372,372,1-6916,1,11,1-6916,43,46,0,6,46.86556261777878,1.0898968050646227
373,373,373,373,373,373,373,373,373,373,373,373,373,373,373,373,373,373,373,373,373,373,373,373,373,373,373,1-6918,2,10,1-6918,43,46,0,3,46.43278130888939,1.0798321234625439
546,546,546,546,546,546,546,546,546,546,546,546,546,546,546,546,546,546,546,546,546,546,546,546,546,546,546,1-7527,5,6,1-7527,1,1,0,0,1.0,1.0
18,18,18,18,18,18,18,18,18,18,18,18,18,18,18,18,18,18,18,18,18,18,18,18,18,18,18,1-3521,4,15,1-3521,22,21,0,0,21.0,0.9545454545454546
66,66,66,66,66,66,66,66,66,66,66,66,66,66,66,66,66,66,66,66,66,66,66,66,66,66,66,1-7536,3,4,1-7536,17,16,0,0,16.0,0.9411764705882353
233,233,233,233,233,233,233,233,233,233,233,233,233,233,233,233,233,233,233,233,233,233,233,233,233,233,233,MLG07,17,7,MLG07,90,83,0,9,84.29834392666817,0.9366482658518686
474,474,474,474,474,474,474,474,474,474,474,474,474,474,474,474,474,474,474,474,474,474,474,474,474,474,474,1-8400,8,2,1-8400,33,29,0,3,29.43278130888939,0.891902463905739
495,495,495,495,495,495,495,495,495,495,495,495,495,495,495,495,495,495,495,495,495,495,495,495,495,495,495,MLG08,5,6,MLG08,107,92,0,14,94.01964610815048,0.878688281384584
20,20,20,20,20,20,20,20,20,20,20,20,20,20,20,20,20,20,20,20,20,20,20,20,20,20,20,1-5167,11,14,1-5167,24,21,0,0,21.0,0.875
542,542,542,542,542,542,542,542,542,542,542,542,542,542,542,542,542,542,542,542,542,542,542,542,542,542,542,1-1191,6,21,1-1191,53,42,0,1,42.14426043629646,0.7951747252131408
564,564,564,564,564,564,564,564,564,564,564,564,564,564,564,564,564,564,564,564,564,564,564,564,564,564,564,1-9034,2,10,1-9034,3,2,0,1,2.144260436296463,0.7147534787654877
274,274,274,274,274,274,274,274,274,274,274,274,274,274,274,274,274,274,274,274,274,274,274,274,274,274,274,1-0033,1,11,1-0033,10,7,0,0,7.0,0.7
67,67,67,67,67,67,67,67,67,67,67,67,67,67,67,67,67,67,67,67,67,67,67,67,67,67,67,1-7481,19,5,1-7481,33,20,0,2,20.288520872592926,0.6148036628058462
516,516,516,516,516,516,516,516,516,516,516,516,516,516,516,516,516,516,516,516,516,516,516,516,516,516,516,1-5036,17,7,1-5036,14,8,0,3,8.432781308889389,0.6023415220635278
68,68,68,68,68,68,68,68,68,68,68,68,68,68,68,68,68,68,68,68,68,68,68,68,68,68,68,1-7845,8,2,1-7845,36,21,0,4,21.577041745185852,0.599362270699607
457,457,457,457,457,457,457,457,457,457,457,457,457,457,457,457,457,457,457,457,457,457,457,457,457,457,457,1-8503,9,12,1-8503,16,9,0,2,9.288520872592926,0.5805325545370579
492,492,492,492,492,492,492,492,492,492,492,492,492,492,492,492,492,492,492,492,492,492,492,492,492,492,492,1-6028,1,11,1-6028,2,1,0,1,1.144260436296463,0.5721302181482315
561,561,561,561,561,561,561,561,561,561,561,561,561,561,561,561,561,561,561,561,561,561,561,561,561,561,561,1-9455,6,21,1-9455,2,1,0,1,1.144260436296463,0.5721302181482315
273,273,273,273,273,273,273,273,273,273,273,273,273,273,273,273,273,273,273,273,273,273,273,273,273,273,273,1-3589,15,9,1-3589,27,14,0,6,14.865562617778778,0.5505763932510659
543,543,543,543,543,543,543,543,543,543,543,543,543,543,543,543,543,543,543,543,543,543,543,543,543,543,543,1-5803,16,17,1-5803,15,8,0,1,8.144260436296463,0.5429506957530975
238,238,238,238,238,238,238,238,238,238,238,238,238,238,238,238,238,238,238,238,238,238,238,238,238,238,238,1-9855,19,5,1-9855,8,4,0,1,4.144260436296463,0.5180325545370579
345,345,345,345,345,345,345,345,345,345,345,345,345,345,345,345,345,345,345,345,345,345,345,345,345,345,345,1-1131,17,7,1-1131,138,69,0,12,70.73112523555756,0.5125443857649098
179,179,179,179,179,179,179,179,179,179,179,179,179,179,179,179,179,179,179,179,179,179,179,179,179,179,179,1-4052,9,12,1-4052,13,6,0,2,6.288520872592926,0.48373237481484044
404,404,404,404,404,404,404,404,404,404,404,404,404,404,404,404,404,404,404,404,404,404,404,404,404,404,404,1-4682,15,9,1-4682,16,7,0,5,7.721302181482315,0.4825813863426447
140,140,140,140,140,140,140,140,140,140,140,140,140,140,140,140,140,140,140,140,140,140,140,140,140,140,140,1-2294,16,17,1-2294,75,34,0,11,35.58686479926109,0.4744915306568146
311,311,311,311,311,311,311,311,311,311,311,311,311,311,311,311,311,311,311,311,311,311,311,311,311,311,311,1-20578,15,9,1-20578,19,8,0,5,8.721302181482315,0.4590159042885429
511,511,511,511,511,511,511,511,511,511,511,511,511,511,511,511,511,511,511,511,511,511,511,511,511,511,511,1-9697,15,9,1-9697,20,8,0,8,9.154083490371704,0.4577041745185852
413,413,413,413,413,413,413,413,413,413,413,413,413,413,413,413,413,413,413,413,413,413,413,413,413,413,413,1-8314,19,5,1-8314,36,16,0,3,16.43278130888939,0.4564661474691497
504,504,504,504,504,504,504,504,504,504,504,504,504,504,504,504,504,504,504,504,504,504,504,504,504,504,504,1-5425,2,10,1-5425,17,7,0,5,7.721302181482315,0.45419424596954794
436,436,436,436,436,436,436,436,436,436,436,436,436,436,436,436,436,436,436,436,436,436,436,436,436,436,436,1-5161,2,10,1-5161,12,5,0,3,5.432781308889389,0.45273177574078244
548,548,548,548,548,548,548,548,548,548,548,548,548,548,548,548,548,548,548,548,548,548,548,548,548,548,548,1-3087,17,7,1-3087,26,11,0,5,11.721302181482315,0.4508193146723967
454,454,454,454,454,454,454,454,454,454,454,454,454,454,454,454,454,454,454,454,454,454,454,454,454,454,454,1-0272,6,21,1-0272,111,45,0,30,49.32781308889389,0.4443947125125576
552,552,552,552,552,552,552,552,552,552,552,552,552,552,552,552,552,552,552,552,552,552,552,552,552,552,552,MLG46,11,14,MLG46,17,7,0,3,7.432781308889389,0.4372224299346699
91,91,91,91,91,91,91,91,91,91,91,91,91,91,91,91,91,91,91,91,91,91,91,91,91,91,91,72-12171,16,17,72-12171,19,8,0,2,8.288520872592926,0.4362379406627856
420,420,420,420,420,420,420,420,420,420,420,420,420,420,420,420,420,420,420,420,420,420,420,420,420,420,420,1-8172,2,10,1-8172,40,17,0,2,17.288520872592926,0.43221302181482313
536,536,536,536,536,536,536,536,536,536,536,536,536,536,536,536,536,536,536,536,536,536,536,536,536,536,536,1-9971,20,20,1-9971,15,6,0,3,6.432781308889389,0.4288520872592926
307,307,307,307,307,307,307,307,307,307,307,307,307,307,307,307,307,307,307,307,307,307,307,307,307,307,307,1-5530,19,5,1-5530,7,3,0,0,3.0,0.42857142857142855
392,392,392,392,392,392,392,392,392,392,392,392,392,392,392,392,392,392,392,392,392,392,392,392,392,392,392,1-9609,1,11,1-9609,25,10,0,3,10.432781308889389,0.41731125235557553
303,303,303,303,303,303,303,303,303,303,303,303,303,303,303,303,303,303,303,303,303,303,303,303,303,303,303,1-8157,15,9,1-8157,75,30,0,9,31.298343926668167,0.41731125235557553
71,71,71,71,71,71,71,71,71,71,71,71,71,71,71,71,71,71,71,71,71,71,71,71,71,71,71,1-6532,4,15,1-6532,27,11,0,1,11.144260436296463,0.41275038652949864
319,319,319,319,319,319,319,319,319,319,319,319,319,319,319,319,319,319,319,319,319,319,319,319,319,319,319,1-3584,1,11,1-3584,26,10,0,4,10.577041745185852,0.40680929789176357
412,412,412,412,412,412,412,412,412,412,412,412,412,412,412,412,412,412,412,412,412,412,412,412,412,412,412,1-6858,14,3,1-6858,23,9,0,2,9.288520872592926,0.40384873359099677
120,120,120,120,120,120,120,120,120,120,120,120,120,120,120,120,120,120,120,120,120,120,120,120,120,120,120,1-10232,11,14,1-10232,5,2,0,0,2.0,0.4
387,387,387,387,387,387,387,387,387,387,387,387,387,387,387,387,387,387,387,387,387,387,387,387,387,387,387,1-10539,11,14,1-10539,63,21,0,28,25.039292216300964,0.397449082798428
217,217,217,217,217,217,217,217,217,217,217,217,217,217,217,217,217,217,217,217,217,217,217,217,217,217,217,1-9630,9,12,1-9630,33,11,0,14,13.019646108150482,0.3945347305500146
557,557,557,557,557,557,557,557,557,557,557,557,557,557,557,557,557,557,557,557,557,557,557,557,557,557,557,1-9806,2,10,1-9806,8,3,0,1,3.144260436296463,0.3930325545370579
3,3,3,3,3,3,3,3,3,3,3,3,3,3,3,3,3,3,3,3,3,3,3,3,3,3,3,1-8222,1,11,1-8222,12,4,0,4,4.577041745185852,0.38142014543215436
327,327,327,327,327,327,327,327,327,327,327,327,327,327,327,327,327,327,327,327,327,327,327,327,327,327,327,P-16616,17,7,P-16616,28,10,0,2,10.288520872592926,0.36744717402117594
399,399,399,399,399,399,399,399,399,399,399,399,399,399,399,399,399,399,399,399,399,399,399,399,399,399,399,MLG60,9,12,MLG60,47,16,0,7,17.00982305407524,0.3619111288101115
458,458,458,458,458,458,458,458,458,458,458,458,458,458,458,458,458,458,458,458,458,458,458,458,458,458,458,1-7182,15,9,1-7182,22,7,0,6,7.865562617778778,0.357525573535399
322,322,322,322,322,322,322,322,322,322,322,322,322,322,322,322,322,322,322,322,322,322,322,322,322,322,322,1-0296,8,2,1-0296,41,14,0,4,14.577041745185852,0.35553760354111835
501,501,501,501,501,501,501,501,501,501,501,501,501,501,501,501,501,501,501,501,501,501,501,501,501,501,501,1-18487,19,5,1-18487,23,8,0,1,8.144260436296463,0.3540982798389766
295,295,295,295,295,295,295,295,295,295,295,295,295,295,295,295,295,295,295,295,295,295,295,295,295,295,295,1-3639,2,10,1-3639,17,5,0,7,6.009823054075241,0.3535190031808965
257,257,257,257,257,257,257,257,257,257,257,257,257,257,257,257,257,257,257,257,257,257,257,257,257,257,257,1-9504,2,10,1-9504,30,10,0,3,10.432781308889389,0.34775937696297965
544,544,544,544,544,544,544,544,544,544,544,544,544,544,544,544,544,544,544,544,544,544,544,544,544,544,544,1-5799,2,10,1-5799,7,2,0,3,2.432781308889389,0.3475401869841984
210,210,210,210,210,210,210,210,210,210,210,210,210,210,210,210,210,210,210,210,210,210,210,210,210,210,210,1-7842,8,2,1-7842,21,7,0,2,7.288520872592926,0.34707242250442505
93,93,93,93,93,93,93,93,93,93,93,93,93,93,93,93,93,93,93,93,93,93,93,93,93,93,93,1-20003,1,11,1-20003,21,7,0,1,7.144260436296463,0.3402028779188792
174,174,174,174,174,174,174,174,174,174,174,174,174,174,174,174,174,174,174,174,174,174,174,174,174,174,174,MLG38,16,17,MLG38,77,25,0,8,26.154083490371704,0.3396634219528793
435,435,435,435,435,435,435,435,435,435,435,435,435,435,435,435,435,435,435,435,435,435,435,435,435,435,435,1-9610,2,10,1-9610,49,15,0,11,16.586864799261093,0.3385074448828794
551,551,551,551,551,551,551,551,551,551,551,551,551,551,551,551,551,551,551,551,551,551,551,551,551,551,551,1-9838,2,10,1-9838,3,1,0,0,1.0,0.3333333333333333
525,525,525,525,525,525,525,525,525,525,525,525,525,525,525,525,525,525,525,525,525,525,525,525,525,525,525,1-3175,3,4,1-3175,6,2,0,0,2.0,0.3333333333333333
559,559,559,559,559,559,559,559,559,559,559,559,559,559,559,559,559,559,559,559,559,559,559,559,559,559,559,1-5914,1,11,1-5914,3,1,0,0,1.0,0.3333333333333333
440,440,440,440,440,440,440,440,440,440,440,440,440,440,440,440,440,440,440,440,440,440,440,440,440,440,440,MLG52,20,20,MLG52,125,34,0,52,41.50154268741608,0.3320123414993286
218,218,218,218,218,218,218,218,218,218,218,218,218,218,218,218,218,218,218,218,218,218,218,218,218,218,218,1-9416,7,13,1-9416,13,4,0,2,4.288520872592926,0.32988622096868664
336,336,336,336,336,336,336,336,336,336,336,336,336,336,336,336,336,336,336,336,336,336,336,336,336,336,336,1-1827,13,8,1-1827,24,7,0,6,7.865562617778778,0.32773177574078244
232,232,232,232,232,232,232,232,232,232,232,232,232,232,232,232,232,232,232,232,232,232,232,232,232,232,232,1-18371,7,13,1-18371,120,35,0,29,39.18355265259743,0.3265296054383119
125,125,125,125,125,125,125,125,125,125,125,125,125,125,125,125,125,125,125,125,125,125,125,125,125,125,125,1-8622,19,5,1-8622,54,17,0,4,17.577041745185852,0.3255007730589973
547,547,547,547,547,547,547,547,547,547,547,547,547,547,547,547,547,547,547,547,547,547,547,547,547,547,547,MLG67,9,12,MLG67,27,8,0,5,8.721302181482315,0.3230111919067524
305,305,305,305,305,305,305,305,305,305,305,305,305,305,305,305,305,305,305,305,305,305,305,305,305,305,305,1-7866,11,14,1-7866,318,94,0,60,102.65562617778778,0.32281643452134523
519,519,519,519,519,519,519,519,519,519,519,519,519,519,519,519,519,519,519,519,519,519,519,519,519,519,519,1-4926,4,15,1-4926,4,1,0,2,1.288520872592926,0.3221302181482315
452,452,452,452,452,452,452,452,452,452,452,452,452,452,452,452,452,452,452,452,452,452,452,452,452,452,452,1-8529,15,9,1-8529,56,16,0,14,18.019646108150482,0.32177939478840145
246,246,246,246,246,246,246,246,246,246,246,246,246,246,246,246,246,246,246,246,246,246,246,246,246,246,246,MLG56,20,20,MLG56,511,150,0,93,163.41622057557106,0.31979690914984554
400,400,400,400,400,400,400,400,400,400,400,400,400,400,400,400,400,400,400,400,400,400,400,400,400,400,400,1-18709,1,11,1-18709,33,10,0,3,10.432781308889389,0.3161448881481633
261,261,261,261,261,261,261,261,261,261,261,261,261,261,261,261,261,261,261,261,261,261,261,261,261,261,261,1-1942,3,4,1-1942,34,8,0,19,10.740948289632797,0.3159102438127293
313,313,313,313,313,313,313,313,313,313,313,313,313,313,313,313,313,313,313,313,313,313,313,313,313,313,313,1-7521,7,13,1-7521,10,3,0,1,3.144260436296463,0.3144260436296463
434,434,434,434,434,434,434,434,434,434,434,434,434,434,434,434,434,434,434,434,434,434,434,434,434,434,434,MLG59,8,2,MLG59,71,19,0,23,22.31799003481865,0.3143378878143472
407,407,407,407,407,407,407,407,407,407,407,407,407,407,407,407,407,407,407,407,407,407,407,407,407,407,407,1-8421,8,2,1-8421,109,33,0,6,33.86556261777878,0.3106932350254934
427,427,427,427,427,427,427,427,427,427,427,427,427,427,427,427,427,427,427,427,427,427,427,427,427,427,427,1-9379,8,2,1-9379,58,16,0,13,17.87538567185402,0.30819630468713827
55,55,55,55,55,55,55,55,55,55,55,55,55,55,55,55,55,55,55,55,55,55,55,55,55,55,55,1-8095,2,10,1-8095,46,14,0,1,14.144260436296463,0.30748392252818396
189,189,189,189,189,189,189,189,189,189,189,189,189,189,189,189,189,189,189,189,189,189,189,189,189,189,189,1-9156,15,9,1-9156,268,70,0,81,81.6850953400135,0.30479513186572205
470,470,470,470,470,470,470,470,470,470,470,470,470,470,470,470,470,470,470,470,470,470,470,470,470,470,470,1-1204,9,12,1-1204,39,10,0,13,11.87538567185402,0.30449706850907743
473,473,473,473,473,473,473,473,473,473,473,473,473,473,473,473,473,473,473,473,473,473,473,473,473,473,473,1-9452,5,6,1-9452,16,4,0,6,4.865562617778778,0.30409766361117363
471,471,471,471,471,471,471,471,471,471,471,471,471,471,471,471,471,471,471,471,471,471,471,471,471,471,471,1-9794,9,12,1-9794,46,12,0,13,13.87538567185402,0.30163881895334826
388,388,388,388,388,388,388,388,388,388,388,388,388,388,388,388,388,388,388,388,388,388,388,388,388,388,388,MLG49,8,2,MLG49,185,53,0,19,55.7409482896328,0.3013024231872043
166,166,166,166,166,166,166,166,166,166,166,166,166,166,166,166,166,166,166,166,166,166,166,166,166,166,166,MLG40,9,12,MLG40,51,14,0,9,15.298343926668167,0.29996752797388565
237,237,237,237,237,237,237,237,237,237,237,237,237,237,237,237,237,237,237,237,237,237,237,237,237,237,237,1-9667,2,10,1-9667,14,4,0,1,4.144260436296463,0.2960186025926045
451,451,451,451,451,451,451,451,451,451,451,451,451,451,451,451,451,451,451,451,451,451,451,451,451,451,451,1-4098,2,10,1-4098,16,4,0,5,4.721302181482315,0.2950813863426447
366,366,366,366,366,366,366,366,366,366,366,366,366,366,366,366,366,366,366,366,366,366,366,366,366,366,366,1-5163,16,17,1-5163,16,4,0,5,4.721302181482315,0.2950813863426447
357,357,357,357,357,357,357,357,357,357,357,357,357,357,357,357,357,357,357,357,357,357,357,357,357,357,357,1-4760,17,7,1-4760,40,11,0,5,11.721302181482315,0.2930325545370579
104,104,104,104,104,104,104,104,104,104,104,104,104,104,104,104,104,104,104,104,104,104,104,104,104,104,104,1-8267,14,3,1-8267,133,34,0,33,38.76059439778328,0.2914330405848367
24,24,24,24,24,24,24,24,24,24,24,24,24,24,24,24,24,24,24,24,24,24,24,24,24,24,24,1-7140,4,15,1-7140,397,112,0,24,115.46225047111511,0.2908369029499121
560,560,560,560,560,560,560,560,560,560,560,560,560,560,560,560,560,560,560,560,560,560,560,560,560,560,560,1-0027,8,2,1-0027,29,8,0,3,8.432781308889389,0.2907855623754962
346,346,346,346,346,346,346,346,346,346,346,346,346,346,346,346,346,346,346,346,346,346,346,346,346,346,346,MLG32,14,3,MLG32,52,13,0,14,15.019646108150482,0.28883934823366314
365,365,365,365,365,365,365,365,365,365,365,365,365,365,365,365,365,365,365,365,365,365,365,365,365,365,365,MLG48,16,17,MLG48,159,45,0,5,45.721302181482315,0.28755535963196427
508,508,508,508,508,508,508,508,508,508,508,508,508,508,508,508,508,508,508,508,508,508,508,508,508,508,508,1-8532,10,16,1-8532,4,1,0,1,1.144260436296463,0.28606510907411575
204,204,204,204,204,204,204,204,204,204,204,204,204,204,204,204,204,204,204,204,204,204,204,204,204,204,204,1-9733,10,16,1-9733,4,1,0,1,1.144260436296463,0.28606510907411575
334,334,334,334,334,334,334,334,334,334,334,334,334,334,334,334,334,334,334,334,334,334,334,334,334,334,334,1-20641,1,11,1-20641,16,4,0,4,4.577041745185852,0.28606510907411575
266,266,266,266,266,266,266,266,266,266,266,266,266,266,266,266,266,266,266,266,266,266,266,266,266,266,266,1-2103,2,10,1-2103,26,7,0,3,7.432781308889389,0.28587620418805343
191,191,191,191,191,191,191,191,191,191,191,191,191,191,191,191,191,191,191,191,191,191,191,191,191,191,191,1-8328,15,9,1-8328,114,27,0,37,32.33763614296913,0.2836634749383257
195,195,195,195,195,195,195,195,195,195,195,195,195,195,195,195,195,195,195,195,195,195,195,195,195,195,195,1-2670,9,12,1-2670,104,29,0,3,29.43278130888939,0.2830075125854749
331,331,331,331,331,331,331,331,331,331,331,331,331,331,331,331,331,331,331,331,331,331,331,331,331,331,331,MLG75,9,12,MLG75,185,47,0,37,52.33763614296913,0.2829061413133467
335,335,335,335,335,335,335,335,335,335,335,335,335,335,335,335,335,335,335,335,335,335,335,335,335,335,335,1-8910,2,10,1-8910,137,38,0,5,38.721302181482315,0.2826372422006008
132,132,132,132,132,132,132,132,132,132,132,132,132,132,132,132,132,132,132,132,132,132,132,132,132,132,132,1-9110,9,12,1-9110,29,8,0,1,8.144260436296463,0.28083656676884355
437,437,437,437,437,437,437,437,437,437,437,437,437,437,437,437,437,437,437,437,437,437,437,437,437,437,437,1-6980,17,7,1-6980,128,35,0,6,35.86556261777878,0.2801997079513967
196,196,196,196,196,196,196,196,196,196,196,196,196,196,196,196,196,196,196,196,196,196,196,196,196,196,196,1-9646,1,11,1-9646,105,29,0,2,29.288520872592926,0.27893829402469456
381,381,381,381,381,381,381,381,381,381,381,381,381,381,381,381,381,381,381,381,381,381,381,381,381,381,381,1-2335,8,2,1-2335,145,39,0,9,40.29834392666817,0.2779196132873667
379,379,379,379,379,379,379,379,379,379,379,379,379,379,379,379,379,379,379,379,379,379,379,379,379,379,379,1-4640,2,10,1-4640,87,23,0,7,24.00982305407524,0.27597497763304873
350,350,350,350,350,350,350,350,350,350,350,350,350,350,350,350,350,350,350,350,350,350,350,350,350,350,350,1-2282,2,10,1-2282,219,53,0,50,60.21302181482315,0.2749453050905167
558,558,558,558,558,558,558,558,558,558,558,558,558,558,558,558,558,558,558,558,558,558,558,558,558,558,558,1-0055,3,4,1-0055,18,4,0,6,4.865562617778778,0.27030903432104325
144,144,144,144,144,144,144,144,144,144,144,144,144,144,144,144,144,144,144,144,144,144,144,144,144,144,144,1-7744,10,16,1-7744,37,10,0,0,10.0,0.2702702702702703
414,414,414,414,414,414,414,414,414,414,414,414,414,414,414,414,414,414,414,414,414,414,414,414,414,414,414,1-8285,3,4,1-8285,72,17,0,15,19.163906544446945,0.2661653686728742
123,123,123,123,123,123,123,123,123,123,123,123,123,123,123,123,123,123,123,123,123,123,123,123,123,123,123,MLG55,2,10,MLG55,92,20,0,31,24.472073525190353,0.26600079918685166
514,514,514,514,514,514,514,514,514,514,514,514,514,514,514,514,514,514,514,514,514,514,514,514,514,514,514,1-11206,2,10,1-11206,14,3,0,5,3.721302181482315,0.26580729867730823
539,539,539,539,539,539,539,539,539,539,539,539,539,539,539,539,539,539,539,539,539,539,539,539,539,539,539,1-9436,9,12,1-9436,21,5,0,4,5.577041745185852,0.26557341643742155
192,192,192,192,192,192,192,192,192,192,192,192,192,192,192,192,192,192,192,192,192,192,192,192,192,192,192,1-9770,7,13,1-9770,50,11,0,15,13.163906544446945,0.2632781308889389
244,244,244,244,244,244,244,244,244,244,244,244,244,244,244,244,244,244,244,244,244,244,244,244,244,244,244,MLG57,2,10,MLG57,629,135,0,211,165.4389520585537,0.26301900168291525
500,500,500,500,500,500,500,500,500,500,500,500,500,500,500,500,500,500,500,500,500,500,500,500,500,500,500,1-0292,9,12,1-0292,99,20,0,38,25.481896579265594,0.2573928947400565
526,526,526,526,526,526,526,526,526,526,526,526,526,526,526,526,526,526,526,526,526,526,526,526,526,526,526,1-5002,1,11,1-5002,45,11,0,4,11.577041745185852,0.2572675943374634
85,85,85,85,85,85,85,85,85,85,85,85,85,85,85,85,85,85,85,85,85,85,85,85,85,85,85,1-8084,1,11,1-8084,82,19,0,14,21.019646108150482,0.25633714766037174
122,122,122,122,122,122,122,122,122,122,122,122,122,122,122,122,122,122,122,122,122,122,122,122,122,122,122,MLG42,3,4,MLG42,14,3,0,4,3.577041745185852,0.25550298179898945
206,206,206,206,206,206,206,206,206,206,206,206,206,206,206,206,206,206,206,206,206,206,206,206,206,206,206,1-9752,2,10,1-9752,22,5,0,4,5.577041745185852,0.2535018975084478
398,398,398,398,398,398,398,398,398,398,398,398,398,398,398,398,398,398,398,398,398,398,398,398,398,398,398,1-0303,19,5,1-0303,212,50,0,21,53.02946916222572,0.2501390054821968
127,127,127,127,127,127,127,127,127,127,127,127,127,127,127,127,127,127,127,127,127,127,127,127,127,127,127,1-9643,20,20,1-9643,8,2,0,0,2.0,0.25
563,563,563,563,563,563,563,563,563,563,563,563,563,563,563,563,563,563,563,563,563,563,563,563,563,563,563,1-21192,12,1,1-21192,4,1,0,0,1.0,0.25
554,554,554,554,554,554,554,554,554,554,554,554,554,554,554,554,554,554,554,554,554,554,554,554,554,554,554,1-10444,1,11,1-10444,8,2,0,0,2.0,0.25
147,147,147,147,147,147,147,147,147,147,147,147,147,147,147,147,147,147,147,147,147,147,147,147,147,147,147,1-17657,14,3,1-17657,8,2,0,0,2.0,0.25
540,540,540,540,540,540,540,540,540,540,540,540,540,540,540,540,540,540,540,540,540,540,540,540,540,540,540,1-5413,9,12,1-5413,39,9,0,5,9.721302181482315,0.24926415849954653
214,214,214,214,214,214,214,214,214,214,214,214,214,214,214,214,214,214,214,214,214,214,214,214,214,214,214,1-0053,1,11,1-0053,142,31,0,28,35.039292216300964,0.24675557898803496
461,461,461,461,461,461,461,461,461,461,461,461,461,461,461,461,461,461,461,461,461,461,461,461,461,461,461,1-9651,16,17,1-9651,38,9,0,2,9.288520872592926,0.244434759805077
228,228,228,228,228,228,228,228,228,228,228,228,228,228,228,228,228,228,228,228,228,228,228,228,228,228,228,1-17835,10,16,1-17835,17,3,0,8,4.154083490371704,0.24435785237480612
37,37,37,37,37,37,37,37,37,37,37,37,37,37,37,37,37,37,37,37,37,37,37,37,37,37,37,1-5508,2,10,1-5508,38,9,0,1,9.144260436296463,0.24063843253411746
117,117,117,117,117,117,117,117,117,117,117,117,117,117,117,117,117,117,117,117,117,117,117,117,117,117,117,1-0358,11,14,1-0358,22,5,0,2,5.288520872592926,0.24038731239058755
225,225,225,225,225,225,225,225,225,225,225,225,225,225,225,225,225,225,225,225,225,225,225,225,225,225,225,1-9650,16,17,1-9650,25,6,0,0,6.0,0.24
515,515,515,515,515,515,515,515,515,515,515,515,515,515,515,515,515,515,515,515,515,515,515,515,515,515,515,1-6531,13,8,1-6531,27,6,0,3,6.432781308889389,0.23825115958849588
199,199,199,199,199,199,199,199,199,199,199,199,199,199,199,199,199,199,199,199,199,199,199,199,199,199,199,MLG39,9,12,MLG39,23,5,0,3,5.432781308889389,0.23620788299519083
207,207,207,207,207,207,207,207,207,207,207,207,207,207,207,207,207,207,207,207,207,207,207,207,207,207,207,1-7058,21,18,1-7058,80,16,0,20,18.88520872592926,0.23606510907411576
375,375,375,375,375,375,375,375,375,375,375,375,375,375,375,375,375,375,375,375,375,375,375,375,375,375,375,MLG14,4,15,MLG14,232,49,0,37,54.33763614296913,0.23421394889210834
149,149,149,149,149,149,149,149,149,149,149,149,149,149,149,149,149,149,149,149,149,149,149,149,149,149,149,MLG58,14,3,MLG58,71,14,0,18,16.596687853336334,0.23375616694839907
176,176,176,176,176,176,176,176,176,176,176,176,176,176,176,176,176,176,176,176,176,176,176,176,176,176,176,1-8042,16,17,1-8042,52,12,0,1,12.144260436296463,0.23354346992877814
367,367,367,367,367,367,367,367,367,367,367,367,367,367,367,367,367,367,367,367,367,367,367,367,367,367,367,1-8544,1,11,1-8544,54,9,0,25,12.606510907411575,0.23345390569280694
222,222,222,222,222,222,222,222,222,222,222,222,222,222,222,222,222,222,222,222,222,222,222,222,222,222,222,1-4149,13,8,1-4149,16,3,0,5,3.721302181482315,0.2325813863426447
281,281,281,281,281,281,281,281,281,281,281,281,281,281,281,281,281,281,281,281,281,281,281,281,281,281,281,1-9995,10,16,1-9995,24,5,0,4,5.577041745185852,0.23237673938274384
247,247,247,247,247,247,247,247,247,247,247,247,247,247,247,247,247,247,247,247,247,247,247,247,247,247,247,1-20467,10,16,1-20467,13,3,0,0,3.0,0.23076923076923078
394,394,394,394,394,394,394,394,394,394,394,394,394,394,394,394,394,394,394,394,394,394,394,394,394,394,394,1-2423,4,15,1-2423,79,14,0,29,18.183552652597427,0.2301715525645244
116,116,116,116,116,116,116,116,116,116,116,116,116,116,116,116,116,116,116,116,116,116,116,116,116,116,116,1-20047,1,11,1-20047,20,3,0,11,4.586864799261093,0.22934323996305467
270,270,270,270,270,270,270,270,270,270,270,270,270,270,270,270,270,270,270,270,270,270,270,270,270,270,270,1-1390,7,13,1-1390,98,19,0,24,22.462250471115112,0.2292066374603583
284,284,284,284,284,284,284,284,284,284,284,284,284,284,284,284,284,284,284,284,284,284,284,284,284,284,284,1-4136,14,3,1-4136,5,1,0,1,1.144260436296463,0.2288520872592926
342,342,342,342,342,342,342,342,342,342,342,342,342,342,342,342,342,342,342,342,342,342,342,342,342,342,342,MLG65,5,6,MLG65,201,36,0,69,45.95397010445595,0.2286267169375918
30,30,30,30,30,30,30,30,30,30,30,30,30,30,30,30,30,30,30,30,30,30,30,30,30,30,30,1-8418,11,14,1-8418,46,10,0,3,10.432781308889389,0.22679959367150845
141,141,141,141,141,141,141,141,141,141,141,141,141,141,141,141,141,141,141,141,141,141,141,141,141,141,141,MLG45,9,12,MLG45,70,14,0,13,15.87538567185402,0.22679122388362885
487,487,487,487,487,487,487,487,487,487,487,487,487,487,487,487,487,487,487,487,487,487,487,487,487,487,487,1-6900,4,15,1-6900,67,15,0,1,15.144260436296463,0.22603373785517109
351,351,351,351,351,351,351,351,351,351,351,351,351,351,351,351,351,351,351,351,351,351,351,351,351,351,351,1-19229,2,10,1-19229,38,8,0,4,8.577041745185852,0.2257116248733119
73,73,73,73,73,73,73,73,73,73,73,73,73,73,73,73,73,73,73,73,73,73,73,73,73,73,73,1-5355,21,18,1-5355,53,11,0,6,11.865562617778778,0.22387853995809015
344,344,344,344,344,344,344,344,344,344,344,344,344,344,344,344,344,344,344,344,344,344,344,344,344,344,344,1-6035,1,11,1-6035,23,5,0,1,5.144260436296463,0.223663497230281
82,82,82,82,82,82,82,82,82,82,82,82,82,82,82,82,82,82,82,82,82,82,82,82,82,82,82,1-17645,7,13,1-17645,9,2,0,0,2.0,0.2222222222222222
314,314,314,314,314,314,314,314,314,314,314,314,314,314,314,314,314,314,314,314,314,314,314,314,314,314,314,1-3139,13,8,1-3139,93,18,0,18,20.596687853336334,0.22146976186383155
101,101,101,101,101,101,101,101,101,101,101,101,101,101,101,101,101,101,101,101,101,101,101,101,101,101,101,1-9892,5,6,1-9892,22,4,0,6,4.865562617778778,0.22116193717176263
11,11,11,11,11,11,11,11,11,11,11,11,11,11,11,11,11,11,11,11,11,11,11,11,11,11,11,1-9722,11,14,1-9722,22,4,0,6,4.865562617778778,0.22116193717176263
298,298,298,298,298,298,298,298,298,298,298,298,298,298,298,298,298,298,298,298,298,298,298,298,298,298,298,1-7019,3,4,1-7019,107,15,0,60,23.65562617778778,0.22108061848399796
330,330,330,330,330,330,330,330,330,330,330,330,330,330,330,330,330,330,330,330,330,330,330,330,330,330,330,1-4531,13,8,1-4531,94,17,0,25,20.606510907411575,0.21921820114267634
415,415,415,415,415,415,415,415,415,415,415,415,415,415,415,415,415,415,415,415,415,415,415,415,415,415,415,1-1957,19,5,1-1957,47,9,0,9,10.298343926668167,0.2191137005674078
172,172,172,172,172,172,172,172,172,172,172,172,172,172,172,172,172,172,172,172,172,172,172,172,172,172,172,1-8573,12,1,1-8573,184,40,0,2,40.288520872592926,0.21895935256843982
131,131,131,131,131,131,131,131,131,131,131,131,131,131,131,131,131,131,131,131,131,131,131,131,131,131,131,1-9283,19,5,1-9283,235,49,0,17,51.45242741703987,0.21894649964697818
223,223,223,223,223,223,223,223,223,223,223,223,223,223,223,223,223,223,223,223,223,223,223,223,223,223,223,1-0205,17,7,1-0205,34,6,0,10,7.44260436296463,0.21890012832248912
99,99,99,99,99,99,99,99,99,99,99,99,99,99,99,99,99,99,99,99,99,99,99,99,99,99,99,1-5775,5,6,1-5775,244,38,0,106,53.29160624742508,0.21840822232551263
332,332,332,332,332,332,332,332,332,332,332,332,332,332,332,332,332,332,332,332,332,332,332,332,332,332,332,MLG78,9,12,MLG78,80,16,0,10,17.44260436296463,0.2180325545370579
183,183,183,183,183,183,183,183,183,183,183,183,183,183,183,183,183,183,183,183,183,183,183,183,183,183,183,1-9496,1,11,1-9496,39,8,0,3,8.432781308889389,0.21622516176639459
271,271,271,271,271,271,271,271,271,271,271,271,271,271,271,271,271,271,271,271,271,271,271,271,271,271,271,1-7897,15,9,1-7897,95,14,0,45,20.491719633340836,0.21570231192990352
190,190,190,190,190,190,190,190,190,190,190,190,190,190,190,190,190,190,190,190,190,190,190,190,190,190,190,1-2382,7,13,1-2382,139,24,0,41,29.914677888154984,0.2152135099867265
106,106,106,106,106,106,106,106,106,106,106,106,106,106,106,106,106,106,106,106,106,106,106,106,106,106,106,MLG69,5,6,MLG69,576,89,0,242,123.91102558374405,0.2151233083051112
292,292,292,292,292,292,292,292,292,292,292,292,292,292,292,292,292,292,292,292,292,292,292,292,292,292,292,1-9997,2,10,1-9997,16,3,0,3,3.432781308889389,0.21454883180558681
405,405,405,405,405,405,405,405,405,405,405,405,405,405,405,405,405,405,405,405,405,405,405,405,405,405,405,1-3104,5,6,1-3104,16,3,0,3,3.432781308889389,0.21454883180558681
161,161,161,161,161,161,161,161,161,161,161,161,161,161,161,161,161,161,161,161,161,161,161,161,161,161,161,MLG41,14,3,MLG41,66,13,0,8,14.154083490371704,0.21445581046017734
493,493,493,493,493,493,493,493,493,493,493,493,493,493,493,493,493,493,493,493,493,493,493,493,493,493,493,1-1836,14,3,1-1836,20,4,0,2,4.288520872592926,0.2144260436296463
465,465,465,465,465,465,465,465,465,465,465,465,465,465,465,465,465,465,465,465,465,465,465,465,465,465,465,1-5913,1,11,1-5913,14,3,0,0,3.0,0.21428571428571427
482,482,482,482,482,482,482,482,482,482,482,482,482,482,482,482,482,482,482,482,482,482,482,482,482,482,482,1-4390,9,12,1-4390,45,8,0,11,9.586864799261093,0.21304143998357986
302,302,302,302,302,302,302,302,302,302,302,302,302,302,302,302,302,302,302,302,302,302,302,302,302,302,302,MLG51,20,20,MLG51,248,50,0,18,52.596687853336334,0.21208341876345296
17,17,17,17,17,17,17,17,17,17,17,17,17,17,17,17,17,17,17,17,17,17,17,17,17,17,17,1-18603,1,11,1-18603,19,4,0,0,4.0,0.21052631578947367
389,389,389,389,389,389,389,389,389,389,389,389,389,389,389,389,389,389,389,389,389,389,389,389,389,389,389,1-0278,14,3,1-0278,79,14,0,18,16.596687853336334,0.210084656371346
200,200,200,200,200,200,200,200,200,200,200,200,200,200,200,200,200,200,200,200,200,200,200,200,200,200,200,1-4634,15,9,1-4634,48,9,0,7,10.009823054075241,0.2085379802932342
103,103,103,103,103,103,103,103,103,103,103,103,103,103,103,103,103,103,103,103,103,103,103,103,103,103,103,1-8820,16,17,1-8820,83,17,0,2,17.288520872592926,0.20829543219991478
534,534,534,534,534,534,534,534,534,534,534,534,534,534,534,534,534,534,534,534,534,534,534,534,534,534,534,1-9457,4,15,1-9457,11,2,0,2,2.288520872592926,0.20804735205390237
14,14,14,14,14,14,14,14,14,14,14,14,14,14,14,14,14,14,14,14,14,14,14,14,14,14,14,1-6098,1,11,1-6098,1327,239,0,257,276.074932128191,0.20804441004385155
485,485,485,485,485,485,485,485,485,485,485,485,485,485,485,485,485,485,485,485,485,485,485,485,485,485,485,1-5980,1,11,1-5980,29,5,0,7,6.009823054075241,0.20723527772673245
416,416,416,416,416,416,416,416,416,416,416,416,416,416,416,416,416,416,416,416,416,416,416,416,416,416,416,1-18203,19,5,1-18203,29,5,0,7,6.009823054075241,0.20723527772673245
198,198,198,198,198,198,198,198,198,198,198,198,198,198,198,198,198,198,198,198,198,198,198,198,198,198,198,1-9839,9,12,1-9839,20,4,0,1,4.144260436296463,0.20721302181482315
464,464,464,464,464,464,464,464,464,464,464,464,464,464,464,464,464,464,464,464,464,464,464,464,464,464,464,1-10060,3,4,1-10060,36,5,0,17,7.452427417039871,0.207011872695552
54,54,54,54,54,54,54,54,54,54,54,54,54,54,54,54,54,54,54,54,54,54,54,54,54,54,54,1-8125,8,2,1-8125,21,4,0,2,4.288520872592926,0.2042152796472822
489,489,489,489,489,489,489,489,489,489,489,489,489,489,489,489,489,489,489,489,489,489,489,489,489,489,489,1-9578,2,10,1-9578,42,8,0,4,8.577041745185852,0.2042152796472822
403,403,403,403,403,403,403,403,403,403,403,403,403,403,403,403,403,403,403,403,403,403,403,403,403,403,403,1-1770,20,20,1-1770,35,7,0,1,7.144260436296463,0.2041217267513275
418,418,418,418,418,418,418,418,418,418,418,418,418,418,418,418,418,418,418,418,418,418,418,418,418,418,418,1-6216,4,15,1-6216,45,9,0,1,9.144260436296463,0.20320578747325474
283,283,283,283,283,283,283,283,283,283,283,283,283,283,283,283,283,283,283,283,283,283,283,283,283,283,283,1-3535,7,13,1-3535,315,57,0,48,63.924500942230225,0.2029349236261277
137,137,137,137,137,137,137,137,137,137,137,137,137,137,137,137,137,137,137,137,137,137,137,137,137,137,137,1-1972,2,10,1-1972,32,6,0,3,6.432781308889389,0.2010244159027934
518,518,518,518,518,518,518,518,518,518,518,518,518,518,518,518,518,518,518,518,518,518,518,518,518,518,518,1-1850,14,3,1-1850,30,5,0,7,6.009823054075241,0.20032743513584136
535,535,535,535,535,535,535,535,535,535,535,535,535,535,535,535,535,535,535,535,535,535,535,535,535,535,535,1-5990,1,11,1-5990,5,1,0,0,1.0,0.2
444,444,444,444,444,444,444,444,444,444,444,444,444,444,444,444,444,444,444,444,444,444,444,444,444,444,444,1-3217,17,7,1-3217,5,1,0,0,1.0,0.2
484,484,484,484,484,484,484,484,484,484,484,484,484,484,484,484,484,484,484,484,484,484,484,484,484,484,484,MLG31,9,12,MLG31,33,5,0,11,6.586864799261093,0.19960196361397253
236,236,236,236,236,236,236,236,236,236,236,236,236,236,236,236,236,236,236,236,236,236,236,236,236,236,236,1-7024,19,5,1-7024,498,68,0,215,99.01599380373955,0.19882729679465772
65,65,65,65,65,65,65,65,65,65,65,65,65,65,65,65,65,65,65,65,65,65,65,65,65,65,65,1-8659,7,13,1-8659,91,15,0,21,18.029469162225723,0.19812603474973323
524,524,524,524,524,524,524,524,524,524,524,524,524,524,524,524,524,524,524,524,524,524,524,524,524,524,524,1-9338,15,9,1-9338,29,5,0,5,5.721302181482315,0.19728628212007984
537,537,537,537,537,537,537,537,537,537,537,537,537,537,537,537,537,537,537,537,537,537,537,537,537,537,537,1-4494,3,4,1-4494,16,3,0,1,3.144260436296463,0.19651627726852894
108,108,108,108,108,108,108,108,108,108,108,108,108,108,108,108,108,108,108,108,108,108,108,108,108,108,108,1-9731,5,6,1-9731,11,2,0,1,2.144260436296463,0.19493276693604208
499,499,499,499,499,499,499,499,499,499,499,499,499,499,499,499,499,499,499,499,499,499,499,499,499,499,499,1-8627,3,4,1-8627,25,4,0,6,4.865562617778778,0.1946225047111511
241,241,241,241,241,241,241,241,241,241,241,241,241,241,241,241,241,241,241,241,241,241,241,241,241,241,241,1-19448,15,9,1-19448,45,7,0,12,8.731125235557556,0.19402500523461236
468,468,468,468,468,468,468,468,468,468,468,468,468,468,468,468,468,468,468,468,468,468,468,468,468,468,468,1-6228,7,13,1-6228,48,8,0,9,9.298343926668167,0.19371549847225347
289,289,289,289,289,289,289,289,289,289,289,289,289,289,289,289,289,289,289,289,289,289,289,289,289,289,289,1-1592,7,13,1-1592,32,5,0,8,6.154083490371704,0.19231510907411575
460,460,460,460,460,460,460,460,460,460,460,460,460,460,460,460,460,460,460,460,460,460,460,460,460,460,460,1-7993,7,13,1-7993,24,2,0,18,4.596687853336334,0.1915286605556806
490,490,490,490,490,490,490,490,490,490,490,490,490,490,490,490,490,490,490,490,490,490,490,490,490,490,490,1-3551,1,11,1-3551,6,1,0,1,1.144260436296463,0.19071007271607718
43,43,43,43,43,43,43,43,43,43,43,43,43,43,43,43,43,43,43,43,43,43,43,43,43,43,43,1-8705,9,12,1-8705,48,8,0,8,9.154083490371704,0.19071007271607718
201,201,201,201,201,201,201,201,201,201,201,201,201,201,201,201,201,201,201,201,201,201,201,201,201,201,201,1-9902,2,10,1-9902,30,5,0,5,5.721302181482315,0.19071007271607718
328,328,328,328,328,328,328,328,328,328,328,328,328,328,328,328,328,328,328,328,328,328,328,328,328,328,328,1-9497,1,11,1-9497,150,25,0,24,28.462250471115112,0.18974833647410075
318,318,318,318,318,318,318,318,318,318,318,318,318,318,318,318,318,318,318,318,318,318,318,318,318,318,318,1-2324,15,9,1-2324,25,4,0,5,4.721302181482315,0.1888520872592926
230,230,230,230,230,230,230,230,230,230,230,230,230,230,230,230,230,230,230,230,230,230,230,230,230,230,230,1-3089,10,16,1-3089,16,2,0,7,3.009823054075241,0.18811394087970257
480,480,480,480,480,480,480,480,480,480,480,480,480,480,480,480,480,480,480,480,480,480,480,480,480,480,480,1-1005,1,11,1-1005,125,22,0,10,23.44260436296463,0.18754083490371704
341,341,341,341,341,341,341,341,341,341,341,341,341,341,341,341,341,341,341,341,341,341,341,341,341,341,341,1-0031,11,14,1-0031,13,2,0,3,2.432781308889389,0.18713702376072222
245,245,245,245,245,245,245,245,245,245,245,245,245,245,245,245,245,245,245,245,245,245,245,245,245,245,245,1-6647,11,14,1-6647,62,9,0,18,11.596687853336334,0.18704335247316667
349,349,349,349,349,349,349,349,349,349,349,349,349,349,349,349,349,349,349,349,349,349,349,349,349,349,349,1-3052,13,8,1-3052,166,22,0,62,30.944147050380707,0.1864105243998838
362,362,362,362,362,362,362,362,362,362,362,362,362,362,362,362,362,362,362,362,362,362,362,362,362,362,362,1-1462,13,8,1-1462,192,23,0,88,35.694918394088745,0.18591103330254555
153,153,153,153,153,153,153,153,153,153,153,153,153,153,153,153,153,153,153,153,153,153,153,153,153,153,153,1-1350,3,4,1-1350,195,31,0,36,36.19337570667267,0.18560705490601367
522,522,522,522,522,522,522,522,522,522,522,522,522,522,522,522,522,522,522,522,522,522,522,522,522,522,522,1-5282,16,17,1-5282,17,3,0,1,3.144260436296463,0.1849564962527331
279,279,279,279,279,279,279,279,279,279,279,279,279,279,279,279,279,279,279,279,279,279,279,279,279,279,279,MLG43,2,10,MLG43,14,2,0,4,2.577041745185852,0.184074410370418
419,419,419,419,419,419,419,419,419,419,419,419,419,419,419,419,419,419,419,419,419,419,419,419,419,419,419,1-6692,7,13,1-6692,71,9,0,28,13.039292216300964,0.18365200304649246
478,478,478,478,478,478,478,478,478,478,478,478,478,478,478,478,478,478,478,478,478,478,478,478,478,478,478,1-9394,7,13,1-9394,117,17,0,31,21.472073525190353,0.18352199594179788
338,338,338,338,338,338,338,338,338,338,338,338,338,338,338,338,338,338,338,338,338,338,338,338,338,338,338,1-6296,16,17,1-6296,254,44,0,15,46.163906544446945,0.18174766356081473
129,129,129,129,129,129,129,129,129,129,129,129,129,129,129,129,129,129,129,129,129,129,129,129,129,129,129,1-2573,9,12,1-2573,37,6,0,5,6.721302181482315,0.18165681571573825
234,234,234,234,234,234,234,234,234,234,234,234,234,234,234,234,234,234,234,234,234,234,234,234,234,234,234,MLG29,1,11,MLG29,164,21,0,60,29.65562617778778,0.18082698888894988
376,376,376,376,376,376,376,376,376,376,376,376,376,376,376,376,376,376,376,376,376,376,376,376,376,376,376,1-7874,13,8,1-7874,258,36,0,71,46.242490977048874,0.17923446115135222
477,477,477,477,477,477,477,477,477,477,477,477,477,477,477,477,477,477,477,477,477,477,477,477,477,477,477,1-9055,11,14,1-9055,12,2,0,1,2.144260436296463,0.17868836969137192
459,459,459,459,459,459,459,459,459,459,459,459,459,459,459,459,459,459,459,459,459,459,459,459,459,459,459,1-2545,11,14,1-2545,145,23,0,20,25.88520872592926,0.17851868086847766
87,87,87,87,87,87,87,87,87,87,87,87,87,87,87,87,87,87,87,87,87,87,87,87,87,87,87,MLG35,9,12,MLG35,49,8,0,5,8.721302181482315,0.17798575880576153
267,267,267,267,267,267,267,267,267,267,267,267,267,267,267,267,267,267,267,267,267,267,267,267,267,267,267,1-6181,10,16,1-6181,659,86,0,212,116.58321249485016,0.1769092754094843
136,136,136,136,136,136,136,136,136,136,136,136,136,136,136,136,136,136,136,136,136,136,136,136,136,136,136,1-9549,10,16,1-9549,18,3,0,1,3.144260436296463,0.1746811353498035
402,402,402,402,402,402,402,402,402,402,402,402,402,402,402,402,402,402,402,402,402,402,402,402,402,402,402,1-5744,16,17,1-5744,18,3,0,1,3.144260436296463,0.1746811353498035
84,84,84,84,84,84,84,84,84,84,84,84,84,84,84,84,84,84,84,84,84,84,84,84,84,84,84,1-18714,13,8,1-18714,32,5,0,4,5.577041745185852,0.17428255453705788
133,133,133,133,133,133,133,133,133,133,133,133,133,133,133,133,133,133,133,133,133,133,133,133,133,133,133,1-8576,19,5,1-8576,55,9,0,4,9.577041745185852,0.17412803173065186
52,52,52,52,52,52,52,52,52,52,52,52,52,52,52,52,52,52,52,52,52,52,52,52,52,52,52,72-12387,10,16,72-12387,71,12,0,2,12.288520872592926,0.17307775876891446
203,203,203,203,203,203,203,203,203,203,203,203,203,203,203,203,203,203,203,203,203,203,203,203,203,203,203,1-1250,4,15,1-1250,34,4,0,13,5.875385671854019,0.17280546093688293
109,109,109,109,109,109,109,109,109,109,109,109,109,109,109,109,109,109,109,109,109,109,109,109,109,109,109,1-9768,5,6,1-9768,241,24,0,122,41.59977322816849,0.17261316692186093
39,39,39,39,39,39,39,39,39,39,39,39,39,39,39,39,39,39,39,39,39,39,39,39,39,39,39,1-7467,11,14,1-7467,64,9,0,14,11.019646108150482,0.17218197043985128
299,299,299,299,299,299,299,299,299,299,299,299,299,299,299,299,299,299,299,299,299,299,299,299,299,299,299,MLG54,17,7,MLG54,595,68,0,237,102.18972340226173,0.17174743428951553
528,528,528,528,528,528,528,528,528,528,528,528,528,528,528,528,528,528,528,528,528,528,528,528,528,528,528,1-6718,2,10,1-6718,20,3,0,3,3.432781308889389,0.17163906544446944
424,424,424,424,424,424,424,424,424,424,424,424,424,424,424,424,424,424,424,424,424,424,424,424,424,424,424,1-4700,6,21,1-4700,31,5,0,2,5.288520872592926,0.1705974475029976
0,0,0,0,0,0,0,0,0,0,0,0,0,0,0,0,0,0,0,0,0,0,0,0,0,0,0,72-0103,14,3,72-0103,71,7,0,35,12.049115270376205,0.1697058488785381
97,97,97,97,97,97,97,97,97,97,97,97,97,97,97,97,97,97,97,97,97,97,97,97,97,97,97,1-9237,7,13,1-9237,38,5,0,10,6.44260436296463,0.1695422200780166
453,453,453,453,453,453,453,453,453,453,453,453,453,453,453,453,453,453,453,453,453,453,453,453,453,453,453,1-8397,3,4,1-8397,51,1,0,52,8.501542687416077,0.1666969154395309
118,118,118,118,118,118,118,118,118,118,118,118,118,118,118,118,118,118,118,118,118,118,118,118,118,118,118,1-6543,9,12,1-6543,12,2,0,0,2.0,0.16666666666666666
98,98,98,98,98,98,98,98,98,98,98,98,98,98,98,98,98,98,98,98,98,98,98,98,98,98,98,1-8127,7,13,1-8127,32,5,0,2,5.288520872592926,0.16526627726852894
105,105,105,105,105,105,105,105,105,105,105,105,105,105,105,105,105,105,105,105,105,105,105,105,105,105,105,1-1258,21,18,1-1258,435,54,0,123,71.74403366446495,0.16492881302175852
483,483,483,483,483,483,483,483,483,483,483,483,483,483,483,483,483,483,483,483,483,483,483,483,483,483,483,1-9491,3,4,1-9491,80,11,0,15,13.163906544446945,0.16454883180558683
296,296,296,296,296,296,296,296,296,296,296,296,296,296,296,296,296,296,296,296,296,296,296,296,296,296,296,1-9404,12,1,1-9404,100,16,0,3,16.43278130888939,0.16432781308889388
150,150,150,150,150,150,150,150,150,150,150,150,150,150,150,150,150,150,150,150,150,150,150,150,150,150,150,1-7005,13,8,1-7005,285,30,0,116,46.73421061038971,0.1639796863522446
512,512,512,512,512,512,512,512,512,512,512,512,512,512,512,512,512,512,512,512,512,512,512,512,512,512,512,1-3033,17,7,1-3033,7,1,0,1,1.144260436296463,0.16346577661378042
517,517,517,517,517,517,517,517,517,517,517,517,517,517,517,517,517,517,517,517,517,517,517,517,517,517,517,1-18028,5,6,1-18028,309,34,0,114,50.44568973779678,0.16325465934562067
231,231,231,231,231,231,231,231,231,231,231,231,231,231,231,231,231,231,231,231,231,231,231,231,231,231,231,1-8450,15,9,1-8450,52,7,0,10,8.44260436296463,0.16235777621085828
390,390,390,390,390,390,390,390,390,390,390,390,390,390,390,390,390,390,390,390,390,390,390,390,390,390,390,MLG64,14,3,MLG64,245,34,0,40,39.77041745185852,0.1623282344973817
410,410,410,410,410,410,410,410,410,410,410,410,410,410,410,410,410,410,410,410,410,410,410,410,410,410,410,MLG12,14,3,MLG12,146,15,0,60,23.65562617778778,0.16202483683416288
94,94,94,94,94,94,94,94,94,94,94,94,94,94,94,94,94,94,94,94,94,94,94,94,94,94,94,1-3083,5,6,1-3083,78,10,0,18,12.596687853336334,0.1614959981196966
169,169,169,169,169,169,169,169,169,169,169,169,169,169,169,169,169,169,169,169,169,169,169,169,169,169,169,1-9606,1,11,1-9606,16,2,0,4,2.577041745185852,0.16106510907411575
446,446,446,446,446,446,446,446,446,446,446,446,446,446,446,446,446,446,446,446,446,446,446,446,446,446,446,1-3534,6,21,1-3534,279,41,0,27,44.8950317800045,0.16091409240144983
359,359,359,359,359,359,359,359,359,359,359,359,359,359,359,359,359,359,359,359,359,359,359,359,359,359,359,1-4417,10,16,1-4417,151,12,0,85,24.262137085199356,0.16067640453774407
320,320,320,320,320,320,320,320,320,320,320,320,320,320,320,320,320,320,320,320,320,320,320,320,320,320,320,MLG13,13,8,MLG13,140,19,0,24,22.462250471115112,0.1604446462222508
268,268,268,268,268,268,268,268,268,268,268,268,268,268,268,268,268,268,268,268,268,268,268,268,268,268,268,MLG44,14,3,MLG44,59,6,0,23,9.31799003481865,0.1579320344884517
160,160,160,160,160,160,160,160,160,160,160,160,160,160,160,160,160,160,160,160,160,160,160,160,160,160,160,1-19813,4,15,1-19813,20,3,0,1,3.144260436296463,0.15721302181482316
421,421,421,421,421,421,421,421,421,421,421,421,421,421,421,421,421,421,421,421,421,421,421,421,421,421,421,1-8398,7,13,1-8398,54,5,0,24,8.462250471115112,0.15670834205768727
282,282,282,282,282,282,282,282,282,282,282,282,282,282,282,282,282,282,282,282,282,282,282,282,282,282,282,1-1608,15,9,1-1608,307,38,0,70,48.09823054075241,0.15667176071906322
170,170,170,170,170,170,170,170,170,170,170,170,170,170,170,170,170,170,170,170,170,170,170,170,170,170,170,1-5043,21,18,1-5043,123,13,0,43,19.20319876074791,0.15612356716055212
488,488,488,488,488,488,488,488,488,488,488,488,488,488,488,488,488,488,488,488,488,488,488,488,488,488,488,1-11350,4,15,1-11350,100,13,0,18,15.596687853336334,0.15596687853336333
164,164,164,164,164,164,164,164,164,164,164,164,164,164,164,164,164,164,164,164,164,164,164,164,164,164,164,1-9740,4,15,1-9740,34,5,0,2,5.288520872592926,0.15554473154685078
126,126,126,126,126,126,126,126,126,126,126,126,126,126,126,126,126,126,126,126,126,126,126,126,126,126,126,1-8488,8,2,1-8488,23,3,0,4,3.577041745185852,0.15552355413851532
19,19,19,19,19,19,19,19,19,19,19,19,19,19,19,19,19,19,19,19,19,19,19,19,19,19,19,1-2596,3,4,1-2596,35,5,0,3,5.432781308889389,0.1552223231111254
215,215,215,215,215,215,215,215,215,215,215,215,215,215,215,215,215,215,215,215,215,215,215,215,215,215,215,1-19839,1,11,1-19839,13,2,0,0,2.0,0.15384615384615385
531,531,531,531,531,531,531,531,531,531,531,531,531,531,531,531,531,531,531,531,531,531,531,531,531,531,531,1-5891,3,4,1-5891,96,12,0,17,14.452427417039871,0.15054611892749867
269,269,269,269,269,269,269,269,269,269,269,269,269,269,269,269,269,269,269,269,269,269,269,269,269,269,269,1-7839,5,6,1-7839,24,3,0,4,3.577041745185852,0.1490434060494105
138,138,138,138,138,138,138,138,138,138,138,138,138,138,138,138,138,138,138,138,138,138,138,138,138,138,138,1-5515,3,4,1-5515,29,4,0,2,4.288520872592926,0.14788003008941125
498,498,498,498,498,498,498,498,498,498,498,498,498,498,498,498,498,498,498,498,498,498,498,498,498,498,498,1-19915,14,3,1-19915,62,7,0,15,9.163906544446945,0.1478049442652733
78,78,78,78,78,78,78,78,78,78,78,78,78,78,78,78,78,78,78,78,78,78,78,78,78,78,78,1-4088,2,10,1-4088,30,4,0,3,4.432781308889389,0.14775937696297964
383,383,383,383,383,383,383,383,383,383,383,383,383,383,383,383,383,383,383,383,383,383,383,383,383,383,383,1-8551,6,21,1-8551,38,5,0,4,5.577041745185852,0.14676425645225927
467,467,467,467,467,467,467,467,467,467,467,467,467,467,467,467,467,467,467,467,467,467,467,467,467,467,467,1-13247,7,13,1-13247,29,0,0,29,4.183552652597427,0.144260436296463
312,312,312,312,312,312,312,312,312,312,312,312,312,312,312,312,312,312,312,312,312,312,312,312,312,312,312,1-3108,5,6,1-3108,18,2,0,4,2.577041745185852,0.14316898584365845
523,523,523,523,523,523,523,523,523,523,523,523,523,523,523,523,523,523,523,523,523,523,523,523,523,523,523,1-9861,19,5,1-9861,8,1,0,1,1.144260436296463,0.14303255453705788
128,128,128,128,128,128,128,128,128,128,128,128,128,128,128,128,128,128,128,128,128,128,128,128,128,128,128,1-19286,9,12,1-19286,40,5,0,5,5.721302181482315,0.14303255453705788
205,205,205,205,205,205,205,205,205,205,205,205,205,205,205,205,205,205,205,205,205,205,205,205,205,205,205,1-8018,19,5,1-8018,58,8,0,2,8.288520872592926,0.14290553228608494
155,155,155,155,155,155,155,155,155,155,155,155,155,155,155,155,155,155,155,155,155,155,155,155,155,155,155,1-9447,13,8,1-9447,7,1,0,0,1.0,0.14285714285714285
353,353,353,353,353,353,353,353,353,353,353,353,353,353,353,353,353,353,353,353,353,353,353,353,353,353,353,MLG50,20,20,MLG50,319,41,0,30,45.32781308889389,0.142093457958915
385,385,385,385,385,385,385,385,385,385,385,385,385,385,385,385,385,385,385,385,385,385,385,385,385,385,385,1-6974,7,13,1-6974,207,20,0,63,29.08840748667717,0.1405237076651071
491,491,491,491,491,491,491,491,491,491,491,491,491,491,491,491,491,491,491,491,491,491,491,491,491,491,491,MLG09,2,10,MLG09,125,17,0,3,17.43278130888939,0.1394622504711151
348,348,348,348,348,348,348,348,348,348,348,348,348,348,348,348,348,348,348,348,348,348,348,348,348,348,348,1-17758,12,1,1-17758,40,5,0,4,5.577041745185852,0.1394260436296463
429,429,429,429,429,429,429,429,429,429,429,429,429,429,429,429,429,429,429,429,429,429,429,429,429,429,429,1-6693,1,11,1-6693,98,10,0,25,13.606510907411575,0.13884194803481198
442,442,442,442,442,442,442,442,442,442,442,442,442,442,442,442,442,442,442,442,442,442,442,442,442,442,442,MLG11,12,1,MLG11,87,5,0,49,12.068761378526688,0.13872139515547915
395,395,395,395,395,395,395,395,395,395,395,395,395,395,395,395,395,395,395,395,395,395,395,395,395,395,395,1-6787,1,11,1-6787,56,3,0,33,7.760594397783279,0.13858204281755857
380,380,380,380,380,380,380,380,380,380,380,380,380,380,380,380,380,380,380,380,380,380,380,380,380,380,380,1-7004,6,21,1-7004,381,50,0,17,52.45242741703987,0.13767041316808365
259,259,259,259,259,259,259,259,259,259,259,259,259,259,259,259,259,259,259,259,259,259,259,259,259,259,259,1-3596,5,6,1-3596,223,19,0,81,30.685095340013504,0.1376013243946794
288,288,288,288,288,288,288,288,288,288,288,288,288,288,288,288,288,288,288,288,288,288,288,288,288,288,288,1-8590,5,6,1-8590,24,2,0,9,3.298343926668167,0.13743099694450697
425,425,425,425,425,425,425,425,425,425,425,425,425,425,425,425,425,425,425,425,425,425,425,425,425,425,425,1-6006,15,9,1-6006,57,1,0,47,7.780240505933762,0.13649544747252212
494,494,494,494,494,494,494,494,494,494,494,494,494,494,494,494,494,494,494,494,494,494,494,494,494,494,494,1-3265,10,16,1-3265,19,2,0,4,2.577041745185852,0.13563377606241325
300,300,300,300,300,300,300,300,300,300,300,300,300,300,300,300,300,300,300,300,300,300,300,300,300,300,300,1-4020,3,4,1-4020,37,4,0,7,5.009823054075241,0.13540062308311462
352,352,352,352,352,352,352,352,352,352,352,352,352,352,352,352,352,352,352,352,352,352,352,352,352,352,352,MLG63,11,14,MLG63,380,46,0,37,51.33763614296913,0.1350990424814977
448,448,448,448,448,448,448,448,448,448,448,448,448,448,448,448,448,448,448,448,448,448,448,448,448,448,448,1-3106,1,11,1-3106,34,3,0,11,4.586864799261093,0.13490778821356156
256,256,256,256,256,256,256,256,256,256,256,256,256,256,256,256,256,256,256,256,256,256,256,256,256,256,256,1-9277,13,8,1-9277,48,3,0,24,6.462250471115112,0.1346302181482315
486,486,486,486,486,486,486,486,486,486,486,486,486,486,486,486,486,486,486,486,486,486,486,486,486,486,486,1-8678,4,15,1-8678,17,2,0,2,2.288520872592926,0.1346188748584074
224,224,224,224,224,224,224,224,224,224,224,224,224,224,224,224,224,224,224,224,224,224,224,224,224,224,224,1-9227,13,8,1-9227,801,75,0,225,107.45859816670418,0.13415555326679673
86,86,86,86,86,86,86,86,86,86,86,86,86,86,86,86,86,86,86,86,86,86,86,86,86,86,86,1-9345,1,11,1-9345,47,6,0,2,6.288520872592926,0.13379831643814735
31,31,31,31,31,31,31,31,31,31,31,31,31,31,31,31,31,31,31,31,31,31,31,31,31,31,31,1-8938,20,20,1-8938,30,3,0,7,4.009823054075241,0.1336607684691747
463,463,463,463,463,463,463,463,463,463,463,463,463,463,463,463,463,463,463,463,463,463,463,463,463,463,463,1-1989,8,2,1-1989,46,6,0,1,6.144260436296463,0.1335708790499231
291,291,291,291,291,291,291,291,291,291,291,291,291,291,291,291,291,291,291,291,291,291,291,291,291,291,291,MLG02,10,16,MLG02,320,30,0,88,42.694918394088745,0.13342161998152732
438,438,438,438,438,438,438,438,438,438,438,438,438,438,438,438,438,438,438,438,438,438,438,438,438,438,438,MLG10,16,17,MLG10,60,8,0,0,8.0,0.13333333333333333
339,339,339,339,339,339,339,339,339,339,339,339,339,339,339,339,339,339,339,339,339,339,339,339,339,339,339,1-3523,11,14,1-3523,543,57,0,105,72.14734581112862,0.13286804016782433
481,481,481,481,481,481,481,481,481,481,481,481,481,481,481,481,481,481,481,481,481,481,481,481,481,481,481,1-10038,17,7,1-10038,76,9,0,7,10.009823054075241,0.1317081980799374
227,227,227,227,227,227,227,227,227,227,227,227,227,227,227,227,227,227,227,227,227,227,227,227,227,227,227,1-3068,6,21,1-3068,180,20,0,22,23.173729598522186,0.12874294221401214
364,364,364,364,364,364,364,364,364,364,364,364,364,364,364,364,364,364,364,364,364,364,364,364,364,364,364,1-7682,3,4,1-7682,141,12,0,42,18.058938324451447,0.1280775767691592
294,294,294,294,294,294,294,294,294,294,294,294,294,294,294,294,294,294,294,294,294,294,294,294,294,294,294,1-3509,10,16,1-3509,35,2,0,17,4.452427417039871,0.1272122119154249
130,130,130,130,130,130,130,130,130,130,130,130,130,130,130,130,130,130,130,130,130,130,130,130,130,130,130,1-1833,17,7,1-1833,124,15,0,5,15.721302181482315,0.12678469501195416
290,290,290,290,290,290,290,290,290,290,290,290,290,290,290,290,290,290,290,290,290,290,290,290,290,290,290,1-8341,13,8,1-8341,197,18,0,48,24.924500942230225,0.12652030935142247
397,397,397,397,397,397,397,397,397,397,397,397,397,397,397,397,397,397,397,397,397,397,397,397,397,397,397,1-9808,10,16,1-9808,74,6,0,23,9.31799003481865,0.12591878425430608
213,213,213,213,213,213,213,213,213,213,213,213,213,213,213,213,213,213,213,213,213,213,213,213,213,213,213,1-18563,11,14,1-18563,8,1,0,0,1.0,0.125
310,310,310,310,310,310,310,310,310,310,310,310,310,310,310,310,310,310,310,310,310,310,310,310,310,310,310,1-4855,3,4,1-4855,22,2,0,5,2.721302181482315,0.12369555370374159
422,422,422,422,422,422,422,422,422,422,422,422,422,422,422,422,422,422,422,422,422,422,422,422,422,422,422,1-6878,10,16,1-6878,167,13,0,53,20.64580312371254,0.12362756361504515
168,168,168,168,168,168,168,168,168,168,168,168,168,168,168,168,168,168,168,168,168,168,168,168,168,168,168,1-9655,4,15,1-9655,27,3,0,2,3.288520872592926,0.12179706935529355
134,134,134,134,134,134,134,134,134,134,134,134,134,134,134,134,134,134,134,134,134,134,134,134,134,134,134,1-9465,4,15,1-9465,18,2,0,1,2.144260436296463,0.11912557979424794
182,182,182,182,182,182,182,182,182,182,182,182,182,182,182,182,182,182,182,182,182,182,182,182,182,182,182,1-7752,19,5,1-7752,29,3,0,3,3.432781308889389,0.1183717692720479
26,26,26,26,26,26,26,26,26,26,26,26,26,26,26,26,26,26,26,26,26,26,26,26,26,26,26,1-9907,4,15,1-9907,17,2,0,0,2.0,0.11764705882352941
81,81,81,81,81,81,81,81,81,81,81,81,81,81,81,81,81,81,81,81,81,81,81,81,81,81,81,1-7770,7,13,1-7770,11,1,0,2,1.288520872592926,0.11713826114481146
221,221,221,221,221,221,221,221,221,221,221,221,221,221,221,221,221,221,221,221,221,221,221,221,221,221,221,1-8023,10,16,1-8023,16,1,0,6,1.865562617778778,0.11659766361117363
409,409,409,409,409,409,409,409,409,409,409,409,409,409,409,409,409,409,409,409,409,409,409,409,409,409,409,1-9645,16,17,1-9645,69,8,0,0,8.0,0.11594202898550725
184,184,184,184,184,184,184,184,184,184,184,184,184,184,184,184,184,184,184,184,184,184,184,184,184,184,184,1-8074,8,2,1-8074,145,15,0,12,16.731125235557556,0.11538707059005211
505,505,505,505,505,505,505,505,505,505,505,505,505,505,505,505,505,505,505,505,505,505,505,505,505,505,505,1-4747,11,14,1-4747,25,2,0,6,2.865562617778778,0.11462250471115112
41,41,41,41,41,41,41,41,41,41,41,41,41,41,41,41,41,41,41,41,41,41,41,41,41,41,41,1-7509,7,13,1-7509,40,4,0,4,4.577041745185852,0.1144260436296463
156,156,156,156,156,156,156,156,156,156,156,156,156,156,156,156,156,156,156,156,156,156,156,156,156,156,156,1-8634,3,4,1-8634,10,1,0,1,1.144260436296463,0.1144260436296463
167,167,167,167,167,167,167,167,167,167,167,167,167,167,167,167,167,167,167,167,167,167,167,167,167,167,167,1-4929,1,11,1-4929,10,1,0,1,1.144260436296463,0.1144260436296463
4,4,4,4,4,4,4,4,4,4,4,4,4,4,4,4,4,4,4,4,4,4,4,4,4,4,4,1-6240,3,4,1-6240,698,65,0,102,79.71456450223923,0.11420424713787855
159,159,159,159,159,159,159,159,159,159,159,159,159,159,159,159,159,159,159,159,159,159,159,159,159,159,159,1-10696,15,9,1-10696,24,1,0,12,2.731125235557556,0.11379688481489818
529,529,529,529,529,529,529,529,529,529,529,529,529,529,529,529,529,529,529,529,529,529,529,529,529,529,529,1-6217,16,17,1-6217,44,5,0,0,5.0,0.11363636363636363
513,513,513,513,513,513,513,513,513,513,513,513,513,513,513,513,513,513,513,513,513,513,513,513,513,513,513,1-8094,5,6,1-8094,58,5,0,11,6.586864799261093,0.11356663447001884
378,378,378,378,378,378,378,378,378,378,378,378,378,378,378,378,378,378,378,378,378,378,378,378,378,378,378,1-6561,21,18,1-6561,65,5,0,16,7.308166980743408,0.1124333381652832
258,258,258,258,258,258,258,258,258,258,258,258,258,258,258,258,258,258,258,258,258,258,258,258,258,258,258,1-9516,13,8,1-9516,76,6,0,17,8.452427417039871,0.11121615022420883
439,439,439,439,439,439,439,439,439,439,439,439,439,439,439,439,439,439,439,439,439,439,439,439,439,439,439,MLG72,8,2,MLG72,9,1,0,0,1.0,0.1111111111111111
426,426,426,426,426,426,426,426,426,426,426,426,426,426,426,426,426,426,426,426,426,426,426,426,426,426,426,1-4355,11,14,1-4355,49,4,0,10,5.44260436296463,0.11107355842784959
8,8,8,8,8,8,8,8,8,8,8,8,8,8,8,8,8,8,8,8,8,8,8,8,8,8,8,1-8181,1,11,1-8181,30,3,0,2,3.288520872592926,0.1096173624197642
533,533,533,533,533,533,533,533,533,533,533,533,533,533,533,533,533,533,533,533,533,533,533,533,533,533,533,1-7530,6,21,1-7530,25,2,0,5,2.721302181482315,0.1088520872592926
408,408,408,408,408,408,408,408,408,408,408,408,408,408,408,408,408,408,408,408,408,408,408,408,408,408,408,MLG53,7,13,MLG53,91,7,0,20,9.88520872592926,0.10862866731790397
251,251,251,251,251,251,251,251,251,251,251,251,251,251,251,251,251,251,251,251,251,251,251,251,251,251,251,1-7268,3,4,1-7268,70,6,0,11,7.586864799261093,0.10838378284658705
92,92,92,92,92,92,92,92,92,92,92,92,92,92,92,92,92,92,92,92,92,92,92,92,92,92,92,1-7807,6,21,1-7807,239,22,0,27,25.8950317800045,0.10834741330545816
340,340,340,340,340,340,340,340,340,340,340,340,340,340,340,340,340,340,340,340,340,340,340,340,340,340,340,1-3362,6,21,1-3362,117,10,0,18,12.596687853336334,0.1076639987464644
157,157,157,157,157,157,157,157,157,157,157,157,157,157,157,157,157,157,157,157,157,157,157,157,157,157,157,1-6061,1,11,1-6061,40,3,0,9,4.298343926668167,0.10745859816670418
255,255,255,255,255,255,255,255,255,255,255,255,255,255,255,255,255,255,255,255,255,255,255,255,255,255,255,1-9946,12,1,1-9946,12,1,0,2,1.288520872592926,0.10737673938274384
509,509,509,509,509,509,509,509,509,509,509,509,509,509,509,509,509,509,509,509,509,509,509,509,509,509,509,1-18935,11,14,1-18935,30,2,0,8,3.154083490371704,0.10513611634572347
208,208,208,208,208,208,208,208,208,208,208,208,208,208,208,208,208,208,208,208,208,208,208,208,208,208,208,1-10468,12,1,1-10468,549,53,0,32,57.616333961486816,0.10494778499360076
406,406,406,406,406,406,406,406,406,406,406,406,406,406,406,406,406,406,406,406,406,406,406,406,406,406,406,1-17907,6,21,1-17907,119,11,0,9,12.298343926668167,0.10334742795519468
445,445,445,445,445,445,445,445,445,445,445,445,445,445,445,445,445,445,445,445,445,445,445,445,445,445,445,1-6538,3,4,1-6538,44,4,0,3,4.432781308889389,0.10074502974748611
239,239,239,239,239,239,239,239,239,239,239,239,239,239,239,239,239,239,239,239,239,239,239,239,239,239,239,1-7042,6,21,1-7042,117,7,0,33,11.76059439778328,0.10051790083575453
7,7,7,7,7,7,7,7,7,7,7,7,7,7,7,7,7,7,7,7,7,7,7,7,7,7,7,1-8767,12,1,1-8767,48,0,0,33,4.760594397783279,0.09917904995381832
121,121,121,121,121,121,121,121,121,121,121,121,121,121,121,121,121,121,121,121,121,121,121,121,121,121,121,1-7070,3,4,1-7070,129,5,0,54,12.790063560009003,0.0991477795349535
202,202,202,202,202,202,202,202,202,202,202,202,202,202,202,202,202,202,202,202,202,202,202,202,202,202,202,1-8988,4,15,1-8988,29,2,0,6,2.865562617778778,0.09881250406133718
497,497,497,497,497,497,497,497,497,497,497,497,497,497,497,497,497,497,497,497,497,497,497,497,497,497,497,1-8493,21,18,1-8493,38,1,0,19,3.7409482896327972,0.09844600762191572
96,96,96,96,96,96,96,96,96,96,96,96,96,96,96,96,96,96,96,96,96,96,96,96,96,96,96,MLG37,9,12,MLG37,116,10,0,9,11.298343926668167,0.09739951660920834
506,506,506,506,506,506,506,506,506,506,506,506,506,506,506,506,506,506,506,506,506,506,506,506,506,506,506,1-6227,9,12,1-6227,52,4,0,7,5.009823054075241,0.09634275103990848
278,278,278,278,278,278,278,278,278,278,278,278,278,278,278,278,278,278,278,278,278,278,278,278,278,278,278,1-10762,1,11,1-10762,6,0,0,4,0.577041745185852,0.09617362419764201
433,433,433,433,433,433,433,433,433,433,433,433,433,433,433,433,433,433,433,433,433,433,433,433,433,433,433,1-5654,3,4,1-5654,15,1,0,3,1.432781308889389,0.09551875392595927
49,49,49,49,49,49,49,49,49,49,49,49,49,49,49,49,49,49,49,49,49,49,49,49,49,49,49,1-2178,11,14,1-2178,12,1,0,1,1.144260436296463,0.09535503635803859
462,462,462,462,462,462,462,462,462,462,462,462,462,462,462,462,462,462,462,462,462,462,462,462,462,462,462,1-1183,16,17,1-1183,45,4,0,2,4.288520872592926,0.09530046383539835
396,396,396,396,396,396,396,396,396,396,396,396,396,396,396,396,396,396,396,396,396,396,396,396,396,396,396,1-9963,21,18,1-9963,116,8,0,20,10.88520872592926,0.09383800625801086
321,321,321,321,321,321,321,321,321,321,321,321,321,321,321,321,321,321,321,321,321,321,321,321,321,321,321,1-5172,21,18,1-5172,120,4,0,50,11.21302181482315,0.09344184845685959
430,430,430,430,430,430,430,430,430,430,430,430,430,430,430,430,430,430,430,430,430,430,430,430,430,430,430,1-3141,21,18,1-3141,136,9,0,25,12.606510907411575,0.09269493314273217
391,391,391,391,391,391,391,391,391,391,391,391,391,391,391,391,391,391,391,391,391,391,391,391,391,391,391,MLG30,10,16,MLG30,208,10,0,64,19.232667922973633,0.09246474962968093
253,253,253,253,253,253,253,253,253,253,253,253,253,253,253,253,253,253,253,253,253,253,253,253,253,253,253,1-4649,17,7,1-4649,244,18,0,31,22.472073525190353,0.09209866198848506
309,309,309,309,309,309,309,309,309,309,309,309,309,309,309,309,309,309,309,309,309,309,309,309,309,309,309,1-3516,6,21,1-3516,156,10,0,30,14.32781308889389,0.09184495569803776
2,2,2,2,2,2,2,2,2,2,2,2,2,2,2,2,2,2,2,2,2,2,2,2,2,2,2,MLG17,5,6,MLG17,153,10,0,28,14.039292216300964,0.09176007984510434
27,27,27,27,27,27,27,27,27,27,27,27,27,27,27,27,27,27,27,27,27,27,27,27,27,27,27,1-18409,10,16,1-18409,22,2,0,0,2.0,0.09090909090909091
162,162,162,162,162,162,162,162,162,162,162,162,162,162,162,162,162,162,162,162,162,162,162,162,162,162,162,1-8067,12,1,1-8067,322,26,0,22,29.173729598522186,0.09060164471590741
527,527,527,527,527,527,527,527,527,527,527,527,527,527,527,527,527,527,527,527,527,527,527,527,527,527,527,1-5531,11,14,1-5531,8,0,0,5,0.7213021814823151,0.09016277268528938
384,384,384,384,384,384,384,384,384,384,384,384,384,384,384,384,384,384,384,384,384,384,384,384,384,384,384,1-9270,21,18,1-9270,128,6,0,38,11.481896579265594,0.08970231702551246
50,50,50,50,50,50,50,50,50,50,50,50,50,50,50,50,50,50,50,50,50,50,50,50,50,50,50,1-8174,12,1,1-8174,45,4,0,0,4.0,0.08888888888888889
242,242,242,242,242,242,242,242,242,242,242,242,242,242,242,242,242,242,242,242,242,242,242,242,242,242,242,1-20791,5,6,1-20791,13,1,0,1,1.144260436296463,0.08802003356126639
260,260,260,260,260,260,260,260,260,260,260,260,260,260,260,260,260,260,260,260,260,260,260,260,260,260,260,1-0129,21,18,1-0129,142,7,0,38,12.481896579265594,0.0879006801356732
263,263,263,263,263,263,263,263,263,263,263,263,263,263,263,263,263,263,263,263,263,263,263,263,263,263,263,1-6927,12,1,1-6927,179,14,0,12,15.731125235557556,0.08788338120423216
114,114,114,114,114,114,114,114,114,114,114,114,114,114,114,114,114,114,114,114,114,114,114,114,114,114,114,1-7496,6,21,1-7496,246,16,0,38,21.481896579265594,0.08732478284254307
226,226,226,226,226,226,226,226,226,226,226,226,226,226,226,226,226,226,226,226,226,226,226,226,226,226,226,1-9996,2,10,1-9996,28,2,0,3,2.432781308889389,0.0868850467460496
220,220,220,220,220,220,220,220,220,220,220,220,220,220,220,220,220,220,220,220,220,220,220,220,220,220,220,MLG73,10,16,MLG73,10,0,0,6,0.8655626177787781,0.08655626177787781
197,197,197,197,197,197,197,197,197,197,197,197,197,197,197,197,197,197,197,197,197,197,197,197,197,197,197,1-8646,8,2,1-8646,20,1,0,5,1.721302181482315,0.08606510907411576
72,72,72,72,72,72,72,72,72,72,72,72,72,72,72,72,72,72,72,72,72,72,72,72,72,72,72,1-9614,1,11,1-9614,30,2,0,4,2.577041745185852,0.08590139150619507
354,354,354,354,354,354,354,354,354,354,354,354,354,354,354,354,354,354,354,354,354,354,354,354,354,354,354,1-9417,12,1,1-9417,76,6,0,3,6.432781308889389,0.08464185932749196
502,502,502,502,502,502,502,502,502,502,502,502,502,502,502,502,502,502,502,502,502,502,502,502,502,502,502,1-20012,1,11,1-20012,12,1,0,0,1.0,0.08333333333333333
95,95,95,95,95,95,95,95,95,95,95,95,95,95,95,95,95,95,95,95,95,95,95,95,95,95,95,1-3312,12,1,1-3312,36,3,0,0,3.0,0.08333333333333333
209,209,209,209,209,209,209,209,209,209,209,209,209,209,209,209,209,209,209,209,209,209,209,209,209,209,209,1-9938,12,1,1-9938,55,4,0,4,4.577041745185852,0.08321894082156095
347,347,347,347,347,347,347,347,347,347,347,347,347,347,347,347,347,347,347,347,347,347,347,347,347,347,347,1-8188,14,3,1-8188,140,6,0,39,11.626157015562057,0.08304397868258613
306,306,306,306,306,306,306,306,306,306,306,306,306,306,306,306,306,306,306,306,306,306,306,306,306,306,306,1-18377,20,20,1-18377,14,0,0,8,1.154083490371704,0.08243453502655029
250,250,250,250,250,250,250,250,250,250,250,250,250,250,250,250,250,250,250,250,250,250,250,250,250,250,250,1-9333,18,23,1-9333,102,0,0,58,8.367105305194855,0.08203044416857701
443,443,443,443,443,443,443,443,443,443,443,443,443,443,443,443,443,443,443,443,443,443,443,443,443,443,443,1-3447,17,7,1-3447,110,7,0,14,9.019646108150482,0.08199678280136802
180,180,180,180,180,180,180,180,180,180,180,180,180,180,180,180,180,180,180,180,180,180,180,180,180,180,180,1-0037,21,18,1-0037,35,2,0,6,2.865562617778778,0.08187321765082223
411,411,411,411,411,411,411,411,411,411,411,411,411,411,411,411,411,411,411,411,411,411,411,411,411,411,411,MLG15,20,20,MLG15,105,8,0,4,8.577041745185852,0.08168611185891288
431,431,431,431,431,431,431,431,431,431,431,431,431,431,431,431,431,431,431,431,431,431,431,431,431,431,431,1-7614,3,4,1-7614,72,5,0,6,5.865562617778778,0.0814661474691497
393,393,393,393,393,393,393,393,393,393,393,393,393,393,393,393,393,393,393,393,393,393,393,393,393,393,393,1-7819,3,4,1-7819,59,3,0,12,4.731125235557556,0.08018856331453485
510,510,510,510,510,510,510,510,510,510,510,510,510,510,510,510,510,510,510,510,510,510,510,510,510,510,510,1-3206,4,15,1-3206,45,3,0,4,3.577041745185852,0.0794898165596856
285,285,285,285,285,285,285,285,285,285,285,285,285,285,285,285,285,285,285,285,285,285,285,285,285,285,285,1-18615,3,4,1-18615,22,1,0,5,1.721302181482315,0.07824100824919614
472,472,472,472,472,472,472,472,472,472,472,472,472,472,472,472,472,472,472,472,472,472,472,472,472,472,472,1-9518,4,15,1-9518,22,1,0,5,1.721302181482315,0.07824100824919614
358,358,358,358,358,358,358,358,358,358,358,358,358,358,358,358,358,358,358,358,358,358,358,358,358,358,358,1-9831,12,1,1-9831,132,8,0,16,10.308166980743408,0.07809217409654097
343,343,343,343,343,343,343,343,343,343,343,343,343,343,343,343,343,343,343,343,343,343,343,343,343,343,343,1-4319,12,1,1-4319,163,12,0,5,12.721302181482315,0.0780447986594007
69,69,69,69,69,69,69,69,69,69,69,69,69,69,69,69,69,69,69,69,69,69,69,69,69,69,69,1-18498,5,6,1-18498,13,1,0,0,1.0,0.07692307692307693
77,77,77,77,77,77,77,77,77,77,77,77,77,77,77,77,77,77,77,77,77,77,77,77,77,77,77,1-2153,13,8,1-2153,13,1,0,0,1.0,0.07692307692307693
308,308,308,308,308,308,308,308,308,308,308,308,308,308,308,308,308,308,308,308,308,308,308,308,308,308,308,1-6743,7,13,1-6743,58,3,0,10,4.44260436296463,0.07659662694766603
532,532,532,532,532,532,532,532,532,532,532,532,532,532,532,532,532,532,532,532,532,532,532,532,532,532,532,1-19447,10,16,1-19447,15,1,0,1,1.144260436296463,0.07628402908643087
326,326,326,326,326,326,326,326,326,326,326,326,326,326,326,326,326,326,326,326,326,326,326,326,326,326,326,1-8826,6,21,1-8826,123,6,0,23,9.31799003481865,0.07575601654324104
64,64,64,64,64,64,64,64,64,64,64,64,64,64,64,64,64,64,64,64,64,64,64,64,64,64,64,1-9674,12,1,1-9674,144,9,0,13,10.87538567185402,0.07552351161009735
432,432,432,432,432,432,432,432,432,432,432,432,432,432,432,432,432,432,432,432,432,432,432,432,432,432,432,1-6914,12,1,1-6914,73,5,0,2,5.288520872592926,0.07244549140538255
280,280,280,280,280,280,280,280,280,280,280,280,280,280,280,280,280,280,280,280,280,280,280,280,280,280,280,1-7608,4,15,1-7608,4,0,0,2,0.288520872592926,0.0721302181482315
80,80,80,80,80,80,80,80,80,80,80,80,80,80,80,80,80,80,80,80,80,80,80,80,80,80,80,1-9115,13,8,1-9115,16,0,0,8,1.154083490371704,0.0721302181482315
44,44,44,44,44,44,44,44,44,44,44,44,44,44,44,44,44,44,44,44,44,44,44,44,44,44,44,1-5214,6,21,1-5214,40,2,0,6,2.865562617778778,0.07163906544446945
329,329,329,329,329,329,329,329,329,329,329,329,329,329,329,329,329,329,329,329,329,329,329,329,329,329,329,1-1317,12,1,1-1317,414,26,0,23,29.31799003481865,0.0708164010502866
337,337,337,337,337,337,337,337,337,337,337,337,337,337,337,337,337,337,337,337,337,337,337,337,337,337,337,1-18613,3,4,1-18613,25,1,0,5,1.721302181482315,0.06885208725929261
33,33,33,33,33,33,33,33,33,33,33,33,33,33,33,33,33,33,33,33,33,33,33,33,33,33,33,1-7991,20,20,1-7991,46,3,0,1,3.144260436296463,0.06835348774557529
360,360,360,360,360,360,360,360,360,360,360,360,360,360,360,360,360,360,360,360,360,360,360,360,360,360,360,1-6611,6,21,1-6611,89,3,0,21,6.029469162225723,0.06774684451939014
363,363,363,363,363,363,363,363,363,363,363,363,363,363,363,363,363,363,363,363,363,363,363,363,363,363,363,1-10785,21,18,1-10785,279,11,0,53,18.64580312371254,0.06683083556886214
90,90,90,90,90,90,90,90,90,90,90,90,90,90,90,90,90,90,90,90,90,90,90,90,90,90,90,1-19222,4,15,1-19222,15,1,0,0,1.0,0.06666666666666667
475,475,475,475,475,475,475,475,475,475,475,475,475,475,475,475,475,475,475,475,475,475,475,475,475,475,475,1-18234,10,16,1-18234,43,2,0,6,2.865562617778778,0.06664099111113438
188,188,188,188,188,188,188,188,188,188,188,188,188,188,188,188,188,188,188,188,188,188,188,188,188,188,188,1-20167,1,11,1-20167,56,2,0,12,3.731125235557556,0.06662723634924207
58,58,58,58,58,58,58,58,58,58,58,58,58,58,58,58,58,58,58,58,58,58,58,58,58,58,58,1-17733,12,1,1-17733,74,4,0,6,4.865562617778778,0.06575084618619971
447,447,447,447,447,447,447,447,447,447,447,447,447,447,447,447,447,447,447,447,447,447,447,447,447,447,447,1-7152,6,21,1-7152,109,6,0,8,7.154083490371704,0.06563379348964866
368,368,368,368,368,368,368,368,368,368,368,368,368,368,368,368,368,368,368,368,368,368,368,368,368,368,368,1-5197,12,1,1-5197,72,4,0,5,4.721302181482315,0.0655736414094766
469,469,469,469,469,469,469,469,469,469,469,469,469,469,469,469,469,469,469,469,469,469,469,469,469,469,469,1-8578,13,8,1-8578,11,0,0,5,0.7213021814823151,0.06557292558930138
370,370,370,370,370,370,370,370,370,370,370,370,370,370,370,370,370,370,370,370,370,370,370,370,370,370,370,MLG62,8,2,MLG62,525,24,0,68,33.809709668159485,0.06439944698697045
276,276,276,276,276,276,276,276,276,276,276,276,276,276,276,276,276,276,276,276,276,276,276,276,276,276,276,1-9495,12,1,1-9495,18,0,0,8,1.154083490371704,0.06411574946509467
272,272,272,272,272,272,272,272,272,272,272,272,272,272,272,272,272,272,272,272,272,272,272,272,272,272,272,1-1570,21,18,1-1570,142,4,0,35,9.049115270376205,0.06372616387588877
102,102,102,102,102,102,102,102,102,102,102,102,102,102,102,102,102,102,102,102,102,102,102,102,102,102,102,1-3564,21,18,1-3564,41,1,0,11,2.586864799261093,0.06309426339661203
124,124,124,124,124,124,124,124,124,124,124,124,124,124,124,124,124,124,124,124,124,124,124,124,124,124,124,1-8427,3,4,1-8427,189,3,0,61,11.799886614084244,0.06243326250838224
63,63,63,63,63,63,63,63,63,63,63,63,63,63,63,63,63,63,63,63,63,63,63,63,63,63,63,1-7066,15,9,1-7066,23,1,0,3,1.432781308889389,0.062294839516929955
152,152,152,152,152,152,152,152,152,152,152,152,152,152,152,152,152,152,152,152,152,152,152,152,152,152,152,1-9500,5,6,1-9500,33,1,0,7,2.009823054075241,0.06090372891137094
42,42,42,42,42,42,42,42,42,42,42,42,42,42,42,42,42,42,42,42,42,42,42,42,42,42,42,1-1207,19,5,1-1207,66,4,0,0,4.0,0.06060606060606061
371,371,371,371,371,371,371,371,371,371,371,371,371,371,371,371,371,371,371,371,371,371,371,371,371,371,371,1-1580,4,15,1-1580,400,21,0,20,23.88520872592926,0.05971302181482315
29,29,29,29,29,29,29,29,29,29,29,29,29,29,29,29,29,29,29,29,29,29,29,29,29,29,29,1-18735,1,11,1-18735,27,1,0,4,1.577041745185852,0.05840895352540193
151,151,151,151,151,151,151,151,151,151,151,151,151,151,151,151,151,151,151,151,151,151,151,151,151,151,151,1-9870,3,4,1-9870,27,1,0,4,1.577041745185852,0.05840895352540193
163,163,163,163,163,163,163,163,163,163,163,163,163,163,163,163,163,163,163,163,163,163,163,163,163,163,163,1-9137,8,2,1-9137,111,6,0,3,6.432781308889389,0.05795298476476927
538,538,538,538,538,538,538,538,538,538,538,538,538,538,538,538,538,538,538,538,538,538,538,538,538,538,538,1-9576,10,16,1-9576,10,0,0,4,0.577041745185852,0.057704174518585206
46,46,46,46,46,46,46,46,46,46,46,46,46,46,46,46,46,46,46,46,46,46,46,46,46,46,46,1-8566,1,11,1-8566,5,0,0,2,0.288520872592926,0.057704174518585206
304,304,304,304,304,304,304,304,304,304,304,304,304,304,304,304,304,304,304,304,304,304,304,304,304,304,304,1-19004,10,16,1-19004,60,2,0,10,3.44260436296463,0.05737673938274383
450,450,450,450,450,450,450,450,450,450,450,450,450,450,450,450,450,450,450,450,450,450,450,450,450,450,450,1-2297,8,2,1-2297,25,1,0,3,1.432781308889389,0.05731125235557556
240,240,240,240,240,240,240,240,240,240,240,240,240,240,240,240,240,240,240,240,240,240,240,240,240,240,240,MLG33,11,14,MLG33,20,1,0,1,1.144260436296463,0.05721302181482315
243,243,243,243,243,243,243,243,243,243,243,243,243,243,243,243,243,243,243,243,243,243,243,243,243,243,243,1-1015,6,21,1-1015,155,2,0,47,8.780240505933762,0.05664671294150814
76,76,76,76,76,76,76,76,76,76,76,76,76,76,76,76,76,76,76,76,76,76,76,76,76,76,76,1-8541,11,14,1-8541,232,8,0,34,12.904854834079742,0.05562437428482648
324,324,324,324,324,324,324,324,324,324,324,324,324,324,324,324,324,324,324,324,324,324,324,324,324,324,324,1-6734,21,18,1-6734,44,1,0,10,2.44260436296463,0.05551373552192341
428,428,428,428,428,428,428,428,428,428,428,428,428,428,428,428,428,428,428,428,428,428,428,428,428,428,428,1-2701,3,4,1-2701,61,2,0,9,3.298343926668167,0.054071211912592905
62,62,62,62,62,62,62,62,62,62,62,62,62,62,62,62,62,62,62,62,62,62,62,62,62,62,62,1-9818,14,3,1-9818,28,1,0,3,1.432781308889389,0.05117076103176389
12,12,12,12,12,12,12,12,12,12,12,12,12,12,12,12,12,12,12,12,12,12,12,12,12,12,12,MLG84,20,20,MLG84,63,2,0,8,3.154083490371704,0.050064817307487366
110,110,110,110,110,110,110,110,110,110,110,110,110,110,110,110,110,110,110,110,110,110,110,110,110,110,110,72-18936,17,7,72-18936,20,1,0,0,1.0,0.05
48,48,48,48,48,48,48,48,48,48,48,48,48,48,48,48,48,48,48,48,48,48,48,48,48,48,48,1-0405,4,15,1-0405,64,3,0,1,3.144260436296463,0.049129069317132235
112,112,112,112,112,112,112,112,112,112,112,112,112,112,112,112,112,112,112,112,112,112,112,112,112,112,112,1-10698,7,13,1-10698,6,0,0,2,0.288520872592926,0.04808681209882101
496,496,496,496,496,496,496,496,496,496,496,496,496,496,496,496,496,496,496,496,496,496,496,496,496,496,496,1-3176,10,16,1-3176,3,0,0,1,0.144260436296463,0.04808681209882101
355,355,355,355,355,355,355,355,355,355,355,355,355,355,355,355,355,355,355,355,355,355,355,355,355,355,355,1-9498,21,18,1-9498,64,2,0,7,3.009823054075241,0.04702848521992564
466,466,466,466,466,466,466,466,466,466,466,466,466,466,466,466,466,466,466,466,466,466,466,466,466,466,466,1-5981,18,23,1-5981,28,0,0,9,1.2983439266681671,0.04636942595243454
1,1,1,1,1,1,1,1,1,1,1,1,1,1,1,1,1,1,1,1,1,1,1,1,1,1,1,1-9185,15,9,1-9185,31,1,0,3,1.432781308889389,0.04621875189965771
520,520,520,520,520,520,520,520,520,520,520,520,520,520,520,520,520,520,520,520,520,520,520,520,520,520,520,1-2034,1,11,1-2034,16,0,0,5,0.7213021814823151,0.04508138634264469
356,356,356,356,356,356,356,356,356,356,356,356,356,356,356,356,356,356,356,356,356,356,356,356,356,356,356,1-9761,6,21,1-9761,35,1,0,4,1.577041745185852,0.04505833557673863
315,315,315,315,315,315,315,315,315,315,315,315,315,315,315,315,315,315,315,315,315,315,315,315,315,315,315,1-1769,12,1,1-1769,89,4,0,0,4.0,0.0449438202247191
143,143,143,143,143,143,143,143,143,143,143,143,143,143,143,143,143,143,143,143,143,143,143,143,143,143,143,1-8928,20,20,1-8928,39,1,0,5,1.721302181482315,0.044135953371341415
88,88,88,88,88,88,88,88,88,88,88,88,88,88,88,88,88,88,88,88,88,88,88,88,88,88,88,1-5626,21,18,1-5626,125,2,0,24,5.462250471115112,0.0436980037689209
553,553,553,553,553,553,553,553,553,553,553,553,553,553,553,553,553,553,553,553,553,553,553,553,553,553,553,1-5555,20,20,1-5555,10,0,0,3,0.43278130888938904,0.04327813088893891
139,139,139,139,139,139,139,139,139,139,139,139,139,139,139,139,139,139,139,139,139,139,139,139,139,139,139,1-7863,21,18,1-7863,351,6,0,61,14.799886614084244,0.04216491912844514
61,61,61,61,61,61,61,61,61,61,61,61,61,61,61,61,61,61,61,61,61,61,61,61,61,61,61,1-7341,2,10,1-7341,110,4,0,4,4.577041745185852,0.041609470410780475
264,264,264,264,264,264,264,264,264,264,264,264,264,264,264,264,264,264,264,264,264,264,264,264,264,264,264,P-0009,7,13,P-0009,7,0,0,2,0.288520872592926,0.041217267513275146
5,5,5,5,5,5,5,5,5,5,5,5,5,5,5,5,5,5,5,5,5,5,5,5,5,5,5,1-5549,12,1,1-5549,35,1,0,3,1.432781308889389,0.040936608825411114
479,479,479,479,479,479,479,479,479,479,479,479,479,479,479,479,479,479,479,479,479,479,479,479,479,479,479,1-9286,3,4,1-9286,81,2,0,9,3.298343926668167,0.04072029539096503
59,59,59,59,59,59,59,59,59,59,59,59,59,59,59,59,59,59,59,59,59,59,59,59,59,59,59,1-9331,7,13,1-9331,25,1,0,0,1.0,0.04
382,382,382,382,382,382,382,382,382,382,382,382,382,382,382,382,382,382,382,382,382,382,382,382,382,382,382,1-18558,18,23,1-18558,307,0,0,79,11.396574467420578,0.03712239240202143
79,79,79,79,79,79,79,79,79,79,79,79,79,79,79,79,79,79,79,79,79,79,79,79,79,79,79,1-9739,19,5,1-9739,31,1,0,1,1.144260436296463,0.03691162697730526
186,186,186,186,186,186,186,186,186,186,186,186,186,186,186,186,186,186,186,186,186,186,186,186,186,186,186,72-11994,16,17,72-11994,8,0,0,2,0.288520872592926,0.03606510907411575
216,216,216,216,216,216,216,216,216,216,216,216,216,216,216,216,216,216,216,216,216,216,216,216,216,216,216,1-9887,18,23,1-9887,36,0,0,9,1.2983439266681671,0.03606510907411575
449,449,449,449,449,449,449,449,449,449,449,449,449,449,449,449,449,449,449,449,449,449,449,449,449,449,449,1-1935,5,6,1-1935,12,0,0,3,0.43278130888938904,0.03606510907411575
175,175,175,175,175,175,175,175,175,175,175,175,175,175,175,175,175,175,175,175,175,175,175,175,175,175,175,1-4910,11,14,1-4910,4,0,0,1,0.144260436296463,0.03606510907411575
89,89,89,89,89,89,89,89,89,89,89,89,89,89,89,89,89,89,89,89,89,89,89,89,89,89,89,1-18004,8,2,1-18004,12,0,0,3,0.43278130888938904,0.03606510907411575
521,521,521,521,521,521,521,521,521,521,521,521,521,521,521,521,521,521,521,521,521,521,521,521,521,521,521,1-19549,20,20,1-19549,29,1,0,0,1.0,0.034482758620689655
154,154,154,154,154,154,154,154,154,154,154,154,154,154,154,154,154,154,154,154,154,154,154,154,154,154,154,1-18994,18,23,1-18994,28,0,0,6,0.8655626177787781,0.03091295063495636
333,333,333,333,333,333,333,333,333,333,333,333,333,333,333,333,333,333,333,333,333,333,333,333,333,333,333,1-11329,5,6,1-11329,14,0,0,3,0.43278130888938904,0.03091295063495636
265,265,265,265,265,265,265,265,265,265,265,265,265,265,265,265,265,265,265,265,265,265,265,265,265,265,265,1-11330,18,23,1-11330,14,0,0,3,0.43278130888938904,0.03091295063495636
316,316,316,316,316,316,316,316,316,316,316,316,316,316,316,316,316,316,316,316,316,316,316,316,316,316,316,1-7441,21,18,1-7441,111,1,0,16,3.308166980743408,0.029803306132823497
57,57,57,57,57,57,57,57,57,57,57,57,57,57,57,57,57,57,57,57,57,57,57,57,57,57,57,1-1224,12,1,1-1224,151,3,0,10,4.44260436296463,0.02942122094678563
277,277,277,277,277,277,277,277,277,277,277,277,277,277,277,277,277,277,277,277,277,277,277,277,277,277,277,1-4051,1,11,1-4051,5,0,0,1,0.144260436296463,0.028852087259292603
441,441,441,441,441,441,441,441,441,441,441,441,441,441,441,441,441,441,441,441,441,441,441,441,441,441,441,1-19166,18,23,1-19166,45,0,0,9,1.2983439266681671,0.028852087259292603
229,229,229,229,229,229,229,229,229,229,229,229,229,229,229,229,229,229,229,229,229,229,229,229,229,229,229,1-4361,14,3,1-4361,10,0,0,2,0.288520872592926,0.028852087259292603
455,455,455,455,455,455,455,455,455,455,455,455,455,455,455,455,455,455,455,455,455,455,455,455,455,455,455,1-17790,16,17,1-17790,5,0,0,1,0.144260436296463,0.028852087259292603
541,541,541,541,541,541,541,541,541,541,541,541,541,541,541,541,541,541,541,541,541,541,541,541,541,541,541,1-5424,14,3,1-5424,5,0,0,1,0.144260436296463,0.028852087259292603
401,401,401,401,401,401,401,401,401,401,401,401,401,401,401,401,401,401,401,401,401,401,401,401,401,401,401,1-7204,18,23,1-7204,26,0,0,5,0.7213021814823151,0.027742391595473655
47,47,47,47,47,47,47,47,47,47,47,47,47,47,47,47,47,47,47,47,47,47,47,47,47,47,47,1-19547,20,20,1-19547,66,0,0,12,1.7311252355575562,0.026229170235720547
562,562,562,562,562,562,562,562,562,562,562,562,562,562,562,562,562,562,562,562,562,562,562,562,562,562,562,1-0003,18,23,1-0003,17,0,0,3,0.43278130888938904,0.025457724052317002
193,193,193,193,193,193,193,193,193,193,193,193,193,193,193,193,193,193,193,193,193,193,193,193,193,193,193,1-9553,6,21,1-9553,23,0,0,4,0.577041745185852,0.025088771529819653
549,549,549,549,549,549,549,549,549,549,549,549,549,549,549,549,549,549,549,549,549,549,549,549,549,549,549,1-4842,5,6,1-4842,6,0,0,1,0.144260436296463,0.024043406049410503
113,113,113,113,113,113,113,113,113,113,113,113,113,113,113,113,113,113,113,113,113,113,113,113,113,113,113,1-4499,21,18,1-4499,12,0,0,2,0.288520872592926,0.024043406049410503
386,386,386,386,386,386,386,386,386,386,386,386,386,386,386,386,386,386,386,386,386,386,386,386,386,386,386,MLG68,18,23,MLG68,642,0,0,105,15.147345811128616,0.023593996590543016
293,293,293,293,293,293,293,293,293,293,293,293,293,293,293,293,293,293,293,293,293,293,293,293,293,293,293,1-8066,18,23,1-8066,86,0,0,14,2.019646108150482,0.023484257071517235
187,187,187,187,187,187,187,187,187,187,187,187,187,187,187,187,187,187,187,187,187,187,187,187,187,187,187,1-7321,2,10,1-7321,7,0,0,1,0.144260436296463,0.020608633756637573
374,374,374,374,374,374,374,374,374,374,374,374,374,374,374,374,374,374,374,374,374,374,374,374,374,374,374,1-6919,20,20,1-6919,43,0,0,6,0.8655626177787781,0.02012936320415763
185,185,185,185,185,185,185,185,185,185,185,185,185,185,185,185,185,185,185,185,185,185,185,185,185,185,185,1-8906,17,7,1-8906,15,0,0,2,0.288520872592926,0.019234724839528403
111,111,111,111,111,111,111,111,111,111,111,111,111,111,111,111,111,111,111,111,111,111,111,111,111,111,111,1-19897,6,21,1-19897,53,1,0,0,1.0,0.018867924528301886
142,142,142,142,142,142,142,142,142,142,142,142,142,142,142,142,142,142,142,142,142,142,142,142,142,142,142,P-16454,5,6,P-16454,8,0,0,1,0.144260436296463,0.018032554537057877
10,10,10,10,10,10,10,10,10,10,10,10,10,10,10,10,10,10,10,10,10,10,10,10,10,10,10,1-7964,18,23,1-7964,202,0,0,24,3.4622504711151123,0.017139853817401546
40,40,40,40,40,40,40,40,40,40,40,40,40,40,40,40,40,40,40,40,40,40,40,40,40,40,40,1-7722,6,21,1-7722,60,1,0,0,1.0,0.016666666666666666
13,13,13,13,13,13,13,13,13,13,13,13,13,13,13,13,13,13,13,13,13,13,13,13,13,13,13,1-9805,21,18,1-9805,26,0,0,3,0.43278130888938904,0.016645434957284194
36,36,36,36,36,36,36,36,36,36,36,36,36,36,36,36,36,36,36,36,36,36,36,36,36,36,36,1-2714,20,20,1-2714,61,1,0,0,1.0,0.01639344262295082
369,369,369,369,369,369,369,369,369,369,369,369,369,369,369,369,369,369,369,369,369,369,369,369,369,369,369,1-6594,5,6,1-6594,70,1,0,1,1.144260436296463,0.016346577661378044
361,361,361,361,361,361,361,361,361,361,361,361,361,361,361,361,361,361,361,361,361,361,361,361,361,361,361,1-0008,18,23,1-0008,230,0,0,26,3.7507713437080383,0.016307701494382775
423,423,423,423,423,423,423,423,423,423,423,423,423,423,423,423,423,423,423,423,423,423,423,423,423,423,423,1-7122,18,23,1-7122,197,0,0,20,2.8852087259292603,0.014645729573244975
51,51,51,51,51,51,51,51,51,51,51,51,51,51,51,51,51,51,51,51,51,51,51,51,51,51,51,1-9925,12,1,1-9925,93,1,0,2,1.288520872592926,0.013855063146160494
286,286,286,286,286,286,286,286,286,286,286,286,286,286,286,286,286,286,286,286,286,286,286,286,286,286,286,1-3587,20,20,1-3587,46,0,0,4,0.577041745185852,0.012544385764909826
476,476,476,476,476,476,476,476,476,476,476,476,476,476,476,476,476,476,476,476,476,476,476,476,476,476,476,1-19205,10,16,1-19205,12,0,0,1,0.144260436296463,0.012021703024705252
456,456,456,456,456,456,456,456,456,456,456,456,456,456,456,456,456,456,456,456,456,456,456,456,456,456,456,1-8186,4,15,1-8186,26,0,0,2,0.288520872592926,0.011096956638189463
22,22,22,22,22,22,22,22,22,22,22,22,22,22,22,22,22,22,22,22,22,22,22,22,22,22,22,1-7995,14,3,1-7995,14,0,0,1,0.144260436296463,0.010304316878318787
56,56,56,56,56,56,56,56,56,56,56,56,56,56,56,56,56,56,56,56,56,56,56,56,56,56,56,1-5877,5,6,1-5877,79,0,0,5,0.7213021814823151,0.009130407360535634
248,248,248,248,248,248,248,248,248,248,248,248,248,248,248,248,248,248,248,248,248,248,248,248,248,248,248,1-2400,18,23,1-2400,49,0,0,3,0.43278130888938904,0.008832271609987532
148,148,148,148,148,148,148,148,148,148,148,148,148,148,148,148,148,148,148,148,148,148,148,148,148,148,148,1-0001,5,6,1-0001,17,0,0,1,0.144260436296463,0.008485908017439
74,74,74,74,74,74,74,74,74,74,74,74,74,74,74,74,74,74,74,74,74,74,74,74,74,74,74,1-8124,18,23,1-8124,18,0,0,1,0.144260436296463,0.008014468683136834
25,25,25,25,25,25,25,25,25,25,25,25,25,25,25,25,25,25,25,25,25,25,25,25,25,25,25,1-9607,18,23,1-9607,19,0,0,1,0.144260436296463,0.007592654541919106
171,171,171,171,171,171,171,171,171,171,171,171,171,171,171,171,171,171,171,171,171,171,171,171,171,171,171,1-8100,20,20,1-8100,19,0,0,1,0.144260436296463,0.007592654541919106
377,377,377,377,377,377,377,377,377,377,377,377,377,377,377,377,377,377,377,377,377,377,377,377,377,377,377,1-7213,1,11,1-7213,23,0,0,1,0.144260436296463,0.006272192882454913
53,53,53,53,53,53,53,53,53,53,53,53,53,53,53,53,53,53,53,53,53,53,53,53,53,53,53,1-9850,17,7,1-9850,27,0,0,1,0.144260436296463,0.005342979122091223
181,181,181,181,181,181,181,181,181,181,181,181,181,181,181,181,181,181,181,181,181,181,181,181,181,181,181,1-8641,17,7,1-8641,30,0,0,1,0.144260436296463,0.004808681209882101
417,417,417,417,417,417,417,417,417,417,417,417,417,417,417,417,417,417,417,417,417,417,417,417,417,417,417,1-10451,18,23,1-10451,46,0,0,1,0.144260436296463,0.0031360964412274566
83,83,83,83,83,83,83,83,83,83,83,83,83,83,83,83,83,83,83,83,83,83,83,83,83,83,83,1-18423,18,23,1-18423,47,0,0,1,0.144260436296463,0.003069370985031128
32,32,32,32,32,32,32,32,32,32,32,32,32,32,32,32,32,32,32,32,32,32,32,32,32,32,32,1-0022,8,2,1-0022,18,0,0,0,0.0,0.0
34,34,34,34,34,34,34,34,34,34,34,34,34,34,34,34,34,34,34,34,34,34,34,34,34,34,34,1-6642,7,13,1-6642,36,0,0,0,0.0,0.0
23,23,23,23,23,23,23,23,23,23,23,23,23,23,23,23,23,23,23,23,23,23,23,23,23,23,23,1-2025,13,8,1-2025,41,0,0,0,0.0,0.0
556,556,556,556,556,556,556,556,556,556,556,556,556,556,556,556,556,556,556,556,556,556,556,556,556,556,556,1-10951,17,7,1-10951,1,0,0,0,0.0,0.0
45,45,45,45,45,45,45,45,45,45,45,45,45,45,45,45,45,45,45,45,45,45,45,45,45,45,45,1-9444,1,11,1-9444,24,0,0,0,0.0,0.0
35,35,35,35,35,35,35,35,35,35,35,35,35,35,35,35,35,35,35,35,35,35,35,35,35,35,35,1-2869,2,10,1-2869,9,0,0,0,0.0,0.0
38,38,38,38,38,38,38,38,38,38,38,38,38,38,38,38,38,38,38,38,38,38,38,38,38,38,38,1-2104,19,5,1-2104,36,0,0,0,0.0,0.0
530,530,530,530,530,530,530,530,530,530,530,530,530,530,530,530,530,530,530,530,530,530,530,530,530,530,530,1-4847,15,9,1-4847,2,0,0,0,0.0,0.0
545,545,545,545,545,545,545,545,545,545,545,545,545,545,545,545,545,545,545,545,545,545,545,545,545,545,545,1-19567,13,8,1-19567,2,0,0,0,0.0,0.0
550,550,550,550,550,550,550,550,550,550,550,550,550,550,550,550,550,550,550,550,550,550,550,550,550,550,550,1-19568,11,14,1-19568,2,0,0,0,0.0,0.0
555,555,555,555,555,555,555,555,555,555,555,555,555,555,555,555,555,555,555,555,555,555,555,555,555,555,555,1-3646,18,23,1-3646,7,0,0,0,0.0,0.0
28,28,28,28,28,28,28,28,28,28,28,28,28,28,28,28,28,28,28,28,28,28,28,28,28,28,28,1-10071,8,2,1-10071,30,0,0,0,0.0,0.0
21,21,21,21,21,21,21,21,21,21,21,21,21,21,21,21,21,21,21,21,21,21,21,21,21,21,21,1-3519,5,6,1-3519,27,0,0,0,0.0,0.0
15,15,15,15,15,15,15,15,15,15,15,15,15,15,15,15,15,15,15,15,15,15,15,15,15,15,15,1-8093,11,14,1-8093,4,0,0,0,0.0,0.0
16,16,16,16,16,16,16,16,16,16,16,16,16,16,16,16,16,16,16,16,16,16,16,16,16,16,16,1-9955,3,4,1-9955,60,0,0,0,0.0,0.0
325,325,325,325,325,325,325,325,325,325,325,325,325,325,325,325,325,325,325,325,325,325,325,325,325,325,325,1-19924,16,17,1-19924,1,0,0,0,0.0,0.0
323,323,323,323,323,323,323,323,323,323,323,323,323,323,323,323,323,323,323,323,323,323,323,323,323,323,323,1-3647,4,15,1-3647,5,0,0,0,0.0,0.0
287,287,287,287,287,287,287,287,287,287,287,287,287,287,287,287,287,287,287,287,287,287,287,287,287,287,287,1-9836,20,20,1-9836,5,0,0,0,0.0,0.0
317,317,317,317,317,317,317,317,317,317,317,317,317,317,317,317,317,317,317,317,317,317,317,317,317,317,317,1-10978,13,8,1-10978,1,0,0,0,0.0,0.0
146,146,146,146,146,146,146,146,146,146,146,146,146,146,146,146,146,146,146,146,146,146,146,146,146,146,146,1-7453,1,11,1-7453,13,0,0,0,0.0,0.0
145,145,145,145,145,145,145,145,145,145,145,145,145,145,145,145,145,145,145,145,145,145,145,145,145,145,145,MLG06,18,23,MLG06,18,0,0,0,0.0,0.0
194,194,194,194,194,194,194,194,194,194,194,194,194,194,194,194,194,194,194,194,194,194,194,194,194,194,194,1-9253,19,5,1-9253,24,0,0,0,0.0,0.0
177,177,177,177,177,177,177,177,177,177,177,177,177,177,177,177,177,177,177,177,177,177,177,177,177,177,177,1-10948,16,17,1-10948,2,0,0,0,0.0,0.0
178,178,178,178,178,178,178,178,178,178,178,178,178,178,178,178,178,178,178,178,178,178,178,178,178,178,178,1-7525,13,8,1-7525,6,0,0,0,0.0,0.0
212,212,212,212,212,212,212,212,212,212,212,212,212,212,212,212,212,212,212,212,212,212,212,212,212,212,212,1-10922,4,15,1-10922,1,0,0,0,0.0,0.0
211,211,211,211,211,211,211,211,211,211,211,211,211,211,211,211,211,211,211,211,211,211,211,211,211,211,211,1-5406,6,21,1-5406,10,0,0,0,0.0,0.0
235,235,235,235,235,235,235,235,235,235,235,235,235,235,235,235,235,235,235,235,235,235,235,235,235,235,235,1-8113,19,5,1-8113,9,0,0,0,0.0,0.0
262,262,262,262,262,262,262,262,262,262,262,262,262,262,262,262,262,262,262,262,262,262,262,262,262,262,262,1-8623,8,2,1-8623,5,0,0,0,0.0,0.0
254,254,254,254,254,254,254,254,254,254,254,254,254,254,254,254,254,254,254,254,254,254,254,254,254,254,254,1-8379,1,11,1-8379,5,0,0,0,0.0,0.0
219,219,219,219,219,219,219,219,219,219,219,219,219,219,219,219,219,219,219,219,219,219,219,219,219,219,219,1-5653,12,1,1-5653,11,0,0,0,0.0,0.0
275,275,275,275,275,275,275,275,275,275,275,275,275,275,275,275,275,275,275,275,275,275,275,275,275,275,275,1-3216,19,5,1-3216,5,0,0,0,0.0,0.0
301,301,301,301,301,301,301,301,301,301,301,301,301,301,301,301,301,301,301,301,301,301,301,301,301,301,301,1-1177,10,16,1-1177,17,0,0,0,0.0,0.0
297,297,297,297,297,297,297,297,297,297,297,297,297,297,297,297,297,297,297,297,297,297,297,297,297,297,297,1-8352,19,5,1-8352,1,0,0,0,0.0,0.0
249,249,249,249,249,249,249,249,249,249,249,249,249,249,249,249,249,249,249,249,249,249,249,249,249,249,249,1-6931,4,15,1-6931,1,0,0,0,0.0,0.0
252,252,252,252,252,252,252,252,252,252,252,252,252,252,252,252,252,252,252,252,252,252,252,252,252,252,252,1-21195,8,2,1-21195,1,0,0,0,0.0,0.0
107,107,107,107,107,107,107,107,107,107,107,107,107,107,107,107,107,107,107,107,107,107,107,107,107,107,107,1-6971,17,7,1-6971,10,0,0,0,0.0,0.0
100,100,100,100,100,100,100,100,100,100,100,100,100,100,100,100,100,100,100,100,100,100,100,100,100,100,100,1-19598,1,11,1-19598,11,0,0,0,0.0,0.0
158,158,158,158,158,158,158,158,158,158,158,158,158,158,158,158,158,158,158,158,158,158,158,158,158,158,158,1-7599,14,3,1-7599,3,0,0,0,0.0,0.0
165,165,165,165,165,165,165,165,165,165,165,165,165,165,165,165,165,165,165,165,165,165,165,165,165,165,165,1-7721,14,3,1-7721,20,0,0,0,0.0,0.0
173,173,173,173,173,173,173,173,173,173,173,173,173,173,173,173,173,173,173,173,173,173,173,173,173,173,173,1-9588,6,21,1-9588,14,0,0,0,0.0,0.0
115,115,115,115,115,115,115,115,115,115,115,115,115,115,115,115,115,115,115,115,115,115,115,115,115,115,115,1-3178,17,7,1-3178,6,0,0,0,0.0,0.0
119,119,119,119,119,119,119,119,119,119,119,119,119,119,119,119,119,119,119,119,119,119,119,119,119,119,119,1-5929,11,14,1-5929,4,0,0,0,0.0,0.0
135,135,135,135,135,135,135,135,135,135,135,135,135,135,135,135,135,135,135,135,135,135,135,135,135,135,135,1-9712,4,15,1-9712,10,0,0,0,0.0,0.0
70,70,70,70,70,70,70,70,70,70,70,70,70,70,70,70,70,70,70,70,70,70,70,70,70,70,70,1-2584,18,23,1-2584,36,0,0,0,0.0,0.0
60,60,60,60,60,60,60,60,60,60,60,60,60,60,60,60,60,60,60,60,60,60,60,60,60,60,60,1-18202,8,2,1-18202,23,0,0,0,0.0,0.0
75,75,75,75,75,75,75,75,75,75,75,75,75,75,75,75,75,75,75,75,75,75,75,75,75,75,75,1-8401,15,9,1-8401,57,0,0,0,0.0,0.0
507,507,507,507,507,507,507,507,507,507,507,507,507,507,507,507,507,507,507,507,507,507,507,507,507,507,507,1-6909,20,20,1-6909,36,0,0,0,0.0,0.0
503,503,503,503,503,503,503,503,503,503,503,503,503,503,503,503,503,503,503,503,503,503,503,503,503,503,503,1-9076,6,21,1-9076,9,0,0,0,0.0,0.0
9,9,9,9,9,9,9,9,9,9,9,9,9,9,9,9,9,9,9,9,9,9,9,9,9,9,9,1-8020,8,2,1-8020,56,0,0,0,0.0,0.0
6,6,6,6,6,6,6,6,6,6,6,6,6,6,6,6,6,6,6,6,6,6,6,6,6,6,6,1-8021,8,2,1-8021,58,0,0,0,0.0,0.0
565,565,565,565,565,565,565,565,565,565,565,565,565,565,565,565,565,565,565,565,565,565,565,565,565,565,565,1-19927,16,17,1-19927,1,0,0,0,0.0,0.0
